guide_id,vienna_mfe_energy_spacer,vienna_ensemble_energy_spacer,vienna_seed_mfe_spacer,vienna_seed_ensemble_spacer,vienna_mean_unpaired_spacer,vienna_mfe_energy_full,vienna_ensemble_energy_full,vienna_seed_mfe_full,vienna_seed_ensemble_full,vienna_mean_unpaired_full,vienna_unpaired_spacer_01,vienna_unpaired_full_01,vienna_unpaired_spacer_02,vienna_unpaired_full_02,vienna_unpaired_spacer_03,vienna_unpaired_full_03,vienna_unpaired_spacer_04,vienna_unpaired_full_04,vienna_unpaired_spacer_05,vienna_unpaired_full_05,vienna_unpaired_spacer_06,vienna_unpaired_full_06,vienna_unpaired_spacer_07,vienna_unpaired_full_07,vienna_unpaired_spacer_08,vienna_unpaired_full_08,vienna_unpaired_spacer_09,vienna_unpaired_full_09,vienna_unpaired_spacer_10,vienna_unpaired_full_10,vienna_unpaired_spacer_11,vienna_unpaired_full_11,vienna_unpaired_spacer_12,vienna_unpaired_full_12,vienna_unpaired_spacer_13,vienna_unpaired_full_13,vienna_unpaired_spacer_14,vienna_unpaired_full_14,vienna_unpaired_spacer_15,vienna_unpaired_full_15,vienna_unpaired_spacer_16,vienna_unpaired_full_16,vienna_unpaired_spacer_17,vienna_unpaired_full_17,vienna_unpaired_spacer_18,vienna_unpaired_full_18,vienna_unpaired_spacer_19,vienna_unpaired_full_19,vienna_unpaired_spacer_20,vienna_unpaired_full_20
ENSDARG00000001244_13_1,0.0000,-0.9226,1.000000,0.800186,0.802698,-33.7400,-34.4450,0.500000,0.514766,0.502640,0.859364,0.001208,0.828780,0.000674,0.938811,0.000693,0.835103,0.000659,0.901961,0.005721,0.563770,0.036663,0.588102,0.951462,0.998643,0.998937,0.740474,0.994541,0.704713,0.993713,0.900943,0.996044,0.791818,0.954361,0.765712,0.953549,0.656839,0.012885,0.678795,0.007992,0.820372,0.015846,0.691521,0.991997,0.803767,0.992561,0.992728,0.994779,0.991753,0.148519
ENSDARG00000001244_13_2,-0.8300,-1.4611,1.000000,0.940926,0.798034,-26.8800,-28.6313,0.250000,0.340217,0.543131,0.222197,0.095537,0.221495,0.097398,0.906069,0.990986,0.887841,0.900246,0.887913,0.902940,0.948253,0.963587,0.783669,0.865871,0.813793,0.737005,0.692299,0.611773,0.437642,0.406441,0.634062,0.621138,0.998047,0.947961,0.999873,0.152531,0.993620,0.078622,0.988803,0.070414,0.869889,0.100113,0.987347,0.239881,0.901159,0.980860,0.872638,0.992495,0.914080,0.106823
ENSDARG00000001244_13_3,-3.1600,-3.3684,0.875000,0.851064,0.621029,-28.6900,-29.7686,0.500000,0.565236,0.455909,0.094041,0.268095,0.965998,0.208944,0.023273,0.749650,0.035943,0.102809,0.193709,0.084504,0.922247,0.113603,0.996166,0.992503,0.974624,0.963926,0.233629,0.927254,0.079603,0.044148,0.098097,0.075280,0.994737,0.065576,0.115648,0.557185,0.927803,0.452746,0.927255,0.064165,0.927767,0.075848,0.931419,0.518515,0.991284,0.948085,0.991024,0.951794,0.996312,0.953548
ENSDARG00000001244_13_4,-3.0400,-3.7745,0.625000,0.653808,0.526704,-34.8800,-35.5177,0.250000,0.277146,0.410984,0.107508,0.995788,0.051918,0.996330,0.375822,0.999155,0.662050,0.999416,0.029467,0.006790,0.045350,0.001170,0.998120,0.001219,0.997300,0.000896,0.999656,0.000809,0.672384,0.002783,0.021948,0.998955,0.342100,0.999194,0.045573,0.999140,0.075047,0.002656,0.132320,0.003033,0.999745,0.035246,0.991061,0.996766,0.998228,0.115657,0.990330,0.004062,0.998161,0.060610
ENSDARG00000001244_13_5,-2.0200,-2.7056,0.750000,0.651809,0.641290,-33.7200,-34.8141,0.500000,0.497135,0.249156,0.218324,0.001556,0.163628,0.000853,0.534570,0.001054,0.659479,0.001571,0.934254,0.009386,0.950874,0.010634,0.950832,0.010271,0.936679,0.010417,0.928525,0.167253,0.501171,0.121525,0.195807,0.076604,0.637186,0.594914,0.180628,0.097766,0.173617,0.218458,0.975359,0.713948,0.968277,0.718727,0.983897,0.905444,0.941754,0.911042,0.481837,0.206527,0.509105,0.205171
ENSDARG00000001244_13_6,-2.7300,-2.9098,0.500000,0.542453,0.626399,-30.8900,-32.8389,0.125000,0.156133,0.425867,0.955489,0.696541,0.952626,0.684555,0.956466,0.685884,0.977654,0.766011,0.992387,0.837105,0.097418,0.923338,0.097682,0.640160,0.095076,0.424705,0.933325,0.289748,0.156531,0.201778,0.982299,0.563291,0.991410,0.555156,0.947711,0.770026,0.953467,0.022098,0.231998,0.018182,0.988050,0.058289,0.120477,0.109889,0.095915,0.105256,0.045619,0.093225,0.956386,0.072100
ENSDARG00000001244_13_7,-0.0900,-0.6976,1.000000,0.992793,0.864967,-33.3900,-34.3548,0.750000,0.754465,0.429023,0.846694,0.013561,0.884133,0.009332,0.734615,0.009572,0.999504,0.019316,0.626771,0.297752,0.605235,0.964992,0.971282,0.943597,0.990329,0.278132,0.999531,0.003552,0.855901,0.000677,0.523510,0.001690,0.319492,0.002555,0.972811,0.931678,0.997594,0.745891,0.994618,0.126612,0.996588,0.281962,0.988929,0.953506,0.995078,0.998125,0.997327,0.999727,0.999398,0.998221
ENSDARG00000001244_13_8,-0.7000,-1.2225,0.625000,0.784512,0.750360,-32.0900,-33.6055,0.500000,0.504854,0.304435,0.874545,0.688031,0.709257,0.006857,0.319810,0.065485,0.366848,0.943828,0.412089,0.017758,0.959636,0.014245,0.948926,0.014223,0.976579,0.018020,0.977195,0.063047,0.807381,0.098856,0.663129,0.068048,0.715716,0.051476,0.992636,0.089926,0.939157,0.098440,0.943879,0.955016,0.978321,0.796557,0.463103,0.968042,0.470234,0.941045,0.491514,0.091151,0.997256,0.098651
ENSDARG00000001244_13_9,-5.7000,-6.2064,0.625000,0.549257,0.551393,-33.3300,-35.4984,0.500000,0.485496,0.283393,0.362415,0.926949,0.362205,0.271132,0.168054,0.085358,0.235378,0.035704,0.674953,0.068718,0.607681,0.045716,0.674080,0.099498,0.842080,0.080005,0.839224,0.055950,0.749726,0.054004,0.287007,0.012314,0.830993,0.048549,0.160159,0.050756,0.259877,0.050692,0.137826,0.003667,0.639980,0.932273,0.641862,0.932148,0.842347,0.932755,0.842419,0.974245,0.869588,0.007429
ENSDARG00000001244_13_10,-4.1200,-4.6114,0.125000,0.215299,0.358105,-30.4800,-31.7215,0.375000,0.446944,0.397783,0.371514,0.348365,0.028545,0.198057,0.013234,0.751697,0.010184,0.184555,0.014580,0.160380,0.748281,0.161514,0.132751,0.794581,0.260609,0.764436,0.998919,0.827759,0.999834,0.067613,0.998430,0.049983,0.862833,0.071176,0.010412,0.215239,0.128523,0.877116,0.122606,0.658603,0.011557,0.616423,0.016465,0.334621,0.047203,0.418762,0.387687,0.288603,0.997940,0.166184
ENSDARG00000002193_0_1,-4.3400,-4.9935,0.375000,0.466389,0.513418,-35.7400,-36.8102,0.250000,0.518514,0.358449,0.615029,0.003474,0.586554,0.000102,0.609371,0.000202,0.022350,0.000556,0.331880,0.979404,0.214338,0.977189,0.815204,0.090256,0.473106,0.007935,0.466082,0.007933,0.993672,0.007660,0.730071,0.080178,0.679586,0.865988,0.803382,0.910297,0.203384,0.468123,0.248649,0.453280,0.361413,0.935575,0.160190,0.386507,0.472166,0.345776,0.648110,0.314516,0.833821,0.334038
ENSDARG00000002193_0_2,-3.9200,-4.3155,0.750000,0.750257,0.555783,-30.9800,-31.8036,0.375000,0.416504,0.376528,0.015116,0.716496,0.994473,0.644634,0.008751,0.666698,0.006158,0.104740,0.011577,0.006086,0.538367,0.007815,0.997287,0.008456,0.997848,0.007256,0.995518,0.035456,0.533331,0.152997,0.005378,0.875354,0.009792,0.972531,0.010414,0.971510,0.998489,0.132947,0.010728,0.120141,0.997447,0.052339,0.997112,0.041674,0.994530,0.025044,0.995913,0.993364,0.997422,0.995012
ENSDARG00000002193_0_3,-3.4800,-3.5096,0.875000,0.871709,0.699389,-35.0600,-36.1908,0.875000,0.783920,0.421966,0.040853,0.150066,0.039472,0.007646,0.022505,0.000148,0.986897,0.000022,0.970853,0.000024,0.971693,0.000465,0.967147,0.000783,0.995755,0.995189,0.999582,0.989370,0.995046,0.010415,0.014595,0.010991,0.009702,0.002840,0.011644,0.008074,1.000000,0.998092,0.982889,0.484351,0.981528,0.832070,0.999999,0.988070,0.999999,0.993048,0.998706,0.989217,0.998907,0.978440
ENSDARG00000002193_0_4,-3.0100,-3.1229,1.000000,0.985420,0.793850,-31.5300,-32.5351,0.000000,0.030146,0.408441,0.107675,0.091718,0.101531,0.085559,0.919722,0.913726,0.924212,0.919488,0.999422,0.999770,0.999988,0.999713,0.087485,0.086696,0.082723,0.086623,0.992034,0.970355,0.925276,0.884862,0.853574,0.889662,1.000000,0.999487,0.999156,0.003395,1.000000,0.002527,0.990507,0.005300,0.976306,0.034243,1.000000,0.043991,0.938786,0.077092,0.979311,0.033491,0.999293,0.041132
ENSDARG00000002193_0_5,-6.5200,-6.6368,0.625000,0.624060,0.605104,-34.8000,-35.8585,0.625000,0.547832,0.385730,0.958821,0.291766,0.142695,0.177727,1.000000,0.810260,0.996441,0.107793,0.002413,0.005507,0.001727,0.002735,0.069331,0.001613,0.944069,0.008746,0.944082,0.741678,1.000000,0.727093,0.990196,0.256798,0.059832,0.200224,0.036473,0.519301,0.033023,0.517382,1.000000,0.341648,0.942969,0.298537,0.062043,0.297945,1.000000,0.997031,0.967634,0.705776,0.950335,0.705038
ENSDARG00000002193_0_6,-8.1600,-8.5864,0.375000,0.381335,0.455235,-32.1900,-33.7858,0.250000,0.281913,0.469989,0.000544,0.722270,0.000007,0.707909,0.000488,0.655970,0.000269,0.684069,0.049588,0.883451,0.999566,0.956672,0.502065,0.201793,0.999820,0.305315,1.000000,0.315036,0.999997,0.274203,0.999123,0.780734,0.502542,0.657048,0.999598,0.143592,0.049813,0.078987,0.000250,0.090169,0.000502,0.005567,0.000023,0.000471,0.000528,0.000471,0.999985,0.968679,0.999984,0.967370
ENSDARG00000002193_0_7,-8.6000,-8.9114,0.250000,0.308897,0.441541,-32.7700,-34.2214,0.375000,0.338352,0.361302,0.983838,0.079591,0.983812,0.087488,0.368173,0.023815,0.001943,0.001837,0.009084,0.360495,0.016142,0.675769,0.016152,0.863663,0.036641,0.867105,0.992401,0.644674,0.983723,0.323980,0.983871,0.287619,0.983864,0.303189,0.983884,0.149777,0.999950,0.629216,0.036131,0.339236,0.016224,0.040434,0.016253,0.244177,0.016661,0.470888,0.017817,0.493666,0.384254,0.339423
ENSDARG00000002193_0_8,-5.2300,-5.6209,0.375000,0.329370,0.461371,-32.8600,-33.8677,0.250000,0.266958,0.485586,0.988726,0.802197,0.986013,0.647935,0.021513,0.634792,0.009234,0.841671,0.014510,0.943264,0.019068,0.836543,0.020321,0.406600,0.997864,0.330099,0.557150,0.326579,0.992534,0.784750,0.997275,0.872862,0.988258,0.148765,0.986093,0.128548,0.541248,0.684313,0.994860,0.005576,0.015790,0.001533,0.019179,0.033332,0.018963,0.045503,0.018665,0.992164,0.040165,0.244694
ENSDARG00000002193_0_9,-4.8000,-4.9159,1.000000,0.963153,0.672385,-30.1400,-31.1042,0.375000,0.456362,0.394088,0.000848,0.010895,0.000353,0.008842,0.012494,0.023858,0.995593,0.993840,1.000000,0.994541,0.999997,0.992673,0.999993,0.996964,0.012479,0.009767,0.005005,0.002020,0.005507,0.009818,0.840151,0.095692,0.870054,0.091951,0.995347,0.095815,0.995352,0.918959,0.999912,0.217232,0.985894,0.101242,0.998478,0.080912,0.869909,0.291769,0.860370,0.976949,0.999966,0.968016
ENSDARG00000002193_0_10,-3.9800,-4.3119,0.625000,0.677880,0.562430,-32.3500,-34.0255,0.125000,0.460996,0.342595,0.888064,0.367849,0.287777,0.131972,0.313464,0.348544,0.205808,0.190676,0.137320,0.181258,0.140995,0.198571,0.994571,0.424560,0.951967,0.134090,0.872773,0.204015,0.880503,0.347061,0.021612,0.006780,0.130712,0.628563,0.199673,0.642004,0.999951,0.833170,0.312812,0.662094,0.321158,0.886853,0.998443,0.651473,0.817571,0.001228,0.869385,0.001462,0.904051,0.009684
ENSDARG00000003025_2_1,-8.2700,-8.3088,0.500000,0.501305,0.497738,-32.9500,-34.1702,0.125000,0.179938,0.366398,0.001315,0.043183,0.000056,0.000201,0.000319,0.000295,0.007497,0.003018,0.005666,0.028320,0.989259,0.939576,0.973345,0.952362,0.999951,0.988574,0.996419,0.954314,0.992196,0.982128,0.967536,0.931420,0.010752,0.065068,0.010998,0.050727,0.004189,0.068161,0.003976,0.021879,0.011919,0.022138,0.993154,0.941419,0.993078,0.168833,0.993133,0.143205,0.999996,0.023144
ENSDARG00000003025_2_2,-2.5700,-3.4727,0.500000,0.695332,0.626594,-33.7200,-34.4617,0.375000,0.387508,0.443231,0.560845,0.834706,0.569880,0.058898,0.286967,0.096605,0.693964,0.344968,0.389236,0.445261,0.443534,0.991458,0.500353,0.429712,0.919588,0.414533,0.856951,0.912806,0.667784,0.637814,0.626831,0.589012,0.453287,0.008792,0.389027,0.001677,0.348765,0.002146,0.678989,0.035248,0.786263,0.030043,0.448768,0.031553,0.943312,0.999947,0.982244,0.999946,0.985289,0.999505
ENSDARG00000003025_2_3,-0.9500,-1.6428,0.375000,0.515144,0.611168,-34.9700,-35.9037,0.500000,0.452938,0.409265,0.645861,0.262431,0.274574,0.251025,0.263768,0.232690,0.602963,0.065678,0.384570,0.793379,0.303484,0.423802,0.889374,0.187617,0.881561,0.417502,0.982992,0.208000,0.942167,0.363865,0.943922,0.393267,0.986971,0.962550,0.648015,0.796726,0.635734,0.802531,0.744570,0.015799,0.407028,0.004311,0.486356,0.001241,0.079833,0.003517,0.525948,0.999961,0.593670,0.999415
ENSDARG00000003025_2_4,-1.7500,-2.2798,0.500000,0.503570,0.595912,-29.6500,-30.4832,0.250000,0.332239,0.394415,0.971957,0.022259,0.883930,0.016665,0.975040,0.056855,0.634460,0.973322,0.115273,0.069533,0.102632,0.043143,0.123230,0.967792,0.256396,0.992346,0.950836,0.059542,0.918723,0.043057,0.971979,0.991516,0.985227,0.994350,0.273445,0.995473,0.120033,0.023928,0.084706,0.007601,0.090162,0.007718,0.607748,0.992820,0.972863,0.021049,0.885617,0.087340,0.993988,0.521986
ENSDARG00000003025_2_5,-3.6100,-3.7661,0.750000,0.736897,0.622296,-30.7500,-31.9972,0.625000,0.621443,0.493966,0.135576,0.445648,0.194670,0.177170,1.000000,0.183424,0.049981,0.418618,0.070494,0.417257,1.000000,0.769338,0.885486,0.554682,0.887321,0.654522,1.000000,0.971377,0.165172,0.135730,0.162039,0.134495,1.000000,0.045518,0.843267,0.012171,0.051911,0.006848,0.146629,0.021077,0.948807,0.981048,1.000000,0.981558,0.909288,0.977783,1.000000,0.995986,0.995277,0.995077
ENSDARG00000003025_2_6,-5.1500,-5.2604,0.625000,0.629972,0.421342,-33.9700,-34.6842,0.625000,0.626741,0.311249,0.013298,0.019759,0.010469,0.003857,0.107410,0.983223,0.984673,0.079229,0.989960,0.034264,0.984028,0.066625,0.124963,0.000661,0.027898,0.001279,0.028886,0.001619,0.042782,0.004767,0.036349,0.003920,0.036345,0.011849,0.988681,0.997534,0.996645,0.997619,0.994622,0.997725,0.979353,0.997495,0.984591,0.999968,0.030358,0.014184,0.020363,0.004285,0.045161,0.005117
ENSDARG00000003025_2_7,-6.9800,-7.0602,0.375000,0.389459,0.509298,-35.4100,-36.0867,0.625000,0.456033,0.452151,0.932490,0.958012,0.992088,0.141704,0.035812,0.148304,0.005153,0.874247,0.007022,0.965774,0.993288,0.848788,0.071185,0.075805,0.073438,0.208045,0.995697,0.825823,0.991337,0.009317,0.988418,0.005683,0.984365,0.333259,0.013939,0.538958,0.009145,0.542841,0.931579,0.558686,0.071443,0.008799,0.006046,0.005769,0.092404,0.008961,0.995361,0.991210,0.995759,0.993043
ENSDARG00000003025_2_8,-2.0600,-2.5964,0.500000,0.601160,0.596024,-35.1600,-36.2290,0.500000,0.603342,0.392314,0.942959,0.005475,0.164485,0.001552,0.148142,0.001283,0.638428,0.018913,0.977897,0.997983,0.208173,0.028314,0.551548,0.047519,0.568832,0.024002,0.995633,0.641629,0.997725,0.779042,0.505860,0.324999,0.411509,0.148827,0.169423,0.194033,0.162012,0.621779,0.611761,0.751220,0.986041,0.539946,0.465644,0.365503,0.433331,0.356475,0.990530,0.999456,0.990540,0.998324
ENSDARG00000003025_2_10,-2.5100,-2.9013,0.750000,0.758635,0.746894,-33.8000,-34.4890,0.250000,0.309703,0.430673,0.601761,0.937380,0.984123,0.933939,0.598240,0.948604,0.597885,0.048340,0.973697,0.075227,0.951159,0.009637,0.957679,0.012374,0.975613,0.062495,0.982335,0.919415,0.415613,0.573997,0.132253,0.771753,0.698454,0.842678,0.978321,0.069875,0.585040,0.143428,0.859190,0.197897,0.438126,0.037835,0.306488,0.039068,0.972511,0.971431,0.936360,0.045631,0.993041,0.972461
ENSDARG00000003469_0_2,-2.6200,-3.2110,0.750000,0.680058,0.720393,-33.9400,-34.8493,0.625000,0.636325,0.413228,0.881645,0.986587,0.882563,0.060744,0.998724,0.085880,0.998888,0.999007,0.998672,0.018983,0.589720,0.004582,0.017041,0.020901,0.014339,0.977739,0.990551,0.002549,0.948768,0.000659,0.723002,0.001024,0.923488,0.015301,0.999994,0.510920,0.999989,0.618833,0.551507,0.130340,0.503091,0.818103,0.980172,0.998831,0.430036,0.997202,0.449612,0.998528,0.526063,0.017839
ENSDARG00000003469_0_3,-3.3100,-3.5392,0.750000,0.751583,0.537882,-30.7900,-31.6568,0.625000,0.607999,0.524936,0.016007,0.883011,0.010568,0.348759,0.998881,0.383640,0.023632,0.669503,0.033202,0.845705,0.310338,0.620300,0.999823,0.630268,0.994041,0.194335,0.993986,0.962487,0.309440,0.019633,0.033639,0.010287,0.021420,0.066802,0.016300,0.874777,0.014400,0.970823,0.999886,0.073227,0.992374,0.082426,0.991918,0.073650,0.999258,0.999363,0.998867,0.841470,0.999657,0.948252
ENSDARG00000003469_0_4,-6.0600,-6.4611,0.500000,0.503190,0.456063,-30.2000,-31.4419,0.750000,0.632023,0.418007,0.999513,0.192522,0.021139,0.008301,0.004546,0.003991,0.000061,0.004942,0.000331,0.029468,0.001395,0.042436,0.533696,0.101720,0.999995,0.225084,0.999999,0.933169,0.999958,0.370185,0.534361,0.825424,0.000746,0.566723,0.000222,0.302060,0.000055,0.346874,0.004549,0.795425,0.020742,0.642910,0.999993,0.807775,0.999985,0.686153,0.999985,0.778682,0.999989,0.696302
ENSDARG00000003469_0_6,-5.2100,-5.4753,0.500000,0.541652,0.590415,-33.1500,-34.4939,0.125000,0.166381,0.311582,0.987024,0.940640,0.781619,0.938519,0.243982,0.929714,0.024546,0.927530,0.020423,0.932290,0.093654,0.010748,0.822667,0.028596,1.000000,0.062589,0.982370,0.051231,0.982273,0.052132,0.804969,0.017809,0.731553,0.008798,0.111577,0.215196,0.999985,0.815463,0.036465,0.026888,0.243165,0.015264,0.007966,0.051810,0.982448,0.075764,0.981292,0.064951,0.970316,0.065709
ENSDARG00000003469_0_7,-4.3700,-4.7063,0.375000,0.390647,0.508728,-30.3600,-31.8091,0.250000,0.338282,0.481107,0.002081,0.078708,0.005201,0.082368,0.225536,0.429740,0.730835,0.956947,1.000000,0.995785,0.991480,0.977464,0.068234,0.957816,0.064407,0.955665,0.993235,0.418921,0.992690,0.378276,0.987199,0.123833,0.988482,0.560356,0.188444,0.283288,0.195516,0.438095,0.815339,0.942238,0.828959,0.038381,0.067025,0.001564,0.013002,0.001124,0.016893,0.003823,0.999999,0.997744
ENSDARG00000003469_0_8,-1.8800,-2.1726,1.000000,0.947782,0.774785,-33.4000,-34.7376,1.000000,0.884537,0.543409,0.701718,0.009323,0.077787,0.000775,0.379786,0.000061,0.824345,0.000456,0.786319,0.000399,0.983448,0.000010,0.948449,0.006369,0.864088,0.008316,0.909768,0.962663,0.374424,0.889486,0.219046,0.994935,0.844275,0.919101,0.998982,0.908689,0.803461,0.870345,0.849282,0.939509,0.986223,0.930202,0.954208,0.874046,0.994678,0.994262,0.997923,0.719487,0.997499,0.839754
ENSDARG00000003469_0_9,-1.8800,-2.1657,1.000000,0.918820,0.712159,-33.6500,-34.7918,0.250000,0.531128,0.264753,0.320511,0.009238,0.154712,0.004159,0.183819,0.995261,0.936454,0.007603,0.942770,0.004511,0.941133,0.003321,0.961123,0.001403,0.119913,0.000086,0.106652,0.000073,0.277865,0.002193,0.987978,0.005449,0.959698,0.012753,0.918108,0.260732,0.945448,0.966212,0.945139,0.425544,0.961192,0.449695,0.929219,0.988776,0.883278,0.434525,0.882046,0.364707,0.886128,0.358830
ENSDARG00000003469_0_10,0.0000,-0.0098,1.000000,0.997182,0.998354,-25.5800,-27.4057,0.250000,0.659043,0.604430,0.999848,0.807189,0.999981,0.478646,0.999056,0.550311,0.999387,0.707040,0.999947,0.543205,0.991989,0.699845,0.999710,0.564387,0.999919,0.328078,0.999784,0.491247,1.000000,0.967834,1.000000,0.363802,1.000000,0.314684,0.983538,0.339076,1.000000,0.417084,1.000000,0.721141,1.000000,0.772553,0.999965,0.612612,0.997852,0.854070,0.997932,0.988573,0.998170,0.567232
ENSDARG00000003751_7_1,-4.5100,-4.8099,0.375000,0.458776,0.541911,-35.7100,-36.3839,0.625000,0.630880,0.500265,0.050403,0.001178,0.035031,0.000103,0.046739,0.000469,0.955233,0.000138,0.232162,0.001185,0.205449,0.003712,0.935696,0.005774,0.999650,0.995511,0.964835,0.977170,0.969758,0.979316,0.859938,0.994293,0.913129,0.999408,0.338162,0.998590,0.306493,0.983919,0.062760,0.970205,0.024447,0.044970,0.026891,0.018077,0.949763,0.039165,0.975243,0.999169,0.986447,0.992941
ENSDARG00000003751_7_2,-5.5000,-5.5663,1.000000,0.974074,0.690096,-34.5000,-36.5197,0.375000,0.405858,0.363622,0.009717,0.121984,0.007275,0.048515,0.006135,0.149353,0.988839,0.293401,0.991305,0.289465,0.992157,0.757763,0.992634,0.849951,0.990450,0.342342,0.021255,0.046377,0.017936,0.088398,0.021596,0.209362,0.970033,0.828673,0.977905,0.503142,0.936123,0.380304,0.993766,0.642232,0.994085,0.409736,0.991433,0.605806,0.978164,0.331452,0.933760,0.307642,0.987354,0.066551
ENSDARG00000003751_7_3,-3.2100,-3.7616,0.375000,0.513154,0.543660,-35.0900,-36.0276,0.500000,0.500604,0.460089,0.992718,0.153801,0.180649,0.012666,0.130989,0.004641,0.992842,0.002334,0.080616,0.003448,0.044318,0.361178,0.133552,0.373352,0.964426,0.672223,0.946892,0.674718,0.969000,0.989312,0.686929,0.965613,0.645047,0.983657,0.654093,0.966780,0.957166,0.987808,0.423512,0.031358,0.029930,0.006783,0.057226,0.006315,0.963798,0.999977,0.483397,0.999979,0.536107,0.005829
ENSDARG00000003751_7_4,-6.4400,-6.5089,0.500000,0.507362,0.407495,-30.7900,-31.7400,0.375000,0.353156,0.507938,0.069699,0.710731,0.005041,0.785628,0.002200,0.778515,0.000691,0.859317,0.001308,0.786330,0.005351,0.705149,0.999962,0.978253,0.995343,0.932450,0.995409,0.353284,0.999701,0.246425,0.010305,0.045956,0.006002,0.151474,0.005112,0.006344,0.000370,0.002125,0.000257,0.001890,0.069825,0.695902,0.995292,0.196085,0.995258,0.623362,0.995547,0.962133,0.997235,0.337410
ENSDARG00000003751_7_5,-5.0800,-5.5965,0.375000,0.627315,0.599184,-33.8600,-35.3666,0.625000,0.601864,0.286069,0.136623,0.070615,0.147879,0.006506,0.153343,0.004867,0.512056,0.048702,0.980065,0.052785,1.000000,0.442088,0.522991,0.048213,0.999579,0.044696,0.968657,0.049265,0.513939,0.000742,0.515226,0.128577,0.514794,0.009414,0.988064,0.873276,0.567339,0.999286,0.982878,0.984890,0.984053,0.998447,0.339528,0.006969,0.331297,0.000324,0.332616,0.534732,0.492745,0.416990
ENSDARG00000003751_7_6,-1.1800,-1.5011,0.750000,0.774973,0.792487,-29.3900,-30.9006,0.125000,0.201291,0.477633,0.134939,0.690927,0.222359,0.691200,0.900867,0.756060,0.832721,0.753861,0.876805,0.755466,0.998275,0.797745,0.983503,0.764960,0.918081,0.372327,0.992949,0.407164,0.937746,0.313441,0.854730,0.744835,0.996982,0.894354,0.227081,0.852643,0.165692,0.153548,0.937753,0.211467,0.942421,0.009230,0.983969,0.128854,0.952926,0.012367,0.994499,0.020443,0.995441,0.221771
ENSDARG00000003751_7_7,-7.5200,-7.5363,0.750000,0.749837,0.599984,-34.4900,-36.1636,0.500000,0.514005,0.347816,0.995583,0.705814,0.001860,0.639413,0.001276,0.367484,0.000808,0.933552,0.000828,0.084391,0.999587,0.034830,0.999960,0.002512,0.999996,0.005795,0.999989,0.002694,0.999998,0.002316,0.000746,0.000723,0.000348,0.064751,0.000052,0.329801,0.000646,0.328119,0.999964,0.867236,0.998482,0.754783,0.999810,0.747557,0.999797,0.750536,0.999979,0.196862,0.999964,0.137149
ENSDARG00000003751_7_8,-5.1300,-5.9110,0.500000,0.552906,0.611678,-39.6000,-40.6067,0.375000,0.393714,0.447525,0.315001,0.726926,0.291210,0.666705,0.289752,0.940464,0.962129,0.750555,0.600964,0.726047,0.937516,0.976737,0.809644,0.974322,0.685441,0.003849,0.665639,0.003784,0.690878,0.002614,0.595366,0.002388,0.966770,0.026404,0.603489,0.997721,0.969603,0.997752,0.099734,0.000237,0.039804,0.000053,0.050268,0.000072,0.722251,0.010016,0.958270,0.999841,0.979833,0.144020
ENSDARG00000003751_7_9,-9.0000,-9.2620,0.375000,0.394369,0.515490,-31.7400,-33.6217,0.375000,0.382213,0.402910,0.997516,0.515769,0.904732,0.141963,0.999856,0.334783,0.247507,0.064916,0.000238,0.003490,0.000158,0.003884,0.000172,0.004643,0.004722,0.023580,0.999999,0.988824,0.999996,0.958503,0.999994,0.966619,0.999958,0.993531,0.999994,0.994266,0.999746,0.993418,0.004860,0.051728,0.000029,0.004762,0.000014,0.008785,0.000235,0.021095,0.247655,0.233698,0.902418,0.749952
ENSDARG00000003751_7_10,-3.7200,-3.8893,1.000000,0.969509,0.620415,-29.4100,-30.9438,1.000000,0.880427,0.545317,0.101258,0.006099,0.098510,0.002740,0.107665,0.003159,0.189901,0.008186,0.921475,0.046704,0.903047,0.082525,0.903597,0.096018,0.999743,0.931642,0.193884,0.905030,0.113893,0.791576,0.109028,0.571776,0.010234,0.417473,0.866981,0.659390,0.918330,0.975838,0.992641,0.821875,0.999613,0.877824,0.999675,0.929976,0.999933,0.991426,0.979695,0.887371,0.999203,0.899718
ENSDARG00000004377_4_1,-4.1700,-4.5530,0.750000,0.638915,0.527184,-35.6200,-36.2839,0.250000,0.271406,0.458854,0.923192,0.937796,0.133504,0.931795,0.344067,0.932489,0.115454,0.974123,0.002327,0.992137,0.103248,0.264301,0.651221,0.128718,0.999750,0.066182,0.999524,0.844767,0.456741,0.932133,0.351971,0.001231,0.351367,0.000161,0.351404,0.000413,0.004952,0.006749,0.650411,0.937705,0.650421,0.089374,0.752509,0.062274,0.973503,0.004100,0.728290,0.071221,0.999830,0.999414
ENSDARG00000004377_4_2,0.0000,-0.5838,1.000000,0.952018,0.884524,-30.4400,-30.9908,0.500000,0.491357,0.481211,0.630987,0.949439,0.760168,0.068201,0.834002,0.095401,0.974316,0.996863,0.924395,0.057534,0.993803,0.045482,0.820437,0.046899,0.999800,0.995073,0.773914,0.992863,0.740037,0.986611,0.910063,0.245934,0.712408,0.213064,0.999468,0.018263,0.955254,0.003084,0.934509,0.003861,0.999815,0.999848,0.968303,0.879715,0.999562,0.999865,0.863605,0.997311,0.895630,0.028912
ENSDARG00000004377_4_3,-2.5300,-2.6604,0.625000,0.619365,0.694213,-31.7600,-32.6577,0.375000,0.375009,0.573174,0.984388,0.502680,0.999750,0.991153,0.999973,0.998075,0.999374,0.995775,0.991466,0.998180,0.029415,0.831908,0.049389,0.986076,0.020890,0.633822,0.991048,0.998222,0.863696,0.218284,0.999984,0.228038,0.999966,0.081195,0.995835,0.010798,0.860070,0.000814,0.986791,0.001783,0.044764,0.001948,0.031756,0.982499,0.042725,0.990558,0.993732,0.991506,0.999248,0.020161
ENSDARG00000004377_4_4,-3.1000,-3.5516,0.500000,0.429972,0.492762,-32.8800,-33.3997,0.500000,0.502028,0.387896,0.080561,0.175724,0.016469,0.207207,0.017482,0.994818,0.999962,0.132701,0.999989,0.067468,0.135488,0.051225,0.068412,0.095640,0.626125,0.992566,0.991541,0.997028,0.990898,0.012151,0.999768,0.006209,0.488768,0.008948,0.126763,0.974808,0.579161,0.971669,0.643656,0.064570,0.017361,0.000101,0.007805,0.000021,0.072792,0.005154,0.992265,0.999966,0.999975,0.999936
ENSDARG00000004377_4_5,-2.5400,-2.8815,0.250000,0.346621,0.467639,-32.8700,-34.3944,0.750000,0.645987,0.439534,0.982353,0.434014,0.981080,0.146956,0.908208,0.163608,0.016565,0.421465,0.020244,0.286274,0.095982,0.357260,0.148605,0.587291,0.126617,0.318377,0.391534,0.754404,0.981195,0.101949,0.965561,0.040298,0.961864,0.010885,0.347862,0.011722,0.048029,0.518750,0.062550,0.520033,0.054631,0.528996,0.129925,0.990947,0.130803,0.994649,0.999188,0.997578,0.999981,0.605219
ENSDARG00000004377_4_6,-1.3900,-1.7410,1.000000,0.745095,0.615506,-28.7100,-30.0553,0.250000,0.376995,0.403637,0.962512,0.941958,0.368687,0.540876,0.115933,0.527650,0.114770,0.547020,0.704877,0.433916,0.730260,0.328183,0.724609,0.074644,0.745264,0.062374,0.768569,0.097024,0.403022,0.453227,0.371424,0.914796,0.339438,0.135110,0.953235,0.080463,0.727856,0.258019,0.734137,0.360103,0.718120,0.352370,0.721816,0.356301,0.719332,0.359642,0.693025,0.639772,0.693235,0.609291
ENSDARG00000004377_4_7,-9.1000,-9.1573,0.500000,0.508712,0.407014,-35.4500,-36.6057,0.375000,0.375356,0.259917,0.066139,0.870421,0.000953,0.102005,0.002182,0.085155,0.000434,0.072587,0.000006,0.071885,0.000432,0.855348,0.999998,0.121338,1.000000,0.012717,1.000000,0.001587,1.000000,0.001961,0.000430,0.000434,0.000006,0.000047,0.000502,0.000559,0.002253,0.000654,0.000817,0.000065,0.066171,0.001838,1.000000,0.021244,0.999960,0.999422,0.999997,0.980127,0.999998,0.998936
ENSDARG00000004377_4_8,-0.4800,-1.1318,0.750000,0.789838,0.840457,-35.9200,-36.7759,0.625000,0.626012,0.484914,0.985140,0.963410,0.998680,0.056217,0.999162,0.127846,0.943408,0.983958,0.998112,0.493056,0.651723,0.040853,0.924526,0.994749,0.976099,0.001441,0.657734,0.001488,1.000000,0.002601,0.694017,0.999924,0.661840,0.024634,0.933161,0.075098,0.976752,0.052110,0.999699,0.873938,0.553765,0.011219,0.999920,0.999963,0.708242,0.999887,0.188967,0.999399,0.958197,0.996484
ENSDARG00000004377_4_9,-4.9100,-5.0842,1.000000,0.981703,0.612314,-30.1400,-31.1596,0.375000,0.364693,0.364646,0.105409,0.109159,0.000867,0.001360,0.008647,0.007900,0.027565,0.025803,0.997396,0.997166,0.997341,0.997181,0.998571,0.997839,0.999781,0.997696,0.239076,0.221863,0.012471,0.011463,0.002967,0.003607,0.002560,0.004331,0.997409,0.899410,0.875746,0.729015,0.998475,0.108207,0.997120,0.014321,0.997448,0.019008,0.999994,0.086377,0.987438,0.088477,0.999991,0.972729
ENSDARG00000004377_4_10,-1.5000,-2.2278,0.500000,0.548963,0.666913,-37.3100,-37.9304,0.500000,0.506383,0.417850,0.322543,0.259960,0.370817,0.183182,0.999950,0.848716,0.999289,0.033191,0.595108,0.002957,0.166155,0.000801,0.684434,0.000824,0.993168,0.000635,0.999788,0.008894,0.999045,0.999059,1.000000,0.999158,0.816267,0.968559,0.412909,0.973108,0.124702,0.961102,0.637507,0.998879,0.997890,0.997520,1.000000,0.045770,0.840419,0.024836,0.178642,0.022752,0.199636,0.027100
ENSDARG00000004473_5_1,-2.2800,-2.8738,0.375000,0.492736,0.538929,-26.1300,-27.8700,0.375000,0.557913,0.526620,0.631313,0.508192,0.505244,0.427869,0.531303,0.120774,0.045877,0.119416,0.046675,0.146707,0.483318,0.889827,0.589689,0.529623,0.558751,0.424656,0.950363,0.860770,0.997282,0.707254,0.999368,0.685896,0.497500,0.648105,0.485829,0.716479,0.454984,0.695225,0.597962,0.719317,0.130550,0.489546,0.596380,0.546052,0.549120,0.501772,0.559156,0.552863,0.567909,0.242051
ENSDARG00000004473_5_2,-2.8300,-3.2500,0.750000,0.644150,0.585966,-32.8900,-34.0696,0.250000,0.274262,0.554434,0.999067,0.947028,0.998492,0.929587,0.859484,0.726911,0.358480,0.732431,0.288786,0.792710,0.007887,0.947087,0.196539,0.954017,0.701631,0.957827,0.723220,0.945975,0.727064,0.946661,0.394410,0.009103,0.311053,0.005259,0.413529,0.007804,0.037103,0.002230,0.700690,0.979562,0.696655,0.073828,0.696629,0.042634,0.704103,0.985654,0.948688,0.083025,0.955802,0.019359
ENSDARG00000004473_5_3,-3.0300,-3.6623,0.750000,0.651215,0.640909,-33.9400,-34.9710,0.250000,0.296919,0.304357,0.470513,0.746482,0.447538,0.713115,0.487436,0.786431,0.958853,0.707139,0.838651,0.202041,0.484076,0.048277,0.497705,0.023845,0.534525,0.042408,0.693053,0.012389,0.915312,0.063624,0.927580,0.084404,0.353217,0.281633,0.309290,0.200018,0.038678,0.968498,0.565379,0.004550,0.634776,0.002127,0.687292,0.009146,0.994766,0.060260,0.982296,0.982370,0.997242,0.148379
ENSDARG00000004473_5_4,-0.5800,-1.1435,1.000000,0.931339,0.832363,-32.9900,-33.8699,0.625000,0.598354,0.447795,0.598073,0.744290,0.444449,0.994156,0.840336,0.996884,0.989752,0.002254,0.997514,0.000644,0.934109,0.000695,0.999925,0.000451,0.936798,0.000293,0.150546,0.002929,0.322058,0.997243,0.983294,0.022672,0.999698,0.406558,0.999218,0.583403,0.933715,0.958762,0.916917,0.087991,0.885684,0.078782,0.825139,0.104233,0.919110,0.982705,0.990366,0.996470,0.980561,0.994489
ENSDARG00000004473_5_5,0.0000,-0.0964,1.000000,0.949835,0.955712,-31.0000,-32.3062,0.500000,0.580861,0.438343,0.989875,0.453398,0.980018,0.447608,0.956085,0.195955,0.985517,0.186718,0.951202,0.863292,0.974654,0.616922,0.943498,0.179048,0.935101,0.207682,0.930045,0.187160,0.948752,0.075426,0.989628,0.078964,0.931177,0.627792,0.950980,0.629974,0.990711,0.964215,0.965098,0.386014,0.954365,0.297685,0.970627,0.935556,0.901975,0.286421,0.929274,0.998524,0.935654,0.148500
ENSDARG00000004473_5_6,0.0000,-0.5306,1.000000,0.862733,0.890628,-29.8200,-31.6520,0.750000,0.598899,0.557008,0.974910,0.485689,0.765445,0.480978,0.987203,0.715045,0.781667,0.497159,0.747815,0.428467,0.987325,0.820117,0.951272,0.257701,0.744776,0.099959,0.988674,0.267209,1.000000,0.995720,0.981619,0.723762,1.000000,0.577165,0.746706,0.711570,0.998229,0.406257,0.460008,0.387773,1.000000,0.488982,0.999930,0.444547,0.699570,0.378728,0.998285,0.990235,0.999135,0.983101
ENSDARG00000004473_5_7,-6.2600,-6.4157,0.500000,0.452176,0.560193,-31.3700,-32.5586,1.000000,0.754115,0.569603,0.000549,0.001297,0.000043,0.000678,0.001160,0.017332,0.004573,0.077365,1.000000,0.998688,0.999863,0.409012,0.999997,0.399313,0.789187,0.417936,0.800270,0.296388,0.996116,0.790769,0.999999,0.997653,0.994705,0.952719,0.993204,0.957723,0.802165,0.821940,0.805667,0.585232,0.004583,0.582246,0.003897,0.592378,0.003737,0.578244,0.004154,0.917600,1.000000,0.997558
ENSDARG00000004473_5_8,-4.0800,-4.2401,0.250000,0.277938,0.422055,-30.0900,-31.4099,0.375000,0.418081,0.354562,0.987007,0.944918,0.996753,0.041182,0.025552,0.057964,0.020826,0.057502,0.018181,0.022698,0.977416,0.197802,0.004963,0.114898,0.009016,0.010167,0.181194,0.249321,0.999238,0.831248,0.998902,0.730604,0.998538,0.488292,0.983687,0.673436,0.164956,0.598889,0.001532,0.041334,0.003382,0.041288,0.987885,0.372517,0.023500,0.906928,0.033341,0.356142,0.025221,0.354114
ENSDARG00000004473_5_9,-4.5000,-5.0704,0.500000,0.566786,0.576319,-31.8200,-32.5823,0.125000,0.162278,0.417642,0.990577,0.972425,0.997683,0.960774,0.177737,0.101655,0.074774,0.097403,0.002501,0.115283,0.400647,0.975376,0.289934,0.922925,0.878361,0.907985,0.951058,0.988012,0.999999,0.995497,0.814130,0.011326,0.414685,0.005961,0.288302,0.008074,0.835444,0.973467,0.381814,0.032206,0.187306,0.028942,0.176960,0.005395,0.806055,0.082053,0.878748,0.066543,0.979656,0.101544
ENSDARG00000004473_5_10,0.0000,-0.2470,1.000000,0.986807,0.964326,-25.7100,-27.2733,1.000000,0.814077,0.608562,0.717665,0.581299,0.988612,0.640716,1.000000,0.756781,1.000000,0.883280,0.984172,0.395682,1.000000,0.617065,0.768109,0.489450,1.000000,0.359728,1.000000,0.295077,1.000000,0.223036,1.000000,0.213759,0.933500,0.202746,1.000000,0.848887,0.957478,0.628588,1.000000,0.971009,0.969794,0.742305,1.000000,0.764720,0.974953,0.984597,1.000000,0.998336,0.992235,0.574172
ENSDARG00000009136_12_1,-6.1200,-6.3784,0.250000,0.263241,0.338644,-28.5300,-30.2054,0.125000,0.230974,0.360264,0.013962,0.439551,0.009715,0.399334,0.035284,0.425506,0.046511,0.466727,0.000227,0.393390,0.000258,0.102269,0.280850,0.276329,0.999649,0.677416,0.999991,0.659915,1.000000,0.680966,1.000000,0.635762,0.280508,0.200319,0.005139,0.048434,0.000298,0.008193,0.041554,0.109391,0.053548,0.337952,0.025065,0.229995,0.011865,0.031175,0.981480,0.325369,0.986981,0.757285
ENSDARG00000009136_12_2,-3.6200,-4.0991,0.250000,0.255101,0.390412,-35.6300,-36.8619,0.000000,0.001104,0.319419,0.163469,0.784403,0.011617,0.697951,0.002926,0.658744,0.039685,0.848543,0.077155,0.975015,0.171496,0.889452,0.575754,0.768295,0.898217,0.222351,0.962994,0.238924,0.963897,0.079590,0.962677,0.205998,0.937546,0.010290,0.654916,0.005099,0.070557,0.000628,0.060565,0.000513,0.060768,0.001151,0.041954,0.000339,0.041328,0.000083,0.110757,0.000504,0.999964,0.000516
ENSDARG00000009136_12_3,-7.1300,-7.1428,0.625000,0.625142,0.500806,-36.0800,-37.0067,0.250000,0.209784,0.436984,0.998557,0.859014,0.002010,0.942426,0.000827,0.910414,0.000207,0.805818,0.001337,0.810065,0.005555,0.802845,0.999945,0.880727,0.999860,0.919236,0.999868,0.128162,0.999617,0.001551,0.005848,0.000720,0.001358,0.000430,0.000194,0.001122,0.000818,0.000297,0.000620,0.000017,0.999840,0.000054,0.999846,0.000374,0.999822,0.627391,0.999995,0.991928,1.000000,0.057091
ENSDARG00000009136_12_4,-4.6100,-4.8983,0.500000,0.530301,0.606489,-30.0300,-31.4461,0.500000,0.496616,0.410233,0.822081,0.087828,0.822080,0.084890,0.997031,0.488402,0.999975,0.631216,0.999980,0.270177,0.999969,0.514862,0.847215,0.715087,0.039364,0.162924,0.021538,0.294868,0.354462,0.364132,0.172504,0.133192,0.811177,0.484149,0.821600,0.484040,0.836802,0.795435,0.829598,0.791947,0.842085,0.838140,0.355482,0.595478,0.183494,0.212908,0.176825,0.182534,0.196519,0.072446
ENSDARG00000009136_12_5,-0.1900,-0.7749,0.750000,0.827763,0.860908,-37.8100,-38.5281,0.125000,0.200568,0.370653,0.982401,0.999478,0.983358,0.881443,0.972966,0.879860,0.927171,0.651314,0.916553,0.125731,0.995653,0.104938,0.893423,0.158378,0.913030,0.876743,0.998255,0.938229,0.871411,0.068372,0.583868,0.111827,0.557976,0.012200,0.950935,0.002037,0.994896,0.001316,0.759476,0.000925,0.988473,0.116637,0.627033,0.115822,0.364461,0.170402,0.940362,0.997654,0.996468,0.199752
ENSDARG00000009136_12_6,-6.8800,-6.9500,1.000000,0.953861,0.594372,-34.7800,-35.9479,0.250000,0.373116,0.381796,0.076311,0.209108,0.076085,0.142130,0.006362,0.298037,0.079974,0.017489,0.923695,0.651093,0.923860,0.650838,0.924556,0.654316,0.937526,0.658640,0.079946,0.344677,0.076755,0.342234,0.075510,0.340514,0.075979,0.341922,0.935830,0.019206,0.924569,0.008247,0.920901,0.008848,0.924418,0.030460,0.999986,0.474476,0.928132,0.476286,0.997904,0.984961,0.999147,0.982443
ENSDARG00000009136_12_7,-0.8600,-1.1789,0.875000,0.913808,0.775013,-34.3500,-35.3495,0.125000,0.231549,0.470451,0.950068,0.806039,0.999275,0.818463,0.985263,0.822646,0.399134,0.823389,0.265831,0.816813,0.156971,0.623646,0.979322,0.788307,0.998514,0.817461,0.999774,0.835010,0.999025,0.172446,0.234914,0.180322,0.221709,0.052085,0.382697,0.045799,0.991764,0.068205,0.998996,0.960433,0.987632,0.140552,0.996523,0.180264,0.981044,0.193090,0.972318,0.085876,0.999487,0.178176
ENSDARG00000009136_12_8,-2.5800,-2.7982,1.000000,0.902882,0.701932,-30.0400,-31.2353,0.375000,0.444858,0.507110,0.133809,0.142481,0.144879,0.100005,0.292464,0.114137,0.949133,0.854844,0.943691,0.837338,0.933315,0.940147,0.997783,0.902625,0.876093,0.748890,0.169033,0.786306,0.127708,0.746642,0.250123,0.129122,0.997560,0.280803,0.899405,0.337715,0.949901,0.952212,0.848168,0.200432,0.875372,0.955063,0.765326,0.029528,0.895366,0.041374,0.996482,0.058665,0.993036,0.983874
ENSDARG00000009136_12_9,-3.4200,-3.6703,0.375000,0.422288,0.533973,-34.7600,-36.1620,0.250000,0.293728,0.469594,0.992255,0.832366,0.987863,0.700418,0.967158,0.545555,0.966544,0.602384,0.966544,0.892745,0.045631,0.897296,0.049417,0.881800,0.027436,0.340675,0.022902,0.340030,0.304000,0.972285,0.984147,0.020864,0.987259,0.015631,0.990882,0.003669,0.983632,0.003275,0.298048,0.097110,0.025978,0.079715,0.027438,0.128206,0.034347,0.979089,0.038406,0.985283,0.979575,0.073477
ENSDARG00000009136_12_10,-3.5500,-3.6806,0.250000,0.283500,0.424844,-31.4900,-32.6490,1.000000,0.853930,0.488409,0.166029,0.013769,0.025392,0.004105,0.009996,0.002902,0.030717,0.006218,0.990283,0.010550,0.029483,0.008027,0.022067,0.010132,0.979401,0.988172,0.981705,0.042910,0.995326,0.063914,0.999584,0.893322,0.998899,0.892708,0.023888,0.911849,0.016452,0.915783,0.018947,0.983319,0.025200,0.954164,0.022845,0.755641,0.169750,0.740191,0.991091,0.766311,0.999831,0.804183
ENSDARG00000009958_9_1,-0.1200,-1.0184,0.500000,0.737725,0.774962,-30.2300,-31.3765,0.875000,0.836056,0.537135,0.744261,0.949703,0.957595,0.953351,0.989733,0.978207,0.869390,0.023214,0.651061,0.010831,0.647849,0.071196,1.000000,0.019240,0.459422,0.909014,0.542224,0.060845,0.743382,0.002006,0.992864,0.001893,0.999662,0.074747,0.641261,0.897927,0.663451,0.818545,0.992888,0.755278,0.669948,0.973436,0.278910,0.269261,0.854640,0.996889,0.979484,0.999090,0.821217,0.978021
ENSDARG00000009958_9_2,-1.5500,-1.9864,1.000000,0.912233,0.777831,-34.5100,-35.9324,0.250000,0.301077,0.359950,0.239480,0.528533,0.236158,0.079728,0.992540,0.195299,0.984519,0.225005,0.966947,0.515729,0.964157,0.544737,0.861417,0.140500,0.880332,0.128506,0.631497,0.537640,0.562155,0.611150,0.443059,0.897689,0.496495,0.385875,0.984964,0.401129,0.814561,0.294489,0.825573,0.089155,0.965748,0.555761,0.827810,0.122600,0.897881,0.206686,0.985772,0.247340,0.995554,0.491456
ENSDARG00000009958_9_3,-2.7200,-2.9151,0.375000,0.417753,0.436745,-30.4400,-31.4128,0.375000,0.477925,0.450399,0.215255,0.539048,0.039502,0.537011,0.053157,0.508475,1.000000,0.044695,0.050543,0.400250,0.011812,0.037446,0.012301,0.028294,0.984931,0.289663,0.999907,0.397447,0.999947,0.919982,0.998575,0.953653,0.026940,0.528614,0.027350,0.543579,0.062858,0.903441,0.998369,0.951277,0.038035,0.973024,0.020924,0.185558,0.208362,0.149321,0.986194,0.076514,0.999935,0.040681
ENSDARG00000009958_9_4,-3.4600,-3.8258,0.625000,0.567277,0.653646,-31.1600,-32.6319,0.500000,0.527232,0.414675,0.987752,0.391820,0.744346,0.405050,0.724330,0.119894,0.939889,0.102906,0.127294,0.124868,0.053327,0.148201,0.006922,0.040678,0.952832,0.331013,0.999944,0.794817,0.999756,0.232460,0.999943,0.415245,0.998379,0.968692,0.999904,0.968345,0.999718,0.964047,0.001918,0.025302,0.002223,0.068701,0.163996,0.959371,0.965181,0.961355,0.700524,0.258633,0.704748,0.012102
ENSDARG00000009958_9_5,-4.6500,-4.9162,0.625000,0.580366,0.635445,-31.7600,-33.1746,0.500000,0.499440,0.581642,0.001360,0.441645,0.000851,0.386803,0.002256,0.599981,0.890179,0.982817,0.865510,0.279857,0.957724,0.297425,0.814186,0.417070,0.823876,0.948958,0.997797,0.776254,0.889568,0.605772,0.870276,0.920567,0.952395,0.980168,0.991941,0.982057,0.819576,0.973557,0.825893,0.036326,0.002323,0.002680,0.001762,0.001492,0.002335,0.001826,0.999508,0.998906,0.999586,0.998675
ENSDARG00000009958_9_6,-2.5700,-2.6866,0.750000,0.763347,0.620007,-31.9700,-33.3535,0.750000,0.659173,0.407522,0.977084,0.627896,0.112668,0.341583,0.070285,0.333831,0.060297,0.425436,0.066455,0.779065,0.967247,0.090725,0.977357,0.025854,0.999978,0.013128,0.983871,0.023404,0.999838,0.036442,0.059442,0.094345,0.018840,0.085352,0.034356,0.020130,0.103559,0.021136,0.999447,0.531005,0.995505,0.896223,0.996907,0.983991,0.991810,0.993979,0.991170,0.942322,0.994020,0.884598
ENSDARG00000009958_9_7,-3.7600,-4.3815,0.500000,0.456306,0.564966,-43.0900,-43.6701,0.250000,0.255281,0.222970,0.972815,0.019386,0.900612,0.016263,0.990600,0.015044,0.124998,0.015732,0.090055,0.015844,0.001967,0.015977,0.015493,0.996238,0.998329,0.310325,0.554686,0.984149,0.999972,0.002744,0.999973,0.003259,0.999381,0.022198,0.551146,0.983414,0.913230,0.972433,0.017486,0.073244,0.081047,0.007692,0.001813,0.000012,0.194046,0.001361,0.971348,0.002685,0.920330,0.001409
ENSDARG00000009958_9_8,-2.8200,-3.6096,0.375000,0.495329,0.527862,-38.7100,-39.7319,0.000000,0.001384,0.105723,0.312860,0.631175,0.045839,0.005143,0.168763,0.038604,0.191456,0.382639,0.329065,0.987096,0.665416,0.036082,0.685726,0.002530,0.730645,0.000479,0.826620,0.012924,0.986545,0.002621,0.919155,0.002051,0.732518,0.002044,0.898818,0.000412,0.192655,0.000449,0.182610,0.001103,0.180653,0.000313,0.168845,0.000135,0.344918,0.000722,0.996848,0.004253,0.997284,0.003689
ENSDARG00000009958_9_9,-2.3900,-2.9612,0.625000,0.630185,0.616448,-30.5800,-31.9876,1.000000,0.803221,0.499300,0.053280,0.000637,0.052501,0.000090,0.081096,0.000213,0.997827,0.000678,0.328474,0.033408,0.752507,0.033151,0.962791,0.166574,0.953669,0.120991,0.989094,0.900743,0.778839,0.588649,0.723967,0.787785,0.613438,0.927325,0.081501,0.930458,0.053909,0.904525,0.054114,0.876057,0.964826,0.764292,0.955549,0.746406,0.956088,0.719948,0.978224,0.764946,0.997270,0.719132
ENSDARG00000009958_9_10,-5.3900,-5.5286,0.500000,0.526295,0.522207,-31.3700,-32.4707,0.375000,0.347142,0.358679,0.196587,0.019655,0.010383,0.013058,0.013685,0.019840,0.001539,0.056891,0.000221,0.900781,0.999758,0.871333,0.999948,0.400215,0.999988,0.046483,0.999984,0.788762,0.999767,0.253766,0.999993,0.089698,0.011931,0.935954,0.013301,0.993644,0.001920,0.000271,0.000686,0.000147,0.200062,0.003897,0.996791,0.031916,0.997626,0.137883,0.999988,0.619545,0.999985,0.989832
ENSDARG00000010770_1_1,-2.5600,-2.8154,1.000000,0.984629,0.733461,-29.6600,-30.6407,0.250000,0.306364,0.453022,0.094433,0.111617,0.167474,0.097975,1.000000,0.972199,0.185818,0.217032,0.893213,0.914148,1.000000,0.992692,0.998165,0.968186,1.000000,0.972197,0.351808,0.290085,1.000000,0.989148,0.019372,0.038273,0.081898,0.045971,1.000000,0.216113,0.884798,0.107685,1.000000,0.994795,0.999227,0.016351,1.000000,0.021209,0.996731,0.024544,1.000000,0.967604,0.996277,0.102608
ENSDARG00000010770_1_2,-2.7400,-3.0334,0.750000,0.770823,0.640434,-29.1000,-30.5278,0.875000,0.744024,0.504486,0.087071,0.207060,0.186013,0.212079,1.000000,0.153393,0.183861,0.215840,0.228075,0.186704,0.884721,0.545189,0.906414,0.921234,1.000000,0.630879,0.984108,0.586340,1.000000,0.384016,0.083421,0.053118,0.098407,0.041672,0.897371,0.287689,1.000000,0.919099,0.215635,0.846359,0.322596,0.898340,1.000000,0.930761,0.866350,0.713453,0.867012,0.723828,0.997624,0.632667
ENSDARG00000010770_1_3,-3.9900,-4.2288,0.375000,0.411459,0.528710,-30.7800,-31.7218,0.500000,0.517548,0.544632,0.998948,0.849105,0.983759,0.576971,0.996722,0.543456,0.005555,0.660632,0.004421,0.597900,0.981702,0.860997,0.003964,0.837599,0.015578,0.301565,0.296031,0.203106,0.997565,0.901492,0.998324,0.188163,0.999963,0.231273,0.297457,0.965513,0.041393,0.972231,0.003874,0.096658,0.974287,0.101377,0.022837,0.102162,0.004158,0.073838,0.982030,0.981042,0.965635,0.847564
ENSDARG00000010770_1_4,-1.7500,-2.3488,1.000000,0.760399,0.668547,-31.6800,-32.4627,0.875000,0.867720,0.554934,0.460630,0.002401,0.050817,0.000813,0.522899,0.006123,0.485708,0.996595,0.724695,0.129209,0.828962,0.091664,0.646139,0.005568,0.984210,0.000831,0.890296,0.002056,0.987626,0.996530,0.471283,0.947467,0.234474,0.977670,0.569203,0.983845,0.536444,0.991522,0.512586,0.996562,0.506528,0.991630,0.988124,0.999928,0.989284,0.969244,0.990108,0.975984,0.990914,0.033050
ENSDARG00000010770_1_5,-6.0400,-6.3981,0.500000,0.435293,0.547456,-32.1200,-33.4436,0.250000,0.299365,0.482693,0.691129,0.886460,0.049955,0.753220,0.051808,0.849899,0.259336,0.834547,0.235012,0.397596,0.736980,0.307319,0.702465,0.794446,0.747910,0.978375,0.999663,0.164477,0.999989,0.164780,0.998611,0.152623,0.993910,0.975201,0.959148,0.305824,0.261543,0.172225,0.007329,0.207065,0.001001,0.402559,0.002736,0.404464,0.767901,0.471729,0.642133,0.395312,0.840551,0.035743
ENSDARG00000010770_1_6,-5.6000,-5.6660,1.000000,0.948720,0.675299,-30.9900,-31.8696,0.500000,0.524776,0.489545,0.000785,0.002772,0.000151,0.000710,0.002344,0.013508,0.999985,0.814228,0.999932,0.812979,0.999752,0.812758,0.999762,0.813322,0.002514,0.171694,0.000505,0.169569,0.001046,0.186591,0.998566,0.945556,0.910873,0.848996,0.912342,0.791029,0.927853,0.871637,1.000000,0.259048,0.999823,0.179821,0.998813,0.172978,0.925861,0.124253,0.912505,0.903089,0.912564,0.896350
ENSDARG00000010770_1_7,-1.3200,-1.6891,0.375000,0.415679,0.526273,-25.3800,-27.5652,0.125000,0.487340,0.411622,0.989972,0.563838,0.228925,0.299985,0.073672,0.160261,0.075653,0.322855,0.124401,0.182209,0.142270,0.380977,0.814371,0.451432,0.840559,0.520859,0.977594,0.330097,0.978448,0.403193,0.977428,0.363189,0.976743,0.354818,0.893350,0.442528,0.855942,0.724144,0.925896,0.480877,0.122704,0.594090,0.096859,0.720323,0.120090,0.512551,0.085496,0.338171,0.225095,0.086039
ENSDARG00000010770_1_8,-1.7300,-1.9409,0.625000,0.643725,0.714332,-28.2800,-30.1612,0.500000,0.520779,0.406983,0.042691,0.243671,0.043939,0.195570,0.939776,0.288812,0.293946,0.281681,0.999846,0.307858,0.825632,0.976675,0.999730,0.439594,0.999834,0.283095,0.999712,0.266295,0.998534,0.129271,0.995042,0.123727,0.998161,0.437183,0.999929,0.470726,0.999775,0.523662,0.058477,0.196568,0.964169,0.468574,0.047480,0.668269,0.080039,0.713999,0.999969,0.981793,0.999961,0.142638
ENSDARG00000010770_1_9,-3.2100,-3.5351,0.875000,0.894213,0.728346,-28.4500,-29.7313,0.125000,0.229041,0.458735,0.680657,0.578910,0.005746,0.075353,0.223882,0.341617,0.408351,0.589432,0.996449,0.938512,0.998835,0.938674,0.991713,0.917184,0.937088,0.825792,0.778750,0.599825,0.762616,0.584241,0.408545,0.542201,0.220575,0.410627,0.225273,0.255232,0.984022,0.677194,0.984856,0.411935,0.996030,0.331418,0.993027,0.106176,0.999934,0.024583,0.981836,0.012406,0.988728,0.013386
ENSDARG00000010770_1_10,-4.6400,-4.9518,0.375000,0.371404,0.493450,-31.7600,-33.2916,0.250000,0.307182,0.230562,0.988595,0.013531,0.364337,0.003449,0.362751,0.059745,0.368497,0.008234,0.232304,0.002238,0.293796,0.001415,0.711157,0.003692,0.642371,0.891837,0.633149,0.076520,0.632537,0.038377,0.668343,0.075927,0.999932,0.978827,0.998178,0.997090,0.999480,0.269346,0.045647,0.038603,0.014922,0.025491,0.640357,0.895989,0.017467,0.019309,0.020443,0.102648,0.234736,0.108984
ENSDARG00000010873_11_1,-3.6000,-4.0254,0.625000,0.626191,0.486807,-33.3700,-34.3058,0.500000,0.492621,0.358833,0.039997,0.009210,0.035114,0.005490,0.043871,0.010698,0.068282,0.041507,0.300846,0.992370,0.445720,0.991213,0.967238,0.002694,0.960218,0.004546,0.991777,0.028945,0.481643,0.027539,0.314667,0.137967,0.077245,0.983505,0.043084,0.983910,0.009085,0.065723,0.013216,0.007155,0.961603,0.022253,0.998890,0.520275,0.991418,0.945012,0.993753,0.950561,0.998479,0.446075
ENSDARG00000010873_11_2,-3.4000,-3.6886,0.750000,0.705423,0.506412,-34.3200,-35.2141,0.250000,0.196184,0.337972,0.051942,0.376068,0.776820,0.235639,0.073540,0.242044,0.053375,0.269075,0.044988,0.996987,0.168854,0.994523,0.920606,0.059560,0.989771,0.005310,0.992733,0.005004,0.262411,0.993972,0.073663,0.020177,0.076146,0.991621,0.074493,0.001611,0.819039,0.001134,0.019517,0.000278,0.787966,0.000547,0.984502,0.000944,0.980528,0.011376,0.982068,0.999978,0.995269,0.553603
ENSDARG00000010873_11_3,-5.3700,-5.5695,0.625000,0.625444,0.520672,-29.6100,-31.3242,0.625000,0.624524,0.522353,0.781692,0.557714,0.002937,0.327981,0.001391,0.638515,0.002469,0.208932,0.215425,0.165901,0.202865,0.882714,1.000000,0.605776,1.000000,0.954718,0.999988,0.966482,0.938417,0.119203,0.264438,0.021956,0.000274,0.000969,0.000982,0.004599,0.000994,0.069472,0.001648,0.918080,0.999975,0.999283,0.999997,0.990930,0.999996,0.986911,1.000000,0.996123,0.999963,0.030793
ENSDARG00000010873_11_4,-5.2900,-5.5633,0.250000,0.295823,0.436472,-33.4300,-34.3566,0.625000,0.623629,0.395333,0.006340,0.011818,0.005356,0.006898,0.006240,0.007206,0.034474,0.034141,0.193210,0.198055,0.960394,0.963730,0.990811,0.998346,0.179697,0.001663,0.988358,0.000853,0.999895,0.003848,0.998533,0.054525,0.999540,0.636541,0.167938,0.635939,0.999696,0.483402,0.174130,0.164078,0.016044,0.221703,0.008123,0.822325,0.000662,0.822568,0.001169,0.840310,0.998821,0.998710
ENSDARG00000010873_11_5,-5.9800,-6.0489,0.750000,0.767914,0.602000,-32.4200,-34.0445,0.250000,0.270532,0.357386,0.016355,0.150347,0.000887,0.005765,0.924176,0.297179,0.003284,0.023958,0.077857,0.703966,0.999999,0.999605,0.999976,0.999490,0.998644,0.989573,0.925542,0.310310,0.003310,0.010705,0.001695,0.009310,0.944955,0.483253,0.071474,0.660446,0.076456,0.025062,0.997930,0.007830,0.999613,0.006746,0.999975,0.394839,0.999998,0.615114,0.997961,0.220561,0.999903,0.233661
ENSDARG00000010873_11_6,0.0000,-0.2023,1.000000,0.988298,0.967045,-28.2000,-28.8863,0.500000,0.517824,0.509949,0.760798,0.874139,0.955040,0.863422,1.000000,0.920970,1.000000,0.951289,0.960469,0.347056,0.995361,0.360828,0.999327,0.222981,0.999876,0.204043,0.831234,0.189757,0.999717,0.990891,0.999947,0.101803,0.932739,0.029209,0.979709,0.031803,0.999950,0.062127,0.950801,0.985376,1.000000,0.999709,0.999963,0.999330,0.984860,0.031412,0.994129,0.050357,0.996975,0.982478
ENSDARG00000010873_11_7,0.0000,-0.4656,1.000000,0.858390,0.886388,-35.6700,-36.5636,0.625000,0.507069,0.404993,0.704664,0.010251,0.942781,0.006438,0.610412,0.002771,0.753541,0.004883,0.997126,0.030381,0.999592,0.997053,0.913460,0.004568,0.993373,0.002807,0.998709,0.015627,0.958870,0.990650,0.992112,0.990387,0.996000,0.987503,0.999752,0.995027,0.907419,0.016636,0.945289,0.003326,0.464947,0.002443,0.764352,0.999835,0.999847,0.999831,0.788522,0.364695,0.996993,0.674757
ENSDARG00000010873_11_8,-6.2700,-6.4237,0.375000,0.395350,0.421988,-30.5500,-32.2377,0.125000,0.261295,0.399776,0.150763,0.097035,0.008814,0.007685,0.002210,0.010598,0.001377,0.034875,0.002223,0.489632,0.059435,0.491124,0.997924,0.735158,0.997919,0.736276,0.999217,0.956346,0.999106,0.924547,0.998188,0.930074,0.059784,0.491797,0.001321,0.164630,0.001271,0.172820,0.003131,0.238352,0.010199,0.220857,0.150950,0.311288,0.998313,0.787563,0.998360,0.159694,0.999257,0.035160
ENSDARG00000010873_11_9,-0.0300,-0.8960,1.000000,0.929225,0.840230,-30.5200,-31.9048,0.625000,0.682409,0.447654,0.657924,0.937284,0.606175,0.048564,0.901602,0.080310,0.999591,0.484634,0.999178,0.551086,0.609322,0.130091,0.763663,0.195096,0.963006,0.712092,0.658848,0.015247,0.672996,0.017052,0.738426,0.171508,0.800077,0.150835,0.935236,0.162415,0.999301,0.162986,0.711821,0.157759,0.958731,0.998934,0.985655,0.992688,0.997010,0.997578,0.923987,0.997582,0.922061,0.989330
ENSDARG00000010873_11_10,-3.7700,-4.0543,1.000000,0.889102,0.699238,-36.3700,-37.1420,0.000000,0.026076,0.313301,0.323800,0.076023,0.364183,0.075898,0.286280,0.025155,0.917521,0.925903,0.899316,0.926597,0.980394,0.996482,0.999572,0.997286,0.933653,0.995798,0.193936,0.090941,0.021782,0.006064,0.021732,0.006308,0.929774,0.934962,0.999449,0.094970,0.978388,0.009724,0.945984,0.000224,0.924593,0.000049,0.718303,0.000165,0.810167,0.097961,0.736209,0.004804,0.999726,0.000714
ENSDARG00000015567_2_1,-2.3700,-2.5439,0.625000,0.651602,0.524648,-26.4800,-27.8612,0.000000,0.225888,0.382171,0.020170,0.298971,0.018209,0.297607,0.997297,0.993145,0.050104,0.329621,0.041762,0.324562,0.120031,0.379664,0.999962,0.843200,0.999988,0.801882,0.997415,0.738831,0.897558,0.674969,0.087952,0.093341,0.049706,0.060522,0.175129,0.165692,0.025091,0.193191,0.022411,0.249639,0.999952,0.533510,0.996646,0.471076,0.999516,0.083974,0.996754,0.059384,0.997318,0.050640
ENSDARG00000015567_2_2,-2.6800,-2.8662,0.750000,0.753270,0.715697,-32.2700,-32.9960,0.500000,0.526364,0.553088,0.782679,0.950080,0.016895,0.930016,0.232092,0.930064,0.999360,0.978961,0.999805,0.989136,0.135231,0.027029,1.000000,0.038467,0.998916,0.976029,0.995327,0.994313,0.999908,0.017337,0.127574,0.012638,1.000000,0.006766,0.999145,0.002017,0.016879,0.410070,0.017195,0.618780,0.999681,0.450748,0.997189,0.097556,0.998136,0.639719,0.997953,0.998837,0.999985,0.993186
ENSDARG00000015567_2_3,-12.7100,-12.7497,0.250000,0.249893,0.399914,-36.5600,-37.6362,0.250000,0.247833,0.390950,1.000000,0.901961,0.999983,0.957400,0.022700,0.002688,0.003686,0.001126,0.000028,0.000346,0.000005,0.000315,0.000009,0.000221,0.000899,0.001157,1.000000,0.999988,0.971831,0.971609,0.999999,0.999768,1.000000,0.999760,1.000000,0.999730,0.970384,0.970100,0.001361,0.001414,0.000487,0.000518,0.000488,0.000541,0.000011,0.000079,0.003694,0.003475,0.022716,0.006811
ENSDARG00000015567_2_4,-0.5300,-1.6311,0.750000,0.721827,0.627546,-33.7800,-35.4431,0.375000,0.375291,0.209576,0.722870,0.997152,0.590668,0.082396,0.150115,0.033890,0.446924,0.011132,0.396381,0.010655,0.649426,0.010072,0.691303,0.005747,0.667451,0.004798,0.962331,0.003080,0.589819,0.003880,0.474422,0.023444,0.434586,0.002952,0.256150,0.000368,0.693695,0.000548,0.610434,0.003214,0.890410,0.987790,0.976087,0.970653,0.661448,0.345397,0.687335,0.017487,0.999057,0.676871
ENSDARG00000015567_2_5,-1.9400,-2.4458,1.000000,0.806042,0.725095,-30.8600,-32.5108,0.125000,0.294481,0.453601,0.192556,0.707596,0.232946,0.669763,0.970050,0.712739,0.999921,0.902736,0.700792,0.443324,0.751825,0.448774,0.800736,0.871457,0.823789,0.513125,0.920533,0.427014,0.931602,0.438890,0.351586,0.413045,0.377230,0.167707,0.792231,0.265635,0.722356,0.009678,0.739476,0.002126,0.650318,0.001811,0.866997,0.247606,0.969045,0.537274,0.707936,0.532048,0.999976,0.759669
ENSDARG00000015567_2_7,-1.1400,-1.5311,1.000000,0.940954,0.733020,-32.1300,-32.7377,0.750000,0.753698,0.503232,0.791843,0.972404,0.973188,0.007961,0.297968,0.008087,0.172776,0.996716,0.222358,0.981314,0.999331,0.018710,0.931936,0.021777,0.981506,0.025642,0.999587,0.974388,0.307877,0.018613,0.208456,0.002877,0.245945,0.006569,0.970532,0.069231,0.909586,0.994139,0.732276,0.245933,0.999944,0.999788,0.989229,0.736326,0.977301,0.993053,0.975950,0.998127,0.972810,0.992989
ENSDARG00000015567_2_8,-5.5500,-5.9543,0.500000,0.509974,0.553482,-34.9300,-36.5442,0.500000,0.454141,0.398135,0.007793,0.954085,0.002588,0.880157,0.003330,0.998651,0.081971,0.073573,0.457404,0.025285,0.995509,0.019035,0.996230,0.019601,0.994170,0.366120,0.997389,0.629976,0.997331,0.002379,0.996180,0.003888,0.459944,0.356831,0.081795,0.593378,0.005247,0.000909,0.004405,0.001133,0.007233,0.000784,0.995360,0.046337,0.993785,0.998584,0.993731,0.998752,0.998239,0.993250
ENSDARG00000015567_2_10,-2.2600,-2.3846,0.750000,0.757315,0.713657,-30.4200,-31.3554,0.625000,0.641589,0.583373,0.026136,0.002031,0.029583,0.001007,0.123510,0.002892,0.966238,0.024894,0.996522,0.997576,0.999418,0.976685,0.994013,0.998255,0.999973,0.350636,0.960016,0.321478,0.971714,0.888853,0.999970,0.995976,0.147526,0.974460,0.135065,0.973460,0.062921,0.962297,0.912569,0.977858,0.998071,0.991154,0.974272,0.118576,0.975860,0.070608,0.999894,0.999777,0.999871,0.038986
ENSDARG00000016532_6_1,-3.4200,-4.0883,0.375000,0.425655,0.508047,-30.6700,-31.5355,0.375000,0.446367,0.443598,0.996576,0.909252,0.010614,0.910009,0.007399,0.975536,0.077920,0.882786,0.995826,0.881510,0.283233,0.129044,0.314994,0.003222,0.403594,0.001482,0.993735,0.104410,0.995434,0.097638,0.998014,0.112057,0.678358,0.294082,0.044011,0.855966,0.319939,0.943767,0.969037,0.042189,0.994172,0.122403,0.069643,0.844572,0.004406,0.291851,0.004088,0.260522,0.999941,0.209669
ENSDARG00000016532_6_2,-7.7100,-7.9323,0.500000,0.500887,0.429809,-33.0800,-34.3240,0.375000,0.320519,0.421677,0.010045,0.075729,0.004129,0.057039,0.002916,0.019752,0.002911,0.013675,0.021451,0.155425,0.268010,0.865840,0.997047,0.876973,0.997030,0.916068,0.997028,0.915228,0.996871,0.920650,0.269854,0.943272,0.021797,0.109742,0.002984,0.084082,0.003006,0.087168,0.005628,0.466881,0.006864,0.113057,0.993246,0.172074,0.997033,0.569059,0.998407,0.642284,0.999931,0.429547
ENSDARG00000016532_6_3,-3.8500,-4.1916,0.750000,0.668768,0.589522,-33.3600,-34.7742,0.625000,0.622034,0.280495,0.846299,0.009796,0.275996,0.008275,0.420531,0.065531,0.999581,0.092797,0.999917,0.001075,0.208160,0.004203,0.181224,0.005428,0.717570,0.051732,0.647470,0.002663,0.646528,0.001991,0.075984,0.006642,0.421034,0.383500,0.999999,0.383894,0.999982,0.387725,0.421957,0.444543,0.072310,0.579865,0.585377,0.620782,0.583384,0.619270,0.688813,0.943159,0.998321,0.997030
ENSDARG00000016532_6_4,-7.9100,-8.4941,0.250000,0.228242,0.382528,-32.3900,-34.1878,0.500000,0.456025,0.397733,0.999942,0.633169,0.999491,0.244737,0.995252,0.487496,0.268771,0.298543,0.024930,0.250073,0.000117,0.037683,0.000385,0.369083,0.001038,0.102293,0.001755,0.106888,0.533587,0.627006,0.999704,0.597511,0.999649,0.551978,0.999991,0.526929,0.534468,0.445815,0.000767,0.508787,0.000017,0.527177,0.000681,0.769868,0.000480,0.768382,0.022558,0.085449,0.266977,0.015792
ENSDARG00000016532_6_5,-3.5900,-3.6250,0.500000,0.505658,0.604070,-33.9600,-35.0390,0.250000,0.377950,0.438553,0.996207,0.774287,0.021234,0.605136,0.989485,0.595119,0.005431,0.327635,0.009604,0.197174,0.021366,0.711992,1.000000,0.711420,0.998995,0.128777,0.999993,0.367243,0.998557,0.649623,0.999738,0.014621,0.995520,0.664440,0.995141,0.342821,0.027132,0.337426,0.003560,0.328503,0.014089,0.014261,0.996181,0.000649,0.010339,0.000400,0.998826,0.999821,0.999992,0.999720
ENSDARG00000016532_6_6,-3.6700,-4.0160,0.625000,0.579526,0.511062,-30.5300,-31.5287,0.625000,0.618523,0.540876,0.170994,0.908902,0.063723,0.251961,0.112559,0.262913,0.729082,0.275823,0.982686,0.925339,0.242959,0.962471,0.160095,0.815240,0.910556,0.439377,0.907020,0.877617,0.877343,0.005645,0.186232,0.041597,0.241789,0.102462,0.905040,0.042842,0.726897,0.816626,0.199186,0.942047,0.086522,0.112452,0.085904,0.140528,0.913507,0.998154,0.855399,0.945483,0.863749,0.950051
ENSDARG00000016532_6_7,-3.5400,-4.1572,0.375000,0.394796,0.514239,-31.7900,-33.6814,0.250000,0.331539,0.267311,0.952951,0.219493,0.928597,0.017074,0.929226,0.006302,0.874625,0.006033,0.743688,0.055088,0.070845,0.014872,0.075154,0.014110,0.166477,0.181100,0.118168,0.055726,0.348838,0.287632,0.918215,0.850176,0.999634,0.986297,0.929085,0.985722,0.927417,0.982605,0.293572,0.301369,0.074069,0.055164,0.083390,0.019325,0.159274,0.177050,0.075969,0.019676,0.615595,0.111400
ENSDARG00000016532_6_8,-5.2100,-5.5688,0.500000,0.513722,0.415174,-35.2300,-36.2400,0.125000,0.144842,0.522456,0.028296,0.930006,0.027495,0.955069,0.026791,0.964843,0.071774,0.974160,0.006142,0.972420,0.005147,0.942763,0.986404,0.967937,0.999985,0.817907,0.999994,0.808029,0.999950,0.951142,0.021165,0.005043,0.020571,0.001069,0.409279,0.026839,0.986165,0.015521,0.617165,0.080125,0.041440,0.003179,0.033931,0.003889,0.037892,0.003060,0.989707,0.029114,0.994195,0.997011
ENSDARG00000016532_6_9,-4.9100,-5.0479,0.375000,0.388821,0.493298,-31.5700,-32.7103,0.000000,0.157534,0.222705,0.039290,0.024990,0.034496,0.022735,0.042268,0.040494,0.037862,0.917292,0.041331,0.848415,0.999295,0.065049,0.832572,0.024479,0.964716,0.012742,0.965800,0.033213,0.962723,0.120692,0.869444,0.132777,0.965586,0.950956,0.046790,0.185891,0.047039,0.162356,0.045179,0.165923,0.045344,0.168840,0.015763,0.158131,0.968942,0.177453,0.968740,0.164614,0.972775,0.077065
ENSDARG00000016532_6_10,-4.6600,-4.9836,0.250000,0.307367,0.445737,-29.9600,-31.3349,0.625000,0.512044,0.355912,0.999338,0.028318,0.999219,0.025078,0.281599,0.027249,0.999218,0.096382,0.001202,0.761629,0.002691,0.969427,0.002350,0.002423,0.001602,0.001974,0.170468,0.069065,0.999690,0.272700,0.999207,0.179062,0.999216,0.588576,0.170415,0.449445,0.000496,0.039430,0.001720,0.019845,0.002719,0.037135,0.002877,0.632041,0.998692,0.964427,0.282649,0.978325,0.999365,0.975701
ENSDARG00000016871_6_1,-3.1600,-3.7991,0.125000,0.314668,0.427068,-30.9100,-32.8588,0.875000,0.499906,0.440937,0.241713,0.282876,0.028675,0.285528,0.037762,0.674205,0.099572,0.643481,0.241701,0.654123,0.975144,0.654663,0.303978,0.013227,0.309841,0.269605,0.820830,0.050065,0.994221,0.341413,0.985757,0.542307,0.984831,0.408001,0.995861,0.355722,0.299930,0.857904,0.403617,0.772779,0.257777,0.717178,0.078126,0.752349,0.084526,0.276007,0.087202,0.245025,0.310302,0.022285
ENSDARG00000016871_6_2,-2.6200,-3.0804,1.000000,0.879800,0.702876,-39.7500,-41.6870,0.125000,0.201386,0.255298,0.054031,0.544582,0.229217,0.624365,0.269134,0.167292,0.999650,0.122034,0.753602,0.180891,0.794299,0.847789,0.935513,0.000491,0.997818,0.000260,0.999937,0.003730,0.260229,0.497348,0.256409,0.500731,0.469291,0.005357,0.761224,0.002977,0.787174,0.002419,0.775077,0.002912,0.997171,0.999136,0.753671,0.005888,0.972619,0.006951,0.993568,0.075113,0.997894,0.515694
ENSDARG00000016871_6_3,-3.1400,-3.2944,0.500000,0.529143,0.618139,-30.1000,-31.5162,0.250000,0.357074,0.302787,0.939501,0.068508,0.939423,0.002973,0.961864,0.007348,0.999618,0.004979,0.987397,0.041830,0.971237,0.996149,0.049405,0.637961,0.051371,0.636386,0.047786,0.015080,0.183325,0.055776,0.998735,0.365102,0.999975,0.367054,0.999907,0.411126,0.998690,0.996952,0.147968,0.063057,0.015103,0.003131,0.018481,0.004162,0.067928,0.018257,0.997655,0.379738,0.987414,0.980172
ENSDARG00000016871_6_4,-0.8600,-1.6051,0.375000,0.566069,0.717001,-28.4500,-29.6895,0.125000,0.344102,0.505249,0.803097,0.886943,0.793528,0.807068,0.805554,0.809852,0.803380,0.871071,0.922922,0.953212,0.924688,0.966095,0.802525,0.127900,0.802338,0.155873,0.804686,0.755669,0.892577,0.154104,0.893865,0.381252,0.562300,0.483124,0.649018,0.007961,0.709729,0.505852,0.999797,0.520923,1.000000,0.522281,0.502511,0.516215,0.134453,0.619968,0.070435,0.027229,0.462606,0.032388
ENSDARG00000016871_6_5,0.0000,-0.4094,1.000000,0.987035,0.945712,-32.9300,-34.3388,0.250000,0.287575,0.380102,0.686529,0.943447,0.992548,0.710739,0.994705,0.519007,0.881079,0.181205,0.980246,0.415787,0.976559,0.152989,0.998563,0.241331,0.997850,0.281504,1.000000,0.714834,0.531625,0.867595,0.997945,0.208949,0.980311,0.064057,0.989410,0.004478,0.997288,0.004658,0.997700,0.072977,0.986406,0.998911,0.996286,0.999702,0.992250,0.081169,0.968316,0.069376,0.968626,0.069325
ENSDARG00000016871_6_6,-8.9300,-9.3623,0.500000,0.461642,0.557009,-37.8700,-39.2867,0.375000,0.366245,0.275593,0.940070,0.109329,0.955296,0.051055,0.848578,0.059148,0.972750,0.048667,0.841115,0.558648,0.748802,0.561094,0.569897,0.565194,0.007655,0.035831,0.188104,0.001539,0.187958,0.001363,0.188259,0.001222,0.998553,0.588813,0.974400,0.540656,0.975156,0.674593,0.813644,0.724339,0.044232,0.025109,0.024944,0.034445,0.018937,0.011732,0.204082,0.562747,0.637740,0.356340
ENSDARG00000016871_6_7,-6.5300,-6.5548,1.000000,0.997678,0.600349,-32.7400,-33.9925,0.625000,0.652065,0.376799,0.009637,0.001878,0.002626,0.000783,0.000910,0.000521,0.001333,0.000059,0.999998,0.026454,0.999949,0.125474,0.999995,0.507600,0.999995,0.639869,0.001332,0.629413,0.000108,0.019387,0.002719,0.299535,0.006960,0.068475,0.995860,0.685197,0.997555,0.697811,0.999081,0.949033,0.999930,0.942183,0.999958,0.944667,0.995415,0.308272,0.996119,0.346312,0.997504,0.343048
ENSDARG00000016871_6_8,-9.8700,-9.9241,0.250000,0.259425,0.405602,-33.0300,-34.2039,0.125000,0.208035,0.370624,0.992140,0.865846,0.049856,0.086204,0.000183,0.135557,0.000268,0.063948,0.000293,0.053732,0.006663,0.162662,0.007038,0.049490,0.999577,0.868786,0.999997,0.977966,0.993554,0.825411,0.993532,0.833036,0.993526,0.825561,0.000582,0.032099,0.002339,0.094640,0.005536,0.029576,0.006754,0.031371,0.006952,0.129970,0.055211,0.191521,0.999702,0.989502,0.998328,0.165600
ENSDARG00000016871_6_9,-1.2500,-1.6585,1.000000,0.920739,0.660147,-31.6300,-33.0029,0.875000,0.658386,0.429085,0.279076,0.984987,0.172330,0.001876,0.141281,0.002347,0.276117,0.014133,0.905021,0.999949,0.976513,0.999842,0.954834,0.030855,0.946005,0.000349,0.328283,0.000813,0.245288,0.000304,0.261819,0.005750,0.350467,0.273406,0.989606,0.497488,0.998536,0.620334,0.874503,0.607886,0.864649,0.619147,0.866182,0.995592,0.962151,0.986240,0.877367,0.602515,0.932913,0.337881
ENSDARG00000016871_6_10,-0.7100,-1.0521,0.500000,0.622259,0.690911,-25.1800,-27.3105,0.250000,0.232902,0.475384,0.377569,0.468378,0.239347,0.394601,0.239166,0.416145,0.284744,0.544503,0.999052,0.875477,0.987869,0.809222,0.996564,0.652791,0.955842,0.627363,0.945485,0.961302,0.939107,0.959453,0.913936,0.531776,0.961459,0.403456,0.261594,0.200125,0.267548,0.180408,0.262661,0.540555,0.405064,0.105935,0.944143,0.093167,0.939100,0.100521,0.941024,0.264461,0.956936,0.378041
ENSDARG00000021979_31_1,0.0000,-0.5311,1.000000,0.836137,0.848284,-28.8900,-30.0437,0.625000,0.541754,0.407066,0.874770,0.152193,0.949847,0.155752,0.870081,0.166840,0.879632,0.224076,0.864132,0.405247,0.867843,0.924664,0.870961,0.265987,0.562326,0.155224,0.743663,0.891412,0.847801,0.086301,0.982869,0.046308,0.962661,0.333285,0.882049,0.364939,0.871607,0.454237,0.725773,0.547145,0.629561,0.620704,0.640973,0.591933,0.980457,0.608419,0.979893,0.861506,0.978783,0.285150
ENSDARG00000021979_31_3,-3.6400,-3.6618,0.625000,0.625318,0.699584,-32.6300,-33.7567,0.875000,0.805446,0.416583,0.994467,0.355143,0.999309,0.392951,0.999989,0.034642,0.999982,0.019747,0.994746,0.012653,0.998176,0.975906,0.993571,0.016587,0.992718,0.024226,0.006874,0.001428,0.004806,0.001667,0.005121,0.018823,0.999385,0.034319,0.999967,0.977445,0.999999,0.987046,0.999994,0.987076,0.003591,0.455398,0.005677,0.983231,0.007496,0.982644,0.999995,0.996668,0.985828,0.074057
ENSDARG00000021979_31_4,-4.5600,-4.6146,0.500000,0.509512,0.606780,-35.6000,-36.4628,0.375000,0.396703,0.388404,0.991937,0.957373,0.999696,0.066565,0.999912,0.156030,0.999862,0.988275,0.999998,0.347716,0.999998,0.035573,0.027732,0.035786,0.021708,0.999641,0.006586,0.001703,0.977417,0.001270,0.034655,0.873231,0.999994,0.131306,0.999912,0.129786,0.999988,0.999611,1.000000,0.050981,0.060078,0.003082,0.974548,0.968801,0.000781,0.000306,0.004717,0.022698,0.036076,0.998354
ENSDARG00000021979_31_5,-1.7700,-2.6343,0.625000,0.589527,0.661280,-31.4900,-32.7117,0.750000,0.753806,0.368353,0.940047,0.013206,0.468341,0.009111,0.692860,0.029291,0.482041,0.989281,0.228686,0.058891,0.121510,0.021217,0.997630,0.003330,0.997266,0.019582,0.898946,0.021544,0.885723,0.033882,0.850501,0.083948,0.945828,0.053322,0.189817,0.862993,0.231183,0.352441,0.223009,0.995701,0.306475,0.752954,0.880915,0.999194,0.895106,0.999602,0.995651,0.999487,0.994062,0.068080
ENSDARG00000021979_31_6,-8.9100,-8.9310,0.625000,0.625168,0.500691,-37.3000,-38.1035,0.375000,0.507025,0.320232,0.001302,0.000649,0.000037,0.000099,0.000152,0.000166,0.000040,0.000029,0.005491,0.000621,0.999960,0.023616,0.999957,0.023280,0.999997,0.028427,0.999997,0.037836,0.999844,0.992782,0.005646,0.970096,0.000061,0.270848,0.000151,0.279828,0.000030,0.961287,0.001299,0.951590,0.999943,0.239384,0.999977,0.220461,0.999997,0.216777,0.999964,0.223065,0.999981,0.963809
ENSDARG00000021979_31_7,-2.6200,-2.9456,0.625000,0.641920,0.713072,-28.4500,-30.1707,0.625000,0.590299,0.505288,0.994521,0.260817,0.999811,0.197918,0.999889,0.214758,0.999994,0.253060,0.825867,0.171402,0.836167,0.746033,0.999487,0.912277,0.867570,0.746845,0.014947,0.166399,0.173644,0.178428,0.414420,0.578494,0.999758,0.956928,1.000000,0.923404,1.000000,0.688973,0.837255,0.643438,0.280916,0.292644,0.175719,0.138013,0.013036,0.119878,0.832436,0.996713,0.996001,0.919332
ENSDARG00000021979_31_8,-1.6400,-1.8714,0.750000,0.746792,0.716360,-35.0000,-36.3109,0.375000,0.439941,0.346178,0.289700,0.973289,0.253509,0.970560,0.226235,0.969556,0.909511,0.022498,0.918395,0.052062,0.861720,0.004699,0.852316,0.001418,0.856208,0.002098,0.998174,0.008633,0.998451,0.003260,0.950002,0.181051,0.238645,0.214898,0.054706,0.261942,0.065740,0.889700,0.913743,0.240717,0.999778,0.023723,0.996815,0.731902,0.958819,0.081426,0.998940,0.998587,0.985797,0.291533
ENSDARG00000021979_31_9,-1.4200,-1.5133,1.000000,0.985803,0.812000,-30.4500,-32.1978,0.375000,0.567596,0.414526,0.121847,0.082999,0.120144,0.090821,0.993666,0.311556,0.995309,0.478182,0.992349,0.176687,0.979208,0.998616,0.962216,0.779841,0.978444,0.785343,0.983421,0.044633,0.986902,0.000458,0.129675,0.000241,0.110398,0.000368,0.979414,0.069370,0.999380,0.988741,0.990006,0.998425,1.000000,0.977902,0.972913,0.448179,0.972028,0.379289,0.973219,0.312790,0.999465,0.366071
ENSDARG00000021979_31_10,-1.6600,-2.1384,0.500000,0.504481,0.599779,-29.4300,-30.6598,0.750000,0.636604,0.463736,0.968269,0.723751,0.284447,0.102305,0.288471,0.098927,0.157644,0.961985,0.216703,0.035043,0.666148,0.051843,0.680211,0.697961,0.978437,0.148281,0.917639,0.834670,0.926009,0.176535,0.927974,0.080935,0.947777,0.269653,0.985138,0.796519,0.882976,0.902092,0.855549,0.806491,0.761509,0.795385,0.164551,0.581430,0.037798,0.121851,0.061191,0.127582,0.287137,0.961479
ENSDARG00000025108_6_1,-4.8900,-5.1482,0.250000,0.368467,0.494357,-30.3400,-31.7687,0.250000,0.304588,0.435304,0.004449,0.573252,0.000226,0.458004,0.000712,0.562639,0.988787,0.644259,0.949340,0.649532,0.993123,0.662295,0.343994,0.708782,0.329527,0.705153,0.333131,0.282321,0.999621,0.323160,0.999985,0.628925,0.996500,0.071049,0.337332,0.059327,0.329064,0.036475,0.275279,0.018145,0.992384,0.973240,0.004834,0.334511,0.003990,0.332081,0.004854,0.049888,0.999999,0.633039
ENSDARG00000025108_6_2,-5.6400,-5.7395,0.375000,0.410677,0.509313,-32.6200,-33.6477,1.000000,0.869446,0.422332,0.954876,0.067307,0.018982,0.001999,0.000183,0.001240,0.007867,0.007054,0.043985,0.037306,0.092249,0.038300,0.998248,0.040083,0.978031,0.043230,0.962400,0.020755,0.955869,0.095080,0.954121,0.925138,0.934037,0.213585,0.092423,0.969475,0.043673,0.673847,0.044268,0.902189,0.044361,0.961081,0.062666,0.961352,0.999999,0.963203,0.999999,0.955028,0.998024,0.569393
ENSDARG00000025108_6_3,-3.4000,-3.6689,1.000000,0.907692,0.753477,-32.0800,-33.1306,0.375000,0.317889,0.501664,0.243472,0.025456,0.235660,0.014346,0.878052,0.844075,0.910997,0.883440,1.000000,0.998982,0.934875,0.986818,0.851854,0.987226,0.702089,0.876875,0.677147,0.858269,1.000000,0.996147,0.165694,0.007257,0.208165,0.011280,0.999419,0.695338,0.987609,0.658596,0.999998,0.996535,0.888051,0.008808,0.768354,0.000745,0.832537,0.004321,0.794066,0.004400,0.991499,0.174367
ENSDARG00000025108_6_4,-2.0000,-2.5141,0.750000,0.792611,0.778259,-30.4200,-31.6983,0.250000,0.607325,0.521576,0.719418,0.037300,0.724688,0.029843,0.999887,0.487284,0.999837,0.989675,0.990164,0.561760,0.998975,0.493903,0.684674,0.447094,0.020063,0.035093,0.090325,0.442320,0.999943,0.999181,0.998953,0.539987,0.997364,0.509484,0.999155,0.516106,0.999936,0.544588,0.999989,0.981054,0.297961,0.417429,0.296724,0.453902,0.998097,0.513506,0.764369,0.949779,0.984660,0.482234
ENSDARG00000025108_6_6,-1.3600,-1.7974,0.500000,0.591428,0.667721,-33.3000,-34.5799,0.125000,0.206620,0.377636,0.137284,0.994644,0.114833,0.992651,0.089570,0.930509,0.976929,0.890161,0.998144,0.885936,0.479104,0.132774,0.995384,0.002806,0.978755,0.001745,0.953012,0.006786,0.950367,0.009122,0.973123,0.055418,0.976502,0.997200,0.974871,0.238570,0.502871,0.433674,0.972311,0.944910,0.994191,0.029854,0.131650,0.000291,0.088830,0.000467,0.086247,0.000616,0.980452,0.004577
ENSDARG00000025108_6_7,-0.0300,-0.9570,1.000000,0.900540,0.829826,-31.3000,-32.6863,1.000000,0.710082,0.543613,0.691080,0.303074,0.696278,0.232300,0.813244,0.319412,0.895044,0.952749,0.997150,0.300573,0.998542,0.339153,0.999929,0.311433,0.999985,0.790543,0.204316,0.222546,0.239875,0.187394,0.999834,0.647155,0.856914,0.585270,0.998392,0.606643,0.988158,0.613537,0.905432,0.973311,0.804345,0.607035,0.934345,0.623465,0.798998,0.625570,0.787618,0.991146,0.987031,0.639949
ENSDARG00000025108_6_8,-6.1300,-6.7637,0.125000,0.238175,0.364115,-32.7100,-33.9534,0.125000,0.191418,0.305563,0.886535,0.852255,0.016337,0.261208,0.001842,0.184621,0.006844,0.138456,0.134515,0.068034,0.133614,0.064975,0.194802,0.853730,0.270509,0.847433,0.995908,0.856483,0.997560,0.216949,0.871612,0.117664,0.866827,0.118115,0.140269,0.110036,0.085181,0.122656,0.139186,0.134615,0.566735,0.830339,0.565719,0.092318,0.133647,0.083680,0.133714,0.078983,0.140949,0.078717
ENSDARG00000025108_6_10,-2.2800,-2.7636,0.750000,0.694093,0.696966,-34.4400,-35.2369,0.500000,0.502996,0.560804,0.262738,0.893153,0.238283,0.436465,0.974111,0.389582,0.800863,0.799785,0.424480,0.847374,0.999409,0.954310,0.936803,0.914395,0.981955,0.975478,0.804126,0.979958,0.688567,0.000826,0.282155,0.000263,0.993091,0.000521,0.765682,0.003169,0.276089,0.999059,0.319675,0.999873,0.989515,0.991497,0.750224,0.001319,0.736825,0.000107,0.775013,0.028953,0.939717,0.999987
ENSDARG00000028415_0_1,-1.8100,-2.7002,0.750000,0.781340,0.710618,-36.3400,-36.7997,0.625000,0.633213,0.364591,0.739240,0.004636,0.841722,0.000882,0.675070,0.000459,0.641824,0.001129,0.439489,0.000327,0.405227,0.000042,0.835835,0.010252,0.753773,0.999535,0.971822,0.970484,0.465285,0.080407,0.423556,0.032623,0.768788,0.125330,0.803117,0.969776,0.902249,0.985247,0.932805,0.110152,0.395538,0.002294,0.276646,0.002534,0.994757,0.999995,0.949451,0.998263,0.996160,0.997444
ENSDARG00000028415_0_2,-3.3500,-3.7692,0.625000,0.665460,0.669609,-32.6400,-33.9539,0.375000,0.344597,0.421434,0.877066,0.412425,0.731111,0.263157,0.065742,0.054384,0.055072,0.130365,0.309347,0.402646,0.867559,0.297700,0.811234,0.932008,0.989965,0.892297,0.991262,0.959293,0.774915,0.478834,0.858420,0.543618,0.736801,0.305186,0.789209,0.366114,0.820559,0.749680,0.843836,0.015552,0.278552,0.002463,0.273957,0.004955,0.330383,0.005955,0.989127,0.807043,0.998059,0.805014
ENSDARG00000028415_0_3,-6.7700,-7.0599,0.250000,0.258506,0.406766,-31.8100,-32.7332,0.375000,0.374922,0.383551,0.011006,0.078968,0.004736,0.056479,0.998301,0.194756,0.003207,0.826353,0.006319,0.065610,0.997196,0.185383,0.000987,0.061473,0.047649,0.204501,0.999995,0.917790,0.999836,0.923319,1.000000,0.988304,0.998033,0.168705,0.052808,0.033894,0.001934,0.026440,0.994122,0.967723,0.001868,0.825533,0.002978,0.826127,0.327344,0.184939,0.008048,0.057983,0.678949,0.076735
ENSDARG00000028415_0_4,-10.7000,-10.7227,0.375000,0.375113,0.500072,-32.8800,-34.3493,0.125000,0.279181,0.470362,0.000526,0.020973,0.000004,0.019071,0.000005,0.064275,0.000149,0.067274,0.001230,0.138472,0.999001,0.991762,0.999812,0.993140,0.999995,0.976261,0.999997,0.953223,1.000000,0.966329,0.999812,0.992765,1.000000,0.990240,1.000000,0.997178,0.000222,0.131506,0.000150,0.006971,0.000005,0.000018,0.000006,0.000010,0.000525,0.000479,1.000000,0.557772,0.999999,0.539514
ENSDARG00000028415_0_5,-3.1700,-4.0304,0.625000,0.646568,0.716085,-39.7500,-40.5083,0.750000,0.744039,0.357384,0.998258,0.013190,0.997107,0.010823,0.590570,0.031575,0.586149,0.002838,0.139556,0.000268,0.987821,0.000091,0.998901,0.000025,0.431488,0.000482,0.428543,0.001208,0.995903,0.999994,0.996953,0.085790,0.997899,0.049088,0.998346,0.009028,0.020616,0.948985,0.005224,0.001562,0.749631,0.999987,0.998659,0.999930,0.612791,0.998715,0.952602,0.998581,0.834677,0.995528
ENSDARG00000028415_0_7,-6.0200,-6.2426,0.250000,0.289329,0.431426,-35.9600,-37.0146,0.500000,0.652840,0.348225,0.999813,0.994182,0.997775,0.002225,0.055335,0.001230,0.004306,0.001546,0.000365,0.000027,0.002182,0.000450,0.996467,0.000537,0.005620,0.000141,0.252466,0.002047,0.999904,0.006153,0.999982,0.426231,0.999668,0.307002,0.999749,0.410170,0.252523,0.924985,0.002201,0.959322,0.999234,0.913489,0.002852,0.424931,0.000350,0.365329,0.003489,0.331880,0.054234,0.892615
ENSDARG00000028415_0_8,-4.6300,-4.8791,0.250000,0.297269,0.434488,-34.6200,-35.6615,0.625000,0.591809,0.467433,0.943050,0.972576,0.962946,0.966045,0.013223,0.594130,0.009400,0.999095,0.061886,0.064284,0.115288,0.011599,0.899405,0.001447,0.914102,0.001810,0.158591,0.999869,0.266304,0.000361,0.972836,0.000126,0.994582,0.002841,0.879483,0.158044,0.045861,0.856307,0.207277,0.995269,0.992294,0.025519,0.100589,0.696581,0.039103,0.013152,0.065075,0.996318,0.048471,0.993282
ENSDARG00000028415_0_9,-4.8100,-4.8665,0.750000,0.747364,0.694263,-35.0400,-35.7893,0.125000,0.145560,0.447356,0.021035,0.069484,0.018897,0.056052,0.005940,0.063546,0.980990,0.949821,0.944382,0.903002,0.983707,0.953698,0.999880,0.996616,0.992200,0.990168,0.997150,0.949944,0.961561,0.917216,0.978478,0.913002,0.022120,0.020100,0.018336,0.060724,0.020259,0.003481,0.984970,0.006447,0.994495,0.001043,0.982076,0.001769,0.980025,0.001321,0.999368,0.994304,0.999383,0.095389
ENSDARG00000028415_0_10,-1.4600,-1.5634,1.000000,0.985604,0.728742,-32.3300,-33.6219,0.500000,0.447181,0.462186,0.989629,0.915717,0.135700,0.926840,0.130481,0.734301,0.121449,0.717245,0.965732,0.770785,0.957706,0.738723,0.999898,0.771048,0.998312,0.068359,0.997615,0.022123,0.142632,0.000817,0.133514,0.000206,0.117338,0.000104,0.967634,0.011045,0.968663,0.003201,0.973772,0.100828,0.997098,0.626533,0.996903,0.964700,0.997518,0.823413,0.984716,0.816151,0.998528,0.231575
ENSDARG00000029045_5_1,-3.1600,-3.2613,0.500000,0.532135,0.612586,-30.2200,-31.7443,0.250000,0.391671,0.380501,0.039903,0.667400,0.031644,0.255742,0.933957,0.240333,0.094425,0.369458,0.115713,0.745482,0.978028,0.271467,0.976649,0.291705,0.999333,0.532807,0.948792,0.180684,0.940161,0.174676,0.965427,0.369209,0.970619,0.377692,0.066425,0.162405,0.100519,0.237833,0.060008,0.138576,0.045196,0.123992,0.986947,0.604878,0.999775,0.584514,0.999787,0.863824,0.998420,0.417349
ENSDARG00000029045_5_2,-5.8200,-6.0896,0.250000,0.248958,0.399107,-31.5200,-33.0232,0.250000,0.281832,0.500334,0.999814,0.784688,0.999836,0.760321,0.796405,0.540962,0.050238,0.222182,0.000395,0.210514,0.001680,0.874668,0.003171,0.970236,0.001735,0.853418,0.137772,0.852377,0.999890,0.653692,0.999889,0.684171,0.999644,0.344796,0.999735,0.518372,0.115288,0.727256,0.002134,0.011600,0.003112,0.010477,0.001802,0.006237,0.022411,0.972276,0.050285,0.004832,0.796898,0.003609
ENSDARG00000029045_5_3,-13.2000,-13.2202,0.125000,0.126799,0.301399,-36.9600,-38.0275,0.125000,0.128824,0.300773,0.999117,0.991744,0.011507,0.002064,0.000051,0.000091,0.000010,0.000087,0.000727,0.000930,0.999929,0.999895,0.001435,0.013902,0.000540,0.013001,0.000594,0.000775,0.999878,0.987408,0.999898,0.987468,0.999898,0.987515,1.000000,0.992227,0.000650,0.003299,0.000463,0.004172,0.001347,0.004980,0.000842,0.001250,0.000108,0.007925,0.000229,0.008680,0.010756,0.008056
ENSDARG00000029045_5_4,-3.0500,-3.3508,1.000000,0.836357,0.675397,-30.2500,-31.3689,0.375000,0.441508,0.385018,0.291701,0.045508,0.267341,0.014773,0.355554,0.024718,0.976440,0.630084,0.898330,0.618878,0.991878,0.668752,0.991948,0.682624,0.992062,0.714900,0.121577,0.048131,0.130783,0.037845,0.040884,0.031398,0.758574,0.650691,0.996665,0.962562,0.896147,0.976020,0.906374,0.482463,0.995671,0.443604,0.747247,0.072305,0.710728,0.036219,0.717041,0.517883,0.720985,0.041004
ENSDARG00000029045_5_5,-2.5300,-3.2800,0.625000,0.663441,0.662101,-32.5000,-33.2707,0.375000,0.388249,0.534434,0.808946,0.890364,0.794068,0.043706,0.779211,0.012853,0.411281,0.052840,0.513329,0.143322,0.999062,0.958109,0.224788,0.905352,0.399318,0.912636,0.431243,0.864510,0.816605,0.915237,0.808368,0.909543,0.948281,0.974215,0.990309,0.948927,0.992142,0.185650,0.239297,0.040960,0.358151,0.004803,0.231219,0.843724,0.505860,0.009984,0.999776,0.999041,0.990770,0.072899
ENSDARG00000029045_5_6,-8.6200,-8.6326,0.500000,0.500207,0.500235,-31.0500,-32.3233,0.500000,0.457219,0.496283,0.000513,0.009552,0.000006,0.008964,0.000498,0.078322,0.000619,0.155062,0.000727,0.156141,1.000000,0.937357,0.999983,0.934600,1.000000,0.997216,1.000000,0.998568,0.999990,0.924130,0.999990,0.911972,0.000710,0.156030,0.000620,0.006612,0.000498,0.000989,0.000016,0.000575,0.000522,0.001281,1.000000,0.948554,1.000000,0.911885,1.000000,0.952717,1.000000,0.835136
ENSDARG00000029045_5_7,-4.8200,-4.8467,1.000000,0.997606,0.600324,-30.2200,-31.6936,1.000000,0.508454,0.405371,0.003369,0.029654,0.001217,0.005785,0.000536,0.004935,0.008181,0.030225,0.999999,0.967970,0.999953,0.983885,0.999942,0.648669,0.008124,0.008806,0.000430,0.003634,0.001559,0.069871,0.003318,0.341270,0.998997,0.945079,0.999663,0.918211,0.995319,0.892361,0.995960,0.403558,0.999858,0.368513,0.999005,0.388597,0.999946,0.391956,0.995912,0.367780,0.995188,0.336655
ENSDARG00000029045_5_8,-2.5400,-2.6431,1.000000,0.986105,0.616025,-29.3200,-30.7194,1.000000,0.750461,0.432119,0.110122,0.002694,0.028668,0.000883,0.030716,0.001090,0.059642,0.005124,0.979489,0.063236,0.981559,0.267880,0.998992,0.897462,0.998373,0.906694,0.079695,0.146073,0.038389,0.088893,0.029840,0.079006,0.096168,0.179663,0.979815,0.947688,0.979135,0.552600,0.979335,0.584616,0.980021,0.594094,0.985587,0.974667,0.986614,0.978451,0.999157,0.714027,0.999180,0.657544
ENSDARG00000029045_5_9,-5.9900,-6.0931,0.375000,0.377258,0.501301,-30.6600,-31.6735,0.625000,0.527232,0.469415,0.072971,0.043702,0.004978,0.002353,0.001218,0.005325,0.001221,0.003424,0.010589,0.032264,0.997080,0.976848,0.928413,0.961898,1.000000,0.997113,0.998850,0.383370,0.998831,0.382939,0.995916,0.382102,0.997881,0.999102,0.995421,0.998111,0.935904,0.974945,0.996254,0.998472,0.013558,0.622740,0.001219,0.615923,0.000060,0.002821,0.004137,0.001754,0.071513,0.003091
ENSDARG00000029045_5_10,-5.6000,-5.6167,1.000000,0.997096,0.699170,-31.2100,-32.9295,0.375000,0.399218,0.459878,0.000935,0.001843,0.000187,0.000315,0.004442,0.004822,0.999985,0.993348,0.997572,0.991702,0.999590,0.996575,0.999833,0.997414,1.000000,0.998803,0.997819,0.996544,0.003282,0.008496,0.000555,0.005470,0.002439,0.008478,0.988628,0.414957,0.999718,0.413451,0.999924,0.292220,0.999976,0.735719,0.997425,0.399382,1.000000,0.718095,0.991308,0.195604,0.999792,0.024315
ENSDARG00000029472_5_1,0.0000,-0.5256,1.000000,0.944286,0.923880,-29.6200,-30.9701,0.125000,0.332895,0.514426,0.724396,0.830039,0.993058,0.968393,0.999507,0.981672,0.908822,0.935656,0.991074,0.638180,0.999228,0.570314,0.996405,0.910342,0.925903,0.473975,0.999880,0.559183,0.451684,0.418152,0.933361,0.073842,1.000000,0.265604,0.967047,0.206702,0.986672,0.378993,1.000000,0.470906,1.000000,0.863762,0.858270,0.068466,0.986591,0.211049,0.820072,0.133977,0.935635,0.329305
ENSDARG00000029472_5_2,-6.1400,-6.8265,0.375000,0.434491,0.547402,-31.1800,-32.7913,0.250000,0.289293,0.310391,0.998642,0.400510,0.989097,0.070446,0.988901,0.051236,0.946049,0.196416,0.613037,0.170417,0.124885,0.028541,0.001581,0.000573,0.001455,0.000285,0.076807,0.070135,0.854520,0.948514,0.877167,0.956486,0.999973,0.999921,0.999968,0.999923,0.999970,0.999929,0.283017,0.161439,0.013815,0.006573,0.000241,0.000388,0.000968,0.000530,0.242193,0.077665,0.935759,0.067896
ENSDARG00000029472_5_3,-3.9800,-4.4686,0.375000,0.285279,0.428205,-33.0300,-33.4879,0.375000,0.382741,0.365500,0.790706,0.986823,0.564995,0.065926,0.775411,0.090112,0.121951,0.998248,0.008301,0.021410,0.002163,0.007165,0.000823,0.040324,0.018058,0.960034,0.999910,0.002000,0.999853,0.002314,0.999866,0.074475,0.999831,0.999233,0.018149,0.042470,0.000992,0.001810,0.002059,0.002633,0.007862,0.012627,0.119401,0.064119,0.999922,0.996465,0.563512,0.943910,0.570336,0.997896
ENSDARG00000029472_5_4,-3.9400,-3.9894,0.375000,0.384898,0.507736,-27.3600,-29.0871,0.250000,0.411859,0.440246,0.999348,0.357824,0.999783,0.341087,0.999771,0.394944,0.999986,0.680331,0.999693,0.663574,0.003981,0.232069,0.002704,0.450841,0.002472,0.322396,0.005444,0.294114,0.063523,0.331687,0.999469,0.796399,0.999369,0.644771,0.999842,0.734838,0.999769,0.698894,0.064084,0.379967,0.005772,0.244236,0.002433,0.245690,0.002572,0.169303,0.004922,0.354555,0.999786,0.467391
ENSDARG00000029472_5_6,0.0000,-0.6605,1.000000,0.899574,0.853035,-29.2700,-30.6705,0.500000,0.478930,0.495060,0.881128,0.220301,0.600834,0.160452,0.681321,0.529635,0.998259,0.906882,0.997232,0.933727,0.914095,0.960070,0.912741,0.963296,0.913048,0.327233,0.910026,0.010727,0.561505,0.037074,0.543380,0.979623,0.950534,0.040738,0.940242,0.040805,0.847843,0.034886,0.860431,0.037096,0.866921,0.047544,0.846019,0.689190,0.878901,0.996920,0.985140,0.997074,0.971098,0.987923
ENSDARG00000029472_5_7,-4.1500,-4.5476,0.375000,0.343505,0.474594,-34.0200,-35.0841,0.750000,0.573844,0.387034,0.996331,0.367156,0.124952,0.145415,0.018643,0.749306,0.011948,0.094723,0.935327,0.024243,0.002005,0.021223,0.063712,0.007804,0.594644,0.008441,0.998405,0.310660,0.999880,0.942464,0.998975,0.254348,0.999023,0.224143,0.639788,0.179625,0.018376,0.244781,0.065024,0.745248,0.937655,0.709326,0.008479,0.627473,0.014230,0.585368,0.064660,0.603135,0.999827,0.895798
ENSDARG00000029472_5_8,-1.1100,-1.6115,0.625000,0.652214,0.721658,-32.5100,-33.4771,0.125000,0.167003,0.341217,0.979760,0.995944,0.986080,0.992805,0.999821,0.987734,0.966202,0.367861,0.938985,0.035196,0.466316,0.015176,0.167365,0.018459,0.134066,0.086559,0.660243,0.020566,0.921787,0.111880,0.995669,0.881341,0.999164,0.974793,0.536015,0.074458,0.516402,0.024512,0.083226,0.024839,0.675540,0.997415,0.715029,0.139341,0.908527,0.004150,0.951044,0.064164,0.831928,0.007142
ENSDARG00000029472_5_9,-9.8300,-9.9550,0.500000,0.516517,0.415474,-36.3900,-37.1314,0.125000,0.145709,0.266280,0.145155,0.150373,0.007353,0.007904,0.000087,0.000053,0.010872,0.000031,0.000805,0.000302,0.000688,0.000529,0.994238,0.999865,0.995551,0.999979,0.999994,0.999928,1.000000,0.999926,0.011416,0.000643,0.011194,0.000394,0.000549,0.000010,0.008462,0.000060,0.023060,0.009095,0.172585,0.150788,0.981004,0.002669,0.973625,0.002004,0.973608,0.004112,0.999240,0.996930
ENSDARG00000029472_5_10,-8.6000,-8.6212,0.500000,0.500091,0.598699,-37.5600,-38.1157,0.500000,0.454768,0.406044,0.000601,0.867823,0.000091,0.877772,0.001149,0.878379,0.004461,0.022016,0.994588,0.123691,0.986214,0.123482,0.999904,0.128966,0.999999,0.950548,0.999992,0.188675,0.999906,0.107564,0.995996,0.107073,0.990354,0.106750,0.000104,0.000502,0.000261,0.041298,0.000081,0.873986,0.000530,0.848887,0.999942,0.902842,0.999890,0.031016,0.999919,0.048902,1.000000,0.890715
ENSDARG00000031494_0_1,-1.7400,-2.7286,0.500000,0.541260,0.611108,-32.0000,-33.0645,0.250000,0.434091,0.462681,0.675564,0.429243,0.525662,0.417563,0.234615,0.449803,0.999848,0.451245,0.999926,0.467083,0.196891,0.704245,0.047173,0.759483,0.629127,0.797855,0.830815,0.542817,0.995633,0.131535,0.985633,0.110041,0.771185,0.519976,0.405461,0.398576,0.407139,0.394393,0.784542,0.932849,0.786261,0.624327,0.691807,0.039623,0.364351,0.416804,0.030396,0.040551,0.860122,0.625605
ENSDARG00000031494_0_2,-3.0900,-3.2160,0.625000,0.642161,0.713660,-37.9800,-38.4072,0.500000,0.520439,0.409045,0.175796,0.004688,0.175421,0.000930,0.126576,0.000557,0.933627,0.002235,0.933686,0.028752,1.000000,0.999716,0.895600,0.000172,0.895886,0.000046,0.999966,0.068283,0.999849,0.950283,0.999923,0.999765,0.999578,0.961954,0.999167,0.152401,0.185146,0.020587,0.004885,0.000074,0.005135,0.003124,0.943413,0.999986,0.999935,0.999960,0.999800,0.988765,0.999804,0.998616
ENSDARG00000031494_0_3,-6.6500,-6.7589,0.250000,0.319020,0.421795,-30.5200,-31.5832,0.500000,0.605847,0.449996,0.005565,0.011997,0.000979,0.005817,0.864549,0.102082,0.001615,0.396821,0.081928,0.881156,0.130537,0.517341,0.133766,0.511190,0.938002,0.133455,0.937112,0.177758,0.937063,0.340183,0.921133,0.297240,0.931494,0.778095,0.073642,0.384499,0.072724,0.385551,0.079367,0.871431,0.073172,0.866398,0.118465,0.400930,0.135776,0.412636,0.999554,0.782166,0.999458,0.743168
ENSDARG00000031494_0_4,0.0000,-0.3595,1.000000,0.952802,0.954449,-32.3600,-33.3272,0.750000,0.656625,0.567365,0.956123,0.982818,0.969837,0.893293,0.999371,0.903232,0.999535,0.997143,0.998488,0.411263,0.998933,0.405093,0.999830,0.297154,0.999961,0.218356,0.549378,0.194080,1.000000,0.006089,1.000000,0.005512,0.995116,0.780258,0.998860,0.781573,0.952000,0.790591,1.000000,0.273824,0.843667,0.044958,0.960837,0.762156,0.885392,0.801139,0.983012,0.996828,0.998646,0.801933
ENSDARG00000031494_0_5,-2.5500,-2.9581,0.375000,0.497814,0.697206,-31.8200,-32.8691,0.375000,0.382335,0.342210,0.735558,0.223291,0.728619,0.151669,0.998688,0.246519,0.764244,0.812993,1.000000,0.818704,0.995324,0.773122,0.928530,0.327258,0.911271,0.300685,0.864196,0.068620,0.858492,0.008752,0.780980,0.042759,0.395708,0.011154,0.267442,0.017182,0.256133,0.028354,0.898774,0.990381,0.771500,0.966368,0.794900,0.978802,0.307581,0.031468,0.318975,0.023049,0.367207,0.023072
ENSDARG00000031494_0_6,-1.4200,-1.9454,0.875000,0.940200,0.622787,-33.2600,-34.2229,0.375000,0.507900,0.375882,0.160625,0.748176,0.062789,0.753734,0.066131,0.113619,0.473789,0.004483,0.487737,0.017747,0.989402,0.086693,0.999084,0.000587,0.581001,0.002891,0.050261,0.004750,0.093482,0.775195,0.483716,0.384449,0.486113,0.562109,0.559322,0.490525,0.989396,0.556266,0.999048,0.971907,0.999849,0.999492,0.990833,0.999851,0.990918,0.036918,0.993120,0.006232,0.999117,0.002009
ENSDARG00000031494_0_7,-5.3300,-5.4110,0.375000,0.383436,0.504390,-35.1300,-36.4286,0.500000,0.413688,0.448921,0.996237,0.873262,0.074365,0.205372,0.001992,0.266453,0.000940,0.269386,0.001068,0.240579,0.000589,0.822034,0.999605,0.858000,0.969701,0.902072,0.999629,0.638779,0.999849,0.568986,0.999843,0.006088,0.976500,0.017908,0.993193,0.415371,0.000749,0.995168,0.000739,0.500034,0.000598,0.000320,0.000600,0.000127,0.073188,0.040232,0.999905,0.999996,0.998516,0.358258
ENSDARG00000031494_0_8,-3.2800,-3.8712,0.500000,0.575008,0.637441,-30.4500,-31.4766,0.750000,0.640320,0.571580,0.006210,0.018954,0.002107,0.001745,0.005955,0.001548,0.999652,0.035144,0.387411,0.422391,0.999654,0.452937,0.973316,0.470667,0.999687,0.953515,0.999965,0.988699,0.999988,0.990208,0.973435,0.990521,0.801383,0.982714,0.455642,0.956318,0.021559,0.907726,0.016326,0.653677,0.144165,0.670333,0.963885,0.686861,0.999341,0.941842,0.999400,0.253993,0.999745,0.051814
ENSDARG00000031494_0_9,-1.9100,-2.5768,1.000000,0.949507,0.748821,-30.7000,-32.3875,0.625000,0.470588,0.436159,0.741168,0.208746,0.772217,0.221686,0.534807,0.858146,0.356386,0.792208,0.383517,0.851776,0.991915,0.937404,0.721514,0.237347,0.646034,0.233487,0.915145,0.324404,0.390953,0.052242,0.312997,0.034503,0.613705,0.206517,0.857738,0.117870,0.910749,0.151704,0.969625,0.505434,0.966198,0.495739,0.958721,0.456903,0.964419,0.708900,0.968683,0.954725,0.999923,0.373433
ENSDARG00000031494_0_10,0.0000,-0.3897,1.000000,0.937856,0.916237,-31.9000,-33.7763,0.250000,0.319006,0.262684,0.643969,0.002899,0.880527,0.001611,0.922675,0.001806,0.951638,0.004791,0.929928,0.335557,0.971473,0.998837,0.959348,0.003754,0.787454,0.002630,0.961081,0.983961,0.855847,0.302983,0.986102,0.037876,0.971859,0.024923,0.926422,0.143851,0.876097,0.135752,0.923852,0.135863,0.936629,0.133091,0.940064,0.138514,0.950469,0.175618,0.954488,0.828848,0.994824,0.860511
ENSDARG00000033845_4_1,-1.0600,-1.3958,0.625000,0.700878,0.759359,-37.7300,-38.8970,0.250000,0.250957,0.355383,0.976642,0.886956,0.948388,0.780650,0.943228,0.644315,0.391580,0.355047,0.372504,0.561321,0.340982,0.121872,0.999366,0.052549,0.999034,0.103448,0.815976,0.354323,0.806523,0.265494,0.996056,0.969579,0.989866,0.004458,0.996217,0.004027,0.375081,0.001368,0.095638,0.000013,0.156966,0.000468,0.999852,0.000971,0.998409,0.001559,0.986629,0.999720,0.998236,0.999533
ENSDARG00000033845_4_2,-6.2200,-6.3543,0.500000,0.519570,0.422868,-44.1300,-45.2003,0.250000,0.270448,0.229072,0.029909,0.004648,0.031331,0.000872,0.074934,0.000311,0.130846,0.001174,0.023871,0.000921,0.025925,0.001020,0.989451,0.999524,0.989379,0.348043,0.991539,0.993791,0.979674,0.008511,0.019139,0.006830,0.014790,0.052220,0.140242,0.468995,0.971969,0.489151,0.969908,0.026113,0.063714,0.000219,0.000656,0.000004,0.012029,0.001665,0.999366,0.999999,0.998679,0.177436
ENSDARG00000033845_4_3,-4.4000,-4.4526,0.750000,0.750723,0.602271,-31.6800,-32.6197,0.250000,0.302229,0.429451,0.026073,0.117047,0.021188,0.074139,0.023397,0.096350,0.023132,0.141157,0.996818,0.976024,0.970069,0.942424,0.999715,0.923235,0.999776,0.906948,0.999950,0.971877,0.954822,0.887295,0.004083,0.056603,0.020622,0.078092,0.020108,0.083642,0.023079,0.063937,0.999143,0.288355,0.983527,0.065701,0.983911,0.073101,0.999423,0.778803,0.997617,0.991463,0.998976,0.072834
ENSDARG00000033845_4_4,-4.8900,-5.4134,0.625000,0.612467,0.526612,-33.4500,-34.8233,0.125000,0.177526,0.425866,0.064639,0.149923,0.009283,0.107395,0.942158,0.889421,0.999858,0.963315,0.999889,0.983734,0.999928,0.896544,0.999977,0.896763,0.008040,0.083866,0.008650,0.094620,0.368724,0.546846,0.026086,0.500353,0.205283,0.984334,0.649974,0.031078,0.999533,0.022419,0.999996,0.139896,0.554371,0.310196,0.368172,0.114139,0.018732,0.013070,0.650245,0.035390,0.658710,0.754022
ENSDARG00000033845_4_5,-5.4100,-5.5026,0.375000,0.377470,0.501950,-37.2000,-37.9891,0.250000,0.257131,0.440534,0.999632,0.944401,0.997204,0.928256,0.988750,0.633019,0.998972,0.647608,0.961324,0.431343,0.028236,0.358539,0.000726,0.839005,0.001191,0.973027,0.001394,0.048999,0.042206,0.007523,0.999620,0.941671,0.999992,0.000250,0.999604,0.000337,0.041989,0.000989,0.001842,0.156678,0.001253,0.000320,0.000295,0.000326,0.026778,0.002493,0.999763,0.941670,0.948238,0.954235
ENSDARG00000033845_4_6,-6.4400,-6.8246,0.250000,0.353941,0.422653,-36.4300,-37.9841,0.125000,0.162535,0.294903,0.705261,0.412165,0.691313,0.345307,0.453895,0.419666,0.027606,0.104023,0.027132,0.093434,0.672729,0.132313,0.045895,0.353913,0.346030,0.913502,0.347898,0.831315,0.978577,0.926648,0.668797,0.048934,0.656391,0.016552,0.656094,0.314184,0.678148,0.072184,0.331790,0.857066,0.348902,0.051336,0.320754,0.000340,0.032701,0.000230,0.032625,0.000310,0.430514,0.004632
ENSDARG00000033845_4_7,-6.0800,-6.3090,0.625000,0.649003,0.425575,-32.9800,-33.7768,0.625000,0.620696,0.322435,0.188777,0.978187,0.001876,0.036377,0.004752,0.009788,0.006774,0.014435,0.013017,0.026642,0.046029,0.029990,0.997210,0.042388,0.999970,0.034162,0.999099,0.046776,0.048582,0.024697,0.008218,0.226327,0.005173,0.013372,0.006283,0.018244,0.010113,0.956128,0.267946,0.971521,0.923617,0.979181,0.984843,0.987140,0.999665,0.973794,0.999641,0.034411,0.999921,0.045148
ENSDARG00000033845_4_8,-0.2300,-0.9181,0.500000,0.675392,0.781689,-34.8400,-36.1679,0.000000,0.253497,0.391313,0.995973,0.992222,0.998690,0.861457,0.987478,0.856808,0.986352,0.837800,0.852424,0.630698,0.700503,0.314957,0.841154,0.346530,0.684742,0.435863,0.999452,0.462625,0.942307,0.051300,0.661281,0.003092,0.580281,0.004930,0.588425,0.465698,0.986392,0.467222,0.983964,0.528223,0.970256,0.099275,0.834166,0.008018,0.438522,0.432503,0.217749,0.002025,0.383665,0.025015
ENSDARG00000033845_4_9,-4.8000,-5.1667,0.625000,0.650966,0.621544,-29.1000,-30.3178,0.625000,0.750024,0.491752,0.006974,0.921888,0.001685,0.002400,0.007571,0.003750,0.947433,0.056003,0.464529,0.054349,0.990997,0.575314,0.804347,0.516969,0.943720,0.530273,0.930561,0.611354,0.928306,0.086420,0.937146,0.097797,0.259890,0.378331,0.999909,0.913384,0.073778,0.892775,0.072325,0.937881,0.069734,0.422370,0.996085,0.488053,0.996050,0.478404,0.999868,0.973930,0.999979,0.893391
ENSDARG00000033845_4_10,-3.8500,-4.0360,1.000000,0.965923,0.676426,-28.1500,-30.0281,0.750000,0.714999,0.538856,0.818594,0.637242,0.027978,0.357593,0.034244,0.604028,0.035729,0.177259,0.980124,0.316968,0.985627,0.295604,0.992557,0.398760,0.032484,0.210086,0.034333,0.192003,0.037211,0.253722,0.999537,0.874562,0.822720,0.739305,0.906204,0.874116,0.960607,0.947801,0.996579,0.906674,1.000000,0.827784,0.984619,0.258703,0.946953,0.190044,0.932561,0.862851,0.999858,0.852019
ENSDARG00000034375_0_1,-0.8000,-1.1240,0.625000,0.733881,0.768453,-29.2600,-30.4994,0.750000,0.679980,0.437682,0.979253,0.802599,0.917834,0.092369,0.922747,0.100616,0.851585,0.133790,0.948162,0.325524,0.979155,0.061682,0.987456,0.505399,0.984544,0.598933,0.400508,0.426310,0.314816,0.248513,0.279041,0.009257,0.932913,0.008811,0.843826,0.038913,0.993528,0.955515,0.994972,0.902574,0.983542,0.994130,0.302691,0.466914,0.367748,0.994884,0.398181,0.995055,0.986562,0.091857
ENSDARG00000034375_0_2,-2.0800,-2.3039,0.500000,0.510405,0.605582,-31.3400,-32.6929,0.375000,0.361116,0.323652,0.223454,0.440569,0.212939,0.439291,0.219935,0.440992,0.124034,0.037178,0.845927,0.593575,0.814211,0.130831,0.806981,0.117281,0.815834,0.138161,0.999683,0.797018,0.986820,0.139786,0.981694,0.072580,0.996888,0.236849,0.282862,0.077638,0.816426,0.066575,0.034175,0.061317,0.043136,0.264263,0.213190,0.530977,0.838630,0.530007,0.855889,0.893342,0.998932,0.464806
ENSDARG00000034375_0_3,-4.8600,-5.3102,0.250000,0.308548,0.438281,-30.6900,-31.9648,0.125000,0.239590,0.343543,0.223056,0.143590,0.197514,0.067619,0.972245,0.137202,0.056920,0.126873,0.031020,0.791909,0.243728,0.792994,0.266296,0.821896,0.568545,0.640501,0.903570,0.701774,0.882488,0.173633,0.974545,0.257434,0.977320,0.298722,0.979598,0.440024,0.066036,0.067588,0.029393,0.070865,0.043067,0.746653,0.288072,0.302185,0.794583,0.128106,0.037094,0.077853,0.230538,0.083445
ENSDARG00000034375_0_4,-8.7800,-9.0520,0.375000,0.375351,0.458619,-35.7100,-36.9695,0.250000,0.324547,0.241462,0.001319,0.997299,0.000031,0.011604,0.000201,0.000422,0.001283,0.000905,0.017701,0.001861,0.872775,0.003551,0.918226,0.010260,0.776281,0.005969,0.998386,0.006691,0.999989,0.013204,0.919031,0.713306,0.664353,0.467795,0.999976,0.661838,0.998388,0.986694,0.002563,0.396002,0.000477,0.382516,0.000030,0.000749,0.000066,0.000169,0.001321,0.001228,0.999987,0.167182
ENSDARG00000034375_0_5,-3.2600,-3.7111,0.375000,0.439595,0.541667,-28.0000,-29.3955,0.500000,0.449390,0.540657,0.068135,0.246032,0.083575,0.090675,0.827599,0.559061,0.226770,0.843366,0.060185,0.532703,0.150790,0.537209,0.999136,0.530666,0.999985,0.950675,0.950335,0.454544,0.950075,0.513046,0.999992,0.969345,0.999994,0.990698,0.150810,0.815319,0.060921,0.741571,0.054026,0.053303,0.663758,0.081304,0.282027,0.145904,0.305235,0.187694,0.999992,0.798481,0.999992,0.771542
ENSDARG00000034375_0_6,-5.4600,-5.5241,1.000000,0.970906,0.686596,-30.9300,-32.1201,0.375000,0.478110,0.393568,0.006524,0.059063,0.005152,0.050284,0.004836,0.933203,0.999411,0.088577,0.971464,0.081009,0.998715,0.937691,0.998707,0.818793,0.998633,0.858464,0.970791,0.151311,0.006114,0.064605,0.001503,0.001705,0.002832,0.001773,0.953369,0.058557,0.935156,0.982207,0.998712,0.258200,0.998790,0.231053,0.999306,0.227694,0.989223,0.965855,0.934269,0.847520,0.958419,0.253790
ENSDARG00000034375_0_7,-1.9300,-2.6286,1.000000,0.685125,0.680416,-29.9600,-31.3870,0.125000,0.294056,0.447014,0.668394,0.282848,0.311861,0.262309,0.623702,0.876592,0.876070,0.826269,0.654188,0.919869,0.909525,0.708336,0.610587,0.809780,0.776463,0.778420,0.372532,0.132108,0.370507,0.191020,0.999605,0.627017,0.953879,0.173268,0.939904,0.168126,0.765938,0.512906,0.403059,0.114135,0.684372,0.004075,0.781250,0.471332,0.987141,0.480912,0.452537,0.301503,0.466800,0.299456
ENSDARG00000034375_0_8,-2.4200,-3.3280,0.500000,0.466501,0.515569,-29.5000,-31.2614,0.625000,0.420984,0.493248,0.959904,0.787821,0.022037,0.786736,0.021143,0.804381,0.022899,0.541391,0.736727,0.449863,0.719207,0.414232,0.344919,0.235751,0.556692,0.458495,0.776235,0.449794,0.995211,0.861092,0.731137,0.352962,0.693259,0.354576,0.491078,0.522387,0.503742,0.099294,0.589485,0.658439,0.985674,0.166208,0.052515,0.092848,0.056917,0.724045,0.052702,0.495489,0.999896,0.609162
ENSDARG00000034375_0_9,-4.7100,-5.1121,0.750000,0.698074,0.559140,-33.3500,-35.0505,0.500000,0.518655,0.494716,0.397053,0.810187,0.365844,0.707627,0.349988,0.855379,0.017497,0.921320,0.049791,0.918079,0.723673,0.195039,0.956797,0.098343,0.745783,0.036753,0.395325,0.398303,0.295280,0.276000,0.301543,0.315094,0.999623,0.212956,0.379819,0.169833,0.342529,0.976502,1.000000,0.133987,0.718997,0.005857,0.935462,0.951952,0.705988,0.024002,0.751603,0.943956,0.750197,0.943150
ENSDARG00000034375_0_10,-0.6300,-1.0747,0.500000,0.675721,0.718711,-27.5400,-28.9259,0.375000,0.378591,0.621781,0.357307,0.600972,0.300314,0.659955,0.290137,0.791890,0.372529,0.917314,0.993231,0.844199,0.933066,0.722360,0.999103,0.973994,0.876676,0.661745,0.930497,0.787912,0.980207,0.853191,0.938891,0.795688,0.996496,0.797664,0.922849,0.752553,0.997835,0.958086,0.985889,0.781778,0.361032,0.012375,0.339715,0.210748,0.341857,0.057988,0.457286,0.036849,0.999308,0.218354
ENSDARG00000035563_0_1,-0.9900,-1.4443,0.500000,0.596129,0.689977,-32.7700,-33.9490,0.250000,0.206568,0.513963,0.968696,0.974197,0.974405,0.962590,0.961156,0.930961,0.984607,0.938591,0.968215,0.751526,0.999399,0.850213,0.999730,0.766385,0.486274,0.637915,0.312353,0.678069,0.288078,0.256230,0.219545,0.452860,0.868053,0.427173,0.852980,0.136141,0.998397,0.439716,0.979286,0.017030,0.946434,0.629428,0.317617,0.046585,0.104041,0.007674,0.143478,0.011067,0.426801,0.364902
ENSDARG00000035563_0_2,-6.1100,-6.3101,1.000000,0.999835,0.628352,-30.7000,-31.7861,0.750000,0.736737,0.524940,0.001353,0.138233,0.000074,0.054341,0.000355,0.269377,0.282666,0.841814,0.999666,0.959388,0.999981,0.271805,0.999984,0.239715,0.999969,0.938647,0.282403,0.847400,0.000336,0.001703,0.000140,0.038827,0.001438,0.003660,0.999559,0.190200,0.999877,0.269915,0.999981,0.991706,0.999920,0.855554,0.999912,0.828420,0.999826,0.979951,0.999955,0.881059,0.999654,0.897092
ENSDARG00000035563_0_3,-6.9800,-7.4012,0.375000,0.390881,0.429566,-34.8500,-35.8217,0.500000,0.511792,0.490177,0.002726,0.590685,0.000081,0.648619,0.004389,0.550316,0.999446,0.251770,0.117511,0.581444,0.003334,0.587427,0.168963,0.996557,0.999500,0.488837,0.999799,0.004999,0.999902,0.002033,0.999627,0.013538,0.168997,0.992971,0.006576,0.997966,0.116951,0.984796,0.996608,0.005200,0.280682,0.053485,0.003019,0.043944,0.004387,0.904463,0.719263,0.997911,0.999564,0.106573
ENSDARG00000035563_0_4,-1.5300,-1.7839,1.000000,0.924982,0.776242,-25.1400,-27.0592,0.625000,0.656746,0.583116,0.963123,0.636386,0.103413,0.111264,0.105377,0.116453,0.987173,0.521551,0.955422,0.902444,0.999725,0.761299,0.999350,0.751964,0.999821,0.749222,0.984825,0.626293,0.113545,0.150386,0.175624,0.457692,0.737587,0.623399,0.784728,0.757305,0.999900,0.913365,0.970805,0.790893,0.997207,0.930279,0.971579,0.390329,0.854417,0.463049,0.827715,0.306618,0.993503,0.702129
ENSDARG00000035563_0_5,-3.5900,-3.7362,0.250000,0.286559,0.428104,-34.8600,-36.1158,0.250000,0.347598,0.384980,0.995585,0.957277,0.987279,0.881370,0.985698,0.998687,0.151515,0.063754,0.047041,0.013521,0.023234,0.001124,0.024228,0.001460,0.025929,0.999438,0.055324,0.000359,0.991451,0.000559,0.993159,0.002069,0.989159,0.999189,0.987386,0.129426,0.993107,0.023701,0.049816,0.191964,0.020148,0.201244,0.017729,0.311192,0.015689,0.814903,0.051069,0.998445,0.157533,0.109911
ENSDARG00000035563_0_6,0.0000,-0.2956,1.000000,0.939456,0.926541,-30.2600,-31.6989,0.625000,0.640800,0.554517,0.887602,0.879420,0.929823,0.848754,0.872970,0.881248,1.000000,0.846456,0.749515,0.857470,0.871487,0.234503,1.000000,0.220909,0.947502,0.197269,1.000000,0.957412,0.811626,0.013244,0.944851,0.012971,0.999794,0.014287,0.781076,0.014625,0.924162,0.545389,0.918103,0.540090,0.968464,0.532230,0.933545,0.527640,0.999951,0.997400,0.999986,0.997678,0.990362,0.971351
ENSDARG00000035563_0_7,-0.8900,-1.3534,0.625000,0.617251,0.690006,-32.8500,-34.0518,0.375000,0.355898,0.396749,0.801532,0.971415,0.720402,0.944631,0.895818,0.091312,0.986794,0.102066,0.242116,0.086129,0.168982,0.134041,0.124940,0.949207,0.986035,0.695793,0.977852,0.856086,0.983242,0.243299,0.987518,0.012063,0.986874,0.001759,0.986273,0.005208,0.165220,0.986816,0.163172,0.018840,0.261942,0.106837,0.974434,0.127752,0.978233,0.767092,0.697222,0.194054,0.711511,0.640585
ENSDARG00000035563_0_8,-5.4800,-5.5948,0.750000,0.744237,0.514317,-31.7200,-32.3288,0.625000,0.639203,0.530435,0.018069,0.902557,0.035531,0.916471,0.967505,0.947705,0.000805,0.060209,0.007665,0.052211,0.138058,0.053392,0.975865,0.059793,0.999972,0.070109,0.999972,0.690382,0.138053,0.006046,0.032663,0.879154,0.018294,0.857043,0.043505,0.368313,0.005376,0.796189,0.926786,0.821768,0.999994,0.099435,0.978490,0.113375,0.999972,0.975694,0.999906,0.989481,0.999862,0.949366
ENSDARG00000035563_0_9,-3.0700,-3.3316,0.875000,0.895361,0.630087,-29.6100,-31.2797,0.750000,0.605166,0.466036,0.189756,0.311295,0.028894,0.319927,0.042463,0.928744,0.095548,0.901493,0.999935,0.898017,0.972861,0.345563,0.978858,0.358917,0.996611,0.179291,0.993714,0.072996,0.072763,0.040002,0.036671,0.021791,0.030767,0.101366,0.307074,0.193727,0.923915,0.708966,0.981913,0.709016,0.999976,0.979900,0.996641,0.607394,0.995999,0.625327,0.976259,0.873896,0.981112,0.143099
ENSDARG00000035563_0_10,-7.8700,-8.3541,0.750000,0.510705,0.511662,-35.8000,-36.5308,0.250000,0.311843,0.397558,0.039276,0.811541,0.000648,0.717951,0.001710,0.774248,0.000594,0.828034,0.549413,0.145785,0.968343,0.163240,0.972866,0.173632,0.585941,0.213231,0.999340,0.741451,0.998204,0.100597,0.517842,0.005333,0.513429,0.781374,0.116978,0.063029,0.533552,0.036658,0.972117,0.225910,0.523577,0.987709,0.483130,0.062005,0.482936,0.064425,0.482707,0.066821,0.490647,0.988186
ENSDARG00000036245_3_1,-0.7700,-1.4915,0.500000,0.589426,0.661580,-29.5400,-31.0655,0.375000,0.378092,0.572519,0.947539,0.741526,0.990750,0.820770,0.954953,0.754282,0.976867,0.797024,0.639992,0.945445,0.993522,0.740239,0.422496,0.736137,0.230103,0.935331,0.229932,0.573839,0.138781,0.362328,0.999730,0.993268,0.991522,0.025452,0.990239,0.021064,0.968069,0.021289,0.201357,0.974452,0.184425,0.003578,0.245420,0.006294,0.432318,0.011661,0.693822,0.999019,0.999759,0.987381
ENSDARG00000036245_3_2,-1.5400,-2.3488,0.500000,0.744036,0.617906,-32.6800,-33.9510,1.000000,0.617984,0.377380,0.625318,0.006772,0.601545,0.004488,0.495124,0.005044,0.522486,0.988498,0.663846,0.991688,0.846133,0.013990,0.621488,0.013082,0.533094,0.012485,0.300898,0.018632,0.226014,0.134269,0.486605,0.082769,0.483277,0.332004,0.571637,0.332688,0.954287,0.361253,0.674538,0.436978,0.568359,0.468379,0.610538,0.675887,0.577532,0.907995,0.997652,0.881784,0.997743,0.878910
ENSDARG00000036245_3_3,0.0000,-0.0083,1.000000,0.998363,0.998441,-30.6600,-31.7466,0.375000,0.498806,0.536866,0.999390,0.994186,0.999546,0.968048,0.999360,0.964885,0.998425,0.990946,0.999945,0.793014,0.995916,0.776404,0.999628,0.187662,0.999531,0.167330,0.992479,0.057198,0.998201,0.043008,0.999504,0.046436,1.000000,0.757755,0.999748,0.238170,0.999359,0.257371,0.991935,0.426409,0.998553,0.378084,0.999129,0.188835,0.998683,0.716449,0.999738,0.949014,0.999759,0.836113
ENSDARG00000036245_3_4,-4.5000,-4.5342,0.625000,0.632611,0.705194,-32.7000,-33.9125,0.250000,0.359081,0.397265,0.995493,0.182178,0.995565,0.165026,0.999981,0.885946,0.999982,0.878608,0.999982,0.843277,0.998365,0.826950,0.054048,0.848923,0.000889,0.131908,0.000688,0.161379,0.999193,0.136926,0.999413,0.004228,0.999388,0.007291,0.999694,0.153053,0.999596,0.160454,1.000000,0.442774,0.006985,0.203644,0.006480,0.104562,0.050971,0.262756,0.998618,0.970638,0.998540,0.574770
ENSDARG00000036245_3_5,-1.0600,-1.6359,0.625000,0.622398,0.694555,-32.7400,-34.0723,0.375000,0.346223,0.466502,0.966545,0.931068,0.984821,0.582933,0.997164,0.608980,0.595459,0.764766,0.988313,0.701373,0.999737,0.299038,0.528854,0.322305,0.079774,0.295341,0.175556,0.789187,0.604417,0.315473,0.999873,0.803415,0.991406,0.146377,0.586475,0.017310,0.525219,0.711069,0.521043,0.037209,0.972270,0.003276,0.978137,0.000929,0.169178,0.000824,0.611058,0.999929,0.615804,0.999234
ENSDARG00000036245_3_7,-3.0500,-3.5208,0.625000,0.605328,0.654346,-32.3900,-33.2080,0.250000,0.313434,0.315882,0.896249,0.049107,0.895917,0.023365,0.829597,0.164376,0.691536,0.854225,0.921524,0.971777,0.798436,0.969405,0.825521,0.302568,0.087550,0.052073,0.091262,0.031907,0.213492,0.153320,0.998931,0.120537,0.994291,0.117512,0.995636,0.134394,0.919167,0.167100,0.134031,0.103571,0.190321,0.137909,0.119960,0.085582,0.840032,0.785794,0.739261,0.924954,0.904216,0.168169
ENSDARG00000036245_3_8,0.0000,-0.0588,1.000000,0.974371,0.978116,-31.8900,-32.4910,0.375000,0.447965,0.370320,0.988887,0.995068,0.998906,0.854048,0.981936,0.127500,0.998266,0.165703,0.981907,0.133069,0.983956,0.165891,0.951291,0.025592,0.949795,0.008923,0.999113,0.106605,0.954849,0.828333,0.991629,0.209937,0.986809,0.202022,0.980000,0.197398,0.996969,0.128158,0.944201,0.894057,0.997531,0.115572,0.938019,0.788763,0.955067,0.998890,0.983691,0.224454,0.999494,0.236423
ENSDARG00000036245_3_9,-2.7500,-3.0150,0.500000,0.551040,0.555891,-30.9300,-32.1724,0.375000,0.359009,0.539846,0.296445,0.629552,0.190130,0.644119,0.194095,0.647977,0.991684,0.968147,0.133738,0.975955,0.128686,0.802935,0.998469,0.982846,0.969773,0.322772,0.970908,0.358679,0.883670,0.592680,0.905768,0.756268,0.046135,0.242908,0.098331,0.248302,0.995639,0.694132,0.998585,0.750548,0.199282,0.043400,0.037629,0.013718,0.230629,0.014049,0.888967,0.112581,0.959259,0.995346
ENSDARG00000036245_3_10,-2.2000,-2.6534,1.000000,0.999060,0.717452,-26.7400,-28.6532,0.000000,0.346354,0.450163,0.069904,0.268267,0.017532,0.021582,0.092789,0.084007,0.997802,0.876148,0.999997,0.906316,0.998296,0.813260,0.934386,0.779800,0.497001,0.555675,0.020382,0.121001,0.316684,0.348518,0.411802,0.543914,0.999996,0.913930,0.999997,0.605715,0.999988,0.566905,0.997104,0.376059,0.999982,0.391066,0.998883,0.329092,0.999647,0.183599,0.996889,0.161750,0.999985,0.156650
ENSDARG00000036482_0_1,-2.1500,-2.4270,0.625000,0.601486,0.681111,-33.5200,-34.2944,0.750000,0.711221,0.317701,0.715186,0.203121,0.696017,0.014790,0.692701,0.012900,0.693467,0.004266,0.999808,0.001916,0.998249,0.011162,0.362582,0.174994,0.331229,0.164522,0.333726,0.069141,0.992051,0.000162,0.996645,0.000034,0.998670,0.007234,0.998670,0.999197,0.998189,0.985585,0.699064,0.713123,0.032480,0.986926,0.018031,0.005283,0.073185,0.004817,0.996135,0.998259,0.996135,0.996581
ENSDARG00000036482_0_2,-7.5500,-7.5841,0.875000,0.871856,0.600403,-32.3200,-33.3029,0.250000,0.361927,0.396382,0.000644,0.001535,0.000020,0.000038,0.000057,0.000408,0.016247,0.016447,0.999948,0.998474,0.999982,0.998298,0.999991,0.998578,1.000000,0.999656,0.999993,0.998579,0.016167,0.016970,0.000127,0.001487,0.000031,0.001751,0.000614,0.002252,0.987196,0.402193,0.999948,0.952877,0.999985,0.385488,1.000000,0.091789,0.999973,0.053152,0.987184,0.039955,0.999951,0.967713
ENSDARG00000036482_0_3,0.0000,-0.3561,1.000000,0.879022,0.901214,-25.9500,-27.6557,0.875000,0.793768,0.576483,0.970947,0.570952,0.741738,0.517313,0.722999,0.519300,0.731971,0.558501,1.000000,0.961348,0.994207,0.329221,0.999944,0.190263,0.999630,0.527697,0.988600,0.201500,0.994505,0.498568,0.860856,0.227111,0.986709,0.077747,0.992507,0.263843,0.989597,0.939011,0.763559,0.927815,0.756277,0.893449,0.592338,0.607010,0.986964,0.997871,0.986102,0.993829,0.964835,0.727320
ENSDARG00000036482_0_4,-1.3600,-1.8467,1.000000,0.850515,0.765619,-37.3500,-37.9148,0.500000,0.502808,0.433265,0.414791,0.744993,0.423116,0.112823,1.000000,0.373439,1.000000,0.998986,0.997690,0.289185,1.000000,0.280519,0.072102,0.098714,0.066917,0.740817,1.000000,0.997375,0.618871,0.005569,0.922265,0.000039,0.992513,0.000373,0.984419,0.000324,1.000000,0.999685,1.000000,0.022485,0.998574,0.000024,0.532753,0.000211,1.000000,1.000000,0.638447,0.999997,0.649924,0.999735
ENSDARG00000036482_0_5,-0.0800,-0.9884,1.000000,0.890994,0.806998,-32.0900,-33.1873,0.875000,0.829100,0.564748,0.794246,0.963704,0.919407,0.957116,0.327211,0.996673,0.315951,0.189710,0.928882,0.054574,1.000000,0.068288,1.000000,0.644285,0.923519,0.202758,0.646179,0.568248,0.387252,0.013931,0.770695,0.002072,0.998670,0.000807,0.554449,0.002818,0.987101,0.973143,0.999779,0.958836,0.872372,0.809431,0.978588,0.907300,0.928800,0.996478,0.835321,0.995648,0.971544,0.989145
ENSDARG00000036482_0_6,-3.4500,-3.6465,0.625000,0.660801,0.702679,-32.0200,-33.0766,0.375000,0.321356,0.467783,0.902333,0.207292,0.885772,0.050336,0.919822,0.178746,0.998968,0.981044,0.999995,0.998923,0.205240,0.993318,0.090218,0.889263,0.092050,0.885201,0.910837,0.161559,0.867989,0.169685,0.924809,0.373487,0.969146,0.895953,0.994935,0.945633,0.944887,0.759548,0.996265,0.856630,0.109509,0.001279,0.086311,0.000197,0.191928,0.000587,0.962586,0.000826,0.999989,0.006150
ENSDARG00000036482_0_7,-4.0900,-4.2400,0.375000,0.388157,0.426609,-32.1200,-33.1751,0.250000,0.347620,0.439541,0.995222,0.948181,0.023417,0.950794,0.018505,0.395704,0.029603,0.323562,0.993382,0.307058,0.029104,0.280648,0.029608,0.069077,0.181967,0.780473,0.990430,0.506238,0.990828,0.492278,0.975181,0.929289,0.169671,0.026565,0.017467,0.001780,0.033485,0.172110,0.996185,0.161504,0.033816,0.957170,0.022515,0.129402,0.019619,0.061822,0.989968,0.999797,0.992204,0.297377
ENSDARG00000036482_0_8,-6.6200,-6.6718,0.500000,0.505744,0.603161,-34.2200,-35.1664,0.625000,0.576976,0.344680,0.985897,0.257031,0.999500,0.121416,1.000000,0.133266,0.999961,0.107935,0.999245,0.103905,1.000000,0.092611,1.000000,0.206953,0.020016,0.178082,0.000176,0.022708,0.000113,0.056699,0.012364,0.031182,0.999992,0.965997,0.999988,0.794573,0.999995,0.798167,0.999819,0.792759,0.017471,0.987365,0.005187,0.783741,0.000165,0.029381,0.029265,0.218887,0.994062,0.210935
ENSDARG00000036482_0_9,-9.7800,-9.8329,0.250000,0.255193,0.404134,-34.4600,-35.4261,0.500000,0.414236,0.399425,0.038726,0.915148,0.033477,0.766327,0.932600,0.162649,0.006362,0.196825,0.939647,0.124748,0.029358,0.276259,0.032747,0.955727,0.030989,0.463403,0.997434,0.662220,0.999997,0.053172,0.999891,0.064496,0.999898,0.033633,0.031328,0.054560,0.000803,0.006096,0.017232,0.150446,0.020534,0.290629,0.968794,0.620039,0.000195,0.601912,0.002660,0.616333,1.000000,0.973876
ENSDARG00000036482_0_10,-3.0800,-3.1931,1.000000,0.915068,0.763796,-29.9700,-31.2851,0.125000,0.322487,0.517069,0.994401,0.970321,0.158519,0.056939,0.016431,0.059747,0.857768,0.936962,0.999497,0.948277,0.910979,0.946874,0.853189,0.943496,0.844309,0.970470,0.991328,0.985881,0.164925,0.053925,0.164465,0.040666,0.999562,0.847916,0.999003,0.822351,0.857224,0.315755,0.849784,0.625848,0.905595,0.021042,0.997723,0.020709,0.851991,0.011583,0.859749,0.658464,0.999476,0.104147
ENSDARG00000037060_32_1,-2.9000,-3.0542,0.625000,0.653261,0.638905,-28.5600,-30.3149,0.375000,0.391880,0.534871,0.092465,0.148920,0.093202,0.156869,0.947091,0.992954,0.998791,0.995157,0.999983,0.997613,0.999957,0.930068,0.999971,0.924256,0.135795,0.089617,0.155347,0.174494,0.999971,0.942103,0.999080,0.926847,0.130358,0.283488,0.128173,0.264767,1.000000,0.068986,0.947101,0.209915,0.946913,0.091324,0.958752,0.371538,0.122735,0.382773,0.122417,0.789613,1.000000,0.956124
ENSDARG00000037060_32_2,-6.3600,-7.1294,0.250000,0.182381,0.345953,-37.0200,-38.6265,0.125000,0.136243,0.313544,0.316536,0.987873,0.256292,0.564491,0.656210,0.544778,0.004940,0.541522,0.002111,0.545326,0.012790,0.983547,0.343404,0.058503,0.347905,0.035952,0.522469,0.033711,0.999319,0.043273,0.999152,0.837217,0.998881,0.004738,0.190752,0.993439,0.005777,0.032542,0.000887,0.011842,0.002142,0.045976,0.343760,0.001030,0.003815,0.000266,0.255777,0.000221,0.656137,0.004629
ENSDARG00000037060_32_3,-0.9100,-1.5899,0.500000,0.657073,0.714157,-30.2600,-31.9845,0.750000,0.636906,0.489388,0.949558,0.264942,0.899935,0.226120,0.973407,0.545131,0.989149,0.620995,0.661569,0.296605,0.667575,0.488349,0.981268,0.819352,0.988980,0.656873,0.669750,0.208210,0.441990,0.089353,0.409932,0.233039,0.393441,0.243536,0.983924,0.928404,0.995067,0.937176,0.690770,0.821422,0.683836,0.651458,0.435626,0.853356,0.447288,0.859225,0.386266,0.024372,0.633805,0.019836
ENSDARG00000037060_32_4,-0.0100,-0.6619,0.750000,0.845692,0.851859,-25.1900,-27.0273,0.875000,0.727214,0.610917,0.790069,0.620651,0.911572,0.098297,0.865455,0.166516,0.909356,0.877451,0.992345,0.700008,0.979155,0.631948,0.935462,0.612874,0.806580,0.890006,0.950417,0.535728,0.563927,0.393578,0.582189,0.498104,0.985116,0.375474,0.987478,0.365560,0.920102,0.707265,0.867567,0.896248,0.529374,0.456051,0.473341,0.467933,0.994208,0.997834,0.996398,0.970591,0.997068,0.956230
ENSDARG00000037060_32_5,-2.5100,-2.9105,0.750000,0.744922,0.668752,-30.3300,-31.2536,0.375000,0.439308,0.497234,0.041760,0.787432,0.049380,0.594820,0.425371,0.725795,0.679298,0.939064,0.601407,0.923216,0.969487,0.598228,0.994999,0.529372,0.955856,0.585746,0.972339,0.552401,0.978755,0.085843,0.642510,0.066157,0.104508,0.042154,0.375145,0.933989,0.067395,0.875851,0.632970,0.443092,0.968973,0.665024,0.998572,0.085530,0.977560,0.410158,0.949437,0.069917,0.989322,0.030899
ENSDARG00000037060_32_6,-2.5300,-2.9354,0.250000,0.328500,0.457351,-31.4000,-32.0736,0.250000,0.295428,0.299493,0.963531,0.983409,0.964832,0.241500,0.081675,0.189353,0.092798,0.171305,0.997280,0.970899,0.145379,0.946819,0.058301,0.054311,0.049811,0.021807,0.209083,0.014182,0.994340,0.006824,0.999356,0.004678,0.962627,0.021348,0.961960,0.111638,0.212689,0.013260,0.019509,0.005938,0.030723,0.839233,0.146972,0.055004,0.329475,0.179611,0.129069,0.986724,0.797603,0.172018
ENSDARG00000037060_32_7,-1.1800,-1.7654,0.750000,0.806840,0.716440,-34.5400,-35.5802,0.625000,0.559411,0.393219,0.610158,0.008729,0.583686,0.005396,0.505103,0.004919,0.971806,0.006282,0.965687,0.005788,0.500439,0.006662,0.522092,0.996445,0.533128,0.187483,0.999697,0.583994,0.997789,0.977211,0.602219,0.538653,0.082267,0.067536,0.134122,0.067039,0.515976,0.011070,0.998093,0.012844,0.989559,0.923930,0.909214,0.988939,0.942465,0.604636,0.974315,0.936360,0.990976,0.930466
ENSDARG00000037060_32_8,-2.4700,-2.5953,1.000000,0.958622,0.775863,-29.7300,-31.5386,0.625000,0.507915,0.430294,0.030393,0.522156,0.017755,0.429352,0.921477,0.329800,0.974198,0.410928,0.999238,0.291882,0.999977,0.278580,0.056645,0.009742,0.045319,0.202306,0.954713,0.972239,0.986288,0.964593,0.925240,0.021382,0.937042,0.109602,0.973256,0.542263,0.981753,0.918342,0.997575,0.824761,0.914470,0.315145,0.900884,0.037836,0.970807,0.543017,0.956249,0.573226,0.973983,0.308731
ENSDARG00000037060_32_10,-3.6300,-3.7765,1.000000,0.965235,0.700949,-30.7500,-32.3757,0.375000,0.381849,0.327586,0.989484,0.998311,0.005361,0.928920,0.003333,0.420705,0.095527,0.066820,0.973314,0.062625,0.975899,0.067435,0.999794,0.063372,0.999142,0.061653,0.169913,0.777413,0.057673,0.018125,0.055532,0.004245,0.972136,0.027311,0.919961,0.996076,0.917075,0.754638,0.927661,0.171179,0.999780,0.172434,0.999394,0.945348,0.980286,0.002794,0.977840,0.007361,0.999880,0.004964
ENSDARG00000038188_15_2,-2.0100,-2.2198,1.000000,0.918997,0.772996,-29.4700,-30.3937,0.375000,0.423341,0.522207,0.138593,0.063984,0.138582,0.086632,0.999938,0.911355,0.998928,0.925499,0.999127,0.935329,0.985827,0.947550,0.994137,0.975475,0.190494,0.065574,0.081892,0.078138,0.803297,0.906150,0.782321,0.194897,0.994817,0.966836,0.989486,0.969024,0.992404,0.172644,0.999074,0.175809,0.998988,0.991266,0.937202,0.143374,0.749230,0.019789,0.804246,0.037285,0.881344,0.877532
ENSDARG00000038188_15_4,-5.0200,-5.2524,0.375000,0.389519,0.501096,-29.4700,-30.6974,0.625000,0.526785,0.401246,0.948073,0.259751,0.808733,0.210348,0.878078,0.254731,0.229916,0.897152,0.021876,0.141351,0.015556,0.082370,0.999441,0.772877,0.054208,0.022801,0.052488,0.035473,0.999182,0.103711,0.948524,0.269262,0.949701,0.760810,0.999978,0.820493,0.005221,0.170613,0.004216,0.016625,0.951814,0.093855,0.067166,0.770272,0.071470,0.689257,0.157162,0.855193,0.859125,0.797974
ENSDARG00000038188_15_5,-3.8500,-4.5528,0.875000,0.694966,0.682117,-34.1100,-35.2987,0.375000,0.437033,0.318156,0.861724,0.257664,0.812881,0.121315,0.915754,0.948267,0.782322,0.044699,0.449200,0.005417,0.629551,0.010801,0.472174,0.012768,0.885112,0.436299,0.997164,0.417214,0.831847,0.456862,0.319978,0.083652,0.124912,0.071899,0.127783,0.078109,0.946130,0.909581,0.992846,0.991320,0.865527,0.825661,0.562136,0.294295,0.666374,0.150560,0.519605,0.144496,0.879325,0.102246
ENSDARG00000038188_15_6,-7.1600,-7.5966,0.375000,0.519855,0.545622,-32.5500,-33.5541,0.250000,0.299058,0.437487,0.622264,0.110980,0.603225,0.108280,0.114768,0.037015,0.170763,0.199176,0.385926,0.869089,0.386217,0.861788,0.383473,0.872252,0.896647,0.939999,0.898061,0.950302,0.997389,0.996659,0.687358,0.293829,0.607520,0.117907,0.607157,0.117776,0.621167,0.130438,0.999880,0.205947,0.378261,0.027288,0.378264,0.036400,0.378009,0.881296,0.380050,0.129111,0.416048,0.864206
ENSDARG00000038188_15_7,-3.8300,-4.3071,0.250000,0.441146,0.530379,-38.3800,-38.6958,0.625000,0.622497,0.398992,0.915447,0.004625,0.915614,0.000872,0.915419,0.000457,0.997322,0.000508,0.443473,0.000332,0.088913,0.000232,0.015584,0.006429,0.008016,0.999101,0.340674,0.969247,0.442761,0.996775,0.996953,0.016403,0.998226,0.004891,0.744892,0.000432,0.186232,0.000552,0.179798,0.999780,0.999183,0.996170,0.323354,0.995747,0.327843,0.963617,0.328132,0.997085,0.439737,0.026592
ENSDARG00000038188_15_8,-0.1500,-0.9355,1.000000,0.857083,0.807914,-30.3800,-31.1765,0.625000,0.664676,0.404790,0.818125,0.051615,0.677405,0.039703,0.464326,0.041817,0.763187,0.963684,0.995492,0.963689,0.803129,0.059263,0.796602,0.041237,0.518354,0.053438,0.647478,0.006039,0.989427,0.214743,0.998197,0.204546,0.829888,0.138615,0.537797,0.123809,0.582504,0.136159,0.994196,0.949967,0.843198,0.975356,0.999073,0.999101,0.949804,0.961217,0.960913,0.987834,0.989176,0.183962
ENSDARG00000038188_15_9,-3.7700,-3.9507,0.500000,0.504960,0.601874,-34.9600,-35.9955,0.375000,0.392090,0.331390,0.965432,0.401728,0.941369,0.396425,0.973938,0.147302,0.175621,0.193811,0.062657,0.293221,0.064697,0.554877,0.040133,0.464949,0.966276,0.448963,0.952513,0.580237,0.962020,0.001488,0.945771,0.000092,0.947372,0.007985,0.943176,0.999560,0.973269,0.010097,0.970489,0.021375,0.057881,0.956951,0.072709,0.114514,0.009238,0.003472,0.118361,0.031155,0.894554,0.999598
ENSDARG00000038188_15_10,-2.6100,-2.8855,1.000000,0.869601,0.687521,-28.9800,-30.0438,0.375000,0.393894,0.501186,0.012824,0.246093,0.040223,0.064580,0.343453,0.113394,0.758646,0.996329,0.747377,0.758116,0.997032,0.758956,0.995291,0.801055,0.997938,0.960670,0.999991,0.957727,0.331841,0.410655,0.294479,0.404714,0.274525,0.400275,0.729133,0.085030,0.742373,0.110327,0.997262,0.041761,0.999603,0.929661,0.740450,0.007671,0.767120,0.073430,0.991034,0.969204,0.989832,0.934071
ENSDARG00000039878_12_1,-2.5500,-3.0603,0.375000,0.413411,0.530541,-32.6000,-33.4212,0.625000,0.624538,0.419255,0.984487,0.115251,0.080177,0.152009,0.063582,0.999669,0.547349,0.066206,0.509377,0.002596,0.069097,0.002303,0.063680,0.001256,0.994499,0.000693,0.993084,0.049496,0.999843,0.970219,0.999379,0.970627,0.998975,0.058464,0.956162,0.002382,0.014641,0.001766,0.076804,0.968683,0.055563,0.206146,0.101679,0.988146,0.118265,0.902119,0.999913,0.958024,0.984261,0.969039
ENSDARG00000039878_12_2,-5.9100,-6.3766,0.375000,0.611436,0.554939,-33.4900,-34.3075,0.625000,0.627545,0.373173,0.114418,0.010206,0.021527,0.000567,0.519321,0.004678,0.005106,0.003721,0.448027,0.992381,0.473040,0.150350,0.998181,0.125987,0.987323,0.126469,0.987560,0.892251,0.552563,0.102231,0.550628,0.016091,0.549594,0.018175,0.581764,0.878711,0.999965,0.979446,0.461348,0.952830,0.463580,0.917027,0.451562,0.094224,0.967673,0.152890,0.465578,0.173264,0.500020,0.871968
ENSDARG00000039878_12_3,-9.7500,-9.7919,0.375000,0.376442,0.501082,-32.6300,-34.1658,0.250000,0.387729,0.527324,0.003040,0.637371,0.000039,0.634799,0.005959,0.682745,0.003075,0.706991,0.986346,0.993983,0.015619,0.684378,0.996833,0.748030,0.999912,0.564235,1.000000,0.877553,0.999897,0.309456,0.999476,0.301508,0.999912,0.303602,0.010416,0.494169,0.997430,0.828676,0.000602,0.046379,0.000012,0.004677,0.011489,0.015870,0.009151,0.006561,0.982439,0.868051,1.000000,0.837445
ENSDARG00000039878_12_4,-5.1100,-5.6957,0.625000,0.585150,0.573685,-32.3900,-33.2863,0.375000,0.428702,0.470640,0.018225,0.966040,0.017170,0.923033,0.019417,0.896475,1.000000,0.885905,0.232274,0.878732,0.542600,0.143291,0.907190,0.032851,1.000000,0.047976,1.000000,0.992730,0.619301,0.117515,0.514618,0.039919,0.921698,0.058725,0.668043,0.041053,0.027442,0.007699,0.017775,0.434860,0.003084,0.591007,0.984254,0.315203,0.984239,0.302916,0.996364,0.964101,1.000000,0.772775
ENSDARG00000039878_12_5,-3.6500,-3.8083,0.500000,0.533319,0.623401,-29.4100,-30.5893,0.625000,0.598727,0.454309,0.982435,0.086037,0.984918,0.018047,0.999937,0.099719,0.996600,0.104464,0.996209,0.142017,0.199526,0.116037,0.081908,0.437257,0.077234,0.443071,0.012117,0.309697,0.920660,0.854458,0.950254,0.818591,0.999664,0.866969,0.999991,0.749589,0.999929,0.731104,0.950220,0.686813,0.019033,0.292432,0.016469,0.290844,0.083466,0.436847,0.200919,0.822888,0.996522,0.779299
ENSDARG00000039878_12_7,-1.1300,-1.5958,0.500000,0.584986,0.661830,-33.8700,-34.5818,0.250000,0.281625,0.319940,0.978905,0.963486,0.975338,0.971770,0.971540,0.146107,0.933474,0.002021,0.904575,0.001899,0.863675,0.001846,0.940175,0.004518,0.246017,0.067898,0.136470,0.990550,0.090168,0.018984,0.534097,0.002251,0.982279,0.974462,0.999420,0.077065,0.999810,0.181503,0.835987,0.830255,0.861303,0.957484,0.412082,0.071048,0.224075,0.043073,0.202846,0.051134,0.144365,0.041438
ENSDARG00000039878_12_8,-5.1300,-5.5169,0.625000,0.630865,0.655723,-32.9300,-34.2767,0.250000,0.384298,0.316916,0.785337,0.559979,0.782902,0.019057,0.019963,0.003081,0.080602,0.027435,0.191772,0.362956,0.998525,0.387381,0.999665,0.404091,0.761261,0.541497,0.988380,0.412004,0.780150,0.144016,0.826795,0.157910,0.852175,0.244541,0.744019,0.622400,0.773898,0.918443,0.884759,0.247281,0.998785,0.256546,0.221336,0.179328,0.217058,0.004949,0.217850,0.007032,0.989217,0.838403
ENSDARG00000039878_12_9,-4.3300,-4.4651,0.625000,0.621392,0.615520,-31.0900,-32.1302,0.625000,0.596576,0.398929,0.015543,0.044027,0.014448,0.040758,0.016181,0.006447,0.977495,0.001000,0.986273,0.000955,0.159477,0.001490,0.986136,0.051214,0.999960,0.955647,0.999997,0.936568,0.999678,0.134033,0.991973,0.133072,0.192110,0.900766,0.996020,0.895415,0.999271,0.371186,0.018979,0.986495,0.022998,0.012530,0.001184,0.021885,0.977321,0.999694,0.977298,0.489743,0.978065,0.995662
ENSDARG00000039878_12_10,-8.4800,-9.0136,0.500000,0.531162,0.554938,-33.1600,-34.8725,0.125000,0.176179,0.413072,0.002736,0.003760,0.000015,0.000517,0.000009,0.000014,0.001117,0.001632,0.999957,0.999882,0.545565,0.571623,1.000000,0.999344,0.999999,0.999332,0.999942,0.999271,0.994904,0.994027,0.959867,0.957830,0.345356,0.324771,0.006828,0.005255,0.002830,0.001512,0.008697,0.009620,0.242453,0.229604,0.993642,0.933199,0.996859,0.119404,0.998011,0.093698,0.999980,0.017144
ENSDARG00000040948_0_1,-8.1600,-8.3107,0.625000,0.601252,0.485027,-36.8100,-37.2904,0.750000,0.746387,0.458134,0.004808,0.157314,0.002321,0.141702,0.193941,0.116320,0.002450,0.092329,0.006772,0.881718,0.808463,0.787108,0.838054,0.999388,0.997881,0.007905,0.997868,0.002829,0.997351,0.002807,0.038359,0.000206,0.002258,0.001949,0.002373,0.980663,0.003592,0.990898,0.175998,0.969778,0.804621,0.012102,0.827154,0.028116,0.997885,0.997772,0.998552,0.997479,0.999839,0.994291
ENSDARG00000040948_0_2,-10.2300,-10.4954,0.250000,0.252299,0.401827,-39.8800,-41.0558,0.375000,0.381665,0.383343,0.013837,0.587652,0.000116,0.036617,0.000394,0.432126,0.099616,0.451964,0.948140,0.463907,0.267079,0.735408,0.005114,0.338362,0.683999,0.567962,0.999982,0.995704,0.999976,0.001205,0.999906,0.000210,0.999999,0.002415,0.002248,0.999610,0.006106,0.999564,0.999593,0.003505,0.047976,0.000011,0.000057,0.000646,0.000277,0.001201,0.001344,0.998695,0.960788,0.050089
ENSDARG00000040948_0_3,-4.6600,-4.9337,0.250000,0.293543,0.434828,-28.4200,-29.8842,0.250000,0.304924,0.424102,0.970005,0.772770,0.938528,0.791859,0.014352,0.009415,0.039909,0.047906,0.106190,0.111018,0.974994,0.970927,0.254302,0.263166,0.029220,0.042631,0.026479,0.039489,0.996687,0.997047,0.997546,0.997830,1.000000,0.998589,1.000000,0.991027,0.029966,0.055125,0.004671,0.024196,0.224376,0.238282,0.996580,0.981929,0.077364,0.093986,0.002302,0.020667,0.013087,0.034178
ENSDARG00000040948_0_4,-2.2900,-2.4064,1.000000,0.953731,0.698448,-33.0800,-33.8026,0.875000,0.775966,0.374721,0.064582,0.006408,0.873533,0.002851,0.036897,0.001465,0.046606,0.005444,0.996525,0.036604,0.997356,0.037767,0.998802,0.002492,0.989543,0.987491,0.150242,0.077590,0.155456,0.054689,0.992400,0.027125,0.037175,0.046772,0.883210,0.956331,0.880953,0.593457,0.891424,0.623289,0.989415,0.902295,0.990310,0.951374,0.997370,0.998531,0.998918,0.997830,0.998250,0.184624
ENSDARG00000040948_0_5,-7.4800,-7.5910,0.375000,0.393036,0.514417,-30.9100,-32.4480,0.250000,0.316115,0.404598,0.999859,0.428488,0.998557,0.212121,0.155340,0.578208,0.988693,0.732762,0.000472,0.552910,0.000315,0.568741,0.000070,0.054532,0.000765,0.114083,1.000000,0.988411,0.999998,0.449237,0.999998,0.444191,0.999998,0.439353,0.996728,0.435219,0.002214,0.048280,0.001628,0.201838,0.001906,0.401427,0.005686,0.390845,0.993567,0.719804,0.142554,0.084950,1.000000,0.246558
ENSDARG00000040948_0_6,-3.3100,-3.6576,0.375000,0.368478,0.489908,-33.2800,-33.7998,0.250000,0.282641,0.378100,0.964279,0.988326,0.868135,0.108030,0.902718,0.108093,0.792362,0.071248,0.166125,0.069331,0.025175,0.984970,0.011567,0.982644,0.039569,0.972326,0.132227,0.983018,0.998684,0.017758,0.998092,0.005342,0.951404,0.009780,0.922646,0.007830,0.058510,0.177628,0.090598,0.984766,0.090219,0.067494,0.014262,0.004255,0.240731,0.004569,0.659358,0.015829,0.871502,0.998758
ENSDARG00000040948_0_7,-1.4200,-1.7629,0.750000,0.730535,0.724106,-31.6900,-32.1315,0.625000,0.609283,0.462734,0.276073,0.946401,0.278215,0.083419,0.993738,0.111145,0.999975,0.998555,0.426198,0.063645,0.999165,0.051407,0.819503,0.058093,0.797887,0.993436,0.883919,0.979136,0.918787,0.050209,0.259423,0.037362,0.984953,0.007613,0.998418,0.000055,0.288463,0.000110,0.288993,0.000396,0.852957,0.999866,0.786789,0.903371,0.799339,0.977529,0.829814,0.995833,0.999506,0.997107
ENSDARG00000040948_0_8,-1.6800,-2.4499,0.500000,0.435892,0.519568,-30.0500,-31.0964,0.125000,0.201089,0.458206,0.999465,0.969251,0.986460,0.933914,0.986803,0.700086,0.526751,0.643281,0.523922,0.685871,0.282941,0.714448,0.050451,0.867716,0.228829,0.746545,0.509818,0.190791,0.508137,0.066078,0.587053,0.086864,0.713593,0.950554,0.530624,0.196231,0.523530,0.159593,0.103080,0.895690,0.020560,0.044002,0.510341,0.048712,0.510737,0.048654,0.523302,0.103326,0.764962,0.112506
ENSDARG00000040948_0_9,-1.2800,-1.8789,0.500000,0.752749,0.640923,-29.9200,-30.8057,0.375000,0.389830,0.481532,0.592436,0.966230,0.632101,0.958109,0.088051,0.968063,0.478929,0.825708,0.104354,0.834646,0.544532,0.834541,0.999996,0.995240,0.980816,0.014196,0.685012,0.011203,0.654928,0.029431,0.530513,0.010299,0.504790,0.064333,0.891236,0.997098,0.597228,0.019970,0.587661,0.061979,0.991648,0.969802,0.548216,0.045324,0.927099,0.027811,0.512570,0.025886,0.966334,0.970769
ENSDARG00000040948_0_10,0.0000,-0.3897,1.000000,0.969880,0.937078,-25.1900,-26.6388,0.625000,0.511279,0.649943,0.596859,0.382647,0.944505,0.593461,0.953223,0.641240,0.993149,0.938336,0.997774,0.892720,0.998761,0.973334,0.998295,0.969824,0.603025,0.719572,0.997241,0.902230,0.985004,0.894496,0.954476,0.504112,0.960212,0.496649,0.960076,0.506454,0.968958,0.559961,0.966273,0.976953,0.998800,0.986973,0.991725,0.851039,0.952252,0.124714,0.951293,0.038234,0.969658,0.045905
ENSDARG00000041572_0_1,-4.8400,-4.9536,0.250000,0.273000,0.418392,-35.1500,-36.6724,0.250000,0.328531,0.368005,0.998509,0.634229,0.151383,0.338176,0.051198,0.661776,0.006632,0.366123,0.002735,0.352342,0.982787,0.595042,0.001455,0.015219,0.000369,0.480739,0.989008,0.003642,0.999782,0.266972,0.999986,0.772888,0.999997,0.244711,0.999544,0.284441,0.017808,0.349468,0.006945,0.398914,0.983092,0.643508,0.001564,0.456126,0.003287,0.244831,0.034547,0.166699,0.137210,0.084256
ENSDARG00000041572_0_2,-2.6500,-3.0433,0.500000,0.477231,0.581426,-34.8500,-35.8867,0.125000,0.127735,0.459186,0.997679,0.894033,0.999219,0.988004,0.681245,0.997896,0.058004,0.827388,0.383390,0.839477,0.013746,0.742369,0.033661,0.450764,0.927837,0.492032,0.740357,0.191679,0.991962,0.678975,0.983798,0.939003,0.999764,0.120223,0.999702,0.006582,0.663283,0.004400,0.901937,0.000374,0.597655,0.000278,0.129837,0.006126,0.072372,0.999907,0.061764,0.002512,0.391300,0.001704
ENSDARG00000041572_0_3,-4.8100,-5.0222,0.625000,0.649240,0.420757,-33.2400,-34.7995,0.125000,0.333306,0.350948,0.189578,0.011818,0.001304,0.001463,0.003710,0.000865,0.001285,0.000760,0.002149,0.001583,0.009544,0.004465,0.999978,0.911291,0.999812,0.898164,0.999962,0.872635,0.009577,0.346565,0.002245,0.649053,0.002065,0.653842,0.003733,0.354276,0.008178,0.609378,0.265196,0.646980,0.926361,0.667975,0.990534,0.029849,0.999936,0.128101,0.999990,0.113564,0.999996,0.116327
ENSDARG00000041572_0_4,-2.0200,-2.6308,0.500000,0.419578,0.533820,-29.3400,-31.1745,0.375000,0.496639,0.503391,0.703122,0.265579,0.713485,0.201778,0.722877,0.514502,0.788683,0.916920,0.260552,0.896773,0.091781,0.950416,0.035569,0.960056,0.034650,0.947945,0.992604,0.408716,0.983907,0.009823,0.995302,0.010725,0.997241,0.011477,0.036983,0.007990,0.039828,0.984701,0.093256,0.985232,0.275476,0.563199,0.502568,0.107257,0.453845,0.123342,0.989567,0.994781,0.965099,0.206606
ENSDARG00000041572_0_5,-4.7800,-4.9051,1.000000,0.988860,0.613657,-34.1100,-35.6306,0.375000,0.404269,0.350148,0.154939,0.953734,0.014053,0.073274,0.002794,0.008496,0.002148,0.004251,0.999459,0.040172,0.982408,0.033307,0.986498,0.500593,0.998396,0.804148,0.022541,0.443265,0.021867,0.315374,0.022330,0.286457,0.154827,0.305727,0.999260,0.170371,0.977711,0.057910,0.976921,0.029613,0.977743,0.046944,0.980736,0.199306,0.999581,0.986850,0.999143,0.876893,0.999789,0.866268
ENSDARG00000041572_0_6,-6.0500,-6.2969,0.375000,0.412658,0.530105,-35.5900,-36.5732,0.500000,0.585437,0.423845,0.998056,0.893089,0.995219,0.185975,0.995749,0.111514,0.997596,0.113878,0.016641,0.141243,0.007334,0.279174,0.005976,0.272436,0.004331,0.008160,0.284350,0.711587,0.996622,0.712856,0.999585,0.179421,0.999374,0.184078,0.998472,0.195819,0.998945,0.994334,0.956978,0.966363,0.319532,0.968966,0.000763,0.569340,0.000840,0.047882,0.008176,0.471573,0.017555,0.469219
ENSDARG00000041572_0_7,-3.8500,-4.2432,0.500000,0.448337,0.558487,-31.2500,-32.7779,0.500000,0.507166,0.420389,0.998349,0.278053,0.998533,0.265331,0.998671,0.265478,0.999232,0.298134,0.992266,0.924573,0.016057,0.151395,0.007324,0.150978,0.017306,0.067860,0.009451,0.186754,0.556622,0.379839,0.990278,0.687513,0.998962,0.694545,0.998053,0.695084,0.999371,0.987096,0.547997,0.686771,0.991865,0.997197,0.003510,0.016601,0.003937,0.020334,0.017141,0.327035,0.024820,0.327207
ENSDARG00000041572_0_8,-5.0400,-5.4613,0.625000,0.611170,0.590084,-37.4000,-38.4661,0.375000,0.379117,0.363562,0.406272,0.964898,0.380488,0.407335,0.058322,0.434871,0.014616,0.814629,0.545896,0.816057,0.544631,0.370337,0.960375,0.306027,0.993344,0.117976,0.999237,0.001380,0.998149,0.001031,0.999901,0.001431,0.011079,0.002342,0.011741,0.020772,0.007206,0.996834,0.054312,0.994877,0.999625,0.995801,0.994485,0.020149,0.998839,0.000108,0.905770,0.000099,0.917385,0.004294
ENSDARG00000041572_0_9,-8.5700,-9.0099,0.125000,0.127166,0.301732,-33.7900,-35.3469,0.250000,0.249545,0.517181,0.001836,0.806872,0.000504,0.601242,0.498390,0.710694,0.502999,0.927726,0.006762,0.911373,0.000090,0.950351,0.001014,0.682152,0.005721,0.495558,1.000000,0.910578,1.000000,0.273076,0.999994,0.988921,0.999992,0.088725,0.005722,0.000252,0.001018,0.000805,0.000092,0.000401,0.006768,0.000051,0.001387,0.006994,0.001368,0.001289,0.000974,0.987846,1.000000,0.998720
ENSDARG00000041572_0_10,-2.6000,-3.1456,0.375000,0.478431,0.575015,-37.8300,-38.8547,0.250000,0.435053,0.332433,0.556499,0.538039,0.968814,0.535193,0.196083,0.530535,0.194512,0.564633,0.983723,0.074816,0.177837,0.080452,0.199641,0.050171,0.837343,0.031834,0.815375,0.041778,0.845934,0.590468,0.899534,0.071056,0.997563,0.059264,0.956242,0.269382,0.160622,0.015418,0.168141,0.391194,0.971564,0.387259,0.067966,0.379755,0.124457,0.997029,0.892118,0.999095,0.486336,0.041291
ENSDARG00000042826_0_1,-5.2900,-6.1231,0.750000,0.647574,0.513718,-34.1500,-35.5233,0.125000,0.212643,0.316205,0.336465,0.499641,0.001731,0.031576,0.004722,0.020941,0.480688,0.483764,0.999522,0.957091,0.990877,0.954131,0.527918,0.487433,0.524430,0.482444,0.214184,0.010104,0.408557,0.348648,0.206482,0.335808,0.398194,0.011369,0.364157,0.115227,0.524036,0.119535,0.968568,0.036233,0.999446,0.039693,0.983540,0.106475,0.666449,0.067037,0.334118,0.365921,0.340279,0.851028
ENSDARG00000042826_0_2,-3.6100,-4.0679,0.500000,0.580341,0.652373,-35.6200,-36.2646,0.500000,0.496082,0.490313,0.874618,0.373646,0.871220,0.407307,0.948058,0.051385,0.996831,0.034192,0.717773,0.983879,0.122775,0.003410,0.285943,0.004174,0.210947,0.988377,0.495555,0.978064,0.999602,0.982375,0.999952,0.995878,0.881466,0.034922,0.413020,0.004043,0.293621,0.000117,0.001223,0.000144,0.001741,0.000645,0.999957,0.999394,0.999968,0.999237,0.933200,0.976963,0.999998,0.988115
ENSDARG00000042826_0_3,-5.3600,-6.0383,0.625000,0.665345,0.580151,-32.7400,-34.2442,0.625000,0.576477,0.444111,0.695570,0.521979,0.494475,0.447301,0.172864,0.105887,0.445756,0.482969,0.491387,0.648254,0.940138,0.864348,0.989624,0.845390,0.939457,0.228240,0.584700,0.032631,0.127400,0.029159,0.127754,0.044575,0.271131,0.019675,0.063517,0.015674,0.910759,0.880233,0.875403,0.900164,0.998444,0.882110,0.938237,0.884135,0.269361,0.040308,0.267051,0.040616,0.999991,0.968578
ENSDARG00000042826_0_4,-5.7100,-5.8540,1.000000,0.999285,0.619822,-33.1300,-34.6712,0.375000,0.456300,0.410082,0.934565,0.831755,0.066808,0.402232,0.000947,0.471702,0.001402,0.471922,0.198556,0.192567,0.999904,0.525375,0.999224,0.521815,0.999073,0.998907,0.134913,0.083683,0.000615,0.014774,0.063955,0.033118,0.002192,0.003395,0.999691,0.990284,0.999658,0.937952,0.999866,0.958054,0.999141,0.386461,0.999069,0.075651,0.998394,0.009324,0.998517,0.011852,0.999945,0.280820
ENSDARG00000042826_0_5,-1.4700,-2.0781,0.250000,0.451075,0.537980,-31.2800,-32.1331,0.500000,0.505971,0.422889,0.067011,0.005096,0.067723,0.001299,0.990431,0.000962,0.964844,0.001860,0.600872,0.012615,0.184957,0.119227,0.183148,0.965501,0.340497,0.972927,0.983113,0.138694,0.997650,0.358532,0.983037,0.834715,0.787711,0.998580,0.222376,0.984597,0.210755,0.056065,0.515231,0.005168,0.563026,0.331200,0.066495,0.009243,0.051242,0.667034,0.986285,0.999932,0.993188,0.994528
ENSDARG00000042826_0_6,-2.6300,-3.0061,0.500000,0.626806,0.588006,-33.2900,-34.9043,0.375000,0.329775,0.476013,0.033256,0.714701,0.033066,0.548699,0.896413,0.825959,0.999911,0.993520,0.999889,0.969930,0.996250,0.977256,0.999835,0.594384,0.902923,0.520641,0.107294,0.342725,0.133795,0.389612,0.323751,0.003383,0.319295,0.001237,0.346804,0.594023,0.965750,0.992093,0.966442,0.025942,1.000000,0.008556,0.409722,0.004340,0.322451,0.078580,0.214600,0.012292,0.788676,0.922378
ENSDARG00000042826_0_7,0.0000,-0.5024,1.000000,0.844516,0.843914,-35.7600,-36.6535,0.875000,0.890014,0.501430,0.950239,0.997214,0.988897,0.003821,0.581460,0.000928,0.569507,0.000619,0.675969,0.001138,0.997820,0.000299,0.646961,0.000033,0.974726,0.002349,0.999592,0.002865,0.995845,0.017839,0.996183,0.944399,0.744947,0.936974,0.951782,0.914789,0.625633,0.888404,0.620789,0.931412,0.597035,0.850026,0.973500,0.908637,0.999597,0.990218,0.988775,0.989214,0.999014,0.647416
ENSDARG00000042826_0_8,-2.1100,-2.6761,0.750000,0.724892,0.762855,-30.0100,-30.8131,0.125000,0.158822,0.490715,0.670198,0.170110,0.680816,0.165405,0.679812,0.969083,0.301670,0.954587,0.301728,0.961058,1.000000,0.998772,0.996083,0.986793,1.000000,0.990700,1.000000,0.998442,0.915205,0.175929,0.912456,0.181892,1.000000,0.990959,1.000000,0.213858,0.096333,0.018686,0.098333,0.011455,1.000000,0.999872,0.883452,0.005614,1.000000,0.005401,0.721016,0.005127,1.000000,0.010559
ENSDARG00000042826_0_9,-0.0800,-1.0546,0.750000,0.754388,0.772340,-35.0900,-36.1542,0.625000,0.628575,0.400134,0.631149,0.005162,0.726414,0.001423,0.724797,0.000562,0.857393,0.000416,0.994063,0.000586,0.612379,0.005019,0.980946,0.355546,0.678846,0.975758,0.532520,0.229599,0.826917,0.319284,0.995476,0.565183,0.850794,0.515546,0.721999,0.040836,0.247072,0.033010,0.288360,0.037661,0.965228,0.967984,0.998729,0.991488,0.826355,0.978589,0.988770,0.995719,0.998594,0.983313
ENSDARG00000042861_0_2,-4.9000,-5.3254,0.875000,0.724058,0.580028,-36.7500,-37.3929,0.500000,0.541650,0.319918,0.448751,0.006048,0.423369,0.002260,0.904124,0.011042,0.497861,0.023197,0.006720,0.951680,0.504348,0.076099,0.504150,0.000375,0.511655,0.000284,0.501043,0.007891,0.497610,0.000296,0.999688,0.091495,0.008784,0.894485,0.001018,0.894229,0.503951,0.351460,0.505420,0.280372,0.993677,0.883504,0.984471,0.882960,0.925935,0.999870,0.920248,0.036781,0.957742,0.004029
ENSDARG00000042861_0_3,-0.1600,-1.2233,0.375000,0.587136,0.662890,-27.0300,-28.6375,0.500000,0.519239,0.483480,0.937340,0.724899,0.961261,0.531384,0.960384,0.575837,0.984074,0.661521,0.562981,0.784664,0.376973,0.899720,0.649090,0.347149,0.505116,0.219780,0.253259,0.142829,0.401144,0.270844,0.994623,0.250522,0.974460,0.106532,0.960572,0.168176,0.946375,0.105500,0.893580,0.206407,0.310538,0.264540,0.246998,0.820298,0.290568,0.704300,0.461824,0.937779,0.586634,0.946915
ENSDARG00000042861_0_4,0.0000,-0.8414,1.000000,0.827646,0.851482,-31.3300,-32.8712,1.000000,0.738752,0.493609,0.824930,0.326165,0.890787,0.040056,1.000000,0.034323,0.562060,0.011249,0.750745,0.725800,0.699448,0.446857,0.927596,0.108690,0.882108,0.454978,0.953149,0.099129,1.000000,0.965731,0.917640,0.366062,1.000000,0.383133,1.000000,0.379129,1.000000,0.376206,0.474361,0.347263,1.000000,0.990069,0.836888,0.954109,1.000000,0.963944,0.525247,0.945105,0.784674,0.954189
ENSDARG00000042861_0_5,-2.7900,-3.2082,0.375000,0.461511,0.572410,-32.8700,-33.9482,0.750000,0.678381,0.412154,0.974203,0.001640,0.977061,0.000688,0.140815,0.001073,0.099125,0.004162,0.103828,0.920530,0.979385,0.741667,0.414397,0.995308,0.799127,0.131066,0.440261,0.009497,0.999810,0.005171,0.928042,0.003554,0.900048,0.001677,0.164367,0.002287,0.993817,0.715844,0.409000,0.998384,1.000000,0.998432,0.030143,0.996977,0.028906,0.998491,0.068343,0.713159,0.997515,0.003471
ENSDARG00000042861_0_6,-3.4300,-3.9963,0.500000,0.533310,0.603133,-29.4600,-30.7521,0.500000,0.495663,0.431997,0.933852,0.589852,0.007282,0.367382,0.009707,0.372363,0.268546,0.133402,0.333917,0.429084,0.491369,0.424824,0.999995,0.434995,0.949038,0.141835,0.927468,0.086178,0.945982,0.159384,0.939316,0.606059,0.989712,0.929286,0.987298,0.935112,0.998306,0.989714,0.082461,0.937427,0.067700,0.034054,0.065235,0.010865,0.067157,0.008871,0.999994,0.999818,0.998327,0.049439
ENSDARG00000042861_0_7,-3.4700,-3.7662,0.625000,0.625931,0.642972,-33.4100,-34.0353,0.625000,0.624480,0.441846,0.664991,0.362123,0.698767,0.402739,0.993367,0.031995,0.999918,0.009580,0.718877,0.006295,0.720804,0.999701,0.023082,0.001953,0.295837,0.000738,0.311445,0.010421,0.993383,0.033540,0.717494,0.990969,0.714038,0.991034,0.033000,0.000792,0.291513,0.006269,0.027942,0.006362,0.717896,0.990580,0.999997,0.999739,0.999997,0.995789,0.937137,0.999559,0.999963,0.996749
ENSDARG00000042861_0_8,-2.1900,-2.7153,0.375000,0.404150,0.514516,-29.5000,-30.6439,0.500000,0.624966,0.426093,0.944939,0.204369,0.740007,0.183652,0.794135,0.949779,0.925951,0.081124,0.394174,0.151743,0.117682,0.332953,0.058545,0.340730,0.047706,0.402963,0.122788,0.813478,0.978437,0.044855,0.965368,0.008069,0.967376,0.008423,0.970034,0.011437,0.126875,0.362015,0.051624,0.975138,0.059058,0.973504,0.116399,0.970876,0.234389,0.979418,0.742846,0.374635,0.931978,0.352705
ENSDARG00000042861_0_9,-3.6600,-3.8051,0.625000,0.622536,0.682089,-29.6100,-31.2297,0.625000,0.533697,0.513631,0.019602,0.245899,0.016633,0.230620,0.014929,0.904813,0.985361,0.195500,0.996964,0.220026,0.999057,0.171426,0.826508,0.103495,0.979918,0.964058,0.978971,0.634531,0.999419,0.677900,0.997317,0.672002,0.846818,0.982769,0.973942,0.982587,0.007114,0.081304,0.010411,0.259309,0.026074,0.193887,0.988002,0.532902,0.987462,0.285099,0.987382,0.955419,0.999904,0.979071
ENSDARG00000042861_0_10,-3.2000,-3.4076,1.000000,0.930985,0.709110,-31.0600,-31.8290,0.375000,0.399919,0.471249,0.159505,0.011118,0.178670,0.010884,0.290579,0.137445,0.900798,0.935860,0.899955,0.995648,0.904739,0.976053,0.981195,0.969609,0.999202,0.995804,0.981815,0.975064,0.222029,0.153807,0.107513,0.031816,0.108315,0.032523,1.000000,0.170869,0.992205,0.079310,0.897274,0.070124,0.825485,0.003446,0.827129,0.004617,0.937945,0.928728,0.987523,0.991462,0.980320,0.950795
ENSDARG00000043130_33_1,-3.5000,-3.5580,1.000000,0.969634,0.791012,-29.1200,-30.1848,0.375000,0.461823,0.508816,0.089471,0.033058,0.077090,0.003989,0.986188,0.814913,0.994122,0.826689,0.944353,0.878778,0.947195,0.896232,0.997730,0.997862,0.958015,0.944335,0.017422,0.042572,0.060140,0.098671,1.000000,0.507401,0.991453,0.437245,0.955407,0.378985,0.955440,0.900275,1.000000,0.954894,0.926972,0.010278,0.926819,0.039628,0.998081,0.212301,0.994919,0.997925,0.999433,0.200297
ENSDARG00000043130_33_2,-2.1800,-2.8670,0.375000,0.603372,0.597739,-32.5600,-33.5229,0.500000,0.494805,0.485071,0.523036,0.570356,0.529887,0.453577,0.594572,0.956756,0.993631,0.815735,0.627403,0.835606,0.425231,0.078925,0.963169,0.049471,0.219736,0.005282,0.287382,0.965929,0.222963,0.956277,0.798936,0.031446,0.941860,0.023627,0.893645,0.000497,0.323319,0.000273,0.465578,0.958365,0.286783,0.001638,0.371497,0.043873,0.653446,0.999321,0.882826,0.998337,0.949880,0.956139
ENSDARG00000043130_33_4,-0.8100,-1.3426,0.750000,0.756343,0.799077,-29.4200,-30.4835,0.625000,0.551282,0.513265,0.980632,0.491241,0.971341,0.520953,0.986930,0.847151,0.999853,0.375139,1.000000,0.361344,0.774453,0.220087,0.738185,0.168474,0.786270,0.936977,1.000000,0.960626,0.999937,0.772499,0.375879,0.108944,0.317322,0.091610,0.952068,0.997718,0.999631,0.721722,0.998414,0.047593,0.586607,0.266544,0.539113,0.246975,0.823959,0.725688,0.577338,0.702399,0.573615,0.701620
ENSDARG00000043130_33_5,-5.0200,-5.5096,0.500000,0.555270,0.519350,-29.1300,-30.5746,0.750000,0.705694,0.535483,0.002543,0.451671,0.002282,0.405870,0.004043,0.471221,0.999088,0.500522,0.999146,0.646769,0.043301,0.441242,0.171714,0.673109,0.974230,0.277898,0.998974,0.282216,1.000000,0.237473,0.630117,0.235054,0.119411,0.441063,0.451118,0.469258,0.985771,0.791331,0.999987,0.984767,0.004084,0.948388,0.000246,0.235881,0.001324,0.236186,0.999997,0.992722,0.999631,0.987020
ENSDARG00000043130_33_6,-9.2400,-9.9123,0.250000,0.245918,0.396095,-35.4600,-36.7273,0.375000,0.366339,0.376213,0.000642,0.532821,0.000044,0.477674,0.000073,0.497508,0.002398,0.965209,0.452017,0.628457,0.632197,0.616133,0.685023,0.110945,0.509799,0.440782,0.678806,0.155773,0.999881,0.015537,0.999257,0.012736,0.994408,0.139976,0.554458,0.882198,0.273113,0.973554,0.136950,0.070261,0.001948,0.006243,0.000157,0.003825,0.000104,0.000027,0.000619,0.002305,0.999998,0.992295
ENSDARG00000043130_33_7,-0.7600,-1.5408,0.500000,0.648369,0.665772,-30.2600,-31.4657,0.250000,0.251962,0.454755,0.757580,0.886934,0.449193,0.521507,0.579056,0.531040,0.982796,0.994479,0.838003,0.996784,0.828270,0.969718,0.573454,0.475931,0.488977,0.411669,0.999916,0.153997,0.949622,0.104723,0.372924,0.038007,0.308694,0.994606,0.262709,0.000859,0.999979,0.002914,0.945321,0.002756,0.867285,0.010574,0.308444,0.994831,0.413694,0.985931,0.415217,0.004769,0.974303,0.013065
ENSDARG00000043130_33_8,-5.8300,-6.5135,0.625000,0.556577,0.495384,-33.6100,-34.7407,0.125000,0.214733,0.326461,0.135403,0.263832,0.011857,0.018561,0.033451,0.045478,0.006328,0.004916,0.237560,0.021151,0.986619,0.940311,0.765356,0.938188,0.777458,0.947608,0.999982,0.950734,0.394463,0.071312,0.382922,0.065920,0.723677,0.543334,0.872128,0.713017,0.291413,0.422665,0.193092,0.185793,0.200993,0.245795,0.625353,0.101814,0.620208,0.007426,0.649433,0.007762,0.999994,0.033593
ENSDARG00000043130_33_9,-1.5200,-2.5231,0.500000,0.568369,0.567017,-32.5300,-33.6737,0.500000,0.418605,0.467712,0.778530,0.981665,0.679596,0.981654,0.686079,0.981171,0.690032,0.964234,0.694195,0.959076,0.530623,0.964761,0.719787,0.144499,0.474285,0.005568,0.419709,0.003510,0.404226,0.012090,0.324273,0.003406,0.392063,0.003767,0.925528,0.009982,0.664828,0.028065,0.706123,0.915016,0.308493,0.828832,0.312120,0.427966,0.406268,0.909261,0.432620,0.127860,0.790970,0.101856
ENSDARG00000043130_33_10,-3.3800,-3.9600,0.875000,0.789003,0.636966,-33.2800,-34.0957,0.625000,0.644004,0.482002,0.997677,0.713750,0.779425,0.714610,0.416876,0.187043,0.065311,0.121187,0.005153,0.896927,0.107636,0.318985,0.999886,0.221880,0.998363,0.268098,0.999990,0.991945,0.942023,0.052135,0.109425,0.001072,0.005535,0.000372,0.005130,0.000201,0.477578,0.995999,0.835441,0.946875,0.999151,0.154988,0.998002,0.990564,0.997851,0.989757,0.999447,0.999853,0.999427,0.073793
ENSDARG00000043246_3_1,-0.8800,-1.2169,0.625000,0.695372,0.742015,-32.5200,-33.4264,0.625000,0.449055,0.471212,0.957232,0.996658,0.965238,0.004640,0.976113,0.001766,0.850643,0.001369,0.846513,0.001024,0.402924,0.001118,0.184207,0.003555,0.214830,0.987627,0.943502,0.978105,0.995025,0.877985,0.998967,0.990601,0.942126,0.987351,0.838079,0.021535,0.873994,0.005181,0.840658,0.025985,0.869271,0.998478,0.390931,0.534382,0.371553,0.539180,0.386309,0.500405,0.992182,0.967290
ENSDARG00000043246_3_2,-7.8700,-8.4929,0.375000,0.482019,0.519677,-36.1500,-37.1499,0.250000,0.286813,0.252677,0.495188,0.067852,0.411196,0.001054,0.540470,0.001494,0.522044,0.013515,0.722802,0.088766,0.330218,0.238178,0.329818,0.240100,0.608066,0.227386,0.598370,0.240854,0.639090,0.120117,0.670297,0.760276,0.669830,0.759445,0.660332,0.740888,0.692280,0.748007,0.360420,0.275170,0.329405,0.218144,0.330991,0.198623,0.330263,0.003288,0.349284,0.002927,0.803180,0.107455
ENSDARG00000043246_3_3,-8.6700,-8.8623,0.250000,0.283745,0.426989,-37.1100,-37.7477,0.375000,0.378710,0.501938,0.872903,0.993444,0.063933,0.002866,0.001173,0.001387,0.133915,0.001715,0.000050,0.000229,0.006809,0.018021,0.193034,0.998235,0.998117,0.999664,0.999958,0.999757,0.999972,0.998567,0.999973,0.998560,0.999984,0.996628,0.061284,0.995189,0.003186,0.013788,0.133526,0.002278,0.000017,0.000098,0.000155,0.000101,0.071794,0.024274,1.000000,0.999792,1.000000,0.994163
ENSDARG00000043246_3_4,-5.8700,-6.0204,0.375000,0.391330,0.424800,-31.7800,-33.3562,0.125000,0.233509,0.285897,0.172248,0.001719,0.114557,0.000644,0.123600,0.000850,0.999991,0.002689,0.035838,0.199522,0.002390,0.012366,0.005762,0.006186,0.881866,0.386444,0.911772,0.680342,0.999963,0.999806,0.998537,0.999661,0.118824,0.559646,0.105865,0.386868,0.041311,0.110715,0.884963,0.401699,0.013070,0.059218,0.010656,0.031319,0.074779,0.054075,1.000000,0.450199,1.000000,0.373981
ENSDARG00000043246_3_5,-4.2200,-4.2932,0.750000,0.746278,0.607359,-34.6600,-35.2006,0.250000,0.232378,0.397294,0.016631,0.978206,0.015439,0.973867,0.016662,0.974566,0.088282,0.986962,0.993510,0.987726,0.988935,0.146958,0.983504,0.003269,0.985444,0.004030,0.981046,0.005065,0.995417,0.070281,0.091621,0.084144,0.020458,0.871785,0.016665,0.829217,0.017555,0.014781,0.997597,0.002289,0.997843,0.000429,0.983660,0.000048,0.983469,0.004366,0.983376,0.011777,0.990061,0.996116
ENSDARG00000043246_3_6,-3.2700,-3.7837,0.250000,0.332074,0.465282,-29.6100,-30.4371,0.375000,0.594742,0.516971,0.968960,0.581661,0.546891,0.579227,0.999489,0.579790,0.077318,0.662618,0.018323,0.799270,0.012071,0.397463,0.012379,0.386320,0.039684,0.385464,0.994333,0.113626,0.992680,0.609468,0.994140,0.104024,0.992786,0.382555,0.048511,0.364849,0.021250,0.882136,0.016702,0.923242,0.010718,0.390464,0.070975,0.406520,0.501596,0.392746,0.992938,0.958091,0.993901,0.439889
ENSDARG00000043246_3_7,0.0000,-0.0119,1.000000,0.998448,0.997828,-34.2100,-34.8471,0.750000,0.702221,0.454298,0.999105,0.004701,0.999933,0.000943,0.987594,0.000568,0.999590,0.002243,0.999648,0.028759,0.995655,0.999729,0.999579,0.000160,0.998886,0.000017,0.996154,0.002807,0.998712,0.999842,0.998412,0.999764,0.995713,0.428662,0.999109,0.017759,0.999854,0.576484,0.990687,0.027297,0.999759,0.998808,0.999389,0.999926,0.999493,0.999239,0.999478,0.999506,0.999812,0.998746
ENSDARG00000043246_3_8,-1.6000,-1.9371,0.625000,0.605536,0.682799,-32.3900,-33.6413,0.750000,0.633290,0.459967,0.664634,0.993930,0.988167,0.003266,0.998389,0.001783,0.083164,0.002310,0.042835,0.001537,0.059011,0.001687,0.999738,0.010418,0.999778,0.017679,0.999480,0.973960,0.991876,0.658052,0.991548,0.512875,0.993075,0.955522,0.980048,0.871811,0.979137,0.963473,0.079418,0.959058,0.074900,0.987718,0.082762,0.486359,0.999756,0.497533,0.996432,0.161673,0.651836,0.138693
ENSDARG00000043246_3_9,-6.1800,-6.3413,0.750000,0.750173,0.516023,-30.8700,-32.1554,0.750000,0.702481,0.486312,0.001155,0.009770,0.000978,0.005628,0.999749,0.357691,0.000676,0.636064,0.000508,0.019547,0.157194,0.060978,1.000000,0.680897,0.999970,0.993066,0.999968,0.989052,0.157213,0.349434,0.000488,0.001368,0.001185,0.002898,0.930398,0.151032,0.001892,0.839581,0.069803,0.852831,0.999975,0.979881,0.999839,0.938090,0.999777,0.873837,0.999776,0.894716,0.999925,0.089876
ENSDARG00000043246_3_10,-2.3800,-2.7624,0.625000,0.662480,0.674112,-30.9700,-32.2424,0.125000,0.145908,0.478581,0.709863,0.194659,0.746437,0.208070,0.953001,0.953932,0.952930,0.953222,0.956595,0.955080,0.745116,0.895284,0.696137,0.795241,0.069487,0.271332,0.123679,0.374960,0.249095,0.969799,0.999399,0.924549,0.980658,0.908221,0.978560,0.955510,0.951334,0.092461,0.999998,0.037615,0.223693,0.007252,0.073919,0.000786,0.076063,0.000784,0.999854,0.033158,0.996416,0.039702
ENSDARG00000044098_0_1,-4.2100,-4.3797,0.500000,0.505440,0.603016,-31.0800,-32.2132,0.500000,0.461916,0.446595,0.827015,0.572233,0.918895,0.229504,0.809168,0.582388,0.968695,0.641003,0.832181,0.485303,0.147012,0.252828,0.188363,0.568339,0.175240,0.066748,0.188645,0.373827,0.979653,0.562283,0.990659,0.789629,0.991272,0.112489,0.987544,0.024788,0.870740,0.041031,0.196207,0.133243,0.027420,0.092909,0.135587,0.874350,0.010404,0.793227,0.908941,0.763375,0.906675,0.972402
ENSDARG00000044098_0_2,-3.4800,-4.5205,0.375000,0.393901,0.510227,-36.0200,-37.1050,0.750000,0.734564,0.423141,0.591368,0.980943,0.687016,0.008889,0.997957,0.020132,0.165678,0.038569,0.124283,0.003097,0.094358,0.003189,0.097795,0.002983,0.575956,0.000416,0.935011,0.010829,0.940847,0.017239,0.924366,0.750792,0.918687,0.749232,0.590491,0.935948,0.122668,0.948595,0.098292,0.859349,0.092352,0.852391,0.070259,0.214760,0.555855,0.161794,0.999964,0.999593,0.621330,0.904081
ENSDARG00000044098_0_3,-9.2100,-9.5982,0.500000,0.500168,0.547191,-35.7600,-36.4210,0.375000,0.379710,0.385818,0.001271,0.226707,0.000008,0.223445,0.000008,0.958028,0.000092,0.963888,0.473197,0.098897,0.999970,0.099809,0.997377,0.999110,0.999987,0.072641,0.999989,0.997077,1.000000,0.026236,0.997238,0.008284,0.473339,0.004565,0.000068,0.000495,0.000004,0.000020,0.000027,0.000072,0.001288,0.000137,0.999960,0.049407,0.999998,0.999289,1.000000,0.995637,0.999999,0.992623
ENSDARG00000044098_0_5,-2.0900,-2.3010,0.250000,0.330079,0.461998,-31.5700,-32.3363,0.250000,0.343060,0.367142,0.174589,0.794415,0.086761,0.125268,0.092310,0.136947,0.935345,0.820110,0.149464,0.323609,0.094512,0.280755,0.082672,0.264063,0.999559,0.913498,0.996424,0.777893,0.996420,0.054860,0.994049,0.045978,0.997218,0.060967,0.999230,0.146607,0.033081,0.129610,0.034832,0.091542,0.093135,0.110954,0.938628,0.108069,0.160446,0.252109,0.156731,0.916886,0.224545,0.988704
ENSDARG00000044098_0_6,-1.7000,-2.3108,0.625000,0.700043,0.711625,-30.1000,-31.8797,0.375000,0.392758,0.535250,0.152667,0.754207,0.153959,0.716028,0.948008,0.919424,0.237679,0.513641,0.977072,0.706398,0.999834,0.970368,0.995653,0.964871,0.968821,0.426654,0.894679,0.262585,0.768507,0.220904,0.895998,0.241980,0.639288,0.865865,0.475970,0.720686,0.299873,0.551650,0.228643,0.829194,0.891883,0.043965,0.881257,0.206036,0.910195,0.000637,0.912521,0.026282,1.000000,0.763615
ENSDARG00000044098_0_7,0.0000,-0.4917,1.000000,0.810460,0.830691,-38.5400,-39.1749,0.000000,0.051167,0.366583,0.846563,0.957982,0.787739,0.950867,0.870581,0.952652,0.920583,0.998104,0.713413,0.999903,0.624924,0.003441,0.785254,0.002854,0.750926,0.014985,0.946724,0.999756,0.944779,0.999771,0.940822,0.041924,0.997839,0.000078,0.986947,0.000004,0.986787,0.000108,0.712297,0.000024,0.735100,0.007092,0.786281,0.081245,0.715146,0.307933,0.720315,0.010355,0.840802,0.002577
ENSDARG00000044098_0_8,-4.1900,-4.2110,1.000000,0.997321,0.701281,-33.7100,-35.1144,0.500000,0.176539,0.363014,0.007244,0.319387,0.006460,0.020232,0.016829,0.058237,0.998795,0.997675,0.999134,0.778575,0.997212,0.669614,0.996249,0.668245,0.999926,0.670297,0.997463,0.989193,0.015876,0.339233,0.004427,0.306987,0.007434,0.030288,0.996693,0.104046,0.998750,0.001493,0.997085,0.001106,0.997161,0.006175,0.997634,0.335640,0.996715,0.335559,0.994968,0.303779,0.999561,0.324516
ENSDARG00000044098_0_9,-1.5700,-2.1557,0.625000,0.667289,0.686726,-28.8100,-30.1062,0.375000,0.395619,0.460661,0.310676,0.687050,0.280561,0.656230,0.931765,0.750301,0.445826,0.700885,0.845898,0.729288,0.942113,0.975832,0.999178,0.344520,0.781768,0.180423,0.687511,0.070301,0.558570,0.343592,0.616759,0.524617,0.995592,0.085228,0.513376,0.081888,0.319435,0.376557,0.399528,0.915336,0.815196,0.535284,0.761879,0.218923,0.756811,0.671500,0.774600,0.140134,0.997483,0.225326
ENSDARG00000044098_0_10,-4.4800,-4.8055,0.625000,0.604884,0.551410,-36.3200,-38.1747,0.000000,0.003874,0.329956,0.922078,0.994781,0.261625,0.866168,0.303394,0.865756,0.954070,0.985990,0.913869,0.286553,0.808378,0.160632,0.874023,0.152246,0.216262,0.859544,0.207482,0.858967,0.303342,0.367735,0.209927,0.045689,0.214674,0.124057,0.999003,0.001629,0.999906,0.003191,0.907362,0.002390,0.914840,0.008552,0.004714,0.002744,0.010062,0.000047,0.111018,0.004373,0.892166,0.008068
ENSDARG00000044671_0_1,-4.9200,-5.0757,0.500000,0.502684,0.591706,-33.4100,-34.9348,0.500000,0.332849,0.336194,0.896962,0.275696,0.978152,0.148202,0.974146,0.171603,0.997168,0.376515,0.930464,0.378168,0.807901,0.366202,0.082569,0.086298,0.017787,0.086838,0.060587,0.199904,0.071904,0.272204,1.000000,0.995203,0.995007,0.704249,0.992128,0.721254,0.959580,0.611887,0.974660,0.579286,0.969842,0.573117,0.010935,0.055679,0.089265,0.040480,0.010168,0.040620,0.014891,0.040471
ENSDARG00000044671_0_2,-0.9100,-1.5598,0.750000,0.762637,0.794956,-33.3800,-35.0328,0.250000,0.320428,0.401377,0.962475,0.948928,0.969220,0.682377,0.962928,0.480525,0.970811,0.492261,0.644186,0.804378,0.347551,0.149961,0.925810,0.007840,0.592111,0.014508,0.552649,0.022129,0.983972,0.087367,0.899522,0.783569,0.986800,0.990266,0.996249,0.011313,0.999168,0.002293,0.255016,0.000840,0.149842,0.001822,0.958840,0.626479,0.748944,0.428645,0.995389,0.801932,0.997645,0.690103
ENSDARG00000044671_0_3,-6.3000,-6.3400,0.625000,0.625611,0.594810,-34.2300,-35.3006,0.625000,0.605061,0.280997,0.000877,0.000897,0.000110,0.000111,0.002586,0.000546,0.003985,0.000409,0.999973,0.067998,0.942658,0.059211,0.998236,0.065919,0.999514,0.143195,0.998503,0.270567,0.942874,0.074953,0.999845,0.077328,0.002155,0.018324,0.002867,0.938194,0.003351,0.935829,0.004112,0.935703,0.999998,0.998105,0.997903,0.950000,0.997777,0.015015,0.998979,0.010299,0.999898,0.057347
ENSDARG00000044671_0_4,-1.5400,-2.1005,0.750000,0.805294,0.683058,-33.1300,-34.5380,0.625000,0.639702,0.448232,0.989261,0.196011,0.824197,0.187536,0.364845,0.110843,0.291910,0.170541,0.194864,0.942168,0.251170,0.887684,0.937201,0.127787,0.971164,0.187329,0.989215,0.430259,0.965717,0.279009,0.315977,0.242424,0.123279,0.085444,0.048534,0.015777,0.523658,0.958744,0.939681,0.179236,0.991934,0.047887,0.945666,0.958966,0.998205,0.999936,0.995533,0.999934,0.999144,0.957134
ENSDARG00000044671_0_5,-4.1200,-4.8514,0.625000,0.591322,0.571519,-33.9100,-35.0305,0.625000,0.488236,0.344686,0.507065,0.876510,0.496961,0.015358,0.984369,0.130596,0.995230,0.156581,0.998442,0.188607,0.590041,0.286776,0.513909,0.283785,0.925264,0.272531,0.039030,0.163793,0.003166,0.018279,0.003588,0.023072,0.642739,0.571940,0.999369,0.842965,0.999076,0.844015,0.999610,0.837113,0.995714,0.779346,0.645118,0.503641,0.025725,0.035008,0.025091,0.031362,0.040873,0.032438
ENSDARG00000044671_0_6,-3.0400,-3.5271,0.375000,0.472179,0.560264,-28.2400,-30.5345,0.750000,0.478881,0.493160,0.146562,0.072638,0.077069,0.052060,0.108767,0.613851,0.732776,0.437412,0.856012,0.453644,0.289006,0.278370,0.419798,0.284303,0.973117,0.485037,0.980903,0.826888,0.981216,0.782239,0.995642,0.852945,0.866971,0.892771,0.070147,0.343478,0.459795,0.428920,0.056339,0.408845,0.062680,0.428536,0.169031,0.469911,0.966340,0.541386,0.997173,0.608906,0.995927,0.601066
ENSDARG00000044671_0_7,-6.3400,-6.5219,0.875000,0.847258,0.673422,-35.5100,-36.3331,0.875000,0.870079,0.469267,0.001716,0.156888,0.000372,0.015786,0.005357,0.008366,0.928035,0.001169,0.816304,0.992604,0.985578,0.014416,0.999986,0.126615,0.999999,0.991649,0.820215,0.107671,0.999095,0.001979,0.072774,0.000023,0.060945,0.007547,0.002780,0.001538,0.930853,0.998794,0.936680,0.979759,0.929820,0.997485,0.986387,0.991932,0.992035,0.992717,0.999744,0.999722,0.999763,0.998682
ENSDARG00000044671_0_8,-3.9100,-4.2916,0.625000,0.584161,0.628328,-31.0500,-32.9764,0.250000,0.319070,0.343244,0.677145,0.861179,0.663478,0.051923,0.710061,0.011296,0.771822,0.097736,0.028467,0.005085,0.155979,0.007781,0.276468,0.166881,0.999941,0.451359,0.999852,0.683358,0.998611,0.804295,0.838961,0.637888,0.772497,0.533542,0.726304,0.109048,0.844874,0.614463,0.861052,0.113721,0.136855,0.092969,0.235895,0.659740,0.132744,0.105403,0.840507,0.321196,0.895056,0.536024
ENSDARG00000044671_0_9,-3.7000,-4.3457,0.500000,0.695206,0.604403,-35.5400,-36.7635,0.250000,0.291582,0.329327,0.914665,0.910937,0.434733,0.904618,0.432868,0.222481,0.438790,0.173531,0.484179,0.997390,0.999733,0.036867,0.999223,0.004453,0.999481,0.001895,0.461073,0.000464,0.337371,0.000047,0.017244,0.001417,0.007048,0.999785,0.653563,0.019361,0.570431,0.006988,0.998966,0.459581,0.999670,0.043604,0.566768,0.543096,0.566772,0.054977,0.559343,0.999978,0.646138,0.205070
ENSDARG00000044671_0_10,-0.1600,-0.9951,0.750000,0.854049,0.828238,-32.9700,-34.5597,0.125000,0.164021,0.538839,0.893874,0.857657,0.803394,0.864604,0.835646,0.877531,0.950366,0.809981,0.955050,0.844716,0.999365,0.963959,0.843935,0.831082,0.504471,0.849009,0.751031,0.811055,0.978144,0.746695,0.621457,0.976932,0.595637,0.031395,0.988326,0.000282,0.996753,0.000228,0.993408,0.000675,0.740589,0.094677,0.603732,0.999811,0.869893,0.215413,0.819465,0.000398,0.820228,0.000684
ENSDARG00000052232_0_1,-0.3700,-1.2511,0.375000,0.580683,0.654179,-29.6900,-31.1103,0.375000,0.538088,0.457560,0.524937,0.355217,0.374145,0.390474,0.376120,0.392378,0.928400,0.329123,0.992759,0.935395,0.162377,0.312505,0.201904,0.093319,0.985193,0.111117,0.987626,0.114181,0.989008,0.468421,0.984079,0.821487,0.931566,0.522878,0.387081,0.614142,0.241018,0.259613,0.752969,0.486576,0.999366,0.607630,0.566198,0.598389,0.386162,0.622748,0.524284,0.687500,0.788384,0.428103
ENSDARG00000052232_0_2,0.0000,-0.0218,1.000000,0.995297,0.996267,-28.9900,-29.9542,0.500000,0.506411,0.625551,0.985839,0.206992,0.996184,0.102749,0.999702,0.256859,0.996351,0.775982,0.999803,0.755197,0.999595,0.964633,0.999609,0.980268,0.989120,0.704712,0.998911,0.736633,0.999776,0.997205,0.999219,0.983265,0.998851,0.995232,0.999918,0.993950,0.999788,0.013136,1.000000,0.000325,0.968169,0.000328,1.000000,0.998467,0.994497,0.051419,1.000000,0.999214,1.000000,0.994447
ENSDARG00000052232_0_3,-0.3400,-1.1655,0.500000,0.718273,0.704781,-31.3400,-33.1045,0.375000,0.395555,0.294370,0.779384,0.084953,0.798080,0.080311,0.790434,0.013623,0.602899,0.008311,0.756930,0.008457,0.784398,0.007770,0.833472,0.011259,0.983600,0.067798,0.471802,0.121274,0.367060,0.754540,0.645710,0.765374,0.535665,0.799291,0.788788,0.822948,0.997101,0.617561,0.820566,0.825603,0.802965,0.358498,0.504118,0.138091,0.500260,0.175350,0.637947,0.153917,0.694441,0.072473
ENSDARG00000052232_0_4,-3.3600,-4.0332,0.375000,0.398237,0.440997,-37.6600,-38.7238,0.250000,0.305661,0.377269,0.733210,0.855090,0.917010,0.066659,0.338542,0.157833,0.327166,0.931926,0.229543,0.991228,0.031841,0.003942,0.024359,0.000656,0.042417,0.005065,0.812912,0.992734,0.953490,0.989451,0.989389,0.089748,0.234157,0.015764,0.236899,0.041325,0.220014,0.623925,0.382385,0.381196,0.639778,0.000445,0.043929,0.000027,0.069726,0.040148,0.795695,0.999987,0.797469,0.358233
ENSDARG00000052232_0_5,-3.0800,-3.1586,0.750000,0.752328,0.609190,-29.9600,-31.6173,0.625000,0.585851,0.505974,0.007536,0.940540,0.010702,0.579310,0.999963,0.616003,0.046595,0.763375,0.033816,0.989237,0.995872,0.975984,0.999105,0.343901,0.998797,0.019390,0.999983,0.017869,0.996647,0.122851,0.029319,0.011834,0.046834,0.052368,0.938843,0.057172,0.011562,0.973188,0.070384,0.982301,0.999256,0.866097,0.999557,0.022968,0.999625,0.024825,0.999508,0.869283,0.999893,0.890974
ENSDARG00000052232_0_6,-4.8300,-5.2831,0.500000,0.459868,0.545404,-33.7800,-34.9698,0.375000,0.327465,0.500142,0.185547,0.776270,0.027173,0.760655,0.001575,0.906879,0.002369,0.905159,0.952959,0.927878,0.807794,0.067871,0.797693,0.052964,0.812982,0.100811,0.867695,0.987804,0.999089,0.260039,0.948589,0.915882,0.825668,0.720903,0.651110,0.646789,0.783077,0.830982,0.999984,0.132708,0.006777,0.010319,0.026249,0.996674,0.001386,0.000511,0.210982,0.000729,0.999376,0.001007
ENSDARG00000052232_0_7,-2.2400,-2.3439,0.625000,0.639713,0.707457,-32.8500,-33.2749,0.500000,0.500631,0.518217,0.990345,0.975829,0.999274,0.218226,0.999988,0.227917,0.057676,0.911592,0.031930,0.993301,0.081473,0.959396,0.940584,0.989496,1.000000,0.053654,0.970528,0.026346,0.996311,0.999353,0.993241,0.002241,0.970095,0.001949,0.992062,0.002037,0.106155,0.005912,0.039922,0.000817,0.057996,0.001006,0.977369,0.999948,0.971426,0.999906,0.973584,0.999883,0.999187,0.995537
ENSDARG00000052232_0_8,-2.3200,-2.7502,0.875000,0.794589,0.552055,-35.5600,-36.2371,0.500000,0.511740,0.397074,0.255853,0.695087,0.117737,0.002792,0.176875,0.007532,0.183875,0.003205,0.417820,0.024820,0.867674,0.000528,0.834517,0.005513,0.851387,0.693992,0.354756,0.712171,0.179605,0.935721,0.180228,0.738750,0.264054,0.027448,0.313097,0.026774,0.980772,0.027177,0.814643,0.030546,0.834390,0.276227,0.902278,0.978556,0.807288,0.992929,0.855604,0.804384,0.848638,0.957330
ENSDARG00000052232_0_9,-2.3900,-2.5841,1.000000,0.989014,0.636052,-39.2000,-39.7360,0.500000,0.559011,0.274991,0.238759,0.009060,0.045871,0.005362,0.051917,0.001102,0.068665,0.000325,0.968076,0.000155,0.998257,0.000858,0.995703,0.000066,0.973394,0.000443,0.074508,0.989805,0.076713,0.008337,0.068086,0.004226,0.248972,0.008002,0.994774,0.995876,0.971822,0.976811,0.964652,0.097409,0.992411,0.170584,0.996426,0.994807,0.996909,0.996297,0.997052,0.206182,0.998064,0.034119
ENSDARG00000052232_0_10,-4.4200,-4.9835,0.250000,0.363809,0.484034,-28.6600,-30.0129,0.625000,0.495822,0.505836,0.917066,0.555928,0.312007,0.701594,0.909599,0.495272,0.015409,0.202869,0.072664,0.354731,0.072891,0.381910,0.090083,0.495561,0.461803,0.491152,0.995812,0.529841,0.995498,0.779465,0.997302,0.818183,0.930074,0.343632,0.395727,0.290806,0.091091,0.410322,0.004956,0.219320,0.072775,0.497696,0.072613,0.359876,0.292710,0.355485,0.982373,0.933966,0.998224,0.899107
ENSDARG00000055054_0_1,-1.7000,-1.8590,1.000000,0.982104,0.800997,-26.5200,-27.6747,1.000000,0.840917,0.680713,0.101301,0.548318,0.081917,0.039970,0.879334,0.157650,0.999945,0.181120,0.998816,0.416757,0.998181,0.441160,0.112632,0.646901,0.108319,0.633926,0.999942,0.979012,0.908555,0.922901,0.999948,0.978835,0.974203,0.940367,0.956434,0.878725,0.956398,0.890926,0.999991,0.857592,0.996699,0.844501,0.998615,0.981508,0.968642,0.687053,0.980274,0.762637,0.999781,0.824395
ENSDARG00000055054_0_2,-2.2600,-3.2467,0.750000,0.688468,0.666035,-32.6500,-33.7336,0.500000,0.560453,0.458838,0.388173,0.676236,0.421028,0.959090,0.278744,0.012323,0.274849,0.007435,0.883044,0.018116,0.668606,0.016797,0.769300,0.068921,0.999830,0.065267,0.993244,0.066962,1.000000,0.973544,0.463408,0.916142,0.672729,0.912294,0.009613,0.102820,0.015471,0.111720,0.999998,0.982172,0.510009,0.973714,0.999742,0.979976,0.991779,0.865663,0.987011,0.209602,0.994125,0.257957
ENSDARG00000055054_0_3,-0.1600,-0.9833,0.750000,0.803890,0.761837,-32.9000,-33.8901,0.375000,0.384618,0.432297,0.918053,0.751372,0.920778,0.972744,0.479984,0.973608,0.337820,0.984463,0.937539,0.985136,0.306318,0.755906,0.687828,0.119130,0.982644,0.021462,0.995092,0.001604,0.999900,0.000920,0.683947,0.001262,0.555709,0.001382,0.754427,0.007062,0.416978,0.120036,0.343963,0.091449,0.998453,0.126423,0.962989,0.004333,0.992578,0.875821,0.998059,0.967359,0.963675,0.884461
ENSDARG00000055054_0_4,-5.4900,-5.5831,0.750000,0.747855,0.515700,-40.8300,-41.5526,0.500000,0.502364,0.304860,0.012427,0.010027,0.009440,0.007181,0.009917,0.018850,0.031222,0.003405,0.125447,0.058990,0.988892,0.000705,0.988661,0.000022,0.991010,0.000456,0.999937,0.001083,0.131218,0.988869,0.031222,0.988515,0.011781,0.000185,0.004001,0.000006,0.001497,0.000022,0.993755,0.006967,0.993151,0.999988,0.994187,0.999570,0.999882,0.999978,0.998286,0.999700,0.998077,0.012684
ENSDARG00000055054_0_6,-3.4000,-3.9257,0.625000,0.573782,0.658988,-33.6300,-35.0755,0.750000,0.668827,0.429318,0.926637,0.645110,0.932675,0.151076,0.191706,0.463231,0.085731,0.564564,0.121011,0.329910,0.927564,0.828301,0.505960,0.074851,0.899053,0.074421,0.999862,0.091532,0.999484,0.010021,0.999983,0.001932,0.999846,0.000796,0.511384,0.035520,0.004646,0.041485,0.010675,0.880814,0.076081,0.723218,0.999977,0.898695,0.999830,0.952990,0.987750,0.865968,0.999911,0.951922
ENSDARG00000055054_0_7,-3.8800,-4.2991,0.500000,0.466557,0.568094,-33.1600,-33.9470,0.375000,0.344089,0.516937,0.832126,0.004648,0.669336,0.004151,0.999648,0.091814,0.033568,0.093510,0.030694,0.867160,0.038352,0.867647,0.086659,0.873836,0.998373,0.982975,0.999593,0.989445,0.994958,0.988955,0.970614,0.906557,0.975504,0.915334,0.087458,0.801195,0.038065,0.064970,0.031220,0.023809,0.029631,0.006120,0.993776,0.744267,0.559672,0.002116,0.999800,0.998004,0.992832,0.112228
ENSDARG00000055054_0_8,-0.6300,-1.1865,0.750000,0.873473,0.778733,-33.4500,-33.8512,0.375000,0.394540,0.459790,0.214982,0.007397,0.357854,0.005338,0.375896,0.005000,0.997497,0.012982,0.994361,0.014117,0.935220,0.014275,0.991273,0.998438,0.851990,0.997398,0.809016,0.997071,0.741677,0.996114,0.727808,0.996908,0.589297,0.994443,0.587490,0.993298,0.586119,0.993662,0.999857,0.998509,0.973040,0.000886,0.935200,0.000180,0.938737,0.000372,0.981126,0.001139,0.986212,0.168275
ENSDARG00000055054_0_9,-6.8100,-7.1161,0.875000,0.826729,0.562175,-29.4400,-31.2575,0.625000,0.549265,0.457906,0.617321,0.753486,0.001533,0.010041,0.000665,0.017136,0.000326,0.002705,0.004824,0.006671,0.999820,0.981200,0.999847,0.984475,0.999786,0.987542,0.999337,0.997389,0.004839,0.012589,0.000664,0.005030,0.000700,0.005743,0.001168,0.021014,0.997408,0.648697,0.619305,0.428038,0.999849,0.910743,0.999772,0.652827,0.999721,0.627907,0.996606,0.596972,1.000000,0.507920
ENSDARG00000055054_0_10,-5.2900,-5.5377,0.625000,0.727986,0.537096,-32.6600,-33.6626,0.250000,0.247772,0.307551,0.025850,0.039998,0.016119,0.016370,0.746311,0.110762,0.759909,0.049175,0.998604,0.911469,0.999995,0.917429,0.259335,0.894091,0.022163,0.114763,0.071984,0.055630,0.007829,0.029282,0.009993,0.032384,0.999933,0.997494,0.999981,0.115688,0.999894,0.088065,0.999880,0.081084,0.254817,0.004485,0.253390,0.004543,0.316695,0.072783,0.999458,0.990108,0.999772,0.625417
ENSDARG00000055132_0_1,-1.8500,-2.0396,0.625000,0.609494,0.689273,-31.7200,-32.7223,0.250000,0.277645,0.392244,0.999171,0.990978,0.998059,0.780665,0.997673,0.770748,0.998755,0.772253,0.987446,0.334269,0.999354,0.296315,0.261481,0.057409,0.103557,0.312173,0.094021,0.068955,0.810869,0.055684,0.793957,0.915296,0.865175,0.268971,0.976597,0.009650,0.988256,0.010956,0.986691,0.070609,0.165256,0.121941,0.075629,0.017522,0.036024,0.012436,0.809597,0.996203,0.837900,0.981846
ENSDARG00000055132_0_2,-2.6700,-3.0785,0.375000,0.451987,0.537685,-30.8000,-31.7632,1.000000,0.830657,0.561212,0.939999,0.084750,0.914566,0.055346,0.728985,0.642077,0.858016,0.956477,0.316209,0.208701,0.297045,0.204246,0.905276,0.027126,0.042076,0.025035,0.033724,0.079343,0.125262,0.775678,0.976869,0.761866,0.999782,0.758339,0.999920,0.748217,0.138280,0.743167,0.134396,0.962726,0.105781,0.756540,0.855717,0.774764,0.140708,0.869427,0.297138,0.984288,0.943955,0.806126
ENSDARG00000055132_0_3,0.0000,-0.4253,1.000000,0.949421,0.935147,-33.6400,-34.3970,0.750000,0.698943,0.516655,0.867839,0.972285,0.944636,0.999590,1.000000,0.999811,0.958781,0.001324,1.000000,0.000559,0.889751,0.000645,0.991951,0.000399,1.000000,0.000340,0.569899,0.000575,0.999902,0.227004,0.891820,0.997072,0.992995,0.541953,0.997442,0.999576,0.999305,0.977737,0.821498,0.091038,0.916680,0.056068,0.999480,0.734271,0.907993,0.999827,0.957996,0.999655,0.994975,0.733370
ENSDARG00000055132_0_4,-2.2000,-2.6774,0.500000,0.517191,0.593159,-33.7300,-34.4418,0.750000,0.757319,0.411483,0.952443,0.151114,0.833458,0.008827,0.831595,0.001609,0.480128,0.001894,0.489548,0.999091,0.493598,0.000859,0.246411,0.005114,0.568537,0.998374,0.570191,0.000607,0.624070,0.000530,0.757160,0.000673,0.878514,0.002423,0.902047,0.998308,0.941383,0.088977,0.944448,0.998250,0.319272,0.990790,0.116242,0.992065,0.129289,0.997475,0.125141,0.964883,0.659704,0.027807
ENSDARG00000055132_0_7,-0.7000,-1.3123,1.000000,0.847681,0.756701,-26.0500,-27.4041,1.000000,0.903050,0.589210,0.257736,0.159714,0.242590,0.150377,1.000000,0.163647,0.821196,0.853080,0.810903,0.168328,0.653872,0.155580,0.883798,0.780426,0.893401,0.853732,0.638879,0.342875,0.495196,0.271342,0.838367,0.315462,0.816623,0.345230,0.861262,0.965445,0.856377,0.936632,0.898089,0.972012,0.883734,0.970696,0.585398,0.746973,0.697705,0.716507,0.999372,0.986775,0.999515,0.929357
ENSDARG00000055132_0_8,-3.0200,-3.1485,1.000000,0.983984,0.711011,-29.1000,-30.9984,0.500000,0.381681,0.445432,0.028493,0.062808,0.023561,0.059490,0.150433,0.141468,0.981348,0.747351,0.986760,0.997721,0.984000,0.976208,0.990041,0.967504,0.159119,0.338836,0.038139,0.262692,0.035000,0.183631,0.987525,0.648182,0.983930,0.469299,0.980780,0.005941,0.972744,0.001930,0.973625,0.005235,0.987132,0.094077,0.985417,0.582442,0.981049,0.552818,0.992206,0.924679,0.998916,0.886329
ENSDARG00000055132_0_9,0.0000,-0.7407,1.000000,0.862406,0.858293,-29.9200,-30.5073,0.500000,0.513949,0.541293,0.836080,0.971101,0.993405,0.965847,0.919875,0.885672,0.999295,0.901617,0.544787,0.200500,0.535524,0.802774,0.810652,0.808284,0.999410,0.045527,0.995205,0.058138,0.834608,0.031642,0.999891,0.059997,0.797875,0.983177,0.598814,0.043965,0.414920,0.032445,0.938111,0.159055,0.972050,0.117917,0.998707,0.882600,0.979198,0.918900,0.998030,0.997513,0.999416,0.959195
ENSDARG00000055132_0_10,-3.3600,-3.4762,0.625000,0.655881,0.604673,-29.1400,-30.1211,1.000000,0.924731,0.638458,0.899867,0.009068,0.863100,0.007853,0.961538,0.015960,0.046438,0.978775,0.048480,0.975384,0.061908,0.975359,0.167806,0.002283,0.961838,0.020863,0.960195,0.022027,0.914631,0.998054,0.896964,0.597415,0.063653,0.768261,0.147295,0.977177,0.051658,0.948741,0.050516,0.943839,0.998694,0.781941,0.998941,0.790878,0.999975,0.981526,0.999976,0.990795,0.999991,0.982954
ENSDARG00000056427_0_1,-4.1400,-4.6002,0.375000,0.563400,0.541484,-30.7100,-31.8874,0.500000,0.558511,0.447525,0.669934,0.673304,0.043903,0.602848,0.009844,0.762672,0.540783,0.568781,0.240346,0.595278,0.465466,0.387659,0.465306,0.020490,0.999710,0.041552,0.980942,0.065237,0.833510,0.675110,0.535840,0.046548,0.536888,0.042929,0.518461,0.153799,0.624754,0.152327,0.464409,0.147748,0.465015,0.157448,0.465468,0.977137,0.999661,0.959866,0.472422,0.959662,0.497010,0.960102
ENSDARG00000056427_0_3,-9.3400,-9.3484,0.750000,0.750019,0.600216,-39.8400,-40.4501,0.125000,0.126214,0.351390,0.999943,0.997091,0.997715,0.995459,0.001743,0.019681,0.001218,0.001877,0.000012,0.000657,0.001744,0.002389,1.000000,0.999988,0.999946,0.999396,0.999935,0.999301,1.000000,0.999304,0.001683,0.002245,0.000221,0.000701,0.000080,0.000689,0.000602,0.000614,0.999846,0.006447,0.999991,0.000181,0.999929,0.004905,0.999935,0.994935,0.999773,0.001496,0.999998,0.000447
ENSDARG00000056427_0_4,-0.9200,-1.8322,0.500000,0.664111,0.636243,-29.7400,-31.7942,0.250000,0.268917,0.452850,0.133630,0.381839,0.096431,0.243867,0.648343,0.522301,0.945554,0.859461,0.584572,0.883811,0.564034,0.902607,0.379594,0.263602,0.653852,0.423387,0.775756,0.662575,0.921794,0.638190,0.991091,0.985370,0.717314,0.138643,0.470974,0.010980,0.290706,0.004313,0.810362,0.895003,0.409511,0.015649,0.431972,0.103962,0.951571,0.107882,0.964317,0.992756,0.983475,0.020796
ENSDARG00000056427_0_6,-2.5300,-3.0655,0.625000,0.646328,0.708784,-32.9400,-33.8831,0.500000,0.539250,0.519140,0.899517,0.709948,0.891659,0.711976,0.949053,0.240526,0.890571,0.311761,0.895200,0.977306,0.995923,0.991612,0.876154,0.112258,0.823620,0.051982,0.352933,0.963259,0.178297,0.000425,0.286561,0.003347,0.965570,0.994399,0.922110,0.181285,0.954807,0.993024,0.905401,0.953015,0.477520,0.998726,0.043387,0.005458,0.105905,0.005544,0.937797,0.999993,0.823693,0.176956
ENSDARG00000056427_0_7,-5.4900,-5.9206,1.000000,0.916958,0.603849,-29.6900,-30.9020,1.000000,0.850863,0.545874,0.002054,0.005151,0.000083,0.000117,0.000857,0.000675,0.103935,0.028509,0.965465,0.992476,0.969778,0.907034,0.999996,0.995633,0.999600,0.376610,0.103594,0.038714,0.496149,0.266563,0.049359,0.049168,0.050445,0.449924,0.537930,0.659993,0.969681,0.977769,0.968232,0.979974,0.954202,0.929656,0.954188,0.731433,0.954274,0.764194,0.999923,0.973996,0.997230,0.789889
ENSDARG00000056427_0_8,-1.4000,-2.0069,1.000000,0.739714,0.710370,-32.8500,-34.5177,1.000000,0.439560,0.313196,0.971896,0.762084,0.620454,0.064329,0.476930,0.239856,0.891615,0.018181,0.786150,0.016423,0.790650,0.016958,0.975734,0.066814,0.604986,0.054429,0.235503,0.006773,0.640140,0.941979,0.640114,0.299582,0.655516,0.260027,0.994210,0.292403,0.919620,0.904600,0.802865,0.255760,0.534213,0.233942,0.640406,0.232401,0.518837,0.229055,0.523879,0.973099,0.983682,0.395221
ENSDARG00000056427_0_10,-2.1300,-2.5611,0.750000,0.694067,0.753833,-32.9100,-34.5386,0.000000,0.037972,0.211825,0.973027,0.995587,0.994035,0.071826,0.926265,0.014693,0.932473,0.005878,0.923842,0.005272,0.994804,0.987768,0.982343,0.052451,0.999928,0.055182,0.594452,0.009676,0.094542,0.851706,0.120568,0.866401,0.987844,0.016271,0.930322,0.028142,0.928872,0.026745,0.910805,0.059182,0.978646,0.086942,0.999962,0.034530,0.070359,0.014960,0.126280,0.028475,0.607294,0.024802
ENSDARG00000056713_1_1,-3.3000,-3.7486,0.625000,0.735857,0.658422,-32.4800,-33.3829,0.375000,0.411296,0.474202,0.981980,0.882550,0.544099,0.362304,0.549620,0.362312,0.061617,0.401953,0.012174,0.375451,0.444257,0.932366,0.997920,0.910755,0.994620,0.840414,0.996946,0.681023,0.568467,0.094831,0.565697,0.034304,0.564197,0.315414,0.563951,0.304283,0.998410,0.985109,0.439954,0.002386,0.440489,0.002000,0.486862,0.005345,0.976776,0.003674,0.996152,0.995397,0.984262,0.992170
ENSDARG00000056713_1_3,0.0000,-0.3564,1.000000,0.982734,0.949603,-26.7500,-28.2654,1.000000,0.934729,0.652798,0.733631,0.033235,0.935112,0.022581,0.989085,0.158196,0.988922,0.787581,1.000000,0.129073,0.991960,0.099532,0.879729,0.091058,1.000000,0.988803,0.814793,0.731119,1.000000,0.988722,0.823501,0.574164,0.973459,0.974071,1.000000,0.981336,1.000000,0.987636,1.000000,0.985553,0.897281,0.893578,1.000000,0.989919,1.000000,0.998107,1.000000,0.998024,0.964588,0.643681
ENSDARG00000056713_1_4,-3.0500,-3.5293,1.000000,0.901205,0.653713,-26.9900,-28.6164,0.875000,0.734845,0.517632,0.043581,0.027236,0.017542,0.012892,0.353355,0.162631,0.208306,0.110623,0.997746,0.432739,0.977959,0.859487,0.962569,0.639204,0.535598,0.614666,0.372133,0.245099,0.371821,0.240981,0.048453,0.395300,0.975551,0.733019,0.668021,0.688939,0.644767,0.676288,0.973272,0.965792,0.960084,0.896917,0.984634,0.957086,0.980051,0.636238,0.999386,0.971467,0.999426,0.086035
ENSDARG00000056713_1_5,-2.2600,-3.2896,0.375000,0.447401,0.536176,-36.8800,-37.5495,0.125000,0.142370,0.439449,0.773464,0.780988,0.854585,0.990171,0.435803,0.983394,0.081250,0.982760,0.385155,0.999551,0.572415,0.998667,0.291894,0.771055,0.383069,0.998454,0.583002,0.142691,0.998711,0.001179,0.989662,0.000703,0.795311,0.000404,0.578013,0.000325,0.440083,0.000155,0.022887,0.000855,0.153355,0.000030,0.563292,0.000009,0.393027,0.002478,0.662088,0.989175,0.766461,0.145932
ENSDARG00000056713_1_6,-0.4500,-1.1981,0.625000,0.643912,0.739427,-29.6400,-30.8510,0.500000,0.545134,0.453988,0.929227,0.947294,0.819221,0.051760,0.859034,0.050702,0.854109,0.053574,0.992452,0.094527,0.589483,0.475389,0.585614,0.845497,0.970532,0.612657,0.326391,0.538116,0.997090,0.036495,0.995624,0.047620,0.718472,0.965058,0.708069,0.007285,0.707319,0.006296,0.609668,0.037513,0.998314,0.996794,0.566064,0.997448,0.281958,0.378200,0.641774,0.970171,0.638131,0.967370
ENSDARG00000056713_1_8,-4.2600,-4.6941,0.125000,0.270054,0.398718,-34.5400,-35.9779,0.125000,0.185371,0.435458,0.063242,0.656358,0.045969,0.503849,0.061380,0.785746,0.132476,0.803519,0.943136,0.721885,0.807928,0.939257,0.242204,0.952953,0.374256,0.859859,0.361415,0.638932,0.939389,0.273571,0.992741,0.047561,0.849781,0.042701,0.249729,0.365401,0.386971,0.012937,0.360272,0.002191,0.046670,0.000433,0.052025,0.010911,0.058282,0.066365,0.051197,0.979722,0.955290,0.045006
ENSDARG00000056713_1_9,-3.9200,-4.2540,0.750000,0.748238,0.556366,-30.6200,-31.8898,0.125000,0.138509,0.477277,0.993928,0.964030,0.010960,0.765532,0.009360,0.719092,0.001578,0.739215,0.142029,0.748375,0.407146,0.661573,0.999977,0.850856,0.999610,0.991979,0.999567,0.984360,0.407912,0.871696,0.154693,0.133596,0.014661,0.007173,0.014784,0.005249,0.005681,0.003199,0.992106,0.025718,0.990878,0.813647,0.994263,0.073643,0.994242,0.101723,0.993994,0.016840,0.999959,0.068049
ENSDARG00000056713_1_10,-3.3600,-3.9955,0.500000,0.486243,0.586860,-31.8700,-32.7662,0.125000,0.179671,0.450547,0.985715,0.109501,0.177565,0.148850,0.185561,0.998717,0.325011,0.990127,0.981756,0.999158,0.328281,0.964041,0.828724,0.997107,0.855445,0.987446,0.521964,0.146600,0.657437,0.143092,0.999961,0.993567,0.999838,0.095364,0.994475,0.011572,0.999920,0.000356,0.062646,0.000077,0.495697,0.000550,0.135469,0.986926,0.017214,0.220064,0.184523,0.182233,0.999998,0.035591
ENSDARG00000057582_0_1,0.0000,-0.5821,1.000000,0.873775,0.866310,-25.6300,-27.2951,0.875000,0.829040,0.563481,0.438740,0.677827,0.512687,0.669771,0.925040,0.368876,0.876050,0.342287,0.991664,0.216866,0.997238,0.731245,0.916863,0.048702,0.882828,0.047225,0.870270,0.072828,1.000000,0.247045,1.000000,0.350655,0.924618,0.863968,0.923315,0.527652,0.548981,0.839321,0.592561,0.896380,0.978343,0.926869,0.972221,0.883611,0.991448,0.948510,0.985007,0.787722,0.998322,0.822253
ENSDARG00000057582_0_2,-1.3100,-1.6797,0.875000,0.871331,0.732770,-25.7000,-26.7138,0.375000,0.459035,0.549537,0.941410,0.846208,0.890233,0.798066,0.328656,0.258303,0.324977,0.263242,0.315814,0.268170,0.936091,0.899216,0.955544,0.918707,0.942573,0.922436,0.875289,0.876223,0.863995,0.925315,0.175916,0.193431,0.134251,0.149149,0.409011,0.390836,0.998400,0.989822,0.976406,0.960255,0.932047,0.934434,0.868685,0.090787,0.875283,0.087519,0.923468,0.086591,0.987347,0.132034
ENSDARG00000057582_0_3,-3.5100,-4.0228,0.750000,0.590812,0.559109,-32.0100,-33.1517,0.375000,0.383777,0.457157,0.511049,0.853581,0.393582,0.738970,0.392938,0.994638,0.470976,0.981942,0.730884,0.100170,0.619441,0.019943,0.608957,0.006680,0.608935,0.009814,0.606478,0.993671,0.643305,0.341969,0.472076,0.996855,0.397068,0.034681,0.396299,0.001403,0.514691,0.008368,0.645252,0.992027,0.610803,0.990851,0.608188,0.071480,0.605052,0.998538,0.615443,0.006243,0.730772,0.001305
ENSDARG00000057582_0_4,-1.9500,-2.6359,0.375000,0.456953,0.524054,-35.4900,-36.6004,0.000000,0.008961,0.451287,0.201362,0.967657,0.014685,0.965005,0.013948,0.942863,0.018601,0.935805,0.997833,0.944119,0.389289,0.990966,0.605237,0.978872,0.999969,0.984003,0.999896,0.976444,0.997727,0.129593,0.997608,0.069320,0.589298,0.069402,0.401940,0.026548,0.995487,0.026078,0.019895,0.009521,0.017935,0.000343,0.017141,0.000852,0.204315,0.001384,0.999026,0.004143,0.999889,0.002819
ENSDARG00000057582_0_5,-3.5600,-3.5946,0.625000,0.625998,0.698867,-27.2400,-28.3804,0.875000,0.828448,0.668052,0.004051,0.188016,0.003928,0.006287,0.012328,0.001798,1.000000,0.083201,0.991714,0.112967,0.999914,0.808885,0.976959,0.969633,0.999987,0.970326,0.999362,0.888862,0.998126,0.907545,0.992068,0.919700,0.990919,0.876235,0.981961,0.900566,0.012013,0.845973,0.004440,0.675947,0.009595,0.727218,0.999995,0.996044,0.999990,0.977823,0.999990,0.964948,0.999997,0.539069
ENSDARG00000057582_0_6,-0.7300,-1.1761,0.375000,0.539901,0.627355,-26.5600,-28.5209,0.375000,0.541338,0.393589,0.960332,0.285812,0.895429,0.242794,0.894238,0.080202,0.904411,0.121596,0.996395,0.106973,0.997269,0.967754,0.291546,0.018405,0.268036,0.009922,0.277994,0.169470,0.301429,0.471284,0.466162,0.402956,0.974646,0.663906,0.976944,0.923775,0.999981,0.925102,0.891417,0.749791,0.482882,0.711100,0.344965,0.182567,0.196649,0.103163,0.195807,0.142476,0.230561,0.592726
ENSDARG00000057582_0_7,-2.4200,-3.1831,1.000000,0.745037,0.655477,-31.4900,-33.5871,0.500000,0.188773,0.340900,0.207508,0.141759,0.095140,0.107931,0.616973,0.671418,0.507354,0.922121,0.569550,0.998027,0.677826,0.942784,0.943814,0.912529,0.507188,0.025065,0.467825,0.103926,0.763331,0.457870,0.969109,0.023466,0.823618,0.000909,0.586188,0.004178,0.553028,0.096046,0.570848,0.220379,0.986512,0.903112,0.652401,0.079130,0.630339,0.007597,0.981606,0.100200,0.999373,0.099544
ENSDARG00000057582_0_8,-1.7800,-2.2412,0.500000,0.570980,0.625205,-29.6000,-30.8304,0.500000,0.504709,0.356417,0.733351,0.152968,0.976060,0.123269,0.969990,0.307004,0.985743,0.786930,0.998252,0.621812,0.971205,0.911418,0.999587,0.131715,0.770341,0.006457,0.304569,0.002582,0.058606,0.004658,0.055279,0.005937,0.113271,0.035915,0.997314,0.995406,0.980527,0.994518,0.972422,0.999009,0.966326,0.994733,0.108107,0.034083,0.098471,0.009741,0.089050,0.006520,0.355627,0.003661
ENSDARG00000057582_0_9,-3.3600,-3.5737,1.000000,0.997003,0.633873,-31.8300,-33.2645,0.500000,0.400645,0.388356,0.067552,0.187441,0.006116,0.027998,0.045337,0.092411,0.236198,0.240731,0.997186,0.910317,0.996985,0.880308,0.999829,0.944496,0.202342,0.352502,0.007840,0.169291,0.005980,0.080264,0.141257,0.192068,0.994811,0.484140,0.994716,0.531204,0.999584,0.666429,0.999647,0.975058,0.998456,0.024784,0.998561,0.015219,0.993074,0.981448,0.993543,0.009488,0.998448,0.001528
ENSDARG00000057582_0_10,-5.1500,-5.3819,0.500000,0.521238,0.436194,-30.4500,-32.4058,0.250000,0.286484,0.302745,0.065865,0.080228,0.000598,0.038365,0.000992,0.039403,0.999907,0.116337,0.097212,0.075730,0.014214,0.108699,0.183301,0.864922,0.999857,0.880475,0.999999,0.316198,0.999983,0.460811,0.180612,0.758630,0.011446,0.023234,0.103426,0.038535,0.999454,0.192586,0.000986,0.010575,0.000362,0.010496,0.067647,0.020413,0.999914,0.261861,0.998115,0.872238,0.999996,0.885164
ENSDARG00000058089_0_1,-4.8400,-5.0577,0.875000,0.844250,0.590440,-31.6900,-32.7781,0.375000,0.441787,0.423412,0.878929,0.650044,0.879480,0.636246,0.173715,0.191790,0.045300,0.049757,0.010769,0.009145,0.027173,0.024484,0.968788,0.757424,0.972130,0.891075,0.966420,0.873867,0.042044,0.294616,0.044252,0.274441,0.045795,0.281061,0.166525,0.383615,0.963071,0.962965,0.980071,0.074632,0.955837,0.042470,0.852620,0.042507,0.838634,0.050578,0.997516,0.997721,0.999727,0.979808
ENSDARG00000058089_0_2,-7.2900,-7.4049,0.375000,0.394897,0.515830,-39.2000,-40.8439,0.000000,0.022066,0.258749,0.997006,0.460283,0.993476,0.461400,0.997129,0.077993,0.004045,0.016614,0.000616,0.033157,0.002610,0.553926,0.002780,0.645303,0.162586,0.456796,0.998271,0.998751,0.999822,0.361847,0.999491,0.077011,0.999592,0.855359,0.998025,0.163804,0.998785,0.005163,0.161232,0.002508,0.002984,0.000501,0.000479,0.000007,0.000020,0.000003,0.001360,0.000082,0.996292,0.004464
ENSDARG00000058089_0_3,-7.4100,-7.4280,0.625000,0.625109,0.599265,-30.1000,-31.7825,0.375000,0.570088,0.510162,0.000712,0.206654,0.000197,0.154712,0.001175,0.280243,0.004392,0.036525,0.994204,0.624172,0.992378,0.891366,0.999619,0.591516,0.999998,0.596083,0.999998,0.673725,0.999362,0.961774,0.991990,0.603757,0.000408,0.022015,0.000353,0.100496,0.000035,0.347553,0.000530,0.374744,0.999998,0.932909,0.999984,0.821571,0.999991,0.877629,0.999987,0.536429,0.999997,0.569370
ENSDARG00000058089_0_4,-6.7900,-6.8942,0.250000,0.264759,0.411788,-30.5900,-31.4322,0.500000,0.448801,0.483682,0.998735,0.856434,0.002251,0.091137,0.000699,0.101031,0.001239,0.219304,0.000617,0.743822,0.002195,0.742322,0.113735,0.819271,0.999885,0.531609,1.000000,0.996253,0.999449,0.289295,0.999436,0.288315,0.999448,0.404436,0.999322,0.916763,0.114186,0.835987,0.002540,0.812644,0.000617,0.023208,0.000649,0.008947,0.000175,0.007454,0.000587,0.011408,0.999996,0.973994
ENSDARG00000058089_0_5,-1.1600,-1.7941,0.625000,0.615692,0.681835,-39.0900,-39.6601,0.625000,0.583758,0.284949,0.850558,0.004630,0.809500,0.000877,0.798438,0.000437,0.826898,0.000325,0.953554,0.000154,0.701937,0.000856,0.364654,0.000036,0.260630,0.000029,0.329007,0.005019,0.902444,0.999934,0.949057,0.003829,0.964485,0.012792,0.814000,0.999344,0.819071,0.999707,0.061106,0.000781,0.118557,0.002001,0.375252,0.022978,0.801402,0.648352,0.939220,0.998651,0.996926,0.998248
ENSDARG00000058089_0_6,-3.7400,-4.4829,0.625000,0.545978,0.536152,-35.8500,-37.2691,0.125000,0.129458,0.158902,0.662487,0.997657,0.476757,0.131648,0.978298,0.993990,0.873734,0.006312,0.021176,0.000196,0.020252,0.000634,0.148406,0.006191,0.218250,0.002958,0.980085,0.001501,0.979907,0.000784,0.879430,0.000294,0.116428,0.000201,0.047990,0.000648,0.152069,0.004804,0.123536,0.005452,0.969597,0.004648,0.980776,0.020687,0.455257,0.015461,0.653788,0.248669,0.984814,0.735296
ENSDARG00000058089_0_7,-3.3100,-3.8883,1.000000,0.817553,0.646257,-29.5700,-30.9786,0.500000,0.618809,0.366192,0.326171,0.976466,0.002951,0.001958,0.025400,0.002221,0.113359,0.006997,0.999999,0.028849,0.998672,0.128632,0.998501,0.109286,0.616540,0.112655,0.465117,0.262418,0.419504,0.335663,0.420435,0.180184,0.998061,0.228036,0.592616,0.336709,0.582301,0.971891,0.581249,0.968699,0.999999,0.991046,0.789547,0.980105,0.998326,0.334283,0.998086,0.203701,0.998299,0.164037
ENSDARG00000058089_0_8,-2.0200,-2.7518,0.500000,0.547450,0.622056,-29.5200,-31.0772,0.250000,0.289609,0.486048,0.949043,0.217350,0.639658,0.227529,0.623747,0.982315,0.640988,0.987444,0.994275,0.993364,0.611203,0.993017,0.611389,0.991574,0.778405,0.883959,0.123632,0.250790,0.167013,0.341534,0.990296,0.452011,0.931884,0.083197,0.925217,0.145436,0.931440,0.139514,0.135288,0.011797,0.134230,0.007867,0.648800,0.500792,0.287129,0.964674,0.345844,0.073652,0.971651,0.473142
ENSDARG00000058089_0_9,-3.2700,-3.4454,0.625000,0.638309,0.524773,-32.1700,-33.5306,0.625000,0.595451,0.347890,0.876664,0.458750,0.062994,0.181983,0.019146,0.664519,0.007264,0.322211,0.145503,0.269909,0.137365,0.088355,0.999623,0.009831,0.999809,0.010289,0.999849,0.067432,0.959639,0.108708,0.177839,0.006151,0.003302,0.006063,0.005658,0.009031,0.019655,0.018530,0.081841,0.429632,0.999940,0.778021,0.999634,0.987253,0.999853,0.995220,0.999977,0.997619,0.999911,0.548301
ENSDARG00000058089_0_10,-5.0400,-5.5329,1.000000,0.732297,0.535862,-31.1100,-32.3275,0.875000,0.852561,0.467291,0.002405,0.024576,0.000602,0.023110,0.001233,0.495772,0.026097,0.485174,0.467118,0.052377,0.861902,0.004674,0.999989,0.216575,0.999998,0.241850,0.561263,0.955956,0.398706,0.003772,0.466147,0.020270,0.073399,0.001237,0.464265,0.047018,0.464437,0.948540,0.464700,0.895404,0.465720,0.977388,0.999956,0.996517,0.999729,0.997281,0.999701,0.982185,0.999871,0.976152
ENSDARG00000059961_3_1,-2.0600,-2.2061,0.375000,0.418208,0.441741,-33.3700,-34.4893,0.125000,0.156313,0.390346,0.976853,0.792712,0.975234,0.750297,0.105885,0.749736,0.059599,0.674412,0.055481,0.770728,0.055509,0.742964,0.064074,0.243174,0.130801,0.129337,0.990420,0.067163,0.998176,0.778172,0.975777,0.848992,0.101353,0.008731,0.068577,0.001267,0.055705,0.001004,0.055643,0.120384,0.065703,0.995114,0.108506,0.112469,0.997664,0.007065,0.996750,0.005939,0.997115,0.007262
ENSDARG00000059961_3_2,-2.7200,-3.1407,1.000000,0.766782,0.617871,-30.5900,-31.3889,0.000000,0.037617,0.309331,0.282981,0.048391,0.157552,0.027993,0.155669,0.029421,0.999628,0.999450,0.536272,0.857344,0.524473,0.856043,0.530382,0.851607,0.492554,0.098708,0.498588,0.103756,0.497347,0.158027,0.999165,0.929981,0.548547,0.924970,0.648859,0.151675,0.655951,0.037370,0.784456,0.057199,0.999808,0.018144,0.637728,0.010112,0.644807,0.006376,0.768330,0.005504,0.994319,0.014553
ENSDARG00000059961_3_4,-3.6400,-3.7421,0.750000,0.750281,0.518046,-25.8100,-27.7023,0.750000,0.594707,0.449702,0.010483,0.246155,0.009462,0.512405,0.999585,0.466422,0.009404,0.051078,0.021772,0.074072,0.144838,0.190801,0.995465,0.472829,0.994874,0.461437,0.994620,0.449236,0.147582,0.500747,0.020779,0.258889,0.009811,0.552315,0.012793,0.157251,0.010062,0.108480,0.999775,0.562510,0.992254,0.514621,0.995221,0.926986,0.995476,0.948541,0.996879,0.909543,0.999787,0.629722
ENSDARG00000059961_3_5,-3.1200,-3.8704,0.375000,0.368931,0.491538,-29.2700,-30.3237,0.750000,0.726441,0.523937,0.982250,0.584215,0.982027,0.577540,0.589223,0.531635,0.194090,0.916568,0.999469,0.421434,0.074988,0.357722,0.022953,0.247069,0.023918,0.842808,0.047148,0.042222,0.998558,0.035449,0.982282,0.083494,0.982416,0.027058,0.983116,0.644075,0.030465,0.204039,0.024010,0.878138,0.021027,0.818378,0.075998,0.683993,0.715139,0.668041,0.305113,0.967959,0.796579,0.946900
ENSDARG00000059961_3_6,-2.7100,-3.4536,0.250000,0.295810,0.412517,-32.5200,-33.7912,0.500000,0.475278,0.388839,0.873786,0.076831,0.140904,0.031851,0.072202,0.063998,0.047166,0.256387,0.254574,0.198675,0.691810,0.549236,0.096703,0.180348,0.255260,0.997911,0.701627,0.051804,0.984291,0.268800,0.896072,0.749541,0.869464,0.549172,0.979999,0.956042,0.573855,0.841768,0.148243,0.963015,0.111188,0.001618,0.047422,0.001417,0.056829,0.002969,0.188492,0.999816,0.260451,0.035583
ENSDARG00000059961_3_7,-2.3400,-2.6578,0.375000,0.438634,0.550908,-29.4300,-31.0816,0.500000,0.415260,0.396009,0.999445,0.387477,0.994226,0.385208,0.363516,0.165641,0.041994,0.375431,0.029786,0.067995,0.998707,0.294060,0.019653,0.051938,0.063650,0.632393,0.999860,0.950801,0.999141,0.471282,0.999360,0.254021,0.999750,0.561852,0.999870,0.810614,0.999537,0.507394,0.058659,0.480856,0.012350,0.079076,0.999881,0.598526,0.028790,0.323378,0.040777,0.164753,0.369214,0.357481
ENSDARG00000059961_3_8,-1.2300,-2.4993,0.375000,0.357338,0.476865,-32.1300,-32.9748,0.250000,0.313222,0.403259,0.438299,0.929376,0.364084,0.320162,0.988346,0.367131,0.113719,0.959655,0.086699,0.929409,0.396110,0.048456,0.613814,0.019087,0.284016,0.005682,0.545853,0.968093,0.975499,0.003418,0.966369,0.022881,0.905791,0.986063,0.475099,0.179876,0.387923,0.032739,0.057750,0.044598,0.054583,0.019840,0.081954,0.107921,0.986145,0.999843,0.306411,0.967106,0.508837,0.153853
ENSDARG00000059961_3_9,-3.1100,-3.3989,0.500000,0.550424,0.628336,-32.7000,-33.8362,0.500000,0.489054,0.411246,0.989813,0.977398,0.915322,0.010808,0.936107,0.008822,0.896894,0.011821,0.899800,0.109090,0.945807,0.202021,0.994495,0.765526,0.234410,0.625534,0.109996,0.126309,0.106057,0.443834,0.196824,0.453710,0.937805,0.577615,0.897037,0.711410,0.893908,0.935222,0.210404,0.233964,0.110437,0.002309,0.079031,0.002214,0.238220,0.999372,0.995155,0.999993,0.979201,0.027951
ENSDARG00000059961_3_10,-1.3900,-2.1184,1.000000,0.901632,0.738412,-29.3600,-31.1122,0.500000,0.691681,0.446752,0.526914,0.078817,0.208952,0.040982,0.365029,0.037443,0.984366,0.071845,0.990174,0.031070,0.961460,0.064320,0.705962,0.008469,0.731067,0.294052,0.265912,0.495859,0.249533,0.523832,0.970849,0.869000,0.594970,0.885911,0.922028,0.929476,0.999832,0.999307,0.993341,0.999287,0.905803,0.678500,0.999987,0.992652,0.791735,0.296015,0.733021,0.217514,0.867310,0.420696
ENSDARG00000060073_17_1,-6.5500,-6.5992,0.750000,0.742233,0.694074,-31.6100,-33.1165,0.000000,0.096661,0.424072,0.015884,0.108329,0.000231,0.136154,0.000190,0.001147,0.926900,0.841034,0.997698,0.859778,0.999992,0.860904,1.000000,0.999572,0.999989,0.952226,0.999989,0.929433,0.997598,0.940225,1.000000,0.942853,0.005136,0.136498,0.000074,0.004855,0.001376,0.006700,0.940091,0.137395,0.996870,0.034387,0.999941,0.146819,0.999668,0.145264,0.999913,0.154495,0.999931,0.143371
ENSDARG00000060073_17_2,-5.8000,-5.8782,0.375000,0.392013,0.513509,-32.9600,-34.5478,0.250000,0.325026,0.371804,0.996457,0.103925,0.996802,0.079793,0.996776,0.085024,0.996487,0.315103,0.012544,0.266304,0.002569,0.283176,0.004761,0.036751,0.999290,0.122892,0.073900,0.962832,0.055328,0.783680,0.999518,0.825067,0.999633,0.971325,0.998812,0.980550,0.996835,0.286972,0.997290,0.310860,0.047949,0.670847,0.080762,0.293032,0.002225,0.013559,0.000608,0.020091,0.011624,0.024299
ENSDARG00000060073_17_3,-2.3400,-2.5187,0.875000,0.878095,0.712835,-32.8300,-34.2661,0.375000,0.422334,0.411717,0.117747,0.898117,0.149180,0.647261,0.047192,0.990818,0.995762,0.153273,0.952517,0.089180,0.982885,0.063815,0.986011,0.069814,0.999844,0.769929,0.988878,0.986282,0.862155,0.120080,0.130497,0.056097,0.019261,0.011000,0.166906,0.034632,0.984723,0.673927,0.999053,0.486647,0.991705,0.171909,0.975097,0.997986,0.964810,0.997923,0.964893,0.012138,0.977577,0.003513
ENSDARG00000060073_17_4,-5.2200,-5.5461,0.375000,0.453504,0.504927,-33.8300,-35.2876,0.625000,0.420158,0.431541,0.798706,0.007981,0.801913,0.003290,0.999867,0.008988,0.808857,0.011585,0.810425,0.992086,0.015014,0.738266,0.198730,0.743805,0.202793,0.752661,0.201389,0.740619,0.018446,0.744258,0.811708,0.276009,0.802650,0.250013,0.988182,0.248505,0.876367,0.415592,0.599819,0.348945,0.131289,0.421677,0.299959,0.273142,0.307523,0.342397,0.204645,0.561919,0.220250,0.749090
ENSDARG00000060073_17_5,-4.2700,-4.7972,1.000000,0.770142,0.609546,-36.7600,-37.4707,0.125000,0.144381,0.303515,0.019673,0.002247,0.019124,0.001753,0.026207,0.009407,0.695520,0.999888,0.992786,0.999939,0.981455,0.999009,0.310855,0.008505,0.313296,0.001484,0.324102,0.002329,0.999611,0.939805,0.885897,0.949909,0.461259,0.000984,0.521096,0.000043,0.903705,0.000198,0.693564,0.001576,0.680936,0.115442,0.928181,0.015679,0.804060,0.016702,0.795447,0.982988,0.834148,0.022416
ENSDARG00000060073_17_6,-3.7800,-3.8211,0.875000,0.874577,0.604114,-35.8000,-36.9379,0.250000,0.281536,0.393516,0.013694,0.960407,0.010794,0.953973,0.003393,0.994898,0.022860,0.180024,0.996169,0.044430,0.997910,0.059502,0.998903,0.643392,0.998996,0.205372,0.988400,0.572785,0.029768,0.005899,0.014486,0.000531,0.010289,0.996819,0.014142,0.000591,0.994764,0.002235,0.996072,0.000539,0.996618,0.026571,0.999539,0.996792,0.995942,0.179181,0.999789,0.999934,0.999749,0.046447
ENSDARG00000060073_17_7,-5.7500,-5.8726,0.375000,0.388235,0.510205,-33.6400,-34.5888,0.625000,0.586313,0.378746,0.097617,0.004957,0.035701,0.001183,0.988362,0.001352,0.006030,0.002700,0.004647,0.017202,0.060602,0.561904,0.909232,0.002049,0.999953,0.999870,0.998454,0.777036,0.998359,0.235743,0.999374,0.225003,0.999893,0.055414,0.161260,0.928769,0.015275,0.686569,0.003581,0.629273,0.899583,0.633073,0.009347,0.394103,0.039342,0.384515,0.988329,0.999943,0.989162,0.034260
ENSDARG00000060073_17_8,-2.7700,-3.1028,0.375000,0.450577,0.557247,-27.0100,-29.7806,0.125000,0.418900,0.354686,0.997325,0.126889,0.122158,0.045478,0.111667,0.050904,0.994925,0.087265,0.990418,0.637563,0.996842,0.470056,0.035518,0.104633,0.026709,0.099478,0.298666,0.772503,0.994781,0.804269,0.987491,0.310152,0.983831,0.233321,0.378778,0.226551,0.138691,0.864006,0.135952,0.488377,0.993785,0.490244,0.986075,0.491610,0.892399,0.361170,0.034385,0.221372,0.044554,0.207873
ENSDARG00000060073_17_9,-0.3200,-0.9221,1.000000,0.855683,0.749899,-35.8600,-36.5322,0.875000,0.770293,0.362969,0.935028,0.004675,0.938491,0.000900,0.389861,0.000407,0.322644,0.001718,0.316284,0.044288,0.713691,0.044048,0.960477,0.000102,0.954615,0.000420,0.948124,0.998684,0.509710,0.000590,0.533549,0.000498,0.630036,0.000703,0.999132,0.002210,0.706293,0.998532,0.699228,0.627375,0.704822,0.594413,0.738842,0.947411,0.998299,0.997623,0.999424,0.998581,0.999420,0.996201
ENSDARG00000060073_17_10,-6.3200,-6.3999,1.000000,0.998081,0.610879,-32.1800,-33.8127,0.125000,0.220506,0.275103,0.004549,0.081092,0.003029,0.014564,0.003212,0.112924,0.111755,0.582771,1.000000,0.927271,1.000000,0.455525,0.997016,0.448384,0.996768,0.999371,0.109020,0.113632,0.000230,0.000437,0.003050,0.000654,0.004305,0.001394,0.998594,0.196795,0.999812,0.118655,1.000000,0.116467,0.997014,0.112797,0.997014,0.054448,0.996832,0.187918,0.996436,0.201018,0.998947,0.775949
ENSDARG00000060697_9_1,-3.1200,-3.2177,1.000000,0.948622,0.697340,-28.9300,-30.4198,0.250000,0.479511,0.497206,0.090488,0.442890,0.146437,0.430302,0.146296,0.549569,0.999996,0.984370,0.999990,0.852271,0.999853,0.852323,1.000000,0.503941,0.938712,0.457501,0.994531,0.456481,0.014340,0.007103,0.012482,0.535880,0.014694,0.035398,0.999993,0.496490,0.998771,0.048218,0.999463,0.530544,0.995837,0.111204,0.999998,0.918964,0.864436,0.535644,0.864955,0.614417,0.865522,0.580610
ENSDARG00000060697_9_2,-3.1200,-3.7282,0.375000,0.416745,0.477795,-31.2600,-33.2939,0.625000,0.321752,0.379960,0.295375,0.879718,0.207287,0.283532,0.817876,0.453910,0.022285,0.097313,0.044929,0.096816,0.230742,0.186600,0.441911,0.305326,0.795383,0.745930,0.862778,0.493232,0.970478,0.526969,0.972554,0.476136,0.560347,0.479709,0.079564,0.171311,0.095578,0.110844,0.099538,0.122170,0.818306,0.690462,0.068032,0.189796,0.202873,0.110636,0.999769,0.404991,0.970297,0.773805
ENSDARG00000060697_9_3,-0.5800,-0.8467,0.625000,0.734427,0.712129,-29.0400,-30.0493,0.500000,0.476110,0.513949,0.996960,0.982362,0.328449,0.132769,0.260549,0.115548,0.250671,0.113982,0.313546,0.116371,0.991961,0.122579,0.986778,0.414808,0.993856,0.970775,0.999577,0.841117,0.999108,0.901711,0.965911,0.899744,0.279798,0.858335,0.291561,0.633831,0.277647,0.216006,0.313172,0.074559,0.999904,0.065332,0.994282,0.077176,0.999727,0.875443,0.999457,0.998087,0.999662,0.868441
ENSDARG00000060697_9_5,-2.5300,-2.6030,0.625000,0.638834,0.710569,-30.4900,-31.3256,0.375000,0.403341,0.549324,0.082102,0.901071,0.019636,0.908882,0.019229,0.941188,0.999528,0.937542,0.998400,0.922546,0.998429,0.972432,0.996761,0.966553,0.997985,0.142246,0.999461,0.053161,0.999802,0.043931,0.996648,0.045976,0.992737,0.924227,0.998847,0.906767,0.997380,0.151674,0.999757,0.173197,0.018989,0.016535,0.020066,0.016506,0.082662,0.019843,0.994614,0.961804,0.998354,0.980401
ENSDARG00000060697_9_6,-1.7800,-2.3159,0.500000,0.532362,0.581081,-27.2100,-29.0427,0.375000,0.406352,0.584058,0.098666,0.753018,0.953762,0.791728,0.976359,0.891146,0.061076,0.882245,0.092610,0.945216,0.994203,0.939855,0.096350,0.671808,0.548267,0.976693,0.999759,0.416826,0.999585,0.389450,0.999861,0.155244,0.542219,0.617127,0.343047,0.583369,0.727462,0.020790,0.098998,0.067072,0.092910,0.398557,0.997892,0.995405,0.979619,0.979457,0.064050,0.120939,0.954916,0.085224
ENSDARG00000060697_9_7,-1.0200,-1.4083,0.875000,0.889817,0.769517,-31.3100,-31.8651,0.875000,0.819683,0.412364,0.858163,0.995283,0.331143,0.013013,0.410885,0.005097,0.390556,0.002493,0.999744,0.002738,0.999932,0.002741,0.884153,0.006704,0.982604,0.272595,0.789516,0.167983,0.838678,0.163548,0.433022,0.056063,0.353411,0.001560,0.411726,0.008145,0.992744,0.849501,0.999986,0.945537,0.999838,0.904332,0.865809,0.874848,0.849235,0.994324,0.999486,0.995079,0.999711,0.985701
ENSDARG00000060697_9_8,-4.5800,-5.2460,0.500000,0.509113,0.539678,-33.9100,-35.0075,0.500000,0.552677,0.337967,0.973821,0.998531,0.646167,0.994026,0.999694,0.131366,0.304916,0.025542,0.021045,0.008175,0.010226,0.026548,0.029629,0.014039,0.705045,0.003761,0.706349,0.013794,0.999972,0.019180,0.999608,0.052775,0.324187,0.050186,0.301231,0.060933,0.295601,0.038463,0.003757,0.737120,0.341209,0.689483,0.706059,0.996651,0.708726,0.999560,0.716388,0.428309,0.999935,0.470896
ENSDARG00000060697_9_9,-2.8000,-3.8413,0.250000,0.371404,0.457964,-33.3200,-35.0021,0.125000,0.140911,0.371327,0.559309,0.892052,0.249932,0.680969,0.015635,0.308278,0.022914,0.373940,0.431667,0.475046,0.275005,0.792123,0.481082,0.978861,0.544944,0.374909,0.896343,0.277749,0.869831,0.197678,0.870939,0.913972,0.970455,0.033679,0.853990,0.004376,0.522543,0.011391,0.158711,0.027480,0.161402,0.998157,0.443636,0.083865,0.153201,0.000527,0.180752,0.000554,0.496997,0.000942
ENSDARG00000060697_9_10,-7.6700,-7.7110,0.250000,0.250071,0.399956,-31.4100,-32.6314,0.125000,0.308201,0.325686,0.998963,0.291559,0.983184,0.281113,0.997617,0.348033,0.000730,0.201634,0.000433,0.118913,0.001491,0.233455,0.001282,0.229810,0.001238,0.007592,0.014565,0.017690,0.999983,0.772576,0.999579,0.771218,0.999491,0.774524,0.014103,0.232216,0.000905,0.216963,0.001329,0.218587,0.001517,0.219747,0.000491,0.212941,0.001135,0.213570,1.000000,0.999104,0.981087,0.152480
ENSDARG00000060785_7_1,-1.5000,-2.2774,0.500000,0.614875,0.696412,-30.5400,-32.3130,0.250000,0.306788,0.402382,0.667642,0.761906,0.898104,0.741750,0.947051,0.775038,0.999010,0.772635,0.560985,0.168724,0.587028,0.126253,0.820746,0.269624,0.725475,0.366248,0.949344,0.390322,0.885782,0.338571,0.488058,0.626727,0.480022,0.255543,0.505892,0.282061,0.724614,0.836435,0.696371,0.594793,0.968243,0.259410,0.859724,0.246489,0.435042,0.048754,0.140553,0.027299,0.588560,0.159060
ENSDARG00000060785_7_3,-3.7200,-4.1011,0.500000,0.484040,0.586822,-28.0900,-29.3681,0.625000,0.576576,0.519298,0.999227,0.382415,0.997407,0.343241,0.997969,0.729392,0.999937,0.798464,0.189669,0.698890,0.004389,0.238897,0.004330,0.685943,0.004356,0.013166,0.999719,0.325063,0.669088,0.892101,0.998055,0.326105,0.999974,0.339671,0.999976,0.996865,0.999990,0.994517,0.729676,0.912444,0.940222,0.290032,0.004218,0.003197,0.004022,0.007905,0.004445,0.699206,0.189772,0.708445
ENSDARG00000060785_7_4,-6.1900,-6.4568,0.375000,0.418994,0.534768,-31.8200,-32.7781,0.375000,0.375489,0.434495,0.001294,0.363368,0.000037,0.342776,0.000154,0.462374,0.001216,0.469133,0.999607,0.977303,0.348501,0.016172,0.996989,0.013722,0.999957,0.012876,0.999907,0.093406,0.999716,0.997432,0.996021,0.999066,0.999997,0.938354,0.349360,0.932273,0.999910,0.031308,0.001180,0.015139,0.000160,0.993116,0.000049,0.000257,0.001309,0.000238,0.999989,0.033326,0.999998,0.998253
ENSDARG00000060785_7_5,-4.8900,-5.1125,0.375000,0.384170,0.498017,-32.9800,-34.3630,0.500000,0.706245,0.497789,0.748650,0.010010,0.017541,0.000987,0.021066,0.001734,0.909041,0.001989,0.999254,0.006669,0.092538,0.013634,0.092841,0.016396,0.101034,0.955370,0.999964,0.582558,0.997064,0.973901,0.998554,0.888051,0.909435,0.854514,0.912792,0.871436,0.006670,0.923119,0.033769,0.556207,0.082249,0.447109,0.995368,0.452930,0.834146,0.620885,0.098537,0.886878,0.109825,0.891393
ENSDARG00000060785_7_6,-0.7100,-1.1698,1.000000,0.960964,0.814904,-28.0600,-29.5109,1.000000,0.819392,0.558627,0.224325,0.008522,0.227318,0.004474,0.999760,0.624426,0.933421,0.379432,0.932794,0.395621,0.938408,0.041682,0.701464,0.130455,0.231516,0.030583,0.495519,0.742137,0.979968,0.929555,0.972889,0.680261,0.972983,0.650259,0.993915,0.752903,0.938636,0.801142,0.933450,0.972179,0.887191,0.745410,0.978846,0.887175,0.970058,0.758767,0.991339,0.823916,0.994281,0.813647
ENSDARG00000060785_7_7,-0.5800,-1.4373,0.625000,0.671436,0.714775,-32.1100,-32.7171,0.375000,0.382002,0.416590,0.811652,0.961861,0.464560,0.957078,0.091360,0.991220,0.099644,0.146056,0.999852,0.001453,0.999045,0.000927,0.682440,0.000650,0.999993,0.015792,0.999702,0.160136,0.919232,0.991734,0.918265,0.050337,0.938263,0.998541,0.935277,0.009476,0.940908,0.012901,0.754108,0.997296,0.957498,0.998988,0.791300,0.022543,0.259309,0.012565,0.458784,0.985261,0.274303,0.016987
ENSDARG00000060785_7_8,-2.2100,-2.5157,0.750000,0.711876,0.763424,-29.2200,-30.1233,0.625000,0.666450,0.443725,0.887283,0.073350,0.927189,0.018854,0.994487,0.115609,0.999585,0.143733,0.312990,0.044752,0.279039,0.044275,0.999311,0.981141,0.956166,0.827952,0.717922,0.009516,0.751524,0.144630,0.759449,0.187192,0.988528,0.951905,0.316392,0.931432,0.307873,0.931441,0.999994,0.999382,0.999849,0.999276,0.999616,0.998421,0.771931,0.267009,0.641012,0.101441,0.658340,0.103195
ENSDARG00000060785_7_9,-2.3600,-2.8797,0.500000,0.456620,0.565351,-31.3600,-32.2160,0.375000,0.420769,0.445726,0.770241,0.988605,0.742145,0.967345,0.956999,0.069767,0.958268,0.143815,0.079353,0.988668,0.057907,0.350761,0.050108,0.029340,0.047506,0.988508,0.991690,0.011820,0.999909,0.995928,0.999941,0.006924,0.999998,0.006895,0.009053,0.002348,0.009762,0.022344,0.018491,0.993195,0.076123,0.993127,0.999991,0.982629,0.999752,0.136131,0.999705,0.118894,0.540084,0.117484
ENSDARG00000060785_7_10,-2.8200,-3.1989,0.750000,0.711068,0.689815,-31.3500,-32.6165,0.625000,0.616848,0.442324,0.809963,0.294184,0.667743,0.256880,0.634087,0.132866,0.621540,0.016997,0.686456,0.027191,0.724265,0.757725,0.333037,0.040215,0.415098,0.132918,0.950991,0.184953,0.796492,0.180997,0.782802,0.976476,0.685285,0.910293,0.792091,0.988776,0.729486,0.993226,0.241782,0.000969,0.210834,0.000591,0.815760,0.008174,0.957886,0.999276,0.949543,0.966162,0.991160,0.977613
ENSDARG00000060862_1_1,-5.3300,-5.5598,0.375000,0.376888,0.424245,-31.8600,-33.4266,0.375000,0.406054,0.397925,0.024928,0.401303,0.953960,0.062237,0.008047,0.005963,0.006106,0.002650,0.008585,0.051041,0.033596,0.485318,0.227500,0.839020,0.996230,0.483252,0.996262,0.475919,0.993937,0.552626,0.993339,0.536194,0.227300,0.814559,0.032738,0.800599,0.007630,0.651798,0.003858,0.367480,0.003641,0.540244,0.993880,0.292990,0.016532,0.040743,0.956886,0.105434,0.999936,0.449140
ENSDARG00000060862_1_2,-1.3800,-1.7997,0.750000,0.678221,0.623537,-42.3300,-42.8513,0.500000,0.502247,0.345417,0.299183,0.965396,0.806849,0.973740,0.284491,0.144454,0.999377,0.000239,0.411689,0.000204,0.349178,0.000569,0.975661,0.000339,0.779509,0.000233,0.776899,0.000935,0.771640,0.000048,0.200925,0.000567,0.389566,0.803642,0.927331,0.998911,0.457452,0.063300,0.827462,0.000042,0.058236,0.000053,0.596452,0.007396,0.778701,0.999955,0.780546,0.968778,0.999589,0.979541
ENSDARG00000060862_1_3,-0.1600,-1.4363,0.625000,0.772376,0.755351,-33.9600,-35.4235,0.875000,0.779736,0.399260,0.557321,0.080440,0.652758,0.073034,0.471976,0.090660,0.865269,0.225899,0.790216,0.005955,0.917063,0.007663,0.957527,0.007782,0.793577,0.013316,0.836179,0.438774,0.766838,0.563029,0.732468,0.130704,0.586823,0.110061,0.384863,0.116103,0.978845,0.990876,0.769195,0.717232,0.898823,0.885266,0.706114,0.882548,0.568398,0.660726,0.910285,0.999297,0.962487,0.985840
ENSDARG00000060862_1_5,-3.9200,-4.1139,0.500000,0.530998,0.618557,-30.7700,-32.3450,0.500000,0.451584,0.537779,0.961945,0.613720,0.917090,0.614490,0.946003,0.851182,0.993623,0.850396,0.077251,0.849042,0.039568,0.846512,0.035788,0.954127,0.216338,0.912939,0.973537,0.604024,0.973486,0.031065,0.998576,0.007898,0.989947,0.007509,0.991216,0.212219,0.999934,0.812811,0.209932,0.503534,0.031149,0.900499,0.048583,0.197645,0.037171,0.003922,0.930004,0.003036,0.999998,0.979003
ENSDARG00000060862_1_6,0.0000,-0.5265,1.000000,0.877893,0.883038,-29.4200,-30.7331,0.500000,0.716457,0.532214,0.845712,0.006949,0.958011,0.005175,0.889163,0.005451,0.873423,0.120596,0.926652,0.880782,0.907138,0.762559,0.825524,0.992266,0.999058,0.117728,0.764001,0.102346,0.664384,0.102843,0.999599,0.941482,0.984959,0.874458,0.854798,0.844931,0.976155,0.867280,0.940333,0.958380,0.595251,0.951725,0.664650,0.482947,0.999589,0.541272,0.999909,0.554301,0.992455,0.530817
ENSDARG00000060862_1_7,-4.0000,-4.3315,0.375000,0.491580,0.549248,-29.8700,-31.1781,0.375000,0.414543,0.421723,0.999005,0.932433,0.931087,0.552640,0.996941,0.485928,0.299674,0.501524,0.001401,0.871850,0.014874,0.290833,0.719267,0.306876,0.133542,0.865322,0.396490,0.140452,0.999663,0.109377,0.912991,0.046929,0.647380,0.013956,0.016140,0.003930,0.106302,0.962866,0.720026,0.095978,0.382261,0.078900,0.381077,0.947636,0.326857,0.103539,0.999978,0.578879,1.000000,0.544613
ENSDARG00000060862_1_8,-0.7100,-1.1751,0.500000,0.618525,0.686668,-33.0700,-34.1553,0.500000,0.558869,0.489309,0.911462,0.921481,0.942460,0.132198,0.889268,0.109593,0.384002,0.898674,0.314552,0.904404,0.186728,0.976768,0.269641,0.289124,0.989233,0.004088,0.999584,0.001147,0.986882,0.001452,0.987233,0.079104,0.924113,0.997193,0.280958,0.351562,0.199950,0.174442,0.917634,0.180383,0.388934,0.823529,0.361763,0.195725,0.971314,0.997491,0.829128,0.783120,0.998517,0.964703
ENSDARG00000061308_30_1,0.0000,-0.7890,1.000000,0.688745,0.731442,-32.6800,-34.3693,0.375000,0.350848,0.382071,0.620703,0.863613,0.622870,0.836201,0.605207,0.401169,0.680963,0.407781,0.981254,0.483228,0.447519,0.421846,0.420243,0.286001,0.989735,0.271510,0.979470,0.237353,0.975591,0.575269,0.896853,0.017639,0.898476,0.033025,0.915863,0.986527,0.291101,0.006011,0.391495,0.014749,0.960262,0.136080,0.773585,0.121964,0.737596,0.743474,0.713551,0.185507,0.726508,0.612471
ENSDARG00000061308_30_2,-3.6100,-3.7981,1.000000,0.964310,0.693244,-27.2200,-28.5078,1.000000,0.771463,0.568316,0.829318,0.514614,0.045212,0.049631,0.040584,0.049366,0.106630,0.557475,0.957783,0.492436,0.959529,0.493349,0.999664,0.519451,1.000000,0.978151,0.106489,0.533549,0.049363,0.056043,0.055827,0.074710,1.000000,0.875832,0.797988,0.705124,0.932273,0.938669,0.999951,0.859912,0.991327,0.678756,0.999991,0.900102,0.993338,0.697067,0.999998,0.705972,0.999614,0.686104
ENSDARG00000061308_30_3,-2.6900,-3.8095,0.750000,0.767389,0.596390,-27.1700,-28.8196,0.500000,0.533345,0.512752,0.509097,0.724670,0.723380,0.522108,0.327163,0.510596,0.067992,0.280526,0.167704,0.449462,0.170108,0.581969,1.000000,0.969399,0.872380,0.428303,0.848050,0.349542,0.846610,0.346476,0.156957,0.354709,0.099250,0.470533,0.455879,0.665969,0.740541,0.809482,0.490292,0.115959,0.999995,0.192153,0.452780,0.122570,0.999631,0.998228,0.999998,0.970414,1.000000,0.391981
ENSDARG00000061308_30_4,-3.1100,-3.7320,0.750000,0.816284,0.652754,-26.5900,-28.6440,0.375000,0.558314,0.523623,0.664261,0.582976,0.436036,0.348821,0.807727,0.749688,0.238823,0.301470,0.186014,0.233575,0.196182,0.243539,0.999851,0.966897,0.969259,0.755504,0.960310,0.802615,1.000000,0.903124,0.033309,0.062501,0.033043,0.055237,0.087718,0.109419,1.000000,0.857197,0.478178,0.609838,1.000000,0.995426,0.999995,0.994806,0.964608,0.196488,0.999993,0.355018,0.999777,0.348319
ENSDARG00000061308_30_5,-1.9400,-2.7340,0.625000,0.645108,0.660314,-36.6400,-38.2534,0.125000,0.148282,0.387600,0.836994,0.666076,0.827239,0.638852,0.793424,0.445740,0.771255,0.400762,0.575130,0.416801,0.697411,0.443387,0.574362,0.424279,0.936206,0.783799,0.483017,0.667456,0.537041,0.479974,0.450480,0.625977,0.562852,0.572633,0.982207,0.305819,0.896165,0.860026,0.667110,0.013268,0.601606,0.001652,0.302345,0.002199,0.164170,0.000078,0.574833,0.000551,0.972429,0.002662
ENSDARG00000061308_30_6,-1.9200,-2.2959,0.625000,0.662987,0.653791,-41.1900,-41.4867,0.125000,0.129110,0.302289,0.250704,0.012048,0.914488,0.008055,0.222683,0.003336,0.243360,0.002944,0.990849,0.007076,0.394171,0.015930,0.998522,0.998226,0.992794,0.998114,0.948799,0.999052,0.794159,0.979266,0.751939,0.976298,0.269465,0.012554,0.979882,0.011458,0.278348,0.011514,0.303412,0.006045,0.983535,0.000014,0.129764,0.000036,0.809536,1.000000,0.835791,0.002882,0.983624,0.000934
ENSDARG00000061308_30_7,-3.8700,-4.2766,0.500000,0.508668,0.596420,-29.7400,-31.5434,0.500000,0.671641,0.442815,0.929456,0.816232,0.992203,0.296324,0.986144,0.795240,0.986300,0.117723,0.999349,0.109937,0.418514,0.053437,0.465960,0.221495,0.471420,0.261866,0.012681,0.131837,0.522963,0.171396,0.543145,0.265838,0.530926,0.241858,0.998377,0.773733,0.999483,0.958272,0.989678,0.980320,0.999807,0.978990,0.014844,0.418795,0.014974,0.390992,0.018754,0.424154,0.033427,0.447870
ENSDARG00000061308_30_8,-0.9300,-1.6551,0.625000,0.745856,0.675687,-30.4900,-31.5054,0.750000,0.727651,0.520213,0.782094,0.730268,0.501204,0.705458,0.481788,0.996770,0.984578,0.091527,0.964026,0.004683,0.994525,0.002984,0.503390,0.001210,0.375874,0.990789,0.984089,0.026696,0.214412,0.020450,0.360691,0.994284,0.400216,0.017927,0.997533,0.019135,0.976473,0.018944,1.000000,0.990574,0.967534,0.988186,0.402717,0.993100,0.320551,0.827364,0.311854,0.990665,0.990185,0.993244
ENSDARG00000061308_30_9,-3.8100,-4.1877,0.500000,0.449745,0.554610,-27.6600,-29.5583,0.500000,0.561968,0.560527,0.975263,0.657299,0.973471,0.631444,0.023638,0.359823,0.028655,0.453267,0.030015,0.470833,0.121200,0.446934,0.998927,0.641235,0.646261,0.393503,0.750204,0.804293,0.999627,0.758409,0.972983,0.529163,0.974005,0.568597,0.725351,0.410766,0.645770,0.569892,0.997711,0.795740,1.000000,0.934279,0.120466,0.485510,0.028501,0.490168,0.028428,0.412559,0.051728,0.396828
ENSDARG00000061308_30_10,-7.5200,-7.5450,0.500000,0.500407,0.599872,-30.9500,-32.6222,0.250000,0.126496,0.450195,0.003026,0.038329,0.000021,0.038068,0.000243,0.040685,0.000143,0.048711,0.995523,0.991179,0.999918,0.995072,0.999883,0.995183,0.999964,0.994877,1.000000,0.954470,0.999999,0.950145,0.995553,0.945627,0.999918,0.999583,0.000025,0.000076,0.000209,0.000311,0.001367,0.000557,0.004443,0.053825,0.997600,0.390402,0.999610,0.039298,1.000000,0.263992,0.999999,0.263511
ENSDARG00000061685_0_1,-0.9200,-1.2528,0.625000,0.731965,0.774961,-34.0600,-34.4649,0.750000,0.723069,0.443023,0.981560,0.011237,0.997104,0.006510,0.971633,0.007261,0.924892,0.028910,0.246404,0.999231,0.363828,0.006860,0.248408,0.000204,0.999691,0.000619,0.998992,0.000621,0.988451,0.017448,0.998806,0.997865,0.923725,0.999145,0.999057,0.024198,0.890435,0.021106,0.998867,0.999549,0.997804,0.999813,0.995917,0.989895,0.282593,0.993701,0.283162,0.809936,0.407886,0.946358
ENSDARG00000061685_0_2,-2.1000,-2.7721,0.750000,0.619679,0.623659,-30.2800,-31.8752,0.625000,0.612494,0.527938,0.313274,0.664268,0.338769,0.641721,0.506186,0.770754,0.817903,0.926779,0.592086,0.568353,0.563793,0.006104,0.586640,0.008068,0.566198,0.008768,0.952527,0.975779,0.924796,0.999264,0.879299,0.060267,0.474267,0.028679,0.159094,0.031608,0.022342,0.023349,0.500503,0.125056,0.683703,0.984423,0.898473,0.848154,0.964521,0.915213,0.739999,0.978797,0.988799,0.993351
ENSDARG00000061685_0_3,-5.3400,-5.6195,0.625000,0.566454,0.632579,-37.0900,-38.1779,0.500000,0.502142,0.309522,0.718784,0.377415,0.718537,0.408366,0.741044,0.052845,0.661165,0.005071,0.794504,0.000287,0.210114,0.001059,0.213582,0.000893,0.266174,0.043568,0.999932,0.530088,0.999719,0.732570,0.999593,0.020755,0.796796,0.000391,0.898500,0.001161,0.778196,0.000724,0.788630,0.001864,0.749413,0.015312,0.013406,0.999534,0.121278,0.999235,0.266194,0.999679,0.916019,0.999630
ENSDARG00000061685_0_4,-6.7700,-6.9799,0.500000,0.537094,0.529674,-33.1200,-34.4841,0.500000,0.499953,0.408780,0.016138,0.088350,0.009573,0.039695,0.987211,0.924678,0.997307,0.919141,0.999612,0.855084,0.999999,0.950982,0.012808,0.111585,0.012909,0.142693,0.997588,0.138287,0.982826,0.003819,0.277658,0.001212,0.003100,0.000460,0.011448,0.000717,0.999371,0.999824,0.999819,0.999968,0.999882,0.999114,0.986202,0.999057,0.003028,0.000114,0.005430,0.000253,0.291572,0.000574
ENSDARG00000061685_0_5,-8.5900,-8.6271,0.375000,0.375912,0.499462,-36.4900,-37.6480,0.250000,0.261918,0.343483,0.999484,0.495721,0.994176,0.498734,0.994327,0.822833,0.989146,0.827392,0.987833,0.909254,0.002486,0.506598,0.000099,0.499844,0.006632,0.200050,0.006405,0.009941,0.013953,0.001301,0.993753,0.001131,0.993653,0.001510,0.993715,0.998252,0.013867,0.007351,0.000417,0.000119,0.001066,0.000551,0.006411,0.001598,0.008933,0.002376,1.000000,0.999914,0.982884,0.085186
ENSDARG00000061685_0_6,-3.4500,-3.6473,0.500000,0.518625,0.618174,-37.0700,-38.8198,0.125000,0.133248,0.416591,0.971053,0.982296,0.962260,0.727063,0.963112,0.744300,0.999977,0.995692,0.999964,0.948712,0.999198,0.942213,0.218166,0.548348,0.038714,0.447629,0.075182,0.922911,0.968087,0.006288,0.051761,0.000036,0.967017,0.000348,0.929467,0.000026,0.962176,0.002412,0.999995,0.008053,0.084082,0.956898,0.967259,0.043428,0.004730,0.006243,0.003489,0.043566,0.197800,0.005360
ENSDARG00000061685_0_7,-2.9700,-3.3652,0.500000,0.527366,0.580269,-41.7700,-42.3381,0.750000,0.766433,0.357662,0.163719,0.995542,0.954494,0.011451,0.855858,0.003410,0.024037,0.000673,0.998348,0.001163,0.159336,0.000295,0.051067,0.000016,0.603573,0.000018,0.999884,0.000004,0.965433,0.000112,0.954652,0.000043,0.656044,0.009041,0.155390,0.061568,0.061826,0.800886,0.891931,0.323798,0.168469,0.997250,0.999917,0.997732,0.887407,0.997246,0.055059,0.969181,0.998926,0.983804
ENSDARG00000061685_0_8,-1.8000,-2.1894,0.750000,0.700717,0.703831,-34.6900,-35.2094,0.625000,0.602153,0.402456,0.460719,0.006368,0.428703,0.002613,0.266867,0.002183,0.680353,0.003851,0.989187,0.030240,0.616263,0.999594,0.612020,0.001848,0.997397,0.000088,0.997218,0.081475,0.994124,0.224182,0.998737,0.989422,0.429289,0.890041,0.027903,0.775889,0.076041,0.767272,0.998342,0.063753,0.683905,0.175343,0.850207,0.990117,0.984938,0.994938,0.994935,0.995046,0.989467,0.054864
ENSDARG00000061685_0_9,-3.8100,-4.0186,0.375000,0.464362,0.542870,-32.4900,-33.7253,0.625000,0.519247,0.363817,0.129979,0.823471,0.007731,0.136889,0.001294,0.009228,0.144774,0.184838,0.146366,0.190199,0.999331,0.185900,0.999576,0.185121,0.999997,0.184881,0.999576,0.183887,0.999749,0.186977,0.856384,0.032356,0.857754,0.818616,0.858003,0.018331,0.999854,0.191329,0.147098,0.009022,0.144751,0.769334,0.143790,0.728654,0.150250,0.820903,0.271447,0.808451,0.999704,0.807952
ENSDARG00000061685_0_10,-3.6900,-3.8694,0.500000,0.526683,0.620772,-38.3600,-39.6412,0.375000,0.321624,0.226340,0.988265,0.203499,0.967323,0.014716,0.968926,0.016839,0.969446,0.006466,0.970801,0.001772,0.998328,0.006344,0.994131,0.199136,0.995459,0.419416,0.245254,0.083231,0.035517,0.044200,0.034861,0.721770,0.033669,0.236408,0.998015,0.695286,0.969174,0.049354,0.968819,0.002411,0.967370,0.000023,0.004039,0.000166,0.034361,0.999999,0.024942,0.809027,0.246745,0.016729
ENSDARG00000061976_0_1,-1.8300,-2.1825,1.000000,0.963862,0.768987,-27.2800,-29.4115,0.375000,0.341934,0.412507,0.156887,0.094289,0.160413,0.081295,0.727914,0.305885,0.999567,0.842993,0.983023,0.984390,0.865641,0.692174,0.604328,0.270287,0.660290,0.331134,0.730709,0.503013,0.999947,0.939703,0.388538,0.267515,0.391596,0.201983,0.986749,0.478486,0.972521,0.187271,0.942546,0.660768,0.910768,0.505931,0.923051,0.136444,0.984920,0.177206,0.999999,0.336484,0.990342,0.252884
ENSDARG00000061976_0_2,0.0000,-0.4768,1.000000,0.790476,0.808655,-35.3000,-36.2602,0.125000,0.315114,0.394667,0.973784,0.991757,0.801069,0.579267,0.812150,0.583669,0.736253,0.591233,0.776750,0.577275,0.760629,0.589719,0.990086,0.569711,0.750987,0.005865,0.743619,0.003239,0.743089,0.032726,0.992276,0.424220,0.768601,0.423750,0.773337,0.081942,0.858693,0.006134,0.636584,0.010713,0.532738,0.210206,0.540504,0.215833,0.987070,0.608624,0.996785,0.610169,0.998096,0.777288
ENSDARG00000061976_0_4,-1.8300,-2.0897,0.500000,0.576250,0.659891,-34.6500,-35.6453,0.625000,0.627501,0.454260,0.991718,0.986642,0.999326,0.086122,0.997221,0.091981,0.999906,0.820894,0.320123,0.818541,0.191221,0.871563,0.101195,0.009759,0.032899,0.000669,0.960195,0.000222,0.996077,0.000195,0.999959,0.060583,0.997979,0.318020,0.997344,0.535858,0.993150,0.013244,0.096865,0.461905,0.056687,0.020951,0.189486,0.998873,0.340287,0.998892,0.955538,0.991656,0.980642,0.998629
ENSDARG00000061976_0_7,-10.3700,-10.4375,0.250000,0.259713,0.407770,-34.3700,-35.4524,0.250000,0.251208,0.401357,0.073671,0.004123,0.005876,0.001490,0.000043,0.001494,0.000003,0.001529,0.000009,0.007936,0.003400,0.011318,0.998967,0.997203,0.996023,0.994555,0.999713,0.998412,0.999999,0.999972,1.000000,0.999912,1.000000,0.999534,0.994732,0.994115,1.000000,0.999654,0.003370,0.004983,0.000010,0.000072,0.000003,0.001042,0.000020,0.000015,0.006371,0.001633,0.073199,0.008150
ENSDARG00000061976_0_8,-5.0100,-5.2686,0.500000,0.549729,0.594079,-37.2500,-38.5386,0.125000,0.214264,0.282609,0.874523,0.150419,0.814503,0.010091,0.833444,0.008990,0.066110,0.001192,0.078750,0.001274,0.059752,0.989145,0.977011,0.013231,0.245641,0.015042,0.968802,0.020188,0.861723,0.741568,0.861595,0.997992,0.841890,0.988939,0.152377,0.995385,0.985489,0.256628,0.130307,0.002567,0.128794,0.001313,0.130444,0.000339,0.959464,0.001641,0.910962,0.009449,0.999996,0.446788
ENSDARG00000061976_0_9,-4.1800,-4.1990,0.750000,0.746690,0.700304,-31.7700,-32.7739,0.375000,0.407850,0.490309,0.015947,0.141781,0.014565,0.133994,0.016836,0.161619,0.997310,0.776566,0.994985,0.790664,0.995590,0.696131,0.999311,0.682661,0.993789,0.597732,0.993938,0.989529,0.994201,0.781045,0.999336,0.769539,0.016754,0.022119,0.008092,0.014174,0.010113,0.234528,0.993662,0.798482,0.992248,0.224549,0.992112,0.220794,0.998402,0.223493,0.988198,0.788322,0.990690,0.758460
ENSDARG00000062646_0_1,-1.7000,-2.3632,0.750000,0.669477,0.631868,-31.5000,-33.1692,0.750000,0.499801,0.360579,0.564502,0.343329,0.517714,0.311461,0.439193,0.144825,0.312814,0.024990,0.655283,0.032841,0.635214,0.712665,0.569181,0.038483,0.595623,0.168364,0.983934,0.186379,0.997704,0.266908,0.606734,0.952715,0.403641,0.030204,0.396949,0.024776,0.459832,0.043286,0.606273,0.732007,0.644164,0.667288,0.735458,0.702415,0.759793,0.479240,0.797238,0.497575,0.956105,0.851820
ENSDARG00000062646_0_2,-7.3700,-7.4378,0.750000,0.740453,0.602489,-31.7000,-32.7028,0.375000,0.411281,0.468283,0.000711,0.005888,0.000012,0.000537,0.000077,0.001410,0.096895,0.073742,0.949408,0.970764,0.999994,0.996469,0.983916,0.991768,0.995553,0.992122,0.999993,0.999975,0.999760,0.996857,0.069717,0.042803,0.030116,0.003079,0.023335,0.006080,0.027808,0.009362,0.970708,0.222397,0.995567,0.786563,0.971797,0.057102,0.969253,0.246606,0.968327,0.975884,0.996828,0.986256
ENSDARG00000062646_0_4,-3.2900,-3.3172,1.000000,0.998810,0.703500,-32.3800,-33.5850,0.250000,0.312584,0.398902,0.005291,0.071655,0.004967,0.086313,0.032818,0.091514,0.999819,0.953470,0.999888,0.937222,0.999998,0.909404,0.999961,0.934181,0.998510,0.863433,0.034507,0.035960,0.004660,0.033498,0.004906,0.079769,0.994200,0.480944,0.999586,0.975889,0.999257,0.079352,0.999898,0.080150,0.999989,0.092127,0.998097,0.204374,0.999822,0.999355,0.994521,0.049927,0.999309,0.019497
ENSDARG00000062646_0_5,-2.5300,-2.8419,0.250000,0.306039,0.444236,-32.5200,-33.2234,0.125000,0.174467,0.317049,0.286703,0.000630,0.072021,0.000060,0.085546,0.000172,0.999807,0.000335,0.065583,0.011316,0.039192,0.003061,0.028449,0.014259,0.888707,0.977055,0.986656,0.972754,0.989486,0.970687,0.998629,0.998730,0.995633,0.996191,0.896678,0.994501,0.943704,0.175992,0.089132,0.064977,0.044224,0.044130,0.044886,0.032093,0.064247,0.038796,0.056394,0.034152,0.309048,0.011097
ENSDARG00000062646_0_6,-3.8200,-4.0759,0.625000,0.592708,0.580610,-30.9600,-32.5066,0.125000,0.252923,0.453318,0.721516,0.936060,0.988405,0.645685,0.006022,0.586476,0.006754,0.508506,0.023910,0.508886,0.073019,0.692254,0.993224,0.653580,0.995718,0.478992,0.999689,0.498760,0.996721,0.743010,0.995986,0.328100,0.069563,0.462680,0.020206,0.450434,0.021312,0.478586,0.011608,0.011176,0.983049,0.009551,0.997309,0.004185,0.711112,0.007374,0.997169,0.966542,0.999899,0.095533
ENSDARG00000062646_0_7,-5.9400,-6.3921,0.375000,0.384017,0.411916,-29.2000,-30.7561,0.375000,0.398564,0.489761,0.004950,0.258329,0.001264,0.174174,0.550353,0.760170,0.146261,0.701216,0.076058,0.709734,0.116410,0.723731,0.239709,0.834948,0.986789,0.911453,0.998789,0.420868,0.999384,0.450179,0.999388,0.626486,0.046834,0.035408,0.003001,0.023443,0.002353,0.025057,0.061374,0.671422,0.749117,0.407059,0.006432,0.050192,0.250472,0.116033,0.999388,0.962535,0.999999,0.932774
ENSDARG00000062646_0_8,-4.5700,-5.5414,0.125000,0.263318,0.408174,-32.2600,-33.5268,0.750000,0.785936,0.418823,0.982597,0.021405,0.742350,0.004826,0.351435,0.993714,0.338774,0.047739,0.003545,0.002532,0.038596,0.001499,0.248462,0.001587,0.081070,0.001172,0.319522,0.004354,0.964494,0.985524,0.992983,0.008153,0.993108,0.016473,0.328194,0.279527,0.266034,0.491267,0.016083,0.946087,0.276838,0.995575,0.222520,0.910397,0.303712,0.839645,0.100434,0.840828,0.592730,0.984164
ENSDARG00000062646_0_9,0.0000,-0.6337,1.000000,0.935057,0.909822,-33.6700,-34.9948,0.625000,0.665254,0.434607,0.923620,0.959725,0.784296,0.967180,0.906143,0.130930,0.991518,0.083882,0.979120,0.133005,0.996744,0.455357,0.998985,0.332616,0.841361,0.166332,0.359718,0.000411,0.946625,0.047139,0.989193,0.007182,0.998657,0.086358,0.985484,0.597346,0.836439,0.989586,0.773895,0.327988,0.922403,0.072091,0.981155,0.339150,0.997149,0.999025,0.986039,0.999705,0.997890,0.997140
ENSDARG00000062646_0_10,-1.8500,-2.5810,0.250000,0.445291,0.521742,-33.3700,-34.8527,0.375000,0.259006,0.456742,0.827142,0.588669,0.487120,0.563815,0.618081,0.822792,0.670331,0.423585,0.220176,0.449832,0.260295,0.412923,0.615881,0.359799,0.031426,0.560715,0.169444,0.472236,0.986404,0.852652,0.986798,0.910151,0.999408,0.645616,0.586409,0.426111,0.355597,0.431249,0.998833,0.100472,0.245800,0.105232,0.205714,0.055626,0.605646,0.946658,0.234850,0.004604,0.329483,0.002094
ENSDARG00000062976_8_1,-5.6400,-5.7414,0.375000,0.403692,0.515665,-33.8300,-35.1339,0.250000,0.186185,0.261157,0.994226,0.993321,0.097635,0.027744,0.051705,0.016985,0.002448,0.000594,0.039387,0.000534,0.005710,0.000630,0.965868,0.115363,0.999944,0.967548,0.999888,0.986668,0.999818,0.055228,0.965869,0.051230,0.961270,0.517820,0.044378,0.479531,0.000300,0.000208,0.000545,0.000035,0.959284,0.000264,0.092971,0.000053,0.132602,0.001049,0.999509,0.999923,0.999942,0.008415
ENSDARG00000062976_8_2,-7.6400,-7.9006,0.375000,0.444889,0.363117,-33.6500,-34.8661,0.125000,0.186193,0.431935,0.278657,0.697879,0.279166,0.685273,0.000864,0.683240,0.000202,0.970466,0.000194,0.978751,0.002463,0.417338,0.069791,0.324833,0.999931,0.341892,0.999866,0.676272,0.999917,0.650774,0.069762,0.691528,0.002415,0.030919,0.000166,0.000987,0.000214,0.000583,0.000951,0.000486,0.999984,0.014783,0.284303,0.382004,0.279421,0.059330,0.994870,0.058800,0.999199,0.972569
ENSDARG00000062976_8_3,-2.8000,-2.9984,1.000000,0.954351,0.703342,-34.6800,-35.3445,0.875000,0.879407,0.362276,0.935158,0.078433,0.044578,0.011010,0.055583,0.010072,0.180997,0.010395,0.930834,0.009777,0.969790,0.004778,0.980666,0.003024,0.976037,0.003006,0.231914,0.001235,0.106278,0.000665,0.092738,0.000194,0.927452,0.077675,0.925209,0.984265,0.928179,0.989834,0.990393,0.998464,0.914879,0.998283,0.889475,0.989489,0.993562,0.999977,0.993991,0.999989,0.999122,0.074955
ENSDARG00000062976_8_4,-2.6200,-3.0413,0.250000,0.331973,0.463951,-32.2200,-33.7720,0.375000,0.412230,0.419291,0.992581,0.453426,0.986864,0.252466,0.271625,0.592686,0.037910,0.483215,0.025166,0.913626,0.022661,0.202174,0.026390,0.010643,0.296810,0.010432,0.979849,0.010556,0.999331,0.987104,0.992626,0.235434,0.991429,0.936218,0.990184,0.940176,0.999313,0.015699,0.290221,0.026468,0.014229,0.038016,0.022767,0.999156,0.026072,0.999060,0.036004,0.272580,0.276992,0.006685
ENSDARG00000062976_8_5,-1.7400,-2.4946,0.250000,0.467568,0.559478,-37.0900,-37.8958,0.250000,0.250647,0.502844,0.151295,0.812407,0.046632,0.083412,0.132934,0.091104,0.935090,0.192403,0.993046,0.947748,0.546073,0.956486,0.309132,0.982580,0.511716,0.997173,0.999334,0.995342,0.999275,0.993409,0.916092,0.997684,0.908399,0.001944,0.451652,0.000890,0.315339,0.000418,0.549079,0.000005,0.109245,0.000065,0.104911,0.000079,0.249279,0.008492,0.978530,0.999851,0.982513,0.995377
ENSDARG00000062976_8_6,-3.1600,-3.6385,0.625000,0.569447,0.678637,-33.0000,-34.4295,0.250000,0.381289,0.468226,0.794428,0.442400,0.995826,0.614743,0.822908,0.620233,0.803807,0.610672,0.979339,0.649405,0.999997,0.565684,0.999991,0.658330,0.999975,0.759990,0.994502,0.877090,0.238016,0.407603,0.200431,0.089415,0.187953,0.018639,0.702077,0.215753,0.999499,0.378921,1.000000,0.380708,0.811426,0.988767,0.527912,0.350954,0.205856,0.061995,0.028686,0.022954,0.280120,0.650260
ENSDARG00000062976_8_7,-3.7800,-4.0435,0.500000,0.474763,0.559770,-29.6900,-31.3338,0.375000,0.329611,0.431921,0.018310,0.363084,0.005198,0.294428,0.025139,0.292785,0.827344,0.280352,0.905771,0.688941,0.058161,0.434361,0.863608,0.569938,0.896254,0.663278,0.999888,0.523040,0.996600,0.697043,0.893851,0.484700,0.907170,0.709576,0.876660,0.178543,0.132415,0.044039,0.720995,0.048665,0.999879,0.613201,0.035872,0.406226,0.026236,0.634632,0.017888,0.300750,0.988158,0.410831
ENSDARG00000062976_8_8,-1.8600,-2.7329,0.500000,0.651201,0.622041,-31.0500,-32.4011,0.500000,0.549383,0.443682,0.076372,0.531322,0.059198,0.011375,0.725703,0.020135,0.676720,0.071403,0.961457,0.990012,0.522469,0.087505,0.320537,0.146699,0.773670,0.477377,0.724317,0.267725,0.916914,0.725844,0.748002,0.575990,0.725856,0.573195,0.563760,0.835394,0.732433,0.838336,0.465652,0.228038,0.476313,0.275750,0.898699,0.905052,0.523034,0.364190,0.551581,0.838661,0.998135,0.109641
ENSDARG00000062976_8_9,-8.2300,-8.2551,0.875000,0.871071,0.502161,-32.6100,-34.1612,0.500000,0.456468,0.417381,0.016769,0.328339,0.010594,0.271675,0.010415,0.296296,0.010068,0.268617,0.017461,0.483567,0.999964,0.879272,0.990295,0.612323,0.990139,0.635755,0.008439,0.202987,0.000078,0.001412,0.006142,0.162032,0.014293,0.553589,0.017416,0.259099,0.996792,0.626268,0.999691,0.326724,0.996016,0.676857,0.989299,0.031021,0.989419,0.248991,0.989817,0.743282,0.990118,0.739506
ENSDARG00000062976_8_10,0.0000,-0.5523,1.000000,0.883257,0.824261,-24.2100,-25.9050,0.750000,0.614243,0.594516,0.578307,0.415326,0.550182,0.385340,0.763154,0.595190,0.855846,0.857011,0.871736,0.841749,0.989618,0.885645,0.758476,0.630558,0.739079,0.623008,0.657242,0.626654,0.950457,0.470478,0.896432,0.359379,0.808641,0.286025,0.800824,0.788274,0.956316,0.222759,0.833740,0.226686,0.797376,0.681106,0.994600,0.964932,0.933987,0.931695,0.851982,0.547882,0.897234,0.550615
ENSDARG00000063150_6_1,-1.2800,-1.7358,0.875000,0.836838,0.666267,-32.2100,-33.9174,0.750000,0.680245,0.403307,0.879081,0.004606,0.181001,0.000829,0.181777,0.000259,0.292597,0.000542,0.525676,0.000417,0.884162,0.000039,0.904411,0.002233,0.949134,0.998111,0.955457,0.367615,0.481496,0.557432,0.238038,0.590341,0.157794,0.101756,0.226021,0.239637,0.994778,0.982751,0.900282,0.938965,0.910816,0.744019,0.827094,0.435443,0.912321,0.998391,0.959267,0.998115,0.964129,0.104642
ENSDARG00000063150_6_2,-5.2200,-5.9597,0.375000,0.416713,0.531417,-39.1200,-40.1565,0.250000,0.272434,0.333530,0.983191,0.882112,0.782411,0.878817,0.699124,0.504577,0.407595,0.293001,0.178495,0.659870,0.033068,0.214668,0.289818,0.069191,0.308718,0.981079,0.642320,0.002553,0.989522,0.001913,0.999912,0.001712,0.980466,0.001644,0.999999,0.075998,0.999999,0.067683,1.000000,0.976179,0.000494,0.203378,0.001373,0.847407,0.000507,0.006629,0.035890,0.001166,0.295441,0.001030
ENSDARG00000063150_6_3,-4.4300,-4.5568,0.750000,0.741278,0.610183,-35.3400,-36.7214,0.375000,0.557314,0.443938,0.973844,0.674502,0.978585,0.550504,0.059989,0.896443,0.032492,0.015816,0.032504,0.013171,0.138308,0.758951,0.992787,0.249237,0.991436,0.255314,0.987615,0.754289,0.980394,0.006611,0.104183,0.000629,0.001298,0.244787,0.001316,0.004639,0.065397,0.189686,0.999688,0.770803,0.972775,0.989778,0.970169,0.921648,0.969981,0.989504,0.970398,0.578993,0.980498,0.013460
ENSDARG00000063150_6_4,-6.3300,-6.8915,0.875000,0.748852,0.537773,-32.4400,-34.5726,0.500000,0.386987,0.349624,0.170268,0.192397,0.149214,0.028233,0.343068,0.037533,0.424011,0.135660,0.587042,0.365336,0.985276,0.821127,0.671285,0.848149,0.655109,0.833119,0.501469,0.368168,0.149245,0.111735,0.065531,0.095636,0.063128,0.059486,0.366827,0.177066,0.919850,0.831178,0.999999,0.893263,0.646602,0.102053,0.695361,0.195934,0.639672,0.060890,0.866669,0.559187,0.855835,0.276326
ENSDARG00000063150_6_5,-3.2500,-3.5424,0.375000,0.478427,0.552219,-36.8100,-37.4879,0.000000,0.039400,0.270908,0.999026,0.998956,0.828185,0.999459,0.209604,0.999420,0.027897,0.078940,0.025127,0.002625,0.218723,0.003161,0.984389,0.002466,0.913805,0.008988,0.375274,0.991655,0.987602,0.937506,0.822854,0.026582,0.824475,0.053207,0.973737,0.043299,0.064632,0.001391,0.998615,0.000151,0.999681,0.004063,0.218548,0.243769,0.203470,0.015684,0.182750,0.003479,0.185986,0.003368
ENSDARG00000063150_6_6,-3.3700,-3.6891,0.500000,0.509230,0.595193,-29.0900,-30.4695,1.000000,0.814370,0.580550,0.029782,0.257092,0.021234,0.085030,0.027290,0.078209,0.943682,0.126283,0.639618,0.224992,0.306629,0.051553,0.993775,0.267929,0.995231,0.860179,0.993798,0.830213,0.942095,0.862622,0.937218,0.689384,0.999672,0.762554,0.876682,0.823713,0.999816,0.945743,0.107321,0.885435,0.995443,0.926493,0.733319,0.826931,0.028441,0.606328,0.028067,0.731462,0.304753,0.768852
ENSDARG00000063150_6_7,-5.4300,-5.6000,0.625000,0.686204,0.681033,-31.3500,-33.1797,0.125000,0.312593,0.342644,0.817256,0.490940,0.046799,0.161413,0.087515,0.359110,0.020933,0.273321,0.990065,0.703025,0.957115,0.697024,0.955357,0.440520,0.815838,0.135964,0.816798,0.042871,0.915505,0.522870,0.818555,0.058085,0.889302,0.466993,0.220292,0.132859,0.227682,0.026633,0.184124,0.056050,0.954950,0.289276,0.957080,0.313332,0.991863,0.273570,0.953754,0.982130,0.999883,0.426892
ENSDARG00000063150_6_8,-4.2500,-4.5246,0.500000,0.460082,0.567949,-36.0400,-36.9912,0.375000,0.333293,0.274184,0.998576,0.484410,0.997963,0.394959,0.981311,0.391121,0.998500,0.396844,0.977303,0.992250,0.652525,0.063251,0.006338,0.000960,0.027208,0.000868,0.013551,0.007245,0.027184,0.005107,0.998886,0.033716,0.998978,0.046606,0.999603,0.003323,0.986963,0.000378,0.998545,0.004937,0.002086,0.000682,0.002301,0.949053,0.003599,0.663598,0.010252,0.703728,0.677310,0.340641
ENSDARG00000063150_6_9,-1.2000,-1.8971,0.750000,0.841628,0.724962,-31.0600,-32.1192,0.625000,0.647417,0.498157,0.159995,0.221651,0.050644,0.215722,0.140794,0.040929,1.000000,0.049038,0.968857,0.058557,0.930306,0.099386,0.999004,0.678178,0.995240,0.728285,0.990032,0.734350,0.750778,0.749559,0.664354,0.760423,0.116206,0.447723,0.247923,0.432863,0.669829,0.278542,0.989521,0.304587,0.950838,0.800933,0.967993,0.948490,0.950873,0.765134,0.956163,0.750823,0.999885,0.897965
ENSDARG00000063150_6_10,-10.2200,-10.2871,0.625000,0.627746,0.404136,-34.6100,-35.3259,0.375000,0.398561,0.408130,0.009860,0.882895,0.009807,0.882702,0.012062,0.062978,0.000466,0.025516,0.000067,0.038647,0.009600,0.878083,0.999638,0.987538,1.000000,0.999259,0.999906,0.166744,0.019035,0.004488,0.000171,0.031619,0.000150,0.013648,0.002488,0.013719,1.000000,0.119149,0.061857,0.012017,0.018191,0.040013,0.939483,0.100607,0.999999,0.973036,0.999982,0.975441,0.999966,0.954505
ENSDARG00000063258_0_1,-4.9300,-5.3991,0.500000,0.497302,0.597733,-31.4300,-33.3405,0.625000,0.441439,0.391415,0.999376,0.326123,0.999415,0.022540,0.901395,0.007263,0.708348,0.006614,0.259577,0.022076,0.109756,0.032519,0.008757,0.045568,0.010901,0.007390,0.992141,0.938475,0.993193,0.944181,0.993393,0.947461,0.999998,0.996585,0.999934,0.994940,0.999939,0.994661,0.001514,0.021239,0.000787,0.014577,0.042143,0.253862,0.213148,0.545722,0.920766,0.457217,0.800186,0.249294
ENSDARG00000063258_0_3,-5.2400,-5.5637,0.250000,0.338668,0.441287,-30.4400,-31.6463,0.250000,0.245102,0.475472,0.928227,0.925484,0.067924,0.809427,0.015610,0.817307,0.895363,0.384727,0.004754,0.213150,0.019326,0.208326,0.105425,0.685982,0.377499,0.713460,0.999225,0.774161,0.912981,0.804077,0.895022,0.250965,0.895034,0.961551,0.274409,0.044654,0.999932,0.141983,0.027953,0.024304,0.065917,0.089865,0.098246,0.323806,0.998121,0.450494,0.118611,0.428768,0.126152,0.456946
ENSDARG00000063258_0_4,-1.9500,-2.6559,0.750000,0.711098,0.768072,-32.2100,-33.1410,0.625000,0.623009,0.500044,0.993246,0.727653,0.994918,0.286133,1.000000,0.168593,0.638215,0.601402,0.322209,0.610307,0.969143,0.149622,0.425300,0.047028,0.335672,0.404789,1.000000,0.861281,0.996754,0.377466,0.997198,0.380347,1.000000,0.402187,0.941939,0.969053,0.962848,0.032892,0.065085,0.013803,0.022840,0.003142,1.000000,0.992745,0.743291,0.992084,0.952784,0.998835,1.000000,0.981521
ENSDARG00000063258_0_5,0.0000,-0.4134,1.000000,0.809470,0.810921,-32.9100,-34.0481,0.500000,0.498010,0.374083,0.995818,0.968583,0.567908,0.055756,0.544507,0.054594,0.535460,0.094559,0.556335,0.928161,0.989680,0.153850,0.971521,0.910073,0.984704,0.103378,0.923129,0.032344,0.896066,0.064076,0.889615,0.076444,0.887908,0.055758,0.996403,0.063413,0.985007,0.035465,0.644288,0.914053,0.633050,0.952247,0.610327,0.140069,0.629561,0.153915,0.991403,0.779594,0.985722,0.945327
ENSDARG00000063258_0_7,-0.6500,-1.1246,0.750000,0.831248,0.785812,-27.8000,-29.3517,0.125000,0.231928,0.509633,0.396018,0.642636,0.321799,0.619401,0.931147,0.812873,0.976503,0.839442,0.435588,0.877540,0.939465,0.925553,0.998668,0.917234,0.999942,0.959659,0.821844,0.616603,0.773678,0.598001,0.976394,0.302393,0.495205,0.225900,0.999978,0.224701,0.999963,0.052983,0.373267,0.026084,0.394125,0.755670,0.960264,0.018919,0.974364,0.013590,0.970403,0.480482,0.977622,0.282995
ENSDARG00000063258_0_8,-3.7300,-4.2298,0.375000,0.458289,0.512359,-32.4900,-34.1359,0.750000,0.708708,0.451184,0.989360,0.190248,0.103087,0.158011,0.049469,0.087679,0.061814,0.099215,0.068887,0.099678,0.493055,0.032345,0.464593,0.037511,0.926177,0.559996,0.946751,0.289249,0.990359,0.572358,0.991424,0.649264,0.495905,0.578461,0.999132,0.574781,0.456926,0.567530,0.990966,0.960442,0.065956,0.801252,0.063449,0.808883,0.040795,0.553931,0.078086,0.546267,0.970999,0.856574
ENSDARG00000063258_0_9,-4.0900,-4.3105,0.500000,0.549250,0.539222,-31.7900,-33.2559,0.500000,0.555653,0.433003,0.262036,0.324869,0.979883,0.307089,0.122120,0.219855,0.995788,0.248557,0.036833,0.098325,0.026897,0.691457,0.058881,0.795667,0.971663,0.895520,0.950275,0.283229,0.969188,0.011650,0.981020,0.004382,0.035850,0.334247,0.043074,0.395993,0.019588,0.702693,0.971348,0.922405,0.115088,0.237526,0.997962,0.127235,0.249648,0.110849,0.999274,0.961236,0.998019,0.987285
ENSDARG00000063258_0_10,0.0000,-0.2326,1.000000,0.975568,0.958524,-29.3200,-30.6180,0.500000,0.534220,0.488189,0.778998,0.395338,0.974561,0.200539,0.972479,0.650531,0.999321,0.194902,0.999487,0.174816,0.703809,0.161829,0.990190,0.838409,0.981831,0.180225,0.976392,0.838922,0.996709,0.612999,0.992677,0.385386,0.999470,0.856118,0.996338,0.957005,0.995942,0.960022,0.927940,0.252179,0.994596,0.208059,0.999286,0.950153,0.978087,0.855514,0.948193,0.047509,0.964165,0.043319
ENSDARG00000063332_1_1,-3.2300,-3.7601,0.500000,0.513076,0.600099,-28.5500,-30.0080,0.625000,0.580274,0.414018,0.025232,0.927249,0.006415,0.852874,0.034289,0.885100,0.191922,0.170303,0.793243,0.052353,0.999956,0.161141,0.985041,0.135246,0.982180,0.129222,0.983635,0.055545,0.941856,0.082280,0.954564,0.092134,0.999035,0.094730,0.072941,0.026272,0.184866,0.026338,0.468231,0.484275,0.014313,0.783255,0.364778,0.898050,0.999508,0.948444,0.999988,0.948556,0.999982,0.526998
ENSDARG00000063332_1_2,-7.0800,-7.4250,0.250000,0.363813,0.446989,-34.3600,-36.1846,0.125000,0.181715,0.242156,0.068766,0.509703,0.005266,0.447178,0.007183,0.479368,0.996319,0.919170,0.009467,0.062531,0.008534,0.437096,0.386689,0.158901,0.998126,0.127126,0.998233,0.127145,0.992614,0.112323,0.779110,0.002456,0.778968,0.006398,0.384312,0.130149,0.009060,0.216770,0.011163,0.453211,0.799061,0.139155,0.219693,0.119306,0.217889,0.086268,0.270102,0.088805,0.999227,0.220060
ENSDARG00000063332_1_3,-3.5800,-4.1065,1.000000,0.796032,0.620396,-28.2600,-30.3268,0.250000,0.457905,0.402615,0.185693,0.165410,0.014011,0.087553,0.127876,0.236863,0.869741,0.618238,0.791552,0.685574,0.767027,0.809574,0.324255,0.192565,0.315941,0.365442,0.318305,0.073516,0.794324,0.503171,0.734039,0.410751,0.796891,0.240405,0.825437,0.217003,0.701791,0.206299,0.988653,0.172478,0.554045,0.937897,0.517689,0.603041,0.870063,0.797718,0.941025,0.591285,0.969555,0.137521
ENSDARG00000063332_1_4,-8.5900,-8.6230,0.375000,0.375874,0.400979,-30.7700,-32.1833,0.125000,0.245522,0.350440,0.002991,0.037353,0.000754,0.029943,0.000168,0.033651,0.001213,0.032399,0.999769,0.995058,0.001944,0.030497,0.002990,0.006329,0.999999,0.971935,0.999988,0.969026,0.999981,0.967164,0.999981,0.966492,0.002820,0.004777,0.001901,0.005499,0.999999,0.969370,0.001211,0.005004,0.000157,0.005404,0.000967,0.008139,0.002782,0.022292,0.999992,0.483186,0.999982,0.465280
ENSDARG00000063332_1_5,-9.4700,-9.4915,0.500000,0.500972,0.401177,-31.6400,-33.0073,0.500000,0.443486,0.411565,0.003728,0.189841,0.001458,0.189667,0.002485,0.154386,0.002061,0.151270,0.000012,0.198168,0.002024,0.184475,1.000000,0.985886,1.000000,0.868165,1.000000,0.833471,1.000000,0.829716,0.003973,0.097062,0.000013,0.001307,0.000112,0.001343,1.000000,0.793448,0.000633,0.001901,0.002447,0.010569,0.004589,0.194157,1.000000,0.942835,0.999999,0.932842,1.000000,0.670795
ENSDARG00000063332_1_6,-0.5800,-1.0766,0.750000,0.807570,0.786949,-33.5600,-34.4453,0.625000,0.361208,0.414038,0.983045,0.976904,0.995948,0.527440,0.524036,0.529327,0.894338,0.974000,0.198009,0.552847,0.352304,0.157706,0.997096,0.524797,0.994649,0.114942,0.996134,0.491082,0.969667,0.031667,0.952895,0.507747,0.420287,0.002634,0.476078,0.001584,0.959241,0.013975,0.347018,0.026258,0.857621,0.510564,0.997092,0.510652,0.993346,0.513688,0.925995,0.659592,0.904172,0.653352
ENSDARG00000063332_1_7,-1.2400,-1.8742,0.625000,0.668700,0.730547,-28.9600,-30.3437,0.375000,0.433398,0.374416,0.991184,0.696331,0.961210,0.661906,0.964302,0.067451,0.976177,0.054952,0.758774,0.025940,0.980980,0.216869,0.466087,0.256162,0.087794,0.373868,0.093376,0.709361,0.995957,0.353222,0.993259,0.303742,0.992243,0.301327,0.998491,0.302408,0.998487,0.301483,0.971002,0.289787,0.068319,0.035450,0.092858,0.704703,0.458250,0.776813,0.976557,0.964705,0.785634,0.091832
ENSDARG00000063332_1_8,-3.9400,-4.0481,0.625000,0.622646,0.512858,-33.9900,-34.8763,0.375000,0.370398,0.432976,0.129562,0.416068,0.054496,0.459518,0.054091,0.423343,0.989632,0.422353,0.017013,0.436642,0.012613,0.412055,0.966263,0.950912,0.967225,0.948296,0.937640,0.541201,0.076667,0.093949,0.072160,0.570151,0.998637,0.021844,0.070252,0.005891,0.005425,0.003223,0.063136,0.452407,0.936610,0.014381,0.937149,0.486561,0.985351,0.999517,0.984008,0.438698,0.999234,0.562507
ENSDARG00000063332_1_9,-2.4500,-3.1039,0.500000,0.373990,0.492747,-32.7200,-33.9200,0.125000,0.149951,0.490774,0.994360,0.889922,0.761540,0.879434,0.798178,0.928481,0.569319,0.936622,0.517824,0.912825,0.525056,0.776436,0.094809,0.718314,0.074569,0.929769,0.069754,0.881877,0.580424,0.316444,0.934981,0.188709,0.942211,0.257037,0.938614,0.656494,0.449921,0.116767,0.450584,0.001492,0.403420,0.005859,0.109750,0.328852,0.094690,0.070937,0.156012,0.016032,0.388928,0.003172
ENSDARG00000063332_1_10,-0.2200,-1.1350,1.000000,0.778126,0.745092,-35.5600,-37.0550,0.250000,0.304810,0.384693,0.580547,0.765840,0.561510,0.716473,0.561884,0.734794,0.940063,0.988023,0.856091,0.009335,0.916600,0.004118,0.927264,0.003075,0.760061,0.025670,0.340535,0.998988,0.279238,0.012330,0.978667,0.013087,0.974378,0.983642,0.957047,0.422465,0.932666,0.990260,0.586494,0.988614,0.594916,0.016317,0.811882,0.009000,0.731653,0.000048,0.707790,0.004050,0.902558,0.007724
ENSDARG00000063719_8_1,-5.4800,-5.9136,0.500000,0.438295,0.550576,-32.4400,-33.9557,0.625000,0.478936,0.530998,0.003554,0.407405,0.001387,0.052247,0.004808,0.097362,0.000930,0.954485,0.994665,0.353979,0.503492,0.156609,0.999993,0.343323,0.999780,0.923773,0.997143,0.563024,0.999407,0.989023,1.000000,0.956862,1.000000,0.990374,1.000000,0.871010,0.505387,0.861523,0.001185,0.913158,0.000302,0.921162,0.000416,0.259877,0.002709,0.001250,0.996862,0.002296,0.999498,0.001213
ENSDARG00000063719_8_2,-2.6900,-2.9788,0.625000,0.683266,0.709540,-28.3200,-29.9309,0.375000,0.432223,0.525976,0.801624,0.523488,0.021549,0.194416,0.192976,0.575060,0.369581,0.528154,0.857835,0.691158,0.860445,0.947138,0.988516,0.584861,0.999918,0.611189,0.815957,0.232785,0.816265,0.452843,1.000000,0.880304,1.000000,0.840346,0.227024,0.528419,0.204710,0.237794,0.348684,0.270799,1.000000,0.192438,0.852146,0.150132,0.836658,0.143222,0.997449,0.995649,0.999460,0.939328
ENSDARG00000063719_8_3,-6.1800,-6.1932,0.500000,0.502744,0.601641,-32.0700,-33.8374,0.250000,0.364647,0.501614,0.010958,0.863604,0.010814,0.853146,0.005539,0.783191,0.004845,0.660748,0.999865,0.499288,0.997870,0.550879,0.997662,0.538235,0.997530,0.481262,0.997135,0.583845,0.994350,0.386646,0.994352,0.344765,0.999946,0.569504,0.008311,0.167758,0.008139,0.183765,1.000000,0.477877,0.004697,0.035656,0.006724,0.081678,0.994603,0.071543,0.999475,0.982013,1.000000,0.916887
ENSDARG00000063719_8_4,-1.5100,-2.1476,1.000000,0.829291,0.785451,-31.2900,-32.5171,0.250000,0.252193,0.519235,0.996328,0.993072,0.604640,0.744846,0.301809,0.723725,0.419414,0.980892,0.627208,0.976479,1.000000,0.980036,0.978705,0.695469,0.974291,0.495654,1.000000,0.327094,0.597407,0.226962,0.574893,0.226343,1.000000,0.996591,0.433276,0.000961,0.437214,0.000593,1.000000,0.002329,0.894860,0.999875,1.000000,0.999775,1.000000,0.013015,0.937789,0.000349,0.931187,0.000646
ENSDARG00000063719_8_5,-1.7000,-1.7784,1.000000,0.981322,0.804925,-27.9000,-29.0757,0.375000,0.380272,0.507177,0.084630,0.136644,0.090463,0.139822,1.000000,0.988384,0.973816,0.910752,1.000000,0.911165,0.962648,0.913103,0.061850,0.147532,0.094263,0.143800,1.000000,0.995042,0.980291,0.425845,0.999981,0.423520,0.999983,0.965757,0.999748,0.967997,0.957205,0.018979,0.963225,0.020959,0.960072,0.011907,0.999995,0.966958,0.972874,0.972246,0.999911,0.042812,0.997542,0.040318
ENSDARG00000063719_8_6,-7.3800,-7.4027,0.625000,0.626303,0.501195,-33.3600,-34.7775,0.375000,0.412371,0.251775,0.008280,0.035479,0.002598,0.033668,0.000216,0.040043,0.002409,0.041014,0.000747,0.032076,0.999397,0.026247,0.999221,0.014359,0.999404,0.320683,0.999766,0.115700,0.994811,0.658598,0.003786,0.415584,0.002836,0.003081,0.003303,0.033941,0.004259,0.878067,0.007755,0.123993,0.996648,0.158669,0.999418,0.043555,0.999912,0.071030,0.999317,0.996413,0.999809,0.993298
ENSDARG00000063719_8_7,-1.6500,-2.1411,0.875000,0.717550,0.639295,-32.2500,-33.2213,0.625000,0.506416,0.552373,0.361161,0.146305,0.944664,0.169155,0.374578,0.123944,0.169002,0.142043,0.534716,0.779780,0.619322,0.753895,0.870125,0.759567,0.979060,0.903184,0.732925,0.884989,0.800519,0.869238,0.302728,0.674023,0.356712,0.790013,0.886988,0.604664,0.430215,0.722956,0.805874,0.731942,0.759101,0.017462,0.715081,0.015214,0.731650,0.019227,0.701686,0.955704,0.709801,0.984160
ENSDARG00000063719_8_8,-6.5000,-6.6989,0.125000,0.156902,0.325510,-31.7000,-33.1873,0.125000,0.171821,0.397013,0.243817,0.846098,0.003312,0.825172,0.001199,0.605464,0.000833,0.708521,0.000940,0.740808,0.001609,0.641097,0.004239,0.938415,0.999842,0.263614,0.999426,0.128594,0.999811,0.825918,0.999976,0.022284,0.999979,0.019703,0.999998,0.019706,0.004258,0.143504,0.000943,0.005119,0.001633,0.107873,0.001072,0.116577,0.001305,0.095812,0.002630,0.850504,0.243375,0.035473
ENSDARG00000063719_8_9,-3.2300,-3.8815,0.125000,0.342745,0.402810,-27.3700,-28.7887,0.500000,0.473225,0.431066,0.640855,0.135896,0.186528,0.112337,0.135749,0.138319,0.005028,0.707053,0.031054,0.103340,0.651433,0.189862,0.383025,0.146672,0.397011,0.833445,0.599516,0.426194,0.997865,0.607793,0.655799,0.827972,0.630378,0.606635,0.623119,0.237014,0.597467,0.555612,0.141295,0.768092,0.008385,0.115977,0.163472,0.239719,0.380084,0.851471,0.386825,0.869894,0.441312,0.148023
ENSDARG00000063719_8_10,-2.5800,-2.9631,0.875000,0.894651,0.718423,-30.1100,-31.3981,0.375000,0.374605,0.491896,0.145446,0.207558,0.009666,0.084711,0.040665,0.119537,0.999955,0.920685,0.999931,0.921020,0.999563,0.919018,0.999963,0.871380,0.968406,0.835581,0.968789,0.852847,0.998267,0.960428,0.037828,0.058226,0.042786,0.090091,0.462661,0.434638,0.711727,0.620139,0.997178,0.828492,0.995641,0.802598,0.998692,0.195857,0.998779,0.033798,0.997066,0.056599,0.995462,0.024720
ENSDARG00000067966_0_1,-6.4700,-6.5211,0.750000,0.751594,0.604187,-32.0200,-33.4884,0.250000,0.470985,0.434615,0.011990,0.308516,0.996041,0.619720,0.000211,0.006730,0.000119,0.005137,0.034683,0.096378,0.999511,0.624516,0.999597,0.622188,0.999896,0.622171,0.995685,0.461367,0.993928,0.706957,0.032920,0.321634,0.006403,0.529102,0.000397,0.270831,0.999468,0.447291,0.013403,0.328419,0.999894,0.376743,0.999812,0.298635,0.999850,0.737402,0.999927,0.913579,0.999999,0.394983
ENSDARG00000067966_0_2,-4.3700,-4.6804,0.500000,0.460844,0.568649,-32.7600,-34.0642,0.625000,0.637469,0.420695,0.993828,0.005128,0.915473,0.001353,0.916672,0.000911,0.949495,0.001649,0.020319,0.000340,0.001774,0.000293,0.074526,0.028527,0.204935,0.999010,0.726034,0.886641,0.884040,0.297687,0.999313,0.376548,0.999828,0.716052,0.936407,0.794382,0.853336,0.505971,0.760914,0.503086,0.866131,0.637254,0.044534,0.498049,0.003210,0.194667,0.107818,0.997131,0.114402,0.969213
ENSDARG00000067966_0_3,-6.1200,-6.4485,0.375000,0.333265,0.465180,-37.5100,-38.2055,0.375000,0.382579,0.403779,0.989495,0.974709,0.951113,0.968561,0.950726,0.987518,0.995463,0.986987,0.019327,0.061863,0.025405,0.013342,0.014349,0.002674,0.011200,0.000391,0.041388,0.000030,0.645006,0.001522,0.999279,0.997051,0.994733,0.020305,0.994816,0.993548,0.952451,0.018269,0.617736,0.050746,0.005982,0.000171,0.005355,0.000098,0.043113,0.000770,0.021319,0.998515,0.025348,0.998513
ENSDARG00000067966_0_4,-5.0800,-5.1359,1.000000,0.981728,0.604107,-34.9700,-35.7905,0.500000,0.484360,0.431508,0.031372,0.173654,0.032875,0.138752,0.035105,0.216484,0.071705,0.933693,0.968281,0.999189,0.966653,0.125406,0.966864,0.069534,0.055588,0.003102,0.034299,0.003087,0.032671,0.914826,0.035429,0.754555,0.997469,0.422989,0.974456,0.103429,0.967649,0.765092,0.968643,0.997766,0.965691,0.001757,0.994903,0.001670,0.994247,0.999708,0.995225,0.999704,0.993013,0.005755
ENSDARG00000067966_0_6,-6.2100,-6.6701,0.375000,0.329828,0.462602,-29.5900,-30.5979,1.000000,0.702056,0.587929,0.003113,0.038125,0.000146,0.033158,0.000666,0.050358,0.004208,0.600266,0.978048,0.910340,0.534670,0.800470,0.556576,0.237940,0.549373,0.230554,0.998926,0.396993,0.996139,0.952446,0.991548,0.952150,1.000000,0.939322,0.065169,0.581912,0.548099,0.762725,0.985970,0.908177,0.008789,0.578143,0.004222,0.574514,0.012536,0.636571,0.013836,0.642962,1.000000,0.931448
ENSDARG00000067966_0_7,-3.7400,-4.3537,0.625000,0.529791,0.620922,-31.9900,-32.8794,0.500000,0.518703,0.438792,0.922313,0.864446,0.994171,0.045091,0.732443,0.143934,0.401996,0.160550,0.146392,0.039126,0.018992,0.604869,0.031940,0.399935,0.996335,0.098465,0.999478,0.721914,0.972214,0.328357,0.971737,0.331100,0.992098,0.888432,0.874003,0.989677,0.873570,0.988477,0.156306,0.028691,0.023411,0.006111,0.009604,0.004076,0.527902,0.999020,0.774951,0.136913,0.998583,0.996660
ENSDARG00000067966_0_8,-3.8200,-4.1824,0.625000,0.619282,0.538615,-35.7000,-36.4461,0.250000,0.277783,0.380608,0.323977,0.974781,0.206847,0.990932,0.864966,0.430936,0.999221,0.403713,0.012422,0.400167,0.002595,0.976397,0.125712,0.101857,0.852065,0.039688,0.998741,0.993207,0.998788,0.074455,0.275876,0.003334,0.156835,0.000421,0.007938,0.000074,0.847289,0.002579,0.847023,0.002844,0.083397,0.999005,0.174467,0.201464,0.999682,0.999913,0.994512,0.012432,0.999947,0.003955
ENSDARG00000067966_0_10,-3.5500,-3.8261,0.875000,0.796777,0.670662,-33.8800,-34.7984,0.875000,0.862927,0.412592,0.222636,0.012598,0.227807,0.008903,0.050705,0.009866,0.873977,0.097354,0.785059,0.995716,0.778590,0.204168,0.786750,0.001981,0.994280,0.003007,0.865221,0.007717,0.907918,0.006710,0.320887,0.000261,0.225185,0.000145,0.026816,0.006520,0.783594,0.984117,0.789534,0.990952,0.994684,0.986185,0.827213,0.992129,0.993653,0.982378,0.983683,0.985527,0.975041,0.975606
ENSDARG00000068397_9_1,-0.8500,-1.4525,0.625000,0.689139,0.751025,-36.0300,-36.5048,0.375000,0.408299,0.372697,0.996963,0.911848,0.998166,0.929446,0.997966,0.986073,0.994835,0.004602,0.980682,0.002161,0.719851,0.000863,0.695552,0.001707,0.852999,0.025448,0.182365,0.127977,0.544861,0.088346,0.553296,0.990264,0.989861,0.118812,0.997402,0.199361,0.999787,0.999613,0.711517,0.039489,0.423990,0.000123,0.090206,0.000138,0.348064,0.999999,0.977610,0.999999,0.964537,0.027670
ENSDARG00000068397_9_2,-4.2600,-4.5159,0.250000,0.298846,0.428796,-35.4600,-37.0457,0.000000,0.115095,0.359013,0.185293,0.347114,0.126750,0.469731,0.995699,0.346787,0.013746,0.544738,0.017489,0.558588,0.001961,0.591256,0.063600,0.697845,0.884551,0.519047,0.998165,0.388616,0.999475,0.515574,0.999611,0.602961,0.898806,0.677239,0.948101,0.087142,0.128726,0.053533,0.016050,0.045160,0.002820,0.237078,0.002442,0.119020,0.115247,0.110632,0.180025,0.112238,0.997359,0.155954
ENSDARG00000068397_9_3,-8.8000,-8.9528,0.250000,0.275372,0.321716,-37.1500,-38.7367,0.125000,0.138110,0.311709,0.189978,0.998013,0.002017,0.995997,0.003557,0.994334,0.999993,0.997262,0.002268,0.988051,0.000663,0.146015,0.002055,0.001598,0.017350,0.000921,0.999283,0.001234,0.999998,0.001558,0.998133,0.001388,0.016054,0.002931,0.002988,0.997640,0.000648,0.017239,0.002240,0.004855,0.997424,0.036340,0.004716,0.037172,0.002784,0.001183,0.192814,0.003626,0.999362,0.006825
ENSDARG00000068397_9_4,-2.3400,-3.1101,0.750000,0.705287,0.713326,-28.5000,-29.8930,0.750000,0.717012,0.531606,0.921940,0.596280,0.790295,0.073455,0.787403,0.108474,0.960594,0.121263,0.358150,0.037625,0.320856,0.065250,0.597147,0.940888,0.665540,0.080960,0.654431,0.041923,0.987863,0.925324,0.993528,0.927603,0.586468,0.976992,0.360290,0.888185,0.354478,0.888378,0.999985,0.993470,0.786869,0.924466,0.776752,0.910139,0.681543,0.070811,0.682469,0.088208,0.999914,0.972435
ENSDARG00000068397_9_5,-3.7300,-4.1213,0.625000,0.519454,0.613435,-30.4200,-32.0432,0.500000,0.537334,0.470362,0.097928,0.958708,0.002330,0.007155,0.010314,0.016777,0.556053,0.515224,0.696951,0.513564,0.988442,0.034444,0.990277,0.025146,0.950687,0.023312,0.843034,0.021763,0.995805,0.997600,0.991645,0.997379,0.989608,0.997501,0.452899,0.975719,0.372227,0.321184,0.393809,0.315508,0.586509,0.335771,0.550987,0.690138,0.547335,0.671403,0.548482,0.678900,0.703388,0.310051
ENSDARG00000068397_9_6,-3.0100,-3.2182,0.625000,0.603886,0.509467,-28.1900,-29.7409,0.750000,0.684410,0.465052,0.872669,0.298613,0.145903,0.272019,0.120048,0.294075,0.018413,0.236610,0.014504,0.165882,0.037907,0.078808,0.891759,0.369813,0.999140,0.340265,0.999197,0.516352,0.999918,0.696855,0.142829,0.209285,0.115964,0.347179,0.117394,0.657078,0.120358,0.656552,0.146836,0.671353,0.891942,0.683732,0.761632,0.395432,0.892751,0.657392,0.900536,0.989686,0.999636,0.764058
ENSDARG00000068397_9_7,-4.0300,-4.2115,0.375000,0.403433,0.431271,-37.4500,-38.2950,0.375000,0.497859,0.453230,0.153742,0.956945,0.013477,0.964933,0.006835,0.144373,0.998947,0.002945,0.019977,0.008429,0.020117,0.996797,0.101972,0.993605,0.998862,0.018390,0.998854,0.994915,0.999983,0.000183,0.999670,0.000080,0.085523,0.000132,0.001263,0.000022,0.003295,0.004105,0.999096,0.054262,0.025431,0.999180,0.030465,0.458325,0.168882,0.472012,0.999059,0.998090,0.999974,0.996872
ENSDARG00000068397_9_8,-0.1600,-0.6781,1.000000,0.968274,0.870871,-30.7700,-32.4022,0.375000,0.413190,0.356686,0.913613,0.812732,0.944479,0.063074,0.562651,0.006348,0.448337,0.002287,0.884780,0.164721,0.999125,0.166354,0.997641,0.079314,0.555806,0.279845,0.487912,0.147521,1.000000,0.999064,1.000000,0.999056,0.876885,0.107893,0.867088,0.058763,1.000000,0.062681,1.000000,0.063359,0.999955,0.063854,0.895578,0.064461,0.988288,0.997690,0.995723,0.999201,0.999564,0.995509
ENSDARG00000068397_9_9,-2.7800,-3.3554,0.375000,0.455168,0.563041,-33.2800,-34.2888,0.375000,0.421089,0.426155,0.992921,0.702340,0.606614,0.701611,0.511094,0.701827,0.497285,0.702994,0.560898,0.118750,0.890182,0.175850,0.444067,0.211237,0.423050,0.885658,0.550772,0.243568,0.556316,0.203927,0.592007,0.210966,0.994279,0.295659,0.991462,0.289762,0.579876,0.159334,0.061131,0.473171,0.024421,0.067987,0.047506,0.466657,0.456653,0.482664,0.485248,0.466090,0.995048,0.963046
ENSDARG00000068397_9_10,-2.3400,-3.0503,0.625000,0.651734,0.619591,-28.6700,-30.2106,0.375000,0.574431,0.443930,0.528654,0.244240,0.566088,0.070343,0.572690,0.070007,0.628812,0.079964,0.628937,0.078048,0.998486,0.125117,0.943210,0.608279,0.778514,0.589416,0.505635,0.777132,0.383888,0.249359,0.014053,0.522461,0.628981,0.868777,0.629839,0.604228,0.632335,0.514208,0.686753,0.633541,0.392813,0.062171,0.388750,0.055000,0.548743,0.955821,0.988370,0.870032,0.946272,0.900448
ENSDARG00000068406_1_1,-4.7100,-5.1345,0.250000,0.265587,0.412056,-35.9000,-36.6115,0.250000,0.250765,0.455307,0.012208,0.975305,0.003435,0.974124,0.585654,0.993468,0.470492,0.983592,0.016012,0.982859,0.008452,0.984141,0.026449,0.169366,0.997148,0.009831,0.997276,0.000590,0.999579,0.002085,0.999720,0.999880,0.999999,0.024770,0.024010,0.001844,0.010736,0.001990,0.003696,0.000450,0.069595,0.000021,0.635956,0.007817,0.014178,0.001536,0.369748,0.992550,0.996777,0.999915
ENSDARG00000068406_1_2,-2.4600,-3.3227,0.750000,0.631040,0.650002,-36.7000,-37.6815,0.375000,0.324104,0.305069,0.533013,0.988378,0.665465,0.070160,0.981435,0.014821,0.589931,0.024007,0.610741,0.019183,0.613590,0.025031,0.988285,0.025409,0.860777,0.972777,0.904051,0.677977,0.426047,0.687649,0.412956,0.002268,0.365432,0.000883,0.615983,0.001715,0.609655,0.003707,0.950573,0.981570,0.987940,0.546777,0.061589,0.019666,0.154060,0.017876,0.734987,0.039843,0.933534,0.981678
ENSDARG00000068406_1_3,-1.5200,-1.9837,0.625000,0.631856,0.697900,-27.2700,-28.9391,0.750000,0.591371,0.491021,0.981423,0.315742,0.982072,0.581374,0.606192,0.481640,0.570957,0.210180,0.576570,0.195497,0.870829,0.285754,0.946691,0.799243,0.984775,0.604873,0.487930,0.310460,0.440502,0.169680,0.485038,0.206732,0.970162,0.928284,0.865116,0.719140,0.710377,0.705716,0.692335,0.699452,0.718721,0.714811,0.346779,0.543628,0.350529,0.698507,0.386833,0.218747,0.984160,0.430967
ENSDARG00000068406_1_4,-7.4500,-7.5729,0.125000,0.147073,0.317509,-31.5600,-33.5542,0.125000,0.141514,0.372181,0.008453,0.433252,0.000885,0.190092,0.000365,0.206387,0.009954,0.291838,0.935819,0.748915,0.081422,0.633335,0.067103,0.389521,0.071157,0.407604,0.999930,0.804968,0.999961,0.774444,0.999984,0.695955,0.998557,0.735199,0.006654,0.090847,0.001622,0.071994,0.112620,0.676350,0.043324,0.140282,0.001687,0.055712,0.003053,0.040661,0.008263,0.039727,0.999360,0.016538
ENSDARG00000068406_1_5,-2.1200,-2.7388,0.125000,0.272622,0.410842,-35.3400,-36.2352,0.375000,0.442011,0.351235,0.775368,0.998397,0.289746,0.998415,0.464899,0.002853,0.995705,0.000687,0.189956,0.000419,0.097359,0.000653,0.089330,0.001074,0.037564,0.025973,0.182082,0.976915,0.988654,0.200438,0.967286,0.034487,0.957920,0.248301,0.205474,0.146905,0.083785,0.277376,0.085226,0.111131,0.093402,0.304734,0.194479,0.871873,0.998419,0.999644,0.181461,0.719030,0.338733,0.105392
ENSDARG00000068406_1_6,-1.3100,-1.7237,0.625000,0.627805,0.693721,-27.5500,-28.8130,0.375000,0.439548,0.372472,0.915790,0.716011,0.984489,0.048648,0.786347,0.012585,0.774824,0.026377,0.928904,0.711431,0.686965,0.719397,0.156100,0.746608,0.314049,0.035301,0.306752,0.016748,0.998999,0.291439,0.999554,0.301684,0.999207,0.306822,0.774705,0.291672,0.734024,0.286008,0.753542,0.292162,0.125825,0.603442,0.350144,0.598324,0.355466,0.618921,0.989839,0.423496,0.938896,0.402357
ENSDARG00000068406_1_7,-3.6700,-4.0864,0.375000,0.459912,0.566958,-33.2600,-34.3455,0.625000,0.500252,0.365696,0.254898,0.993035,0.048513,0.982518,0.138440,0.020666,0.181058,0.022552,0.167373,0.021026,0.999998,0.019668,0.999998,0.156554,0.999868,0.998875,0.994997,0.004777,0.969873,0.004405,0.963695,0.004272,0.941144,0.083564,0.343347,0.078630,0.328935,0.243506,0.827816,0.996644,0.035836,0.538502,0.005474,0.547106,0.193869,0.520556,0.969626,0.995301,0.974395,0.081769
ENSDARG00000068406_1_8,0.0000,-0.2573,1.000000,0.883231,0.897641,-27.8800,-28.5433,0.500000,0.460049,0.582249,0.990274,0.965590,0.978558,0.954637,0.968622,0.958681,0.893816,0.986868,0.866824,0.981181,0.731324,0.978761,0.835768,0.955356,0.973360,0.096008,0.827026,0.125957,0.918253,0.063881,0.947384,0.049065,0.955767,0.848613,0.894885,0.639195,0.875891,0.775091,0.832385,0.920411,0.833623,0.923571,0.935980,0.020631,0.883051,0.086985,0.844670,0.134223,0.965365,0.180281
ENSDARG00000068406_1_9,-2.9500,-3.0431,0.375000,0.389713,0.511732,-31.3700,-32.3167,0.250000,0.353499,0.354633,0.998551,0.687454,0.032290,0.698887,0.020993,0.366154,0.026220,0.055908,0.036553,0.035166,0.076521,0.338114,0.991927,0.632482,0.982237,0.967627,0.983214,0.033236,0.983551,0.033474,0.984910,0.039283,0.999967,0.376879,0.999921,0.397843,0.999999,0.249439,0.984130,0.081125,0.066410,0.223399,0.015639,0.169618,0.009451,0.214268,0.022238,0.737460,0.019916,0.754839
ENSDARG00000068406_1_10,-3.5500,-3.8193,0.625000,0.628230,0.630771,-31.8600,-32.4673,0.500000,0.502582,0.453706,0.011180,0.009590,0.001871,0.000475,0.009479,0.001101,0.959091,0.008817,0.967691,0.056066,0.996689,0.996089,0.361958,0.992105,0.998296,0.996332,0.998265,0.987258,0.998138,0.993722,0.968282,0.010626,0.318637,0.001286,0.960496,0.002255,0.960810,0.001588,0.968056,0.004784,0.050452,0.018398,0.042758,0.998250,0.043306,0.998225,0.999985,0.999480,0.999979,0.997673
ENSDARG00000068650_6_1,-7.7000,-7.8348,0.500000,0.478964,0.383983,-31.1900,-33.4588,1.000000,0.625383,0.412071,0.826439,0.206769,0.002852,0.053498,0.001036,0.097784,0.001019,0.166833,0.001803,0.004713,0.001413,0.004285,0.005372,0.144654,0.999993,0.722300,0.999950,0.402854,0.999956,0.365656,0.006064,0.452032,0.002056,0.616985,0.002084,0.548409,0.001331,0.487820,0.000293,0.479973,0.009866,0.473780,0.999675,0.934384,0.839439,0.611261,0.979056,0.750380,0.999969,0.717057
ENSDARG00000068650_6_2,-2.0500,-2.5159,1.000000,0.898988,0.693114,-31.9200,-33.1651,1.000000,0.840467,0.517151,0.185413,0.000692,0.159520,0.000124,0.191426,0.000455,0.743336,0.001416,0.999513,0.011721,0.936145,0.990473,0.504759,0.985862,0.343101,0.010059,0.337515,0.008320,0.990038,0.124965,0.598274,0.769917,0.681328,0.715289,0.998993,0.885618,0.760935,0.888428,0.735725,0.911628,0.930743,0.824872,0.901414,0.729847,0.997328,0.858717,0.931505,0.832538,0.935261,0.792087
ENSDARG00000068650_6_3,-5.9500,-6.0034,0.375000,0.382511,0.504370,-32.7800,-34.4311,0.125000,0.129072,0.161366,0.008223,0.112702,0.001565,0.007970,0.002903,0.149913,0.961932,0.676109,0.026999,0.057049,0.042573,0.077715,0.998792,0.014852,0.999171,0.925190,0.999999,0.121619,0.999534,0.025095,0.998507,0.016893,0.987121,0.009636,0.004518,0.002253,0.002402,0.003694,0.961035,0.015692,0.005100,0.990808,0.045036,0.008866,0.047226,0.003196,0.994809,0.003699,0.999963,0.004369
ENSDARG00000068650_6_4,-9.6900,-9.8535,0.500000,0.500070,0.422135,-31.7300,-33.2579,0.500000,0.412935,0.405918,0.000516,0.087742,0.000011,0.093286,0.000096,0.104412,0.013248,0.041122,0.000633,0.033218,0.215307,0.240981,0.991733,0.990508,0.999806,0.996129,1.000000,0.992206,1.000000,0.984471,0.219973,0.245462,0.000816,0.005349,0.000152,0.005146,0.999814,0.844889,0.000068,0.000124,0.000009,0.000117,0.000518,0.000730,1.000000,0.995552,1.000000,0.689921,1.000000,0.766996
ENSDARG00000068650_6_5,-7.7900,-8.0634,0.625000,0.580081,0.479163,-36.7700,-37.7861,0.375000,0.500335,0.375215,0.720435,0.993815,0.050543,0.003040,0.007302,0.001762,0.039884,0.002060,0.051998,0.000963,0.049562,0.001178,0.949445,0.007018,0.949262,0.007131,0.975481,0.313013,0.970360,0.260076,0.094779,0.921986,0.083556,0.989580,0.129584,0.993873,0.002821,0.477173,0.012021,0.464842,0.952804,0.999336,0.716464,0.005153,0.829614,0.003786,0.997779,0.999920,0.999565,0.058595
ENSDARG00000068650_6_7,-0.9600,-1.9473,0.500000,0.700611,0.609189,-36.0600,-36.4933,0.375000,0.381213,0.373855,0.501701,0.164638,0.459575,0.153362,0.786871,0.091787,0.398155,0.122460,0.111228,0.964174,0.390675,0.962289,0.589922,0.964703,0.924691,0.981028,0.779301,0.013155,0.765579,0.001430,0.410867,0.005306,0.460325,0.003060,0.462414,0.047350,0.491427,0.999620,0.458444,0.000423,0.573053,0.000599,0.891746,0.000696,0.904419,0.001269,0.887998,0.999904,0.935390,0.999848
ENSDARG00000068650_6_8,-2.4500,-2.8260,0.625000,0.707763,0.545970,-33.5900,-34.4736,0.250000,0.226893,0.316651,0.293648,0.984735,0.065296,0.955790,0.033885,0.979992,0.380130,0.957173,0.385109,0.203204,0.401683,0.076500,0.952130,0.091277,0.981760,0.124726,0.757448,0.015691,0.218262,0.026316,0.397760,0.075766,0.390191,0.026693,0.982171,0.001504,0.288614,0.000084,0.261864,0.001314,0.240620,0.000178,0.980622,0.002970,0.949150,0.128047,0.966262,0.688743,0.992803,0.992307
ENSDARG00000068650_6_9,-4.9800,-5.0257,0.125000,0.132358,0.305771,-30.3400,-31.8377,0.875000,0.676931,0.474429,0.014924,0.035952,0.000679,0.035207,0.003071,0.432958,0.016498,0.472758,0.997156,0.123763,0.013138,0.153101,0.006063,0.065629,0.006179,0.799318,0.999856,0.851463,0.999854,0.999151,0.999946,0.052161,0.999185,0.051670,0.999190,0.052555,0.003380,0.942203,0.003838,0.586333,0.013147,0.614506,0.018524,0.631146,0.002484,0.713361,0.001603,0.943086,0.016701,0.932258
ENSDARG00000068650_6_10,-4.5900,-4.9591,0.500000,0.558680,0.634364,-28.2900,-30.4880,0.500000,0.454179,0.457236,0.936645,0.502009,0.935169,0.490820,0.999534,0.519628,0.999591,0.454345,0.996987,0.274056,0.999632,0.406725,0.992231,0.673777,0.777997,0.629739,0.012683,0.328219,0.005727,0.283037,0.154147,0.376556,0.407507,0.572386,0.999103,0.940358,0.998109,0.931929,0.998557,0.611263,0.407952,0.211821,0.011177,0.007769,0.005081,0.004430,0.051855,0.375737,0.997605,0.550122
ENSDARG00000068912_1_1,-0.1300,-1.0149,0.875000,0.857782,0.818628,-30.0900,-30.6807,0.375000,0.384829,0.429228,0.551469,0.217016,0.829390,0.267623,0.827770,0.277377,0.709477,0.987294,0.942458,0.892231,0.799907,0.885180,0.998630,0.212174,0.950751,0.080808,0.841375,0.004754,0.403551,0.003757,0.772116,0.862781,0.883417,0.814935,0.629532,0.859860,0.968946,0.079796,0.870559,0.052778,0.957296,0.077763,0.901870,0.980135,0.800947,0.027521,0.767005,0.026383,0.966099,0.974397
ENSDARG00000068912_1_2,-4.6400,-4.8614,0.500000,0.572145,0.629943,-31.9600,-32.9550,0.625000,0.604684,0.525815,0.995975,0.909729,0.998247,0.660646,0.999242,0.675068,0.022649,0.515902,0.000367,0.925003,0.002065,0.318693,0.280930,0.267171,0.999998,0.318405,1.000000,0.983711,0.999660,0.039806,0.999530,0.035978,0.723044,0.028722,0.721417,0.941117,0.002243,0.869315,0.279545,0.016628,0.279418,0.004427,0.294757,0.008376,0.999898,0.999708,0.999883,0.999819,0.999997,0.998085
ENSDARG00000068912_1_3,0.0000,-0.0304,1.000000,0.992620,0.991907,-35.0900,-36.0124,0.750000,0.751938,0.488060,0.998766,0.969634,0.999751,0.874313,0.997365,0.902817,0.974727,0.738138,0.999856,0.139138,0.964567,0.090021,1.000000,0.023877,0.997652,0.002807,0.979774,0.001344,0.999338,0.000396,0.998658,0.000587,0.986726,0.002615,0.998212,0.998957,0.981067,0.984988,0.996018,0.068577,0.985589,0.023706,0.996723,0.942582,0.993079,0.998906,0.991599,0.999951,0.998669,0.997839
ENSDARG00000068912_1_4,-6.1700,-6.2830,0.750000,0.718894,0.594819,-32.1400,-33.7522,0.250000,0.314982,0.417965,0.063727,0.098832,0.062967,0.096386,0.064239,0.065753,0.938048,0.778042,0.069068,0.306435,0.999932,0.968418,0.937247,0.988403,0.937336,0.995671,0.937406,0.792069,0.091866,0.073807,0.978799,0.672364,0.064591,0.003262,0.063234,0.002631,0.002181,0.310521,0.937324,0.491416,0.937138,0.759712,0.937109,0.232792,0.999855,0.207743,0.936831,0.303338,0.937477,0.211698
ENSDARG00000068912_1_5,-3.0800,-3.5250,1.000000,0.874513,0.747957,-31.7100,-32.9741,0.875000,0.774296,0.502567,0.982870,0.710060,0.339781,0.715467,0.301578,0.981542,0.499864,0.065449,0.681208,0.010346,0.777423,0.015483,0.923924,0.006632,0.996568,0.071842,0.996749,0.206084,0.229253,0.107797,0.234074,0.097060,0.999736,0.869220,0.958851,0.847625,0.999942,0.908358,0.999966,0.908635,0.779492,0.728400,0.930545,0.811926,0.754448,0.845046,0.774638,0.992221,0.798221,0.152154
ENSDARG00000068912_1_6,-6.7500,-6.8414,0.875000,0.874469,0.512391,-35.2300,-35.9152,0.500000,0.498846,0.361279,0.003064,0.003306,0.000058,0.000047,0.000089,0.000073,0.009563,0.006560,0.111308,0.108623,0.999992,0.999885,0.999971,0.999984,0.999996,0.999890,0.111248,0.108594,0.009581,0.006592,0.003022,0.000068,0.004180,0.001184,0.007290,0.004380,0.997832,0.989611,0.999829,0.994905,0.996942,0.001400,0.996954,0.000439,0.996986,0.000564,0.999917,0.999709,1.000000,0.999760
ENSDARG00000068912_1_7,-5.4800,-6.1348,0.375000,0.280716,0.424469,-34.6000,-35.2570,0.500000,0.498416,0.407305,0.847038,0.156579,0.813040,0.010854,0.997930,0.004849,0.552448,0.004729,0.998813,0.994873,0.018287,0.000610,0.002379,0.000452,0.002201,0.000318,0.002830,0.013548,0.009441,0.979581,0.999850,0.995338,0.999387,0.997049,0.999015,0.996905,0.008462,0.978520,0.002732,0.013214,0.000302,0.004072,0.057660,0.013475,0.008605,0.006027,0.447496,0.991001,0.721460,0.984110
ENSDARG00000068912_1_8,-2.8300,-3.0976,0.375000,0.369048,0.494130,-30.1500,-31.6288,0.500000,0.477921,0.368917,0.060249,0.063475,0.049023,0.017873,0.049387,0.019815,0.072322,0.033010,0.094002,0.165968,0.994580,0.555215,0.735618,0.860150,0.999782,0.504703,0.987167,0.388280,0.985052,0.367392,0.945565,0.269901,0.957458,0.309192,0.708905,0.303928,0.098034,0.831911,0.076304,0.747382,0.081168,0.818092,0.067217,0.803323,0.027132,0.040945,0.933220,0.035171,0.960407,0.242616
ENSDARG00000068912_1_9,-4.2000,-4.4977,0.625000,0.609907,0.490463,-32.2700,-34.0661,0.500000,0.554657,0.315181,0.015806,0.162566,0.015877,0.626874,0.085889,0.335242,0.999540,0.010205,0.375699,0.064346,0.375409,0.059235,0.707680,0.093743,0.649475,0.003105,0.641929,0.002436,0.933972,0.076293,0.052175,0.002810,0.076553,0.429510,0.733270,0.926030,0.377726,0.999714,0.365359,0.999415,0.366234,0.999387,0.964048,0.502971,0.669435,0.002883,0.671011,0.002930,0.732171,0.003927
ENSDARG00000068912_1_10,-5.1100,-5.3474,0.375000,0.418098,0.533281,-30.5000,-31.9385,0.375000,0.474524,0.529919,0.991952,0.142862,0.995961,0.074122,0.999950,0.622040,1.000000,0.900107,0.999999,0.922228,0.016963,0.723497,0.005453,0.632965,0.004206,0.602344,0.003634,0.091729,0.302855,0.171426,0.999998,0.961666,0.999856,0.957195,0.999888,0.880547,0.999959,0.954072,0.309927,0.465434,0.999908,0.805307,0.004481,0.213862,0.004204,0.138477,0.005407,0.097169,0.021013,0.241321
ENSDARG00000069467_1_1,-5.6000,-6.0017,1.000000,0.761785,0.605028,-32.1700,-33.4719,0.375000,0.379633,0.349964,0.000722,0.021415,0.000192,0.002467,0.002291,0.018047,1.000000,0.994247,0.999948,0.870076,1.000000,0.868668,0.999995,0.886258,0.002289,0.002645,0.000196,0.000617,0.000649,0.001136,1.000000,0.252285,0.999999,0.044363,0.572123,0.004002,0.526441,0.003177,0.948582,0.021203,0.999996,0.999611,0.999360,0.998118,1.000000,0.998519,0.519457,0.011024,0.528317,0.001407
ENSDARG00000069467_1_3,-2.1200,-2.4516,0.750000,0.709878,0.639881,-30.5100,-31.7263,0.375000,0.379681,0.368737,0.987485,0.928378,0.386657,0.175796,0.138340,0.093305,0.746158,0.083543,0.679618,0.095976,0.279326,0.020752,0.282129,0.052069,0.904294,0.143431,0.995445,0.485144,0.985460,0.852405,0.363223,0.496312,0.370455,0.910182,0.994716,0.917725,0.756311,0.092805,0.034153,0.006811,0.062310,0.002353,0.907620,0.010341,0.926839,0.010348,0.997937,0.998369,0.999136,0.998694
ENSDARG00000069467_1_4,-5.1200,-5.5371,0.500000,0.535531,0.457533,-30.9900,-32.0688,1.000000,0.879955,0.458438,0.290350,0.074365,0.990823,0.011562,0.000914,0.001879,0.001118,0.002366,0.000621,0.002026,0.013679,0.002952,0.277958,0.005706,0.999588,0.018458,0.999585,0.090452,0.999548,0.683966,0.277593,0.508921,0.014640,0.726472,0.002326,0.979700,0.002606,0.982969,0.005915,0.983624,0.994400,0.993650,0.281861,0.729438,0.998932,0.715835,0.999092,0.711378,0.999120,0.943050
ENSDARG00000069467_1_5,-8.8300,-8.9741,0.250000,0.272428,0.318959,-39.6900,-40.8616,0.375000,0.270113,0.300395,0.996295,0.028381,0.011625,0.018117,0.003015,0.384592,0.002411,0.501678,0.149734,0.518528,0.009141,0.497625,0.005354,0.021393,0.012697,0.023175,0.999831,0.420742,0.999946,0.980428,0.999796,0.441630,0.009899,0.010700,0.002247,0.055290,0.006704,0.057282,0.995752,0.496562,0.976141,0.748913,0.176608,0.740217,0.004871,0.057925,0.003249,0.000851,0.013853,0.003866
ENSDARG00000069467_1_6,-2.9600,-3.4143,1.000000,0.715732,0.655838,-29.1900,-30.5470,0.375000,0.399190,0.384781,0.047946,0.050077,0.012313,0.002274,0.962646,0.077649,0.997189,0.081734,0.995734,0.942155,0.996537,0.596955,0.998703,0.992089,0.011510,0.112066,0.013561,0.112828,1.000000,0.794767,0.860073,0.679285,0.494699,0.060213,0.516339,0.052944,0.666669,0.113115,0.999962,0.974913,0.997167,0.899669,0.853545,0.886046,0.493725,0.040636,0.528198,0.119646,0.670255,0.106554
ENSDARG00000069467_1_7,0.0000,-0.7820,1.000000,0.833537,0.837936,-29.2300,-30.3761,0.750000,0.691912,0.381375,0.914323,0.139573,0.929734,0.137563,0.931870,0.204403,0.933260,0.042487,0.983528,0.012749,0.997952,0.005834,0.568376,0.003545,0.276543,0.001550,0.629783,0.003837,0.928342,0.005621,0.999017,0.994626,0.997704,0.540425,0.816790,0.997210,0.781470,0.994977,0.791421,0.994945,0.762957,0.998004,0.753274,0.537678,0.879952,0.999024,0.886304,0.008726,0.996127,0.004731
ENSDARG00000069467_1_8,-1.0100,-1.5684,0.625000,0.665243,0.722275,-34.0500,-34.4576,0.750000,0.741740,0.496947,0.710969,0.007328,0.847404,0.003586,0.822901,0.004382,0.614972,0.999909,0.615022,0.999853,0.894369,0.001396,0.577455,0.000221,0.996051,0.000024,0.574930,0.000595,0.563298,0.008326,0.940960,0.998503,0.965236,0.980890,0.970715,0.867342,0.569472,0.859331,0.234399,0.994633,0.569614,0.968337,0.853828,0.163517,0.142578,0.082462,0.982365,0.999871,0.998972,0.998428
ENSDARG00000069467_1_9,-2.7600,-2.9714,0.875000,0.874208,0.798948,-32.0600,-32.7846,0.875000,0.850464,0.550038,0.947207,0.947252,0.948049,0.085131,0.986586,0.092121,0.285957,0.907666,0.106201,0.018047,0.771313,0.017375,0.962753,0.114909,0.999478,0.060885,0.999893,0.933524,0.969741,0.997011,1.000000,0.021978,0.008122,0.001143,0.012140,0.002604,0.999907,0.975008,0.999872,0.970935,0.999925,0.972246,0.990612,0.963482,0.993760,0.971899,0.997509,0.972561,0.999936,0.974977
ENSDARG00000069467_1_10,-5.5200,-5.7084,0.500000,0.520547,0.609358,-31.3600,-32.5417,0.625000,0.610319,0.467264,0.922232,0.612799,0.922248,0.532952,0.907328,0.645791,0.930943,0.550755,0.168026,0.372493,0.113990,0.302466,0.116302,0.297507,0.089660,0.310033,0.961656,0.403946,0.961496,0.025432,0.999610,0.150012,0.929289,0.258544,0.928138,0.130345,0.962565,0.782992,0.080007,0.920130,0.000122,0.053776,0.000302,0.045543,0.209349,0.977646,0.993973,0.999788,0.989918,0.972330
ENSDARG00000070029_0_1,-5.3600,-5.4309,0.750000,0.736015,0.600179,-31.9800,-32.7926,0.750000,0.746733,0.363960,0.044615,0.068443,0.917643,0.003594,0.004227,0.000179,0.006834,0.000395,0.075571,0.002965,0.953154,0.999187,1.000000,0.146806,1.000000,0.035886,0.999934,0.025580,0.999929,0.009427,0.037718,0.000776,0.075840,0.012105,0.006254,0.970755,0.919906,0.978066,0.007708,0.975857,0.999952,0.999929,0.954512,0.993603,0.999930,0.998535,0.999897,0.033889,0.999961,0.023233
ENSDARG00000070029_0_2,-0.0200,-0.7571,0.875000,0.793872,0.783232,-28.1800,-29.2908,0.750000,0.711622,0.572713,0.969338,0.355126,0.976387,0.168024,0.986659,0.201785,0.702533,0.963895,0.679830,0.867454,0.678338,0.644619,0.998333,0.652395,0.999630,0.706208,0.986457,0.759560,0.730338,0.169706,0.288691,0.080357,0.317125,0.192159,0.510946,0.384687,0.999897,0.872365,0.999247,0.772748,0.997268,0.835544,0.783207,0.966165,0.651225,0.887756,0.680089,0.902003,0.729100,0.071710
ENSDARG00000070029_0_3,-3.2300,-3.8215,0.875000,0.853574,0.629231,-29.3600,-30.4767,0.125000,0.285859,0.432987,0.675807,0.275312,0.180525,0.217553,0.016838,0.639575,0.040569,0.643985,0.404090,0.703704,0.996996,0.824542,0.989816,0.463464,0.991855,0.449723,0.868862,0.755662,0.364800,0.686667,0.036174,0.642786,0.189703,0.069888,0.027799,0.051475,0.999419,0.290455,0.850238,0.092098,0.974111,0.267105,0.998557,0.278393,0.998665,0.297685,0.993986,0.864422,0.985814,0.145237
ENSDARG00000070029_0_6,-4.4000,-4.5272,0.750000,0.748382,0.514321,-26.7500,-28.7862,0.250000,0.589380,0.459929,0.982826,0.701068,0.005179,0.032321,0.003357,0.035701,0.003065,0.156908,0.003193,0.314281,0.149207,0.351677,0.999251,0.889162,0.998841,0.709915,0.998716,0.667915,0.145995,0.275957,0.004397,0.097365,0.005332,0.251273,0.002789,0.206056,0.002495,0.282571,0.999055,0.941806,0.999233,0.953043,0.985825,0.518201,0.999116,0.687543,0.999261,0.447464,0.999281,0.678352
ENSDARG00000070029_0_8,-4.8700,-5.7120,0.375000,0.386135,0.417264,-32.0800,-33.5551,0.625000,0.571719,0.498379,0.025772,0.624506,0.022806,0.404668,0.987490,0.801952,0.058732,0.139186,0.026083,0.029531,0.020937,0.018736,0.074972,0.050432,0.997601,0.239618,0.999804,0.959748,0.992164,0.841881,0.986881,0.635078,0.062956,0.648490,0.315906,0.766832,0.280978,0.828974,0.290819,0.826270,0.179183,0.966178,0.988671,0.110846,0.018091,0.087071,0.023123,0.097296,0.992313,0.890283
ENSDARG00000070029_0_9,-3.9800,-4.2802,0.250000,0.270520,0.388212,-32.6800,-34.5262,0.000000,0.123283,0.295904,0.981209,0.318414,0.061182,0.119007,0.018944,0.627480,0.015991,0.256043,0.017143,0.214123,0.008690,0.234377,0.045710,0.947740,0.733414,0.274117,0.995695,0.964863,0.992491,0.957808,0.996277,0.014012,0.733332,0.003831,0.037744,0.008388,0.016665,0.004520,0.013440,0.006156,0.011505,0.018067,0.018196,0.087046,0.068498,0.246954,0.999826,0.376752,0.998283,0.238383
ENSDARG00000070419_0_1,-0.2900,-0.7277,0.750000,0.847905,0.865481,-26.9100,-28.4064,0.875000,0.716782,0.537387,0.888133,0.304064,0.946371,0.173240,0.952223,0.290890,0.999686,0.969889,0.999287,0.830719,0.990674,0.824343,0.978912,0.391662,0.999800,0.414111,0.999788,0.478411,0.992718,0.213366,0.401068,0.045302,0.377719,0.077488,1.000000,0.599459,0.885547,0.674673,0.992363,0.684000,0.990476,0.657825,0.999861,0.988279,0.522196,0.933835,0.436215,0.716207,0.956583,0.479975
ENSDARG00000070419_0_2,-0.9800,-1.7888,0.375000,0.604752,0.625772,-28.9500,-30.5512,0.375000,0.451170,0.370133,0.754607,0.498451,0.653358,0.466269,0.682558,0.432719,0.719827,0.499758,0.596585,0.128069,0.618544,0.072810,0.553809,0.149224,0.601708,0.459401,0.555564,0.436656,0.694955,0.401291,0.570146,0.087737,0.675766,0.160916,0.659541,0.214174,0.788215,0.134353,0.901840,0.287359,0.510778,0.667124,0.496249,0.622814,0.438384,0.766982,0.472686,0.493426,0.570325,0.423131
ENSDARG00000070419_0_3,-5.4500,-5.5192,0.500000,0.513119,0.610424,-32.0100,-32.5366,0.125000,0.154786,0.542537,0.999999,0.991010,0.999664,0.994154,0.077279,0.876121,0.000251,0.870311,0.000456,0.869112,0.026671,0.863219,0.999990,0.947572,0.999968,0.973910,0.999963,0.997336,1.000000,0.999067,0.999645,0.117219,0.999648,0.113427,0.026255,0.003360,0.003471,0.001869,0.003626,0.023338,0.080625,0.818967,0.996812,0.077745,0.996958,0.077612,0.997204,0.127819,0.999997,0.107580
ENSDARG00000070419_0_4,-2.4500,-2.5093,1.000000,0.987229,0.704500,-30.4900,-31.6829,0.125000,0.286273,0.441277,0.987278,0.887069,0.038165,0.072850,0.037229,0.084941,0.038195,0.226570,0.993324,0.896954,0.997858,0.903221,0.985626,0.890591,0.994569,0.944589,0.048116,0.207615,0.042473,0.223865,0.040456,0.208852,0.988881,0.988249,0.985118,0.375761,0.996188,0.367830,0.991457,0.452617,0.990143,0.007463,0.978075,0.007926,0.976991,0.008171,0.981806,0.087203,0.998052,0.983211
ENSDARG00000070419_0_5,-1.4400,-2.1279,0.250000,0.412735,0.514444,-30.5500,-32.5010,0.500000,0.429405,0.472770,0.931687,0.963892,0.830246,0.590228,0.833936,0.617192,0.335729,0.696730,0.193690,0.507642,0.153663,0.569953,0.253491,0.602289,0.481159,0.881848,0.209130,0.128641,0.798732,0.004254,0.986675,0.002663,0.978854,0.454830,0.998472,0.420173,0.549782,0.536322,0.737339,0.422111,0.278333,0.457197,0.306115,0.016587,0.119072,0.092987,0.125215,0.491740,0.187552,0.998124
ENSDARG00000070419_0_7,-5.1500,-5.2812,0.250000,0.261546,0.402181,-34.0600,-35.3027,0.250000,0.266180,0.451488,0.999180,0.993957,0.048886,0.989029,0.000854,0.965012,0.001460,0.888700,0.001475,0.940725,0.006604,0.757386,0.058219,0.155195,0.905371,0.019606,0.999990,0.033013,0.999922,0.980579,0.966772,0.175423,0.962516,0.001704,0.867843,0.000662,0.898563,0.052990,0.091251,0.042482,0.071421,0.275582,0.038495,0.879647,0.038902,0.574175,0.037981,0.118393,0.047913,0.185507
ENSDARG00000070419_0_8,-2.1100,-2.7118,0.500000,0.646163,0.621641,-27.6500,-29.1236,0.625000,0.470491,0.428357,0.558102,0.130928,0.166670,0.111955,0.178881,0.205902,0.338900,0.683079,0.347406,0.682422,0.712639,0.632466,0.740212,0.182451,0.687140,0.075618,0.688301,0.086637,0.960936,0.673881,0.920964,0.659466,0.963357,0.678416,0.970071,0.634613,0.723314,0.630208,0.780402,0.987977,0.408203,0.975076,0.436938,0.034340,0.482938,0.045372,0.370564,0.342642,0.996872,0.113698
ENSDARG00000070419_0_9,-5.0600,-5.2305,1.000000,0.954383,0.678380,-35.2100,-36.0016,0.375000,0.345720,0.404060,0.018541,0.019193,0.013971,0.008265,0.015186,0.013223,0.990757,0.995624,1.000000,0.997913,0.998591,0.996932,0.994027,0.996950,1.000000,0.996431,0.010733,0.007088,0.009186,0.007202,0.009747,0.001846,0.871793,0.274778,0.919100,0.007087,0.978102,0.011731,1.000000,0.728948,0.988335,0.999467,1.000000,0.019958,0.985454,0.003620,0.764895,0.001826,0.999179,0.993124
ENSDARG00000070419_0_10,0.0000,-0.3218,1.000000,0.946769,0.957415,-27.5600,-29.4716,0.500000,0.552998,0.530959,0.977673,0.759498,0.986299,0.863143,0.983368,0.774307,0.997627,0.229081,1.000000,0.368994,0.959909,0.700475,0.987207,0.373618,1.000000,0.539520,0.690304,0.376956,0.994089,0.155582,1.000000,0.443017,0.997674,0.611002,1.000000,0.658719,1.000000,0.852493,1.000000,0.756072,0.584242,0.588031,1.000000,0.674470,1.000000,0.202156,1.000000,0.516735,0.989907,0.175305
ENSDARG00000071150_18_1,-8.2600,-8.3066,0.625000,0.620821,0.496722,-42.1900,-43.1767,0.500000,0.489726,0.299816,0.009641,0.026297,0.955089,0.008781,0.001689,0.021155,0.000129,0.085745,0.000217,0.076358,0.000501,0.852507,0.999955,0.499523,0.999999,0.216288,0.999999,0.216347,0.999990,0.068688,0.000481,0.000716,0.000182,0.006097,0.000123,0.999950,0.014865,0.005490,0.986835,0.000024,0.006774,0.000012,0.957969,0.003424,0.999999,0.999996,0.999999,0.999950,1.000000,0.908963
ENSDARG00000071150_18_2,-1.5800,-1.7099,0.750000,0.771057,0.806094,-29.6700,-30.7675,1.000000,0.864286,0.583354,0.917471,0.020029,0.949091,0.011590,0.969838,0.017055,0.998691,0.025197,0.999309,0.927576,0.962324,0.903954,0.112588,0.010657,0.101088,0.036901,0.999988,0.968868,0.984608,0.419948,0.981902,0.432228,0.976532,0.978785,0.112061,0.690101,0.111095,0.723861,0.999929,0.996380,0.999990,0.991790,0.998591,0.969242,0.999986,0.982240,0.973663,0.777972,0.973139,0.782705
ENSDARG00000071150_18_3,-2.0100,-2.5614,1.000000,0.687009,0.665071,-36.2000,-36.6374,0.250000,0.273893,0.354931,0.210970,0.004715,0.131992,0.000954,0.925664,0.000803,0.452348,0.000677,0.462517,0.000603,0.574940,0.007047,0.945314,0.994412,0.924520,0.998589,0.601881,0.998922,0.599746,0.882342,0.989280,0.883924,0.986181,0.134483,0.916247,0.137568,0.906822,0.995698,0.851385,0.007412,0.541500,0.000187,0.533372,0.077108,0.456919,0.003997,0.558690,0.922648,0.731135,0.046523
ENSDARG00000071150_18_6,0.0000,-0.6915,1.000000,0.912203,0.897820,-27.2000,-29.2867,0.250000,0.332492,0.575480,0.626250,0.747607,0.781010,0.756933,0.805344,0.898211,0.999222,0.885483,0.999796,0.939206,0.832575,0.770730,1.000000,0.978659,1.000000,0.863533,0.994381,0.858548,1.000000,0.625433,0.709153,0.454402,0.911056,0.070920,0.999956,0.249569,0.711695,0.242159,0.990292,0.311771,0.738139,0.635405,0.946332,0.858956,0.998556,0.147215,0.920392,0.116654,0.992263,0.098209
ENSDARG00000071150_18_7,-3.5400,-3.9098,0.625000,0.587106,0.666575,-30.9100,-31.9283,0.625000,0.599366,0.374424,0.983565,0.345104,0.984384,0.240136,0.999991,0.303650,0.999856,0.186213,0.999971,0.164348,0.999433,0.054065,0.461242,0.033586,0.006688,0.008219,0.002369,0.256511,0.587584,0.972267,0.994403,0.098054,0.615172,0.031392,0.998910,0.998635,0.999534,0.739696,1.000000,0.738678,0.067879,0.709914,0.419074,0.296850,0.041988,0.060176,0.581331,0.976219,0.588128,0.274763
ENSDARG00000071150_18_8,-4.3200,-4.7275,0.375000,0.406267,0.427282,-42.5700,-43.7600,0.000000,0.075996,0.211962,0.344534,0.997833,0.032078,0.997167,0.003592,0.011611,0.841948,0.003237,0.005177,0.001459,0.024383,0.003719,0.023949,0.053771,0.997646,0.559199,0.999778,0.999929,0.999646,0.002976,0.998141,0.000356,0.024636,0.000013,0.023568,0.000437,0.094424,0.000394,0.910380,0.000005,0.002533,0.000014,0.028405,0.001870,0.325002,0.010680,0.865855,0.077287,0.999970,0.517276
ENSDARG00000071150_18_9,-3.6400,-3.6603,0.750000,0.750828,0.701672,-27.6600,-29.4319,0.500000,0.390576,0.426107,0.988889,0.425292,0.006163,0.176787,0.011888,0.684539,0.024593,0.696582,0.999821,0.952858,0.992509,0.385556,0.992238,0.488746,0.996077,0.810152,0.995357,0.081876,0.994840,0.047329,0.999581,0.108288,0.024863,0.539531,0.012052,0.003257,0.012884,0.214640,0.993600,0.664937,0.993621,0.098317,0.995889,0.071597,0.999870,0.564948,0.999989,0.763664,0.998716,0.743247
ENSDARG00000071150_18_10,-4.7300,-5.0693,0.500000,0.495950,0.541503,-35.8500,-36.7894,0.250000,0.269956,0.408591,0.106601,0.989764,0.105164,0.987869,0.940920,0.960480,0.102583,0.968888,0.104994,0.995395,0.998799,0.953069,0.360650,0.139518,0.993411,0.001886,0.992616,0.001738,0.999410,0.003386,0.873051,0.003278,0.284269,0.006906,0.841932,0.971094,0.105768,0.007977,0.113421,0.008454,0.993741,0.960555,0.047307,0.146498,0.012035,0.005698,0.859453,0.051227,0.993941,0.008144
ENSDARG00000071497_2_1,-4.9900,-5.0376,0.875000,0.875762,0.697276,-32.3600,-33.8774,1.000000,0.908581,0.497197,0.016533,0.713080,0.004497,0.285832,0.010913,0.435945,0.976518,0.908276,0.969624,0.003191,0.995827,0.002710,1.000000,0.002923,0.999771,0.005674,0.955999,0.111127,1.000000,0.008488,0.009328,0.190625,0.000405,0.007425,0.007253,0.556225,0.999999,0.995212,0.999998,0.984313,0.999991,0.993092,0.999995,0.993404,0.999061,0.924935,0.999994,0.997646,0.999808,0.823821
ENSDARG00000071497_2_2,0.0000,-0.4563,1.000000,0.934993,0.879448,-28.8400,-30.0345,0.750000,0.817761,0.561837,0.738387,0.816794,0.719266,0.032110,0.815904,0.008633,0.987924,0.007476,0.926152,0.088160,0.928741,0.101581,0.887367,0.188627,0.803120,0.903689,0.846578,0.911106,0.846512,0.911984,0.759620,0.366854,0.849441,0.357631,0.832366,0.941626,0.924000,0.950581,0.993289,0.964784,0.999260,0.989584,0.901891,0.991756,0.999746,0.993021,0.913284,0.365938,0.916107,0.344799
ENSDARG00000071497_2_3,-2.4600,-2.7038,0.375000,0.408472,0.513316,-31.0500,-31.9260,0.750000,0.729567,0.495332,0.041429,0.968381,0.994585,0.026418,0.031878,0.006087,0.019195,0.002570,0.023655,0.010006,0.189636,0.009987,0.864450,0.985952,0.986033,0.985771,0.986239,0.992645,0.998694,0.030061,0.996198,0.027551,0.866546,0.024665,0.188686,0.030729,0.021489,0.197350,0.019538,0.993009,0.033772,0.800099,0.994745,0.912219,0.020837,0.905713,0.988757,0.999341,0.999952,0.998078
ENSDARG00000071497_2_4,-3.8500,-4.5297,0.500000,0.495998,0.574857,-33.5700,-34.4819,1.000000,0.916888,0.564487,0.867425,0.001715,0.333607,0.000094,0.440624,0.001080,0.365694,0.000816,0.412749,0.019623,0.357175,0.989217,0.616359,0.034209,0.645350,0.033256,0.641739,0.034609,0.999973,0.986777,0.941910,0.896765,0.906549,0.956470,0.052276,0.934475,0.138165,0.939435,0.351052,0.933489,0.053304,0.909217,0.677517,0.892158,0.716076,0.981117,0.979595,0.772806,0.999996,0.972410
ENSDARG00000071497_2_5,-4.5100,-4.9081,0.625000,0.576243,0.646719,-29.0100,-30.3678,0.500000,0.550736,0.407959,0.862960,0.201702,0.852576,0.067647,0.860414,0.100973,0.895333,0.184228,0.878003,0.200456,0.999641,0.279207,0.671236,0.482844,0.132653,0.131868,0.131686,0.103519,0.150282,0.154894,0.994630,0.915916,0.895024,0.930038,0.879074,0.909399,0.923404,0.902437,0.896990,0.932698,0.866981,0.832194,0.070904,0.062976,0.147970,0.168002,0.148766,0.175029,0.675854,0.423154
ENSDARG00000071497_2_7,-3.9800,-4.0055,0.750000,0.750369,0.602262,-30.9900,-32.5765,1.000000,0.671869,0.454624,0.016419,0.297536,0.010522,0.295699,0.010201,0.295730,0.010690,0.005156,0.991957,0.697784,0.993855,0.275448,0.992676,0.236062,0.998874,0.230937,0.997263,0.150265,0.997655,0.417544,0.011723,0.367379,0.010465,0.447975,0.011921,0.799555,0.010530,0.516432,0.991948,0.609244,0.994487,0.687947,0.998018,0.569229,0.996735,0.638546,0.999598,0.788827,0.999712,0.765175
ENSDARG00000071497_2_8,-1.8300,-2.1375,0.750000,0.815498,0.712545,-31.3000,-32.3198,0.375000,0.381808,0.408089,0.962657,0.960541,0.914235,0.383264,0.948408,0.348779,0.798506,0.344590,0.099578,0.994896,0.082518,0.959608,0.322842,0.001443,0.998913,0.002002,0.976171,0.004252,0.799506,0.105606,0.751768,0.999306,0.071826,0.003022,0.316323,0.003003,0.312076,0.999078,0.996432,0.008635,0.999738,0.002232,0.969475,0.989067,0.931097,0.036877,0.999342,0.524972,0.999499,0.490602
ENSDARG00000071497_2_9,-2.6300,-2.9003,0.625000,0.566290,0.654598,-33.3700,-34.9358,0.250000,0.285102,0.388777,0.738759,0.414771,0.737052,0.283955,0.998770,0.744800,0.999904,0.292967,0.999978,0.265090,0.049016,0.217760,0.058738,0.996563,0.059328,0.236873,0.979172,0.501572,0.975001,0.468534,0.999959,0.467273,0.965950,0.604569,0.953168,0.990930,0.047518,0.230849,0.057970,0.057004,0.060743,0.003503,0.968908,0.001203,0.969663,0.990634,0.682206,0.001722,0.790146,0.004968
ENSDARG00000071497_2_10,-1.8400,-2.0773,0.750000,0.757016,0.652367,-30.4500,-31.9359,0.625000,0.541448,0.391575,0.296085,0.231401,0.246098,0.141867,0.994727,0.038545,0.998787,0.039261,0.224172,0.027579,0.203110,0.308324,0.932426,0.027738,0.908881,0.046497,0.932887,0.656444,0.872104,0.619594,0.154167,0.672674,0.227770,0.689987,0.993715,0.692637,0.995521,0.963781,0.181064,0.342359,0.239000,0.380244,0.999383,0.971295,0.843308,0.313760,0.839302,0.332450,0.964837,0.335056
ENSDARG00000073801_2_1,-1.7000,-1.9317,1.000000,0.991263,0.804604,-29.8300,-31.0255,0.750000,0.670830,0.583298,0.043772,0.003776,0.046331,0.003193,0.981257,0.022267,1.000000,0.024651,0.987813,0.745678,0.989713,0.978250,0.319682,0.373032,0.316635,0.371959,0.999629,0.993332,0.743674,0.896757,0.746231,0.905423,0.987235,0.981003,0.989519,0.955689,0.993271,0.925166,0.981074,0.980366,0.980830,0.930812,0.988393,0.750869,0.999074,0.730383,0.998212,0.061190,0.999728,0.032165
ENSDARG00000073801_2_2,-7.0000,-7.7232,0.375000,0.411078,0.521105,-32.5300,-34.5014,0.375000,0.268663,0.348869,0.999411,0.753477,0.997200,0.702228,0.993218,0.764289,0.001620,0.036937,0.000477,0.099345,0.000043,0.030180,0.000164,0.022828,0.426045,0.188953,0.792876,0.986783,0.999958,0.830213,0.999980,0.245160,0.922495,0.167678,0.784168,0.035380,0.577386,0.027172,0.288025,0.027126,0.004010,0.118875,0.212189,0.498316,0.205852,0.154945,0.217104,0.728175,0.999888,0.559317
ENSDARG00000073801_2_4,-4.5900,-4.7990,0.375000,0.448898,0.536156,-30.6800,-32.2427,0.750000,0.746925,0.428523,0.169261,0.182046,0.011689,0.107130,0.813241,0.117239,0.015262,0.441219,0.197551,0.628600,0.274269,0.377679,0.944454,0.065552,0.952337,0.041960,0.991338,0.033182,0.991230,0.017416,0.999153,0.266976,0.772160,0.316053,0.042328,0.952114,0.012638,0.307945,0.200490,0.994958,0.163279,0.685857,0.186085,0.688435,0.994039,0.994730,0.994701,0.996336,0.997625,0.355028
ENSDARG00000073801_2_5,-3.1000,-3.4488,0.625000,0.658168,0.716372,-29.2400,-30.9654,0.375000,0.482439,0.447727,0.966887,0.818709,0.749096,0.042719,0.760784,0.141405,0.999783,0.159713,0.874294,0.143955,0.985332,0.234612,0.398098,0.573106,0.167873,0.024507,0.169658,0.030053,0.999999,0.984292,0.999951,0.975175,0.990348,0.966785,0.989815,0.983837,0.730382,0.523932,0.856202,0.532819,0.120239,0.048003,0.139495,0.064764,0.429883,0.621802,0.999630,0.999577,0.999698,0.084779
ENSDARG00000073801_2_6,-1.3300,-1.9426,0.500000,0.659499,0.672400,-29.0300,-30.6974,0.250000,0.333723,0.570943,0.957102,0.908825,0.684045,0.891620,0.802722,0.903322,0.944405,0.895257,0.654427,0.784744,0.823269,0.900031,0.995597,0.913283,0.622380,0.855510,0.439188,0.773647,0.360189,0.517071,0.187156,0.293398,0.701534,0.112373,0.980135,0.126328,0.766151,0.783723,0.668047,0.077266,0.989596,0.124705,0.414628,0.061576,0.391057,0.074067,0.434193,0.987152,0.632185,0.434971
ENSDARG00000073801_2_7,-4.1200,-5.0243,0.375000,0.489735,0.510175,-36.3500,-37.4178,0.375000,0.365900,0.440650,0.313009,0.815012,0.089223,0.817519,0.351197,0.790234,0.424801,0.714406,0.093729,0.776576,0.155565,0.846368,0.685899,0.976943,0.999993,0.111948,0.997222,0.028433,0.736966,0.007764,0.706039,0.000459,0.731985,0.000148,0.308540,0.000250,0.452789,0.000160,0.078435,0.000967,0.005022,0.006891,0.081133,0.901056,0.996335,0.973825,0.997736,0.884438,0.997886,0.159613
ENSDARG00000073801_2_8,-14.5600,-14.5849,0.375000,0.376119,0.400928,-36.9900,-38.6150,0.375000,0.300925,0.352493,0.011266,0.222599,0.995631,0.653496,0.001999,0.101943,0.000006,0.100684,0.000005,0.099505,0.000006,0.039552,0.000371,0.033305,1.000000,0.777249,1.000000,0.905364,1.000000,0.693980,0.999938,0.794537,0.000395,0.220254,0.000025,0.213562,0.000024,0.213358,0.000006,0.003680,0.001995,0.026907,1.000000,0.706747,0.006900,0.011585,1.000000,0.668436,1.000000,0.563128
ENSDARG00000073801_2_9,0.0000,-0.1174,1.000000,0.989548,0.971355,-28.3600,-29.5718,0.750000,0.747946,0.554164,0.969445,0.151088,0.997242,0.014599,0.998609,0.022682,0.920577,0.023546,0.906871,0.006486,0.935886,0.039728,0.986711,0.038510,0.996249,0.961092,0.986623,0.877595,0.992331,0.989439,0.907282,0.990828,0.912895,0.984125,0.996158,0.995768,0.976630,0.993753,0.999428,0.994997,0.999008,0.976549,0.999111,0.964917,0.993941,0.965642,0.971278,0.054760,0.980831,0.037180
ENSDARG00000073801_2_10,-1.0200,-1.4343,1.000000,0.934151,0.780755,-26.0100,-27.6756,1.000000,0.688096,0.570200,0.945155,0.498261,0.450486,0.312976,0.308353,0.386383,0.709087,0.419621,0.635321,0.728737,0.762680,0.805209,0.997382,0.296223,0.498028,0.084479,0.490654,0.079220,0.994116,0.989359,0.674107,0.570094,0.676533,0.728658,0.642446,0.463755,0.942709,0.468208,0.948169,0.478070,0.953291,0.550433,0.999854,0.752697,0.996220,0.996488,0.995278,0.995885,0.995243,0.799235
ENSDARG00000073817_2_1,-3.3200,-3.7838,0.875000,0.701892,0.603325,-28.7300,-29.3995,0.500000,0.490864,0.404396,0.425661,0.056975,0.418980,0.050358,0.457900,0.091920,0.457036,0.777380,0.998245,0.280956,0.991509,0.258709,0.562339,0.222030,0.564779,0.895973,0.578575,0.893810,0.035897,0.163479,0.455871,0.225698,0.504577,0.243715,0.451365,0.830939,0.931102,0.137278,0.572435,0.061296,0.577924,0.045380,0.577439,0.080511,0.554832,0.881249,0.957134,0.955096,0.992903,0.935166
ENSDARG00000073817_2_2,-4.0100,-4.0864,1.000000,0.984052,0.701105,-34.1700,-34.9215,0.375000,0.371805,0.447867,0.960267,0.959538,0.028732,0.005858,0.033245,0.004298,0.081662,0.056480,0.999857,0.988955,0.969750,0.988973,0.969591,0.989545,0.933350,0.949482,0.046681,0.026768,0.070255,0.041113,0.056333,0.030251,0.999971,0.941646,0.996766,0.954538,0.957287,0.954922,0.970721,0.992727,0.968549,0.010667,0.998238,0.009978,0.999453,0.010246,0.986792,0.007572,0.994611,0.033793
ENSDARG00000073817_2_3,-4.2800,-4.3644,0.625000,0.619391,0.595534,-28.4100,-29.5431,0.375000,0.513617,0.432048,0.983476,0.229864,0.930549,0.219814,0.989336,0.214189,0.033267,0.088354,0.003866,0.065081,0.006346,0.258004,0.010128,0.035462,0.999565,0.769076,0.999538,0.781793,0.997820,0.854141,0.995797,0.895083,0.005857,0.121158,0.002427,0.141743,0.005671,0.125733,0.032993,0.167839,0.999615,0.971429,0.924044,0.950114,0.999619,0.982776,0.990814,0.413667,0.999945,0.355638
ENSDARG00000073817_2_4,-1.8800,-2.3690,0.625000,0.664128,0.630580,-28.5900,-30.2677,0.875000,0.728368,0.533753,0.302005,0.124028,0.301056,0.011134,0.932705,0.013202,0.238388,0.022962,0.224198,0.243291,0.814107,0.587414,0.999996,0.846593,0.730510,0.137830,0.763017,0.268206,0.849336,0.623587,0.794940,0.985908,0.348328,0.983969,0.549835,0.932598,0.033764,0.511076,0.027761,0.562019,0.966208,0.930451,0.965195,0.922047,0.911471,0.949241,0.926433,0.935970,0.932357,0.083544
ENSDARG00000073817_2_5,-2.9200,-3.3840,0.750000,0.712118,0.648882,-32.8900,-33.5341,0.625000,0.616810,0.447174,0.332383,0.040764,0.797415,0.038139,0.129696,0.035953,0.944423,0.041586,0.225315,0.162660,0.473619,0.117463,0.946032,0.040443,0.999737,0.127387,0.999693,0.916592,0.877336,0.875503,0.372530,0.892811,0.182525,0.719700,0.998698,0.942338,0.383595,0.098704,0.946490,0.084411,0.128115,0.082015,0.832617,0.923517,0.731783,0.921965,0.675960,0.923092,0.999690,0.958439
ENSDARG00000073817_2_6,-3.8600,-4.0795,0.500000,0.471373,0.575847,-30.3300,-31.4325,0.000000,0.127727,0.485116,0.995600,0.856272,0.012475,0.405420,0.002651,0.414306,0.007616,0.925224,0.016384,0.927704,0.992657,0.931833,0.999972,0.992665,0.732360,0.875855,0.999937,0.874998,0.992670,0.359673,0.993641,0.340581,0.999999,0.775979,0.918031,0.162592,0.999246,0.364538,0.810939,0.281561,0.999617,0.077278,0.009000,0.005099,0.007671,0.007028,0.008551,0.009542,0.017930,0.114179
ENSDARG00000073817_2_7,-1.4400,-1.8529,0.500000,0.597306,0.662089,-32.8600,-33.8936,0.750000,0.645415,0.483422,0.932148,0.945695,0.917684,0.095076,0.867596,0.141940,0.948554,0.981793,0.940994,0.171621,0.358449,0.027619,0.388537,0.004357,0.985025,0.001744,0.418961,0.005019,0.217334,0.971693,0.682906,0.174163,0.805146,0.984394,0.758646,0.797547,0.477895,0.051417,0.305380,0.234848,0.989067,0.737898,0.275791,0.941032,0.268089,0.478457,0.833769,0.959764,0.869811,0.962356
ENSDARG00000073817_2_8,-4.4800,-4.7233,0.625000,0.629153,0.510985,-32.1200,-33.3081,0.625000,0.727106,0.488190,0.010009,0.317896,0.015721,0.057025,1.000000,0.083939,0.972316,0.213512,0.017047,0.913438,0.030398,0.683388,0.073514,0.680310,0.999884,0.314862,0.999771,0.035902,0.992446,0.029327,0.066019,0.321665,0.009342,0.295701,0.008524,0.313788,0.728454,0.660014,0.725969,0.684842,0.993083,0.975961,0.286554,0.593537,0.290643,0.611206,0.999999,0.989529,1.000000,0.987967
ENSDARG00000073817_2_9,-6.0700,-6.3383,0.375000,0.392336,0.513664,-34.3500,-35.1425,0.250000,0.280635,0.216419,0.783151,0.069242,0.663727,0.003375,0.657492,0.003436,0.657824,0.002708,0.658813,0.043596,0.343257,0.001844,0.342937,0.001144,0.344084,0.002851,0.342628,0.001032,0.342231,0.000718,0.999803,0.970111,0.998646,0.983242,0.659971,0.986489,0.657787,0.996641,0.000648,0.029648,0.007825,0.029920,0.130114,0.019610,0.342031,0.013684,0.340449,0.016056,0.999860,0.153028
ENSDARG00000073817_2_10,-1.0300,-1.4713,1.000000,0.996473,0.816617,-27.2800,-28.7026,0.375000,0.445012,0.469374,0.088825,0.066392,0.090735,0.065149,0.999993,0.955376,0.999487,0.445747,0.998005,0.458460,0.997994,0.982903,0.999268,0.983558,0.572622,0.800028,0.098318,0.108724,0.517036,0.193679,0.998618,0.353164,0.999651,0.414206,0.997446,0.902259,0.988569,0.930434,0.998558,0.599671,0.999923,0.235668,0.999936,0.202591,0.999915,0.232017,0.998309,0.235049,0.989125,0.222409
ENSDARG00000074184_0_1,-5.2700,-5.3700,0.375000,0.400285,0.511973,-31.9500,-33.4126,0.375000,0.378460,0.291416,0.963704,0.790411,0.968011,0.410080,0.986829,0.197396,0.990792,0.178209,0.993455,0.173294,0.933768,0.020391,0.035679,0.004941,0.013705,0.001174,0.042239,0.000269,0.074761,0.032343,0.068863,0.023457,0.965377,0.968684,0.994649,0.999494,0.998775,0.999982,0.958984,0.999638,0.033681,0.022840,0.013414,0.001513,0.052646,0.000193,0.061183,0.001972,0.088950,0.002047
ENSDARG00000074184_0_2,-3.1700,-3.4536,0.375000,0.418384,0.465415,-34.9600,-36.0409,0.000000,0.249614,0.161876,0.073606,0.011506,0.005582,0.002719,0.006632,0.002812,0.016725,0.002299,0.995169,0.002381,0.276419,0.002399,0.310788,0.004542,0.967248,0.008804,0.998998,0.027868,0.999287,0.749474,0.999396,0.120491,0.311378,0.305308,0.240167,0.092451,0.999912,0.104935,0.993922,0.367833,0.010545,0.368490,0.013451,0.330824,0.011108,0.243982,0.077970,0.243943,0.999999,0.244455
ENSDARG00000074184_0_3,-0.4400,-1.3898,0.500000,0.687079,0.683390,-34.8800,-35.6552,0.000000,0.002795,0.448280,0.720594,0.950617,0.514746,0.990650,0.439639,0.405797,0.995958,0.399985,0.382007,0.384395,0.481735,0.299972,0.663374,0.894437,0.999942,0.990064,0.616747,0.941368,1.000000,0.848685,0.730798,0.846710,0.625634,0.990562,0.598886,0.015797,0.636614,0.000038,0.893127,0.000005,0.999971,0.000117,0.270467,0.000243,0.999891,0.005304,0.545945,0.000214,0.551732,0.000642
ENSDARG00000074184_0_4,-6.4600,-6.8486,0.750000,0.703501,0.517517,-34.4500,-35.9549,0.500000,0.453485,0.401702,0.742232,0.838507,0.002526,0.796046,0.002520,0.800194,0.009373,0.798799,0.083249,0.984861,0.364324,0.121672,0.988686,0.035186,0.982431,0.011882,0.999972,0.012626,0.364322,0.005691,0.096450,0.000173,0.086256,0.000527,0.098576,0.365632,0.109994,0.706595,0.898463,0.552629,0.752150,0.969095,0.883706,0.002281,0.885380,0.002036,0.999823,0.029836,0.999915,0.999774
ENSDARG00000074184_0_5,-3.4900,-3.6694,0.625000,0.647993,0.709584,-34.0800,-35.3499,0.250000,0.243544,0.336491,0.911678,0.061395,0.930139,0.049709,0.916994,0.756381,0.965823,0.868728,0.993469,0.390003,0.998323,0.319658,0.997022,0.432529,0.969654,0.286664,0.219986,0.786347,0.067422,0.558056,0.055836,0.139588,0.981399,0.132408,0.931777,0.576830,0.929711,0.685481,0.949231,0.054583,0.996200,0.030710,0.998982,0.115141,0.068166,0.158165,0.068385,0.193746,0.241491,0.133696
ENSDARG00000074184_0_6,-3.3000,-3.3939,1.000000,0.939984,0.596493,-29.7800,-31.5870,0.500000,0.445898,0.433836,0.986891,0.733460,0.097448,0.039202,0.095934,0.043322,0.102974,0.086606,0.103779,0.545068,0.937368,0.734128,0.930232,0.714558,0.912565,0.906874,0.091846,0.272684,0.018699,0.235190,0.026682,0.328932,0.105583,0.469505,0.999713,0.966131,0.995955,0.669234,0.931175,0.583730,0.925092,0.573046,0.967110,0.399805,0.896565,0.048777,0.891326,0.315502,0.912933,0.010961
ENSDARG00000074184_0_7,-5.7500,-5.7699,0.750000,0.750388,0.600598,-33.8100,-34.6955,0.625000,0.630490,0.518999,0.010724,0.504581,0.993355,0.502744,0.002472,0.210193,0.999050,0.238943,0.001251,0.988689,0.001116,0.924502,0.999013,0.932607,0.999166,0.997502,0.999710,0.021731,0.999982,0.000210,0.001378,0.000060,0.001638,0.014295,0.998861,0.999857,0.007706,0.043827,0.994133,0.000591,0.003253,0.000681,0.999174,0.999999,0.999994,0.999997,0.999989,0.999969,0.999996,0.999002
ENSDARG00000074184_0_8,-2.0200,-2.1297,0.750000,0.773097,0.804535,-29.9500,-30.8457,0.625000,0.631523,0.489761,0.981167,0.959994,0.996867,0.064192,1.000000,0.080032,1.000000,0.997945,1.000000,0.090749,0.095041,0.014823,0.083980,0.013458,1.000000,0.998159,0.999586,0.053046,1.000000,0.262321,0.875099,0.750744,0.874190,0.457568,1.000000,0.998096,1.000000,0.708131,0.999110,0.053325,0.098483,0.288668,0.087183,0.007021,1.000000,0.999983,1.000000,0.999951,1.000000,0.997010
ENSDARG00000074184_0_9,-1.0600,-1.9739,0.750000,0.803645,0.749534,-29.8600,-31.0341,0.625000,0.584603,0.515948,0.846601,0.809993,0.882428,0.131880,0.790642,0.259117,1.000000,0.260561,0.410623,0.285798,0.054267,0.377105,0.355661,0.377622,1.000000,0.897310,0.994162,0.832175,1.000000,0.950744,0.718556,0.281194,0.508591,0.178642,1.000000,0.611080,0.350935,0.059418,0.408428,0.024116,0.674794,0.021853,1.000000,0.990196,0.995002,0.989975,1.000000,0.998322,1.000000,0.981865
ENSDARG00000074184_0_10,-6.5000,-6.5290,0.875000,0.873466,0.501767,-30.9800,-32.0767,0.500000,0.528159,0.365176,0.008268,0.083148,0.005947,0.010737,0.005455,0.037229,0.004237,0.185870,0.011790,0.112862,0.999540,0.924399,0.998976,0.793263,0.998991,0.779908,0.008710,0.010279,0.001138,0.013366,0.001531,0.017808,0.003026,0.109385,0.007408,0.220978,0.999443,0.767534,0.999005,0.745038,0.996479,0.978136,0.995912,0.236260,0.994800,0.173194,0.994793,0.157356,0.999885,0.946778
ENSDARG00000074397_1_1,-4.9400,-5.2891,0.250000,0.317542,0.453842,-31.6000,-33.0628,0.250000,0.372950,0.406575,0.992581,0.544301,0.993167,0.519271,0.095531,0.797758,0.069343,0.234228,0.996820,0.225761,0.016524,0.105139,0.001269,0.025627,0.001488,0.691397,0.371658,0.500608,0.999905,0.615764,0.999160,0.546339,0.999060,0.341708,0.999517,0.628773,0.370241,0.864563,0.001621,0.024942,0.000481,0.223011,0.017756,0.611832,0.064238,0.020325,0.086481,0.030395,0.999996,0.579761
ENSDARG00000074397_1_2,-1.6600,-2.1347,0.875000,0.823352,0.727996,-31.5400,-32.7019,0.250000,0.315304,0.474075,0.834635,0.964090,0.514047,0.961370,0.208477,0.980538,0.532237,0.985900,0.514401,0.074171,0.777321,0.036090,0.988870,0.018345,0.948686,0.018581,0.846830,0.019584,0.835422,0.989464,0.496325,0.951593,0.475855,0.959344,0.532220,0.185551,0.807205,0.237153,0.977309,0.993714,0.993532,0.048174,0.655678,0.005951,0.652686,0.004175,0.981142,0.999195,0.987046,0.048518
ENSDARG00000074397_1_3,-6.7900,-7.2490,0.250000,0.356441,0.437204,-35.2200,-36.2242,0.375000,0.332882,0.325028,0.190438,0.079644,0.053395,0.010383,0.006728,0.010631,0.008036,0.019115,0.999435,0.996944,0.693161,0.991214,0.121356,0.986076,0.324566,0.010973,0.934810,0.003300,0.934908,0.004797,0.939073,0.074799,0.686646,0.649630,0.050050,0.623578,0.403380,0.996370,0.952402,0.074981,0.059961,0.002090,0.073847,0.019697,0.027714,0.000026,0.297635,0.017233,0.986541,0.929079
ENSDARG00000074397_1_4,-3.7000,-3.8039,0.500000,0.503806,0.602316,-30.2500,-31.1031,0.375000,0.379746,0.363516,0.007379,0.023038,0.004824,0.021437,0.998377,0.041156,0.068721,0.191358,0.074070,0.852861,0.999206,0.878454,0.935050,0.106596,0.933588,0.027432,0.998610,0.031059,0.996756,0.074536,0.999768,0.995192,0.999515,0.989243,0.011053,0.024557,0.015187,0.006945,0.126580,0.008539,0.124197,0.026671,0.989634,0.988676,0.881748,0.972913,0.882103,0.980115,0.999946,0.029548
ENSDARG00000074397_1_6,0.0000,-0.7609,1.000000,0.923023,0.883973,-32.5400,-33.6793,0.500000,0.502717,0.543927,0.705473,0.602217,0.980929,0.403807,0.999721,0.847601,0.879896,0.051494,0.953260,0.008372,0.787559,0.002715,0.563925,0.010872,0.917052,0.992067,0.999845,0.989724,0.729482,0.989584,1.000000,0.961312,0.778141,0.997038,0.686670,0.021345,0.883407,0.002971,0.989541,0.001475,0.859656,0.001487,0.999906,0.999662,0.985926,0.999546,0.980188,0.999820,0.998887,0.995428
ENSDARG00000074397_1_7,-3.5900,-3.8727,1.000000,0.851298,0.692144,-32.1400,-33.5112,0.000000,0.026659,0.360221,0.325657,0.501630,0.351401,0.495859,0.265921,0.495567,0.906398,0.990559,0.899736,0.981736,0.999428,0.571312,0.991161,0.499046,0.727060,0.487333,0.726008,0.491319,0.097147,0.496474,0.369941,0.474543,0.372640,0.505782,0.997278,0.109017,0.995669,0.021886,0.638742,0.014320,0.639178,0.015310,0.636351,0.014655,0.980808,0.019751,0.942712,0.012109,0.979641,0.006220
ENSDARG00000074397_1_8,0.0000,-0.2439,1.000000,0.979471,0.937083,-26.2500,-27.1916,1.000000,0.879524,0.666275,0.811128,0.164851,0.969665,0.058117,0.900467,0.138239,0.893340,0.913608,0.888107,0.811274,0.919034,0.919277,0.994617,0.014635,0.799845,0.054885,0.999344,0.759818,0.930613,0.988271,0.906998,0.809690,0.892737,0.656650,0.894236,0.669326,0.986371,0.724717,0.978232,0.889661,0.995160,0.985892,0.992451,0.984854,0.993884,0.934694,0.996792,0.934185,0.998641,0.912861
ENSDARG00000074397_1_9,-8.5400,-8.5692,0.375000,0.379060,0.503247,-35.3400,-36.4676,0.250000,0.435384,0.513689,0.999961,0.923277,0.992516,0.843799,0.008609,0.902301,0.000008,0.973669,0.000008,0.983133,0.007349,0.512395,0.024042,0.454457,0.999981,0.133563,0.999993,0.674986,0.999997,0.329213,0.999997,0.057807,0.999991,0.002111,0.024018,0.010714,0.000792,0.668138,0.000046,0.144257,0.006553,0.001528,0.001082,0.000476,0.999997,0.993079,0.999996,0.984229,0.999997,0.680653
ENSDARG00000074397_1_10,-5.4700,-5.5219,0.875000,0.850422,0.688194,-31.8900,-33.0586,0.625000,0.554164,0.445856,0.061067,0.523258,0.025707,0.475896,0.005493,0.710960,0.977723,0.398868,0.969266,0.353619,0.979808,0.325803,0.997694,0.998449,0.961352,0.239663,0.962445,0.228586,0.972502,0.223760,0.024975,0.002787,0.022464,0.002167,0.004780,0.002272,0.977165,0.980743,0.977309,0.863017,0.977491,0.824028,0.963269,0.792623,0.960877,0.892596,0.961842,0.051342,0.980644,0.026689
ENSDARG00000074474_8_1,-7.6300,-7.7463,0.250000,0.272391,0.417906,-31.1100,-33.0260,0.125000,0.167103,0.320374,0.995540,0.616641,0.990974,0.584801,0.994214,0.674255,0.002036,0.110119,0.006092,0.095988,0.001968,0.159838,0.000795,0.121380,0.043787,0.368732,0.145157,0.516233,0.998478,0.843600,0.999952,0.486811,0.999991,0.492262,0.994667,0.562575,0.145688,0.227985,0.043504,0.174318,0.000309,0.071899,0.001410,0.063527,0.000331,0.078605,0.001114,0.070846,0.992108,0.087071
ENSDARG00000074474_8_2,-4.6300,-5.1620,0.250000,0.430912,0.421643,-35.5200,-36.8136,0.375000,0.422346,0.345924,0.161482,0.485270,0.128879,0.485200,0.624007,0.180047,0.443675,0.032493,0.058988,0.089362,0.101687,0.463079,0.415409,0.838016,0.417665,0.798331,0.940037,0.031750,0.939367,0.024826,0.651384,0.056609,0.102976,0.054729,0.437572,0.143012,0.064474,0.005869,0.039470,0.063758,0.179758,0.658799,0.852953,0.305165,0.478186,0.292279,0.421980,0.990371,0.972905,0.919518
ENSDARG00000074474_8_3,-8.2700,-8.5287,0.500000,0.492485,0.550186,-36.6800,-37.3752,0.375000,0.379846,0.260653,0.003299,0.988538,0.000065,0.030725,0.000142,0.001473,0.003447,0.000683,0.999211,0.001568,0.786229,0.001258,0.774931,0.001577,0.940995,0.005351,0.993794,0.054740,0.999730,0.999420,0.820416,0.085966,0.741568,0.002981,0.940913,0.000559,0.993987,0.001761,0.001581,0.017955,0.009178,0.999107,0.006379,0.998872,0.009284,0.999337,0.978565,0.018872,0.999995,0.002309
ENSDARG00000074474_8_4,-5.9100,-6.1124,0.875000,0.843922,0.679024,-34.0700,-35.0175,0.625000,0.580269,0.583679,0.746417,0.973884,0.078184,0.883720,0.000494,0.794215,0.002441,0.795217,0.999900,0.979751,0.999998,0.984074,0.996814,0.403316,0.995784,0.210382,0.998042,0.882424,0.926026,0.103537,0.008048,0.003834,0.076943,0.017064,0.006597,0.023614,0.996501,0.810930,0.792237,0.805553,0.994591,0.810500,0.997670,0.105311,0.993877,0.095835,0.995048,0.995622,0.974860,0.994787
ENSDARG00000074474_8_5,-3.1300,-3.4261,0.375000,0.399495,0.506411,-32.4100,-33.8330,0.625000,0.500164,0.344873,0.962821,0.569210,0.125946,0.017411,0.112342,0.021040,0.089412,0.005065,0.072541,0.015439,0.163817,0.434265,0.998541,0.002350,0.921690,0.000654,0.682546,0.000912,0.829989,0.076888,0.987936,0.876146,0.984680,0.876774,0.861815,0.977296,0.933972,0.993154,0.872798,0.697039,0.097870,0.033772,0.109891,0.414657,0.113714,0.013091,0.101420,0.436107,0.104483,0.436195
ENSDARG00000074474_8_6,-0.4900,-1.0947,0.625000,0.798300,0.785021,-28.0300,-28.5020,0.500000,0.508292,0.483604,0.621954,0.129264,0.701297,0.155948,0.999612,0.952426,0.984447,0.175147,0.992785,0.068553,0.916254,0.057813,0.994644,0.935408,0.550983,0.971614,0.504280,0.084632,0.497276,0.090254,0.777644,0.991257,0.772849,0.993430,0.901234,0.036630,0.938602,0.035878,0.998847,0.042379,0.998247,0.998097,0.547494,0.973910,0.474129,0.970812,0.528105,0.972616,0.999740,0.036016
ENSDARG00000074474_8_7,0.0000,-0.8200,1.000000,0.826583,0.756470,-31.1800,-32.1191,1.000000,0.935479,0.539375,0.319716,0.000637,0.298569,0.000075,0.350925,0.000245,0.830790,0.001055,0.780837,0.999739,0.992654,0.864758,0.980157,0.997007,0.994571,0.012125,0.821172,0.001205,0.957491,0.002760,0.795868,0.131991,0.393993,0.292064,0.603870,0.873566,0.577584,0.814591,0.730811,0.839074,0.725977,0.997673,0.999464,0.989474,0.999451,0.989446,0.986832,0.990372,0.988678,0.989635
ENSDARG00000074474_8_8,0.0000,-0.3975,1.000000,0.959941,0.909255,-32.7100,-33.6310,0.625000,0.605123,0.502604,0.998763,0.745503,0.994352,0.738993,0.626320,0.334893,0.553574,0.551116,0.990284,0.424234,0.998786,0.477598,0.984160,0.140396,0.984226,0.523659,0.968906,0.780580,0.952070,0.168442,0.707968,0.153672,0.746174,0.171998,0.907505,0.918105,0.914278,0.919966,0.971116,0.018642,0.991705,0.061170,0.993654,0.973224,0.959385,0.064589,0.988607,0.942709,0.953276,0.942580
ENSDARG00000074474_8_9,-7.0400,-7.5351,0.375000,0.404143,0.522979,-30.6900,-32.0928,0.375000,0.388132,0.544425,0.984172,0.759352,0.009003,0.529442,0.019551,0.621483,0.014332,0.744004,0.006601,0.840299,0.994095,0.877593,0.391102,0.810801,0.820989,0.719568,0.989917,0.682204,0.999996,0.790650,0.999943,0.202031,0.996730,0.206018,0.378664,0.903157,0.823233,0.110485,0.011987,0.010868,0.012658,0.024923,0.000050,0.045340,0.006796,0.784158,0.999758,0.965703,0.999998,0.260426
ENSDARG00000074474_8_10,-3.8400,-4.3615,0.250000,0.390548,0.512427,-28.9400,-30.6336,0.125000,0.190381,0.409802,0.999748,0.579577,0.999448,0.579052,0.745356,0.528960,0.560187,0.385289,0.018198,0.322554,0.015441,0.337565,0.441430,0.841498,0.378315,0.700330,0.406937,0.670694,0.559190,0.688686,0.999985,0.785960,0.999927,0.252823,0.943545,0.164998,0.939460,0.175993,0.549011,0.933014,0.035518,0.070644,0.001574,0.003462,0.000911,0.002600,0.195416,0.086146,0.458953,0.086191
ENSDARG00000074739_1_1,0.0000,-0.3929,1.000000,0.949977,0.926367,-32.1300,-32.7678,0.625000,0.639810,0.405241,0.703983,0.912693,0.937145,0.909988,0.987213,0.003691,0.981531,0.003299,0.999968,0.007072,0.980113,0.001555,1.000000,0.898297,0.743004,0.003050,0.802630,0.001798,0.796719,0.008355,0.999347,0.123615,0.995865,0.112931,0.998870,0.111481,0.999859,0.110796,0.952570,0.111502,0.999642,0.999992,0.999528,0.999995,0.927865,0.999924,0.806959,0.892135,0.914526,0.892656
ENSDARG00000074739_1_2,-3.1000,-3.3246,0.250000,0.317871,0.454066,-31.3800,-32.2941,0.500000,0.495182,0.482704,0.915149,0.970169,0.027495,0.097998,0.016390,0.081478,0.988094,0.970422,0.016098,0.022659,0.098054,0.027060,0.984511,0.948729,0.264219,0.081537,0.230959,0.045864,0.998451,0.929303,0.999215,0.757400,0.999726,0.760011,0.917128,0.985951,0.219663,0.020373,0.177829,0.026615,0.009495,0.010293,0.015096,0.021243,0.997324,0.978179,0.097960,0.938898,0.108471,0.979902
ENSDARG00000074739_1_3,-1.7700,-2.2183,0.375000,0.430683,0.514812,-39.4800,-40.9454,0.250000,0.266865,0.232117,0.226591,0.982692,0.050644,0.068972,0.048734,0.086342,0.053347,0.469720,0.116542,0.550435,0.990407,0.131540,0.699244,0.152821,0.999481,0.063316,0.984880,0.000359,0.985678,0.000273,0.988499,0.000395,0.706731,0.000552,0.117984,0.005916,0.055459,0.000818,0.040857,0.015353,0.030069,0.012535,0.214080,0.186521,0.997142,0.625238,0.994700,0.851035,0.995171,0.437506
ENSDARG00000074739_1_4,-5.8000,-5.8596,0.250000,0.266162,0.409300,-34.4100,-35.5759,0.125000,0.127267,0.258740,0.994540,0.903894,0.998605,0.027359,0.019772,0.000678,0.008688,0.000182,0.986780,0.003987,0.028573,0.997895,0.016815,0.186159,0.013027,0.015409,0.030519,0.013332,0.983486,0.999499,0.987631,0.999651,0.988262,0.008619,0.999899,0.001324,0.034337,0.000668,0.007049,0.002130,0.013369,0.999150,0.026021,0.011389,0.999011,0.002566,0.019759,0.000412,0.029852,0.000499
ENSDARG00000074739_1_5,-3.0800,-3.9120,0.375000,0.518681,0.609283,-36.2200,-37.5440,0.375000,0.385900,0.397226,0.962149,0.827482,0.943747,0.775930,0.957171,0.524889,0.965079,0.577128,0.564672,0.627154,0.992009,0.166560,0.150028,0.274222,0.092415,0.267334,0.099049,0.755433,0.399724,0.002345,0.910168,0.001894,1.000000,0.056951,0.991209,0.998101,0.998502,0.999031,0.477823,0.078904,0.152099,0.008899,0.144247,0.006530,0.005515,0.000099,0.418026,0.002370,0.962026,0.993264
ENSDARG00000074739_1_6,-4.7500,-4.8427,0.875000,0.850293,0.603549,-28.2200,-30.5440,0.500000,0.544989,0.434496,0.964493,0.550144,0.049170,0.358544,0.048309,0.406909,0.067938,0.560625,0.103119,0.620472,0.990751,0.813617,0.964555,0.253661,0.966322,0.202855,0.970615,0.217822,0.067852,0.020801,0.034363,0.018863,0.041146,0.305692,0.070731,0.797387,0.974543,0.937781,0.973365,0.924940,0.991824,0.931518,0.954530,0.488626,0.925380,0.047669,0.923382,0.035037,0.988585,0.196952
ENSDARG00000074739_1_7,-3.8500,-4.1950,0.375000,0.431293,0.543320,-31.9500,-32.7637,0.375000,0.483241,0.452625,0.949283,0.900901,0.417206,0.260912,0.978679,0.299698,0.989031,0.943963,0.059108,0.106325,0.007348,0.081722,0.009601,0.537769,0.024793,0.450371,0.998690,0.449323,0.999513,0.032644,0.999964,0.572147,0.982837,0.550804,0.008123,0.561503,0.007609,0.579924,0.007786,0.363507,0.059923,0.319710,0.999992,0.362153,0.999993,0.377574,0.366921,0.353956,0.999999,0.947598
ENSDARG00000074739_1_9,-1.1100,-1.5167,0.875000,0.820440,0.721169,-28.4600,-29.4929,1.000000,0.888238,0.474450,0.180574,0.110687,0.097880,0.044578,0.383401,0.050234,1.000000,0.992256,0.889104,0.092573,0.780498,0.983959,0.895929,0.031428,1.000000,0.029210,0.990870,0.032702,0.451084,0.004465,0.872283,0.007192,0.318231,0.003813,0.388995,0.853130,0.914723,0.743694,0.761376,0.980747,0.748965,0.978366,0.932279,0.999068,0.998758,0.983732,0.907463,0.584751,0.910965,0.982418
ENSDARG00000074919_0_1,0.0000,-0.4711,1.000000,0.845333,0.875815,-35.5400,-36.4553,0.250000,0.359932,0.417349,0.974441,0.648788,0.977361,0.645886,0.888488,0.594482,0.981703,0.579025,0.724903,0.602160,0.740171,0.982646,0.916572,0.078278,0.927003,0.069077,0.830654,0.294005,0.946926,0.259862,0.883663,0.297285,0.961758,0.416031,0.974273,0.411946,0.958072,0.416317,0.966618,0.023442,0.941669,0.017087,0.608607,0.007839,0.468648,0.012787,0.950969,0.998669,0.893811,0.991365
ENSDARG00000074919_0_2,-5.2100,-5.3993,0.375000,0.388181,0.509786,-34.1200,-35.6753,0.375000,0.222444,0.353098,0.945877,0.972877,0.937574,0.428446,0.995580,0.469438,0.996059,0.359118,0.203699,0.325848,0.005991,0.860145,0.006724,0.045876,0.000890,0.019773,0.000743,0.000170,0.998864,0.597940,0.999472,0.597677,0.998802,0.605107,0.998850,0.119218,0.004965,0.097241,0.005180,0.091037,0.006530,0.115681,0.005252,0.415629,0.203795,0.472736,0.930454,0.429262,0.950426,0.038746
ENSDARG00000074919_0_4,-3.5000,-3.6295,0.500000,0.501941,0.597318,-32.3600,-33.5254,0.125000,0.386065,0.477288,0.032792,0.894705,0.858291,0.650474,0.109755,0.663554,0.110640,0.790679,0.007222,0.923600,0.894062,0.361583,0.970548,0.190322,0.999867,0.267089,0.996299,0.984106,0.993115,0.127886,0.990596,0.125179,0.967658,0.478053,0.013303,0.453995,0.010065,0.460288,0.111751,0.961876,0.999170,0.026820,0.018859,0.004222,0.862992,0.005832,0.999657,0.590014,0.999727,0.585473
ENSDARG00000074919_0_5,-3.8500,-3.8653,0.500000,0.504943,0.603940,-33.6400,-34.0846,0.625000,0.598219,0.399601,0.995451,0.967620,0.998207,0.951642,0.992705,0.043767,0.025615,0.070049,0.011558,0.012195,0.990523,0.002072,0.991757,0.026421,0.011988,0.052793,0.021775,0.023559,0.999882,0.027858,0.999883,0.141004,0.999912,0.887286,0.990567,0.864984,0.006942,0.823257,0.019538,0.998992,0.999664,0.989459,0.990813,0.074877,0.025938,0.018125,0.008912,0.017452,0.997171,0.998605
ENSDARG00000074919_0_6,-3.8300,-4.8146,0.375000,0.374158,0.496091,-32.1600,-33.0196,0.375000,0.428561,0.465984,0.965942,0.979611,0.962559,0.023126,0.133085,0.017064,0.161215,0.012913,0.343220,0.024052,0.329134,0.873358,0.044198,0.133873,0.077754,0.215476,0.986485,0.949038,0.985737,0.869254,0.967120,0.867674,0.972113,0.925758,0.567123,0.153078,0.712764,0.179171,0.769100,0.850681,0.118459,0.149475,0.466404,0.150172,0.054728,0.873683,0.141446,0.175296,0.163239,0.896932
ENSDARG00000074919_0_7,-6.6400,-7.1744,0.500000,0.376728,0.501382,-30.5800,-32.2883,0.250000,0.267733,0.454664,0.454979,0.353553,0.003151,0.189526,0.000949,0.201036,0.414763,0.355082,0.001521,0.153877,0.138462,0.266255,1.000000,0.992468,1.000000,0.997220,1.000000,0.829437,0.999998,0.809632,0.999995,0.805604,1.000000,0.997724,0.539661,0.469571,0.165234,0.159522,1.000000,0.594400,0.022004,0.040173,0.001164,0.022486,0.414030,0.414265,0.415905,0.029863,0.455824,0.411583
ENSDARG00000074919_0_8,-2.1200,-2.3440,0.750000,0.801811,0.663076,-30.3900,-31.2599,0.375000,0.381871,0.435404,0.104390,0.111405,0.115473,0.117771,1.000000,0.981632,0.996119,0.986328,1.000000,0.990792,1.000000,0.992931,1.000000,0.996376,0.107027,0.112707,0.109365,0.119190,1.000000,0.214920,0.213766,0.018946,0.200904,0.010108,1.000000,0.999958,0.999079,0.017395,1.000000,0.018366,1.000000,0.999901,0.995287,0.999867,1.000000,0.018282,0.206650,0.000375,0.213468,0.000826
ENSDARG00000074919_0_9,-2.8600,-3.3412,0.375000,0.535982,0.606987,-36.7500,-37.3286,0.625000,0.577296,0.338714,0.434391,0.006691,0.328383,0.002962,0.436388,0.000789,0.987649,0.000367,0.417161,0.000199,0.438883,0.000990,0.676639,0.001668,0.674335,0.999905,0.571805,0.998760,0.889334,0.030020,0.999470,0.036088,0.997452,0.077484,0.997105,0.970929,0.441176,0.995568,0.438463,0.991875,0.676871,0.655074,0.113047,0.999308,0.112097,0.003541,0.529228,0.000692,0.979871,0.001377
ENSDARG00000074919_0_10,-3.7700,-4.1045,0.500000,0.471981,0.573956,-35.1200,-36.1078,0.375000,0.388571,0.441400,0.997475,0.792736,0.075558,0.716648,0.003462,0.696366,0.003250,0.891475,0.168891,0.847087,0.806210,0.216907,0.684863,0.113523,0.999994,0.111120,0.999936,0.125738,0.999948,0.994285,0.998281,0.107282,0.965415,0.106266,0.684468,0.106075,0.012965,0.006197,0.002207,0.000046,0.002194,0.000025,0.074668,0.005114,0.999770,0.999958,0.999785,0.999955,0.999789,0.991199
ENSDARG00000075281_0_1,-1.4100,-2.0477,0.750000,0.614035,0.605836,-29.1600,-30.4693,0.375000,0.382763,0.517075,0.997558,0.985196,0.830383,0.947156,0.199360,0.934607,0.448889,0.917662,0.096837,0.923959,0.612009,0.984708,0.608683,0.823336,0.609904,0.190456,0.655508,0.075804,0.861078,0.045735,0.847960,0.087035,0.436266,0.363742,0.083604,0.904563,0.305000,0.632351,0.628500,0.314071,0.625341,0.791942,0.623345,0.009038,0.960493,0.046320,0.695384,0.255952,0.990611,0.107866
ENSDARG00000075281_0_2,-5.5000,-6.1654,0.375000,0.381800,0.504149,-29.5200,-31.7479,0.500000,0.370291,0.401864,0.994775,0.271913,0.994641,0.234625,0.995506,0.304309,0.035660,0.286381,0.030694,0.291832,0.354690,0.476311,0.342613,0.311711,0.004066,0.054322,0.288373,0.170204,0.992187,0.914031,0.997619,0.903604,0.997761,0.855697,0.997980,0.890211,0.991867,0.898967,0.999786,0.728708,0.006946,0.035073,0.003919,0.033229,0.005305,0.013382,0.012553,0.103832,0.036043,0.258927
ENSDARG00000075281_0_3,-4.3900,-4.4686,0.625000,0.599903,0.589790,-30.7300,-31.6127,0.500000,0.480212,0.334203,0.106409,0.160586,0.100468,0.154841,0.055424,0.160874,0.012602,0.348582,0.897821,0.017021,0.901368,0.016779,0.903269,0.014843,0.920728,0.015589,0.999734,0.040081,0.999959,0.032263,0.999336,0.966740,0.099455,0.914176,0.021584,0.990535,0.005187,0.116165,0.007539,0.008904,0.901153,0.010581,0.908679,0.032940,0.955586,0.687809,0.999528,0.997645,0.999970,0.997115
ENSDARG00000075281_0_4,-2.1500,-2.7731,0.250000,0.403567,0.522813,-28.7700,-30.4796,0.250000,0.357798,0.520931,0.999637,0.968759,0.999752,0.776205,0.998619,0.555805,0.143554,0.543692,0.032689,0.563506,0.009993,0.931014,0.218553,0.934862,0.254342,0.804558,0.575876,0.733126,0.995398,0.328525,0.999572,0.342800,0.999735,0.073385,0.793392,0.031483,0.795094,0.049124,0.370219,0.290911,0.240941,0.463492,0.218791,0.258692,0.224347,0.721400,0.243154,0.945651,0.342597,0.101633
ENSDARG00000075281_0_5,-1.8700,-2.0833,0.375000,0.412147,0.529258,-29.1900,-29.8132,0.625000,0.633047,0.540164,0.996071,0.991103,0.995263,0.651689,0.927215,0.010791,0.999978,0.012515,0.206431,0.021210,0.048078,0.676668,0.039708,0.972063,0.038171,0.397620,0.041933,0.334392,0.999929,0.940241,0.999932,0.375208,0.995283,0.355398,0.999877,0.039221,0.999791,0.027220,0.040732,0.024207,0.040971,0.993595,0.039284,0.993420,0.047494,0.994974,0.204845,0.996982,0.924178,0.994755
ENSDARG00000075281_0_6,-0.6500,-1.4518,0.625000,0.631075,0.677286,-29.9700,-31.7448,0.750000,0.516958,0.413133,0.969959,0.486142,0.953527,0.481918,0.731194,0.152533,0.173199,0.132190,0.131861,0.044274,0.135957,0.865443,0.733790,0.887991,0.983397,0.976868,0.985549,0.069052,0.987354,0.001062,0.988827,0.003301,0.722517,0.026221,0.699893,0.033517,0.672641,0.228969,0.119188,0.367253,0.395010,0.347704,0.452202,0.322788,0.737312,0.897527,0.981714,0.997166,0.990636,0.940742
ENSDARG00000075281_0_7,-5.3700,-5.7619,0.125000,0.186956,0.349425,-29.7200,-31.2259,0.375000,0.341014,0.316207,0.998954,0.505172,0.012516,0.157864,0.001384,0.183463,0.000390,0.133257,0.000095,0.147589,0.004612,0.158548,0.032785,0.625367,0.449627,0.271707,0.994127,0.373879,0.999780,0.369684,0.999986,0.338643,0.998598,0.330850,0.998397,0.354454,0.442241,0.249079,0.032876,0.572457,0.004007,0.532466,0.002026,0.596524,0.001959,0.198280,0.002385,0.088080,0.011757,0.136772
ENSDARG00000075281_0_8,-4.1200,-4.6497,0.500000,0.407936,0.526241,-33.8800,-35.2098,0.125000,0.128080,0.349525,0.726880,0.970092,0.467868,0.996074,0.825713,0.613303,0.158084,0.574441,0.004426,0.765272,0.059082,0.446369,0.022638,0.916932,0.998108,0.192249,0.999977,0.201195,0.999795,0.058022,0.999894,0.212319,0.998860,0.019599,0.996986,0.001389,0.993259,0.006360,0.019018,0.002936,0.004719,0.001643,0.003594,0.001977,0.048584,0.005023,0.716759,0.060900,0.480571,0.944408
ENSDARG00000075281_0_9,-5.0600,-5.2521,0.500000,0.518468,0.534774,-29.9300,-31.2040,0.750000,0.734448,0.501615,0.955437,0.696183,0.072685,0.175931,0.082641,0.233267,0.116984,0.518883,0.996427,0.757826,0.999904,0.642218,0.125919,0.748946,0.067974,0.030340,0.929834,0.254208,0.999962,0.039457,0.999973,0.037404,0.199998,0.022053,0.116623,0.240978,1.000000,0.948532,1.000000,0.998222,1.000000,0.949203,0.014710,0.967666,0.007876,0.752644,0.008535,0.763532,0.999999,0.254805
ENSDARG00000075281_0_10,-2.9300,-3.5421,0.500000,0.557217,0.656386,-29.1400,-30.8325,0.500000,0.505125,0.382487,0.688689,0.315638,0.731605,0.247934,0.740522,0.439326,0.990704,0.479018,0.990359,0.229240,0.993018,0.266918,1.000000,0.381908,0.690711,0.558802,1.000000,0.343649,0.720426,0.303254,0.086844,0.022839,0.037116,0.020209,0.029033,0.026152,0.999998,0.994982,0.999997,0.997999,0.990999,0.994455,0.991704,0.976429,0.036588,0.006584,0.036850,0.008213,0.372563,0.036187
ENSDARG00000075593_0_1,0.0000,-0.4900,1.000000,0.918893,0.906185,-28.8600,-30.4035,0.500000,0.446717,0.540265,0.454190,0.946932,0.637809,0.401292,0.999977,0.236143,0.999434,0.187632,0.998513,0.189939,0.854906,0.146611,0.996124,0.998213,0.995784,0.997210,0.945395,0.989562,0.916412,0.826561,0.998107,0.827763,0.975899,0.483710,0.995213,0.510507,0.695975,0.992288,0.694029,0.993975,0.996102,0.996510,0.994789,0.067465,0.996768,0.005198,0.993051,0.004276,0.985218,0.003517
ENSDARG00000075593_0_3,-1.7900,-2.1041,0.500000,0.579195,0.650519,-27.4300,-28.9177,0.500000,0.517274,0.464704,0.992446,0.867317,0.917456,0.258459,0.272154,0.363075,0.996907,0.777831,0.141859,0.365772,0.127660,0.300684,0.203695,0.674744,0.919547,0.221807,0.923645,0.094601,0.997295,0.897301,0.948184,0.223948,0.935968,0.110348,0.942528,0.105374,0.261738,0.116993,0.120511,0.753602,0.047022,0.239603,0.929416,0.874067,0.338622,0.299967,0.995397,0.888505,0.998328,0.860083
ENSDARG00000075593_0_4,-3.7300,-4.0380,1.000000,0.876222,0.635912,-34.8200,-35.5436,1.000000,0.983537,0.534135,0.115303,0.004249,0.113697,0.000512,0.094034,0.844539,0.999752,0.984497,0.972481,0.013000,0.972515,0.001229,0.099653,0.000029,0.030205,0.000004,0.030645,0.000031,0.795546,0.005323,0.760035,0.030832,0.724603,0.930159,0.999492,0.998815,0.999848,0.999034,0.978858,0.998653,0.972714,0.999600,0.895533,0.999860,0.744768,0.981268,0.626359,0.936611,0.792201,0.954452
ENSDARG00000075593_0_5,-2.6100,-2.8027,1.000000,0.945663,0.707015,-28.6200,-29.8167,1.000000,0.909552,0.577921,0.120259,0.004585,0.118592,0.002345,0.265307,0.469887,0.897081,0.545860,0.891497,0.094830,0.891748,0.096625,0.893158,0.997917,0.265751,0.923111,0.121366,0.007979,0.122542,0.007878,0.996378,0.147685,0.991320,0.983309,0.999637,0.921812,0.999206,0.908342,0.999571,0.904295,0.894224,0.996264,0.891171,0.925759,0.884786,0.956085,0.896822,0.795561,0.999890,0.868299
ENSDARG00000075593_0_6,-3.3000,-3.8750,0.500000,0.581790,0.579312,-34.4900,-35.3596,1.000000,0.974334,0.556044,0.700421,0.000828,0.010204,0.000051,0.077604,0.002656,0.750676,0.103444,0.097612,0.999637,0.304612,0.233963,0.909353,0.016844,0.945114,0.001620,0.952268,0.000047,0.720040,0.000932,0.751950,0.982194,0.712062,0.984002,0.649748,0.980563,0.938807,0.974066,0.362930,0.970204,0.327950,0.963159,0.756812,0.977325,0.317523,0.975238,0.301427,0.975435,0.999121,0.978678
ENSDARG00000075593_0_7,-2.4600,-2.5773,0.625000,0.634132,0.526513,-31.8600,-32.7532,0.750000,0.754354,0.484324,0.039227,0.024046,0.031557,0.023051,0.025102,0.023085,0.993945,0.005504,0.093915,0.016508,0.086369,0.024755,0.999731,0.015656,0.998219,0.052318,0.996414,0.670290,0.111396,0.928315,0.120779,0.923996,0.960547,0.944114,0.025893,0.986153,0.029765,0.966265,0.038863,0.967939,0.998571,0.931116,0.998202,0.914186,0.992186,0.909168,0.993885,0.338080,0.995691,0.021928
ENSDARG00000075593_0_8,-4.6200,-4.9723,0.500000,0.539056,0.507848,-35.8400,-37.1548,0.250000,0.251020,0.387306,0.166606,0.185052,0.133744,0.036158,0.039040,0.709407,0.026215,0.859830,0.072317,0.986960,0.693755,0.859899,0.972128,0.060295,0.976227,0.179793,0.988886,0.612873,0.989498,0.257140,0.733607,0.989442,0.052489,0.001110,0.076806,0.000503,0.041906,0.000566,0.982622,0.005462,0.947533,0.000033,0.132183,0.000018,0.135012,0.001723,0.997496,0.999977,0.998892,0.999881
ENSDARG00000075593_0_9,-1.2400,-1.5227,1.000000,0.956991,0.809136,-27.3100,-29.1114,0.250000,0.268168,0.520286,0.089373,0.554043,0.096461,0.556845,0.992842,0.948532,0.990800,0.912064,0.997348,0.818338,0.998938,0.903516,0.998141,0.871935,0.990754,0.887707,0.338320,0.456448,0.333853,0.279293,0.969672,0.608265,0.730292,0.463383,0.758001,0.839450,0.999767,0.864421,0.996392,0.076195,0.999417,0.175708,0.998592,0.090350,0.948342,0.076139,0.959707,0.011431,0.995712,0.011651
ENSDARG00000075593_0_10,-0.3600,-1.1235,0.375000,0.549720,0.641664,-37.3400,-37.8501,0.375000,0.396023,0.367553,0.844374,0.997106,0.992866,0.011116,0.307821,0.008370,0.297376,0.010184,0.398190,0.037042,0.678954,0.209937,0.265589,0.967829,0.664073,0.890901,0.995068,0.989388,0.999563,0.050553,0.996230,0.006334,0.995421,0.004108,0.235188,0.000025,0.191464,0.001550,0.774302,0.043051,0.317826,0.990236,0.521960,0.094934,0.374789,0.038845,0.984646,0.999877,0.997586,0.999669
ENSDARG00000075849_6_1,-0.4000,-0.8437,0.625000,0.758222,0.799902,-27.4600,-28.6437,0.625000,0.460415,0.609746,0.912272,0.535196,0.932153,0.437001,0.949566,0.447894,0.999213,0.998017,0.991547,0.805688,0.435755,0.793140,0.262008,0.694119,0.453784,0.994418,0.999621,0.672885,0.998586,0.582987,0.997906,0.572912,0.999861,0.977349,0.952341,0.536019,1.000000,0.526884,0.443420,0.597431,0.374821,0.014723,0.377322,0.010527,0.918370,0.008607,0.999875,0.997826,0.999629,0.991304
ENSDARG00000075849_6_2,-0.3700,-1.3870,0.750000,0.744535,0.771477,-32.1600,-33.1213,0.125000,0.173132,0.430357,0.646398,0.980333,0.962566,0.900182,0.939268,0.348080,0.985239,0.222804,0.663656,0.277440,0.381546,0.255645,0.507932,0.780885,0.996843,0.312667,1.000000,0.447447,0.999779,0.938155,0.817528,0.866523,0.572512,0.891931,0.693322,0.171601,0.323968,0.180828,0.719562,0.980992,0.999833,0.009472,0.999689,0.009135,0.790859,0.009236,0.436744,0.009187,0.992298,0.014605
ENSDARG00000075849_6_3,-0.1700,-1.1187,0.500000,0.702204,0.751649,-27.5800,-28.8413,0.875000,0.549355,0.505509,0.897998,0.120206,0.989318,0.104889,0.985270,0.100260,0.948720,0.865518,0.464892,0.867167,0.447555,0.858422,0.647611,0.071931,0.494702,0.131478,0.797429,0.904936,0.801733,0.549044,0.990344,0.617490,0.949777,0.523988,0.743250,0.426007,0.823056,0.423471,0.412345,0.417644,0.457099,0.966152,0.449804,0.529924,0.797068,0.469251,0.974433,0.968176,0.960573,0.194219
ENSDARG00000075849_6_4,-1.7300,-2.2033,0.375000,0.452180,0.466487,-29.5300,-30.3723,0.500000,0.577335,0.381834,0.423167,0.954916,0.048720,0.944089,0.039316,0.037552,0.076217,0.026693,0.379716,0.012765,0.102922,0.011236,0.595908,0.018612,0.999825,0.987518,0.998757,0.011070,0.998628,0.002882,0.998440,0.008381,0.050684,0.002291,0.031236,0.001372,0.327257,0.012250,0.071963,0.300539,0.043410,0.997472,0.144935,0.997523,0.998869,0.998919,0.999942,0.998539,0.999827,0.312063
ENSDARG00000075849_6_5,-7.3900,-7.4392,0.625000,0.627265,0.603739,-37.5700,-38.4687,0.250000,0.239537,0.391366,0.954950,0.995046,0.033072,0.984642,0.000024,0.977684,0.000049,0.979955,0.050138,0.896892,0.999327,0.348440,0.999835,0.247308,0.999994,0.420069,0.999993,0.053950,0.999549,0.005015,0.999854,0.001920,0.019866,0.000103,0.000123,0.000045,0.030076,0.000386,0.001225,0.000173,0.999981,0.005228,0.999949,0.000161,0.986899,0.000394,0.999998,0.999979,0.999872,0.909928
ENSDARG00000075849_6_6,-2.6600,-3.0831,0.375000,0.429126,0.517584,-29.7400,-31.0062,0.375000,0.362238,0.461804,0.297357,0.893299,0.930744,0.887382,0.006522,0.578163,0.016011,0.504688,0.054513,0.445895,0.070175,0.802633,0.800705,0.398835,0.999444,0.527228,0.999557,0.736836,0.998127,0.028701,0.992120,0.107818,0.753392,0.426705,0.029644,0.392615,0.009987,0.625986,0.017135,0.025030,0.068210,0.020858,0.988981,0.023816,0.319183,0.347248,0.999879,0.968801,0.999990,0.493550
ENSDARG00000075849_6_7,-3.2400,-3.3621,0.875000,0.871009,0.616353,-29.7300,-30.9850,0.625000,0.759960,0.484663,0.023233,0.076704,0.984491,0.256767,0.005779,0.734636,0.005451,0.021918,0.146832,0.013197,1.000000,0.026042,0.998450,0.031552,0.999999,0.746344,0.158985,0.342890,0.018765,0.538173,0.019743,0.292058,0.997252,0.533299,0.016939,0.464125,0.999925,0.597986,0.999927,0.998750,0.999960,0.999610,0.987896,0.996319,0.987318,0.938049,0.987585,0.999629,0.988527,0.085215
ENSDARG00000075849_6_8,-5.4600,-5.5928,0.750000,0.758060,0.519755,-30.5800,-32.2513,0.375000,0.388415,0.355869,0.067979,0.626646,0.003167,0.115461,0.003193,0.013312,0.014455,0.017027,0.116147,0.052404,0.998292,0.815703,0.998233,0.468685,0.998874,0.414445,0.999974,0.441639,0.116488,0.511995,0.013683,0.489627,0.000143,0.043111,0.000233,0.011703,0.067375,0.212892,0.999685,0.682331,0.999975,0.672866,0.999800,0.876735,0.998956,0.228902,0.998965,0.191098,0.999492,0.230796
ENSDARG00000075849_6_10,-0.7700,-1.2622,1.000000,0.941162,0.808475,-30.8400,-31.7793,0.625000,0.630173,0.541869,0.999883,0.750102,0.943647,0.779264,0.371255,0.992273,0.168125,0.992442,0.698862,0.214929,0.905649,0.039422,0.999564,0.021690,0.871606,0.996507,0.426084,0.001113,0.550711,0.001410,0.854808,0.007568,0.850009,0.999267,0.999453,0.999669,0.966709,0.989837,0.983196,0.043437,0.928456,0.002812,0.846507,0.007053,0.902697,0.999939,0.902284,0.999937,0.999992,0.998700
ENSDARG00000076177_24_1,-1.1800,-1.5222,0.750000,0.793712,0.782245,-27.0800,-27.8181,0.875000,0.874738,0.518760,0.158051,0.189235,0.136604,0.184499,0.749881,0.200924,0.957758,0.219202,0.905531,0.263297,0.997037,0.992302,0.968211,0.191075,0.946348,0.068009,0.914253,0.093818,0.996656,0.020993,0.753557,0.041648,0.811305,0.912285,0.140671,0.946610,0.294581,0.139218,0.994192,0.994143,0.994603,0.992911,0.997196,0.960719,0.962889,0.986544,0.965701,0.991530,0.999867,0.986229
ENSDARG00000076177_24_2,-7.9000,-8.4846,0.125000,0.159345,0.325913,-33.1000,-34.4494,1.000000,0.709061,0.433494,0.000517,0.000646,0.000008,0.000111,0.000607,0.000976,0.001869,0.988810,0.007350,0.001215,0.393455,0.004848,0.612937,0.007072,0.239110,0.009661,0.996500,0.158061,0.996531,0.912566,0.995536,0.509825,0.999072,0.403600,0.242122,0.394079,0.008273,0.835710,0.007641,0.960055,0.005302,0.835518,0.004074,0.828630,0.003445,0.811828,0.003935,0.560862,0.999972,0.445803
ENSDARG00000076177_24_3,-0.5700,-0.9921,1.000000,0.969306,0.849182,-32.7300,-34.2569,0.500000,0.409662,0.484968,0.261291,0.905464,0.425917,0.452794,0.990429,0.724976,0.999473,0.399199,0.970816,0.098031,0.989863,0.082885,0.997114,0.086464,0.789584,0.120449,0.966846,0.981079,0.467299,0.956362,0.422197,0.814312,0.948366,0.800041,0.960504,0.579191,0.986953,0.608257,0.999490,0.074385,0.954747,0.029498,0.975651,0.003282,0.939645,0.006004,0.959194,0.987273,0.978262,0.989403
ENSDARG00000076177_24_4,0.0000,-0.5301,1.000000,0.987195,0.847963,-26.6900,-28.3364,0.375000,0.431965,0.516126,0.492165,0.465717,0.437682,0.400807,0.555076,0.471460,0.998927,0.749853,0.998401,0.496892,0.999367,0.503510,0.801335,0.568836,0.783017,0.931737,0.732830,0.533107,0.751831,0.580783,0.700255,0.552800,0.810813,0.611288,0.947965,0.413031,0.992980,0.297945,0.982085,0.816947,0.978832,0.758337,0.998218,0.880349,0.998365,0.212061,0.999269,0.054090,0.999849,0.022962
ENSDARG00000076177_24_5,0.0000,-0.0785,1.000000,0.959930,0.966028,-33.8700,-34.5469,0.375000,0.358204,0.444695,0.998207,0.971341,0.976451,0.959289,0.974416,0.962254,0.996860,0.233122,0.990255,0.156870,0.954683,0.818596,0.978766,0.715459,0.911508,0.824802,0.919304,0.120988,0.967598,0.060962,0.987075,0.047429,0.985997,0.157155,0.973341,0.842075,0.959083,0.099511,0.988939,0.225284,0.937856,0.037415,0.955040,0.793285,0.973567,0.793072,0.938853,0.049384,0.952758,0.025610
ENSDARG00000076177_24_6,-1.4500,-1.8566,1.000000,0.980160,0.806353,-31.8200,-32.4529,0.375000,0.404897,0.461229,0.051544,0.734140,0.072402,0.013666,1.000000,0.126492,0.982260,0.146729,1.000000,0.281377,0.957170,0.963962,1.000000,0.353332,0.921208,0.332624,0.627135,0.908824,0.189663,0.888703,0.484410,0.930751,0.999989,0.304816,0.994329,0.274506,0.999967,0.999499,0.964433,0.947022,0.989994,0.016020,0.985202,0.000131,0.963831,0.000694,0.954083,0.002712,0.989444,0.998589
ENSDARG00000076177_24_7,0.0000,-0.0383,1.000000,0.988277,0.989304,-28.7400,-29.9476,0.375000,0.440831,0.569193,0.998768,0.956229,0.999538,0.693711,0.992286,0.724793,0.999916,0.903068,0.998338,0.785267,0.966367,0.733091,0.962440,0.715376,0.997209,0.928165,0.998715,0.951962,0.999831,0.227586,0.989905,0.224328,0.976553,0.013632,0.998949,0.031211,0.968473,0.021067,0.963593,0.592812,0.998097,0.950455,0.997758,0.984769,0.997987,0.474342,0.990905,0.452579,0.990458,0.019412
ENSDARG00000076177_24_8,0.0000,-0.0910,1.000000,0.961745,0.967685,-33.6800,-34.3569,0.625000,0.579113,0.443472,0.995230,0.762862,0.996930,0.768646,0.982592,0.114313,0.998277,0.000574,0.962504,0.000936,0.895613,0.003907,0.995699,0.092698,0.920717,0.999661,0.926871,0.906563,0.997459,0.216812,0.998640,0.109319,0.989207,0.260234,0.997735,0.791696,0.993996,0.057051,0.954615,0.234147,0.877926,0.012970,0.922982,0.774160,0.998323,0.774200,0.949125,0.999722,0.999256,0.988962
ENSDARG00000076177_24_9,-0.2100,-0.8058,1.000000,0.931304,0.815414,-32.3300,-33.3571,0.875000,0.875627,0.519078,0.967448,0.821545,0.618410,0.306531,0.603351,0.835346,0.575063,0.164535,0.967910,0.153672,0.966118,0.997162,0.992736,0.008293,0.996726,0.001058,0.772431,0.000413,0.264961,0.000404,0.553180,0.016543,0.579507,0.071053,0.998572,0.994816,0.996968,0.994505,0.987742,0.994339,0.984091,0.997433,0.982666,0.998471,0.992887,0.992697,0.736640,0.996239,0.770866,0.036512
ENSDARG00000076177_24_10,0.0000,-0.8184,1.000000,0.947115,0.825285,-29.4400,-30.8314,0.500000,0.470052,0.405571,0.908789,0.928664,0.542856,0.928342,0.456593,0.404615,0.969018,0.878751,0.782076,0.161959,0.999763,0.264538,0.893577,0.115208,0.892596,0.230895,0.650643,0.034379,0.910302,0.005049,0.555095,0.034988,0.367467,0.363611,0.995776,0.337149,0.902520,0.635800,0.889774,0.705095,0.885549,0.239149,0.993020,0.442553,0.963979,0.113996,0.946917,0.665957,0.999388,0.620721
ENSDARG00000076292_19_1,-4.3600,-4.4075,0.375000,0.384199,0.507251,-34.3500,-35.2397,0.375000,0.338796,0.382482,0.998187,0.952669,0.055331,0.919688,0.012009,0.997483,0.002080,0.038334,0.001954,0.033344,0.005271,0.006775,0.999907,0.001623,0.999218,0.055489,0.999833,0.968474,0.999539,0.946141,0.999472,0.012882,0.998625,0.006376,0.998801,0.000482,0.998654,0.000472,0.005325,0.073666,0.003203,0.271837,0.000812,0.065344,0.012767,0.999915,0.054301,0.634418,0.999733,0.664236
ENSDARG00000076292_19_2,-4.6700,-4.9105,0.625000,0.633863,0.505388,-36.1700,-36.7677,0.125000,0.142271,0.408650,0.067578,0.993989,0.001327,0.988572,0.000527,0.983668,0.004585,0.988515,0.125221,0.959612,0.854868,0.963274,0.999906,0.998118,0.999982,0.143567,0.998509,0.005954,0.853979,0.004781,0.124242,0.002270,0.006128,0.002516,0.001981,0.001080,0.002011,0.001122,0.067723,0.992834,0.999543,0.001496,0.999770,0.008703,0.999964,0.041210,0.999940,0.011424,0.999970,0.080297
ENSDARG00000076292_19_3,-2.5600,-2.8504,1.000000,0.814204,0.647678,-32.7500,-33.7552,0.125000,0.166780,0.370626,0.033363,0.049831,0.019445,0.025806,0.132964,0.022092,0.882922,0.935926,0.882738,0.932258,0.999159,0.975928,0.999774,0.940076,0.843737,0.938581,0.131232,0.095924,0.287461,0.101527,0.288924,0.073518,0.938201,0.986810,0.918743,0.144614,0.713423,0.143647,0.725751,0.014119,0.995954,0.001992,0.883144,0.000713,0.658319,0.000269,0.770545,0.029055,0.847755,0.999830
ENSDARG00000076292_19_4,-0.7200,-1.2473,0.625000,0.735316,0.777452,-30.9100,-32.3627,0.375000,0.601680,0.448893,0.924607,0.212529,0.954415,0.207530,0.974921,0.163584,0.997504,0.456432,0.985723,0.277977,0.984996,0.486733,0.580346,0.531430,0.292790,0.050088,0.220664,0.054519,0.923915,0.089121,0.936992,0.764324,0.889637,0.870146,0.939703,0.987821,0.993538,0.669620,0.993529,0.571951,0.993980,0.997545,0.948231,0.554383,0.207194,0.979857,0.227350,0.039143,0.578998,0.013123
ENSDARG00000076292_19_6,-5.5100,-5.7477,0.500000,0.472559,0.574175,-32.1300,-34.0909,0.375000,0.377336,0.305703,0.962323,0.411591,0.327154,0.333031,0.326112,0.432380,0.999684,0.333870,0.322777,0.047618,0.286361,0.046134,0.744939,0.114084,0.678908,0.085278,0.678514,0.079164,0.677883,0.082350,0.698382,0.145722,1.000000,0.984145,0.323536,0.909457,0.323286,0.908321,0.999481,0.897673,0.026307,0.061464,0.005699,0.004751,0.679271,0.116406,0.678397,0.116266,0.744491,0.004351
ENSDARG00000076292_19_7,-0.3100,-1.0345,1.000000,0.863219,0.824690,-34.3000,-35.1360,0.875000,0.713496,0.599362,0.888719,0.319836,0.999363,0.318595,0.992559,0.315287,0.178350,0.291872,0.193101,0.292047,0.999849,0.309243,0.999992,0.315875,0.999418,0.991424,0.999052,0.720780,0.701803,0.701721,0.667184,0.971096,0.968660,0.731493,0.791934,0.679640,0.533051,0.998015,0.725789,0.676519,0.987619,0.677618,0.999791,0.682215,0.884129,0.659899,0.992121,0.999091,0.991323,0.334970
ENSDARG00000076292_19_8,-2.4600,-2.8155,0.375000,0.482982,0.580978,-31.1900,-32.2671,0.875000,0.702192,0.496580,0.960737,0.951073,0.957869,0.305890,0.963734,0.288879,0.996109,0.285378,0.364014,0.281617,0.999899,0.982780,0.161733,0.319650,0.048487,0.238200,0.053507,0.059111,0.283049,0.015641,0.999949,0.018096,0.966625,0.567754,0.960776,0.834223,0.254642,0.298711,0.282785,0.993913,0.164204,0.693082,0.244771,0.695848,0.775773,0.703198,0.268878,0.841557,0.912026,0.557004
ENSDARG00000076292_19_9,-12.2900,-12.3485,0.250000,0.258273,0.306782,-34.4600,-36.0375,0.250000,0.243312,0.338108,0.065251,0.191990,0.000282,0.154947,0.000438,0.352371,0.000078,0.242016,0.000235,0.235057,0.000043,0.094651,0.001605,0.119854,0.999961,0.834542,0.999965,0.785785,0.999965,0.783385,0.999999,0.998242,0.001644,0.022822,0.000048,0.049983,0.000235,0.022511,0.000078,0.003819,0.000402,0.000646,0.000133,0.000107,0.065328,0.038993,0.999961,0.990265,0.999997,0.840169
ENSDARG00000076292_19_10,-4.2500,-4.2586,0.750000,0.750588,0.700570,-32.2300,-33.6023,0.625000,0.539311,0.560972,0.999714,0.883265,0.999750,0.820842,0.003366,0.740525,0.001923,0.735286,0.001528,0.547443,0.999820,0.439614,0.999964,0.637860,0.999944,0.639038,1.000000,0.982669,0.999697,0.240152,1.000000,0.236324,0.000984,0.001927,0.001348,0.004271,0.004962,0.009000,0.998790,0.005141,0.999937,0.760263,1.000000,0.767704,0.999998,0.999988,0.999836,0.999832,0.999836,0.768288
ENSDARG00000076485_12_1,0.0000,-0.2359,1.000000,0.946686,0.926285,-30.0400,-31.4150,0.625000,0.535580,0.459150,0.929025,0.938545,0.921250,0.283680,0.969695,0.299420,0.939352,0.301136,0.870692,0.723345,0.901720,0.884508,0.984768,0.121015,0.966658,0.120944,0.895956,0.143005,0.919323,0.240690,0.829586,0.812431,0.824196,0.029636,0.995218,0.002914,0.998692,0.003099,0.768984,0.571891,0.932614,0.945589,0.952260,0.796526,0.944132,0.502318,0.987786,0.946602,0.993802,0.515699
ENSDARG00000076485_12_2,-4.6200,-4.7218,0.500000,0.509836,0.514171,-30.5400,-32.4205,0.500000,0.435022,0.449590,0.070808,0.887883,0.008597,0.405744,0.993669,0.313308,0.994827,0.459650,0.003835,0.657337,0.007178,0.520545,0.065062,0.250188,0.998614,0.204195,0.999936,0.156708,0.999590,0.359280,0.995203,0.538074,0.067417,0.758706,0.009821,0.303113,0.007340,0.188544,0.997476,0.753387,0.999694,0.781117,0.002341,0.181701,0.068686,0.192403,0.998719,0.555967,0.994609,0.523946
ENSDARG00000076485_12_3,-3.6200,-3.9824,0.750000,0.686941,0.625569,-33.8500,-34.6933,1.000000,0.924225,0.476879,0.989449,0.956673,0.081498,0.964864,0.070623,0.144065,0.101172,0.001663,0.596619,0.002885,0.576369,0.008940,0.844801,0.013646,0.999987,0.045879,0.995712,0.002138,0.999180,0.000029,0.730616,0.000419,0.029832,0.002580,0.287664,0.987298,0.005803,0.973100,0.693914,0.994592,0.635884,0.971768,0.938099,0.996579,0.937181,0.542163,0.999571,0.970930,0.997410,0.957370
ENSDARG00000076485_12_4,-1.2300,-1.8796,1.000000,0.816779,0.659018,-27.9100,-29.6510,0.250000,0.351963,0.409380,0.536297,0.431010,0.475189,0.217573,0.475322,0.223141,0.565625,0.361762,0.999046,0.823461,0.639601,0.755634,0.867063,0.792939,0.625912,0.806862,0.235176,0.270003,0.145973,0.205897,0.492114,0.196408,0.588820,0.287211,0.915366,0.713106,0.878495,0.162990,0.632873,0.239947,0.687851,0.247301,0.718462,0.733417,0.995524,0.286233,0.729878,0.313649,0.975780,0.119062
ENSDARG00000076485_12_5,-2.0800,-2.6017,0.500000,0.556652,0.640958,-32.6000,-33.6475,0.125000,0.237283,0.309540,0.858834,0.122690,0.858757,0.169463,0.925061,0.870050,0.428976,0.839436,0.907649,0.054342,0.182100,0.143512,0.123381,0.110559,0.125763,0.014918,0.979662,0.105243,0.990718,0.862326,0.994586,0.883887,0.990451,0.116097,0.065989,0.040505,0.051140,0.039661,0.182078,0.075294,0.421702,0.104994,0.816521,0.106081,0.938747,0.168253,0.986555,0.413473,0.990481,0.950005
ENSDARG00000076485_12_6,-3.6200,-3.7220,0.500000,0.519598,0.516114,-32.4800,-34.1339,0.250000,0.230902,0.405722,0.125483,0.988932,0.977207,0.816317,0.995638,0.565060,0.046149,0.321680,0.007931,0.383659,0.004052,0.210496,0.013212,0.368671,0.995949,0.420954,0.995850,0.758516,0.999756,0.525785,0.995830,0.522398,0.008436,0.384760,0.013335,0.621471,0.009762,0.691537,0.046078,0.428459,0.999982,0.001016,0.997257,0.002697,0.997559,0.066052,0.114368,0.003428,0.978442,0.032555
ENSDARG00000076485_12_7,-0.6200,-1.2665,0.375000,0.574314,0.658043,-32.5300,-34.2262,0.625000,0.647570,0.515036,0.947410,0.979054,0.941595,0.494327,0.556426,0.501368,0.382465,0.591679,0.882962,0.647567,0.384652,0.948705,0.334952,0.933634,0.373803,0.018639,0.867400,0.001188,0.950046,0.000476,0.996416,0.000624,0.948224,0.002893,0.866039,0.935811,0.826148,0.206695,0.230558,0.933360,0.375459,0.817442,0.370714,0.943730,0.974935,0.998559,0.401584,0.311414,0.549075,0.033547
ENSDARG00000076485_12_8,-2.8000,-3.0290,0.625000,0.671637,0.723955,-30.0100,-31.0463,0.250000,0.255752,0.496628,0.917069,0.902270,0.954302,0.884380,0.914135,0.889320,0.059079,0.922845,0.101086,0.066355,0.311359,0.071688,0.989690,0.116718,0.990890,0.177079,0.996110,0.990925,0.999943,0.985330,0.955717,0.917509,0.916628,0.962119,0.240182,0.855250,0.100916,0.882117,0.062452,0.010396,0.999958,0.124167,0.992544,0.079866,0.990246,0.073001,0.989277,0.013091,0.997518,0.008126
ENSDARG00000076485_12_9,-1.8500,-1.9828,1.000000,0.993888,0.791512,-30.1700,-31.8041,0.125000,0.220722,0.398303,0.179347,0.852643,0.180995,0.738052,0.862561,0.797746,0.860304,0.148291,0.871797,0.094960,0.989976,0.125801,0.987142,0.206876,0.995191,0.179040,0.178972,0.547914,0.052496,0.636089,0.859969,0.947858,0.860393,0.925013,0.998821,0.108975,0.988370,0.135120,0.988641,0.129584,0.999390,0.974059,0.998045,0.167379,0.990661,0.134399,0.990539,0.032675,0.996637,0.083582
ENSDARG00000076485_12_10,-0.4600,-1.4478,0.750000,0.646182,0.713860,-29.1900,-31.0059,0.750000,0.621464,0.477019,0.760998,0.908492,0.916259,0.473661,0.616447,0.174980,0.529198,0.133511,0.563287,0.247139,0.814988,0.311588,0.740284,0.194487,0.856527,0.842815,0.726171,0.235192,0.620674,0.044813,0.975886,0.056924,0.987020,0.945065,0.584725,0.923127,0.569315,0.503813,0.456549,0.973910,0.752236,0.977057,0.240194,0.517530,0.641890,0.990343,0.968486,0.080375,0.956062,0.005558
ENSDARG00000076638_0_1,-3.6700,-3.9280,0.375000,0.465758,0.556878,-30.1500,-30.8830,0.125000,0.173602,0.427576,0.908635,0.061678,0.181931,0.065852,0.230553,0.982969,0.197750,0.117223,0.999863,0.991527,0.307459,0.992267,0.318613,0.933408,0.930164,0.930764,0.999975,0.998501,0.762502,0.086755,0.808612,0.920839,0.765445,0.080924,0.949614,0.131873,0.326342,0.110655,0.299254,0.084234,0.992563,0.998165,0.053038,0.001151,0.052536,0.000999,0.052843,0.000976,0.999875,0.060760
ENSDARG00000076638_0_2,-5.4700,-5.5817,0.500000,0.523005,0.615928,-32.6100,-33.7327,0.250000,0.290248,0.395619,0.991015,0.042131,0.990894,0.037188,0.994050,0.102807,0.998178,0.620061,0.999865,0.660314,0.999965,0.964366,0.157816,0.939836,0.003737,0.400078,0.003359,0.393510,0.005833,0.390712,0.993768,0.951891,0.996040,0.087499,0.999328,0.021079,0.999864,0.059007,0.999754,0.230924,0.010542,0.014054,0.007973,0.002203,0.008659,0.001946,0.158180,0.996556,0.999738,0.996217
ENSDARG00000076638_0_3,-5.1100,-5.2355,1.000000,0.974553,0.682468,-35.2400,-35.9868,0.000000,0.061813,0.250980,0.001526,0.001490,0.000333,0.000330,0.011746,0.013064,0.999719,0.999941,0.999970,0.999996,0.999999,0.999978,0.999941,0.999958,0.007860,0.007695,0.000571,0.000409,0.005405,0.005135,0.837482,0.391909,0.988378,0.105190,0.996273,0.404701,0.994090,0.010184,0.995156,0.005522,0.847357,0.004992,0.999620,0.023480,0.996437,0.003494,0.986075,0.013733,0.981417,0.028400
ENSDARG00000076638_0_4,-5.4900,-5.5070,0.875000,0.874671,0.698051,-30.7200,-32.0547,0.375000,0.432154,0.510938,0.001444,0.026641,0.000839,0.017471,0.001209,0.081591,0.999062,0.979384,0.979895,0.933153,0.999279,0.926832,0.999112,0.971293,0.999734,0.925776,0.991050,0.962053,0.989544,0.899184,0.001388,0.019512,0.001100,0.018646,0.001623,0.019820,0.999712,0.853999,0.999769,0.329634,0.999199,0.443260,0.999105,0.436439,0.999084,0.840184,0.999043,0.447426,0.999836,0.086471
ENSDARG00000076638_0_5,0.0000,-0.5998,1.000000,0.903855,0.851784,-33.1000,-33.7059,0.625000,0.654845,0.431689,0.874876,0.945658,0.790226,0.070800,0.833692,0.127206,0.684420,0.998315,0.776364,0.166998,0.809209,0.009518,0.932602,0.999714,0.844564,0.000085,0.995662,0.000048,0.993557,0.001171,0.644378,0.009674,0.625279,0.065828,0.672723,0.992589,0.998757,0.993447,0.613099,0.885530,0.996038,0.160080,0.993474,0.141854,0.962356,0.093993,0.996704,0.978184,0.997690,0.993088
ENSDARG00000076638_0_6,-14.9800,-15.0724,0.250000,0.252676,0.402115,-37.4100,-38.5805,0.250000,0.242614,0.398099,0.909105,0.900109,0.001625,0.020981,0.001085,0.001403,0.001088,0.001223,0.087703,0.085733,0.000047,0.000353,0.024915,0.024890,1.000000,0.992549,0.995583,0.995246,1.000000,0.999935,0.999995,0.999411,0.999752,0.999229,0.910286,0.911883,0.023492,0.030485,0.087019,0.085206,0.000008,0.000410,0.000006,0.000235,0.000007,0.019313,0.000587,0.020257,1.000000,0.873124
ENSDARG00000076638_0_7,-5.2800,-5.6022,0.625000,0.623783,0.566039,-31.0000,-32.6827,0.000000,0.129006,0.330339,0.982460,0.840650,0.006422,0.019951,0.003875,0.012922,0.003018,0.166975,0.287259,0.240575,0.377894,0.309035,0.999829,0.830436,0.999977,0.830830,1.000000,0.807616,0.403361,0.327637,0.266741,0.382842,0.999676,0.805261,0.000477,0.149631,0.001439,0.037118,0.003307,0.198619,0.999980,0.264982,0.999851,0.179476,0.985359,0.016308,0.999911,0.165445,0.999938,0.020469
ENSDARG00000076638_0_8,-2.2300,-2.4285,0.625000,0.649434,0.703010,-28.6200,-30.2855,0.375000,0.528971,0.422073,0.861831,0.192353,0.101341,0.190708,0.101470,0.016649,0.258032,0.013117,0.987650,0.013129,0.930544,0.006285,0.930732,0.038171,0.989199,0.767206,0.942386,0.847167,0.922509,0.711100,0.999654,0.794181,0.839372,0.619629,0.095455,0.263686,0.164619,0.324008,0.139339,0.524364,0.934391,0.901678,0.999759,0.983783,0.935850,0.651174,0.930367,0.273512,0.995693,0.309563
ENSDARG00000076638_0_9,-7.4400,-7.8558,0.375000,0.377131,0.356727,-38.5300,-39.1991,0.250000,0.259915,0.326547,0.007974,0.839853,0.005032,0.803904,0.010736,0.875655,0.003443,0.720637,0.004915,0.163587,0.011585,0.001269,0.528874,0.001053,0.998623,0.000640,0.996307,0.003210,0.999836,0.041764,0.541249,0.999336,0.008927,0.000719,0.014461,0.000020,0.005569,0.000005,0.003986,0.000152,0.011633,0.001666,0.009111,0.075633,0.978637,0.072721,0.996163,0.999937,0.997487,0.929185
ENSDARG00000076638_0_10,-3.3000,-3.9265,0.375000,0.372341,0.496848,-27.8500,-29.5382,0.375000,0.390883,0.541892,0.018990,0.302045,0.002830,0.250353,0.060917,0.531607,0.305123,0.639609,0.423074,0.690608,0.692765,0.651711,0.465221,0.663945,0.999977,0.881906,0.995487,0.622625,0.994969,0.695967,0.998955,0.949324,0.999923,0.831069,0.950985,0.820299,0.814287,0.784926,0.124020,0.610961,0.048551,0.122116,0.997308,0.631983,0.009813,0.053631,0.009749,0.052257,0.024014,0.050891
ENSDARG00000076657_0_1,-4.0200,-4.3752,0.250000,0.329033,0.454679,-31.6800,-32.7973,0.625000,0.496626,0.417450,0.971176,0.735375,0.101507,0.717600,0.002372,0.019817,0.032548,0.232925,0.032779,0.235774,0.034300,0.232031,0.999680,0.984058,0.348376,0.768146,0.968804,0.030893,0.970648,0.055665,0.999158,0.251146,0.999974,0.112565,0.998714,0.117729,0.377475,0.511558,0.999631,0.194346,0.033774,0.348691,0.032157,0.750957,0.031445,0.756968,0.030052,0.762048,0.129015,0.530713
ENSDARG00000076657_0_2,-2.2200,-2.5317,0.750000,0.727029,0.770536,-36.1500,-36.6734,0.500000,0.507082,0.361689,0.967385,0.006777,0.821156,0.002692,0.814217,0.002814,0.894771,0.030971,0.976612,0.170308,0.880905,0.954834,0.979484,0.998648,0.931908,0.002615,0.266577,0.000886,0.200344,0.996857,0.987429,0.006052,0.873697,0.003674,0.827368,0.016657,0.763269,0.128033,0.761334,0.978303,0.937193,0.068214,0.338244,0.845180,0.228396,0.020640,0.971179,0.999980,0.989245,0.999652
ENSDARG00000076657_0_3,-0.3100,-0.6804,0.625000,0.777004,0.865947,-27.6500,-28.7745,0.750000,0.629341,0.570903,0.983643,0.445201,0.991182,0.437530,0.998447,0.472439,0.914667,0.945841,0.912064,0.905066,0.997752,0.907021,0.991863,0.947006,0.991967,0.259648,0.999533,0.250644,0.999888,0.318789,0.999958,0.293596,0.321945,0.200553,0.344574,0.320248,1.000000,0.924899,0.992950,0.833433,0.999027,0.634496,0.998336,0.647170,0.462360,0.620466,0.436435,0.949385,0.982347,0.104631
ENSDARG00000076657_0_4,-2.2900,-2.8520,0.625000,0.581213,0.661835,-34.7900,-36.0248,0.500000,0.498409,0.412085,0.576573,0.848910,0.468946,0.166317,0.818242,0.202577,0.676375,0.886802,0.996433,0.415775,0.401773,0.395306,0.385900,0.928565,0.381185,0.048181,0.943341,0.076562,0.944156,0.074240,0.995130,0.096717,0.998950,0.114471,0.075763,0.902120,0.396678,0.895948,0.019286,0.169194,0.598653,0.017262,0.907240,0.083633,0.820040,0.215951,0.834293,0.820997,0.997753,0.882166
ENSDARG00000076657_0_5,-5.3800,-5.7558,0.500000,0.450875,0.560666,-34.1200,-35.1218,0.250000,0.220167,0.434121,0.999522,0.948866,0.999900,0.517459,0.998030,0.518115,0.567094,0.379369,0.008746,0.817716,0.008858,0.394681,0.993547,0.398745,0.002528,0.499872,0.028463,0.798196,0.999820,0.588423,0.999877,0.830237,0.999936,0.229400,0.997922,0.040010,0.997970,0.065156,0.026312,0.012673,0.009035,0.060493,0.993334,0.008617,0.001982,0.002271,0.015033,0.789324,0.565413,0.782796
ENSDARG00000076657_0_6,-3.0800,-3.3338,0.875000,0.852675,0.626230,-31.4900,-32.7373,0.375000,0.471698,0.437053,0.976727,0.677940,0.971488,0.672626,0.016090,0.034221,0.027067,0.102075,0.041500,0.122162,0.269549,0.423949,0.946390,0.853716,0.976598,0.647810,0.978384,0.704241,0.327202,0.394414,0.109228,0.174269,0.062976,0.160054,0.094665,0.349878,0.932681,0.976048,0.930578,0.111898,0.937190,0.113595,0.932842,0.818771,0.999937,0.951975,0.995306,0.220660,0.998202,0.230759
ENSDARG00000076657_0_7,-3.6000,-3.8277,1.000000,0.878165,0.681475,-30.5600,-32.5270,0.500000,0.573742,0.367064,0.302122,0.887806,0.242710,0.144214,0.182007,0.013791,0.931331,0.123932,0.980058,0.119304,0.868142,0.130022,0.794119,0.433808,0.020875,0.871388,0.013753,0.008708,0.294986,0.010032,0.984086,0.003803,0.989986,0.004526,0.989594,0.053085,0.939688,0.997485,0.940682,0.713426,0.780256,0.798499,0.800134,0.173847,0.798975,0.280129,0.807515,0.576479,0.968477,0.996985
ENSDARG00000076657_0_8,-5.4500,-5.4782,0.500000,0.503831,0.504827,-31.0900,-32.3915,0.375000,0.340679,0.449989,0.000795,0.192834,0.000233,0.187750,0.014537,0.410964,0.994853,0.977235,0.008710,0.856658,0.029937,0.896555,0.999388,0.981788,0.996810,0.267892,0.995756,0.081431,0.995648,0.286385,0.999974,0.993017,0.029258,0.141839,0.010876,0.055369,0.997545,0.095330,0.012685,0.000667,0.004599,0.001185,0.005212,0.001717,0.999948,0.998219,0.999946,0.668173,0.999833,0.904772
ENSDARG00000076657_0_9,-1.3000,-1.7727,1.000000,0.968993,0.753864,-32.4900,-33.0466,0.125000,0.170762,0.220758,0.055260,0.001183,0.060057,0.000497,0.538549,0.000771,0.888901,0.000400,0.999965,0.000608,0.998133,0.000581,0.536271,0.001603,0.404559,0.005933,0.284606,0.997877,0.717146,0.997883,0.844449,0.993015,0.997426,0.048719,0.995904,0.025873,0.996924,0.022652,0.996001,0.032192,0.936650,0.038946,0.895075,0.088357,0.934547,0.075798,0.998146,0.998762,0.998700,0.083518
ENSDARG00000076657_0_10,0.0000,-0.7942,1.000000,0.870162,0.801580,-26.2000,-27.5044,0.625000,0.726712,0.556247,0.567162,0.069771,0.570458,0.068480,0.600479,0.417440,0.990748,0.776547,0.998695,0.973062,0.981784,0.534958,0.783566,0.924711,0.756095,0.925933,0.480178,0.040791,0.691330,0.090275,0.732153,0.130530,0.917666,0.358747,0.893287,0.922730,0.988236,0.984584,0.749343,0.696164,0.764201,0.974589,0.778738,0.633627,0.889873,0.560462,0.944337,0.964315,0.953280,0.077224
ENSDARG00000077293_7_1,-3.0100,-3.3426,1.000000,0.954714,0.643171,-32.4800,-34.3540,0.625000,0.562466,0.469116,0.274950,0.674484,0.135036,0.489869,0.114686,0.816293,0.245191,0.724538,0.996172,0.852465,0.996884,0.855527,0.998722,0.331768,0.873185,0.005027,0.138190,0.000371,0.034105,0.001829,0.115496,0.000521,0.303096,0.129895,0.997168,0.905239,0.983110,0.538035,0.996313,0.991567,0.996824,0.996858,0.892107,0.032336,0.892572,0.032837,0.880625,0.975306,0.998993,0.027553
ENSDARG00000077293_7_2,-1.6300,-1.9622,0.750000,0.705847,0.756269,-31.1600,-32.0340,0.375000,0.429014,0.501082,0.701095,0.786546,0.096135,0.868923,0.371866,0.961782,0.830984,0.965249,0.965297,0.874012,0.721795,0.776531,0.991195,0.244663,0.947028,0.015319,0.959041,0.017857,0.935633,0.032267,0.965229,0.199947,0.993299,0.846438,0.104714,0.184802,0.367313,0.330517,0.824425,0.910417,0.956907,0.929106,0.678560,0.820345,0.717411,0.015967,0.997723,0.016683,0.999722,0.224277
ENSDARG00000077293_7_5,-3.8000,-4.2972,0.250000,0.284532,0.420262,-34.1300,-34.7002,0.375000,0.385327,0.407714,0.288037,0.021744,0.077045,0.018316,0.219951,0.026056,0.232798,0.996618,0.653060,0.986633,0.649849,0.995793,0.040520,0.005140,0.042380,0.000760,0.999750,0.004417,0.999881,0.033674,0.967496,0.990738,0.958221,0.991768,0.010568,0.992395,0.045036,0.977904,0.999950,0.998754,0.649818,0.027361,0.063567,0.004198,0.074028,0.011708,0.108595,0.003169,0.324695,0.067130
ENSDARG00000077293_7_6,-6.5800,-6.7154,1.000000,0.991644,0.613243,-33.5800,-34.8474,0.875000,0.699451,0.346876,0.001643,0.065588,0.000245,0.002041,0.000457,0.001103,0.163691,0.010032,0.998776,0.072987,1.000000,0.781371,0.999158,0.116144,0.999552,0.052145,0.164611,0.015025,0.001267,0.224831,0.000908,0.000055,0.001401,0.000591,0.999746,0.817886,0.968367,0.616194,0.999147,0.973049,0.999031,0.945945,0.999033,0.970134,0.998830,0.807574,0.971787,0.420061,0.997211,0.044764
ENSDARG00000077293_7_8,-3.5400,-4.2055,0.375000,0.615858,0.546643,-36.0700,-37.0797,0.750000,0.751318,0.406942,0.361860,0.227152,0.094399,0.192659,0.109257,0.112012,0.243428,0.001255,0.912746,0.014010,0.999992,0.486926,0.369209,0.514180,0.375945,0.514191,0.999654,0.007792,0.795060,0.020378,0.720413,0.016152,0.024030,0.021586,0.215318,0.990571,0.953747,0.991947,0.998883,0.999032,0.965818,0.999854,0.328496,0.990009,0.395687,0.999984,0.406619,0.034853,0.662294,0.004290
ENSDARG00000077293_7_10,-3.3900,-3.8104,0.500000,0.550839,0.639994,-32.6800,-34.1136,0.125000,0.150891,0.531404,0.003802,0.247033,0.001858,0.246452,0.008756,0.949233,0.969438,0.996068,0.505701,0.997206,0.959410,0.997615,0.960144,0.855645,0.987778,0.550380,0.996638,0.677129,0.999958,0.982250,0.999777,0.946852,0.999918,0.975092,0.375642,0.075282,0.988193,0.034365,0.988982,0.068361,0.018642,0.000213,0.017038,0.000029,0.018256,0.000028,0.999970,0.028914,0.999986,0.999932
ENSDARG00000077353_15_2,-5.2300,-5.2747,0.500000,0.499368,0.599491,-35.4600,-35.8734,0.500000,0.502786,0.408775,0.999056,0.994430,0.998982,0.009388,0.978166,0.007164,0.998720,0.011055,0.003143,0.057728,0.000226,0.977031,0.000634,0.990571,0.016082,0.082301,0.999969,0.008078,0.999984,0.004234,0.999956,0.018542,0.999950,0.992698,0.998233,0.989893,0.997322,0.977377,0.016820,0.975157,0.002431,0.037303,0.001592,0.023345,0.002296,0.001109,0.976949,0.022897,0.999302,0.995209
ENSDARG00000077353_15_3,-2.4600,-3.3495,0.625000,0.529445,0.609184,-35.8400,-36.9206,0.250000,0.267710,0.406865,0.693143,0.187163,0.820849,0.185070,0.867893,0.184852,0.410605,0.173532,0.648456,0.977637,0.400974,0.124939,0.434785,0.124150,0.516189,0.594703,0.998402,0.828925,0.773680,0.993330,0.751649,0.812908,0.631497,0.808405,0.802630,0.697659,0.835066,0.215948,0.311390,0.203510,0.483203,0.002351,0.304393,0.000227,0.400880,0.000101,0.427158,0.022556,0.670841,0.999327
ENSDARG00000077353_15_4,-4.0800,-5.0420,0.250000,0.412699,0.517529,-34.4500,-35.7044,0.500000,0.461215,0.382390,0.858697,0.122909,0.414334,0.041106,0.615659,0.086418,0.661792,0.587083,0.259077,0.431829,0.202007,0.630321,0.198262,0.006051,0.126502,0.001394,0.916224,0.131781,0.919366,0.978198,0.997265,0.940580,0.879800,0.000415,0.083744,0.000633,0.080982,0.000441,0.201731,0.001448,0.193507,0.011187,0.331323,0.679046,0.424383,0.998810,0.989189,0.999446,0.996731,0.998708
ENSDARG00000077353_15_5,-7.6400,-7.6696,0.375000,0.378424,0.500470,-38.0500,-38.8871,0.125000,0.150618,0.235274,0.988035,0.138720,0.987096,0.003587,0.014962,0.024141,0.017978,0.862165,0.987629,0.863993,0.019743,0.867122,0.000594,0.025442,0.005118,0.137817,0.974888,0.147591,0.996356,0.237509,0.995944,0.190632,0.993658,0.001826,0.022865,0.001097,0.012395,0.145056,0.028249,0.009158,0.977414,0.002435,0.019627,0.001394,0.003388,0.000258,0.984917,0.999539,0.978537,0.046006
ENSDARG00000077353_15_6,-1.5900,-1.8800,0.625000,0.631232,0.701431,-38.1700,-39.7479,0.250000,0.258247,0.386067,0.064261,0.712382,0.065039,0.486670,0.999934,0.383498,0.999543,0.612838,0.344402,0.633216,0.780939,0.967823,0.838104,0.656146,0.963345,0.237556,0.963322,0.963147,0.993022,0.001197,0.999573,0.000650,0.967288,0.000247,0.960331,0.026905,0.292455,0.616877,0.845191,0.386232,0.832814,0.000052,0.062846,0.000010,0.060526,0.000410,0.995816,0.999999,0.999879,0.035489
ENSDARG00000077353_15_7,-9.8700,-9.9539,0.375000,0.385522,0.408571,-32.4200,-33.9821,0.000000,0.253077,0.351982,0.986300,0.961488,0.073268,0.088577,0.001676,0.006764,0.000390,0.010998,0.000032,0.089437,0.011588,0.099757,0.012610,0.015094,0.999845,0.904358,0.999999,0.900317,0.999969,0.904023,1.000000,0.978114,0.001560,0.056104,0.000475,0.065608,0.000009,0.080538,0.000208,0.083343,0.000228,0.082734,0.083259,0.164252,1.000000,0.564074,1.000000,0.536293,1.000000,0.447774
ENSDARG00000077353_15_8,-1.8200,-1.9905,0.875000,0.862246,0.789707,-30.9400,-32.4174,0.250000,0.285791,0.517787,0.922926,0.711313,0.922568,0.700402,0.940763,0.553703,0.975348,0.771361,0.969525,0.747340,0.232959,0.728278,0.180829,0.736101,0.961133,0.955404,0.863953,0.695362,0.824570,0.677395,0.867269,0.700989,0.234329,0.091761,0.206313,0.043309,0.996084,0.294584,0.921552,0.021695,0.925538,0.171251,0.957550,0.703989,0.976361,0.999418,0.954136,0.047804,0.960432,0.004282
ENSDARG00000077353_15_9,-2.9900,-3.3219,0.750000,0.755910,0.765159,-39.8800,-40.7075,0.750000,0.758369,0.380701,0.996142,0.004629,0.998703,0.000876,0.637871,0.000455,0.605086,0.001125,0.405283,0.000295,0.009311,0.000022,0.999255,0.000322,0.999567,0.000461,0.999914,0.083230,0.998761,0.417420,0.999433,0.919733,0.606570,0.118489,0.399990,0.076149,0.005644,0.001538,0.658988,0.999100,0.986002,0.999016,0.997444,0.997754,0.999459,0.999439,0.999770,0.998460,0.999982,0.995499
ENSDARG00000077353_15_10,-1.6400,-2.3604,0.625000,0.579049,0.641680,-30.8300,-32.1398,0.625000,0.579980,0.409896,0.861344,0.100103,0.844800,0.037801,0.922484,0.035626,0.671444,0.060490,0.688841,0.741853,0.999459,0.617545,0.803358,0.922935,0.236497,0.003037,0.129252,0.001650,0.108143,0.002486,0.936449,0.113666,0.999140,0.920886,0.919629,0.710295,0.920122,0.588731,0.998921,0.539309,0.184908,0.351267,0.189426,0.312364,0.240828,0.303545,0.488557,0.914138,0.690001,0.920194
ENSDARG00000077489_1_1,-4.5400,-5.4009,0.500000,0.367553,0.491642,-40.8300,-41.5845,0.500000,0.560649,0.328819,0.375658,0.965282,0.320344,0.973600,0.989406,0.145254,0.081254,0.001334,0.068371,0.000750,0.955688,0.000455,0.329113,0.001141,0.312212,0.000296,0.613247,0.000082,0.931227,0.000126,0.933180,0.000128,0.982705,0.002744,0.582351,0.936556,0.660014,0.253317,0.026422,0.266886,0.087536,0.261159,0.688454,0.102099,0.172472,0.754493,0.008085,0.920543,0.715092,0.990138
ENSDARG00000077489_1_2,-3.3000,-3.7087,0.250000,0.363941,0.406985,-29.2700,-30.6247,0.500000,0.489062,0.519195,0.076766,0.466176,0.017059,0.335146,0.017656,0.699413,0.166993,0.586645,0.167905,0.785025,0.299790,0.461207,0.408929,0.255474,0.926460,0.741834,0.944952,0.354928,0.939680,0.812610,0.887132,0.876561,0.374845,0.096393,0.304658,0.078471,0.162470,0.019945,0.099974,0.018862,0.816199,0.047171,0.176161,0.933871,0.177487,0.913485,0.176311,0.932200,0.998269,0.968490
ENSDARG00000077489_1_3,-2.0500,-2.4747,0.500000,0.486077,0.592213,-34.1700,-35.7822,0.875000,0.591739,0.415439,0.822700,0.846022,0.822322,0.852694,0.610983,0.129544,0.233073,0.005121,0.137371,0.008062,0.118339,0.020877,0.998452,0.086000,0.280110,0.085965,0.989674,0.734060,0.988001,0.374056,0.990501,0.189926,0.964122,0.242546,0.888961,0.347061,0.944097,0.724302,0.151864,0.320902,0.999360,0.354796,0.074796,0.998906,0.021221,0.502553,0.019725,0.487467,0.788593,0.997929
ENSDARG00000077489_1_4,-1.0600,-1.6120,0.625000,0.744706,0.773207,-31.8700,-33.0618,0.500000,0.618308,0.461532,0.969011,0.815624,0.994562,0.160363,0.929561,0.089984,0.896135,0.742657,0.964561,0.334094,0.997762,0.091649,0.999976,0.494767,0.968331,0.566414,0.629918,0.514727,0.076322,0.056769,0.483213,0.086511,0.597129,0.330619,1.000000,0.356104,0.972604,0.255746,0.630708,0.248054,0.172531,0.131435,0.590725,0.986639,0.591259,0.986452,0.999896,0.995453,0.999928,0.986584
ENSDARG00000077489_1_5,-6.6300,-6.6498,0.500000,0.500728,0.500881,-29.9700,-31.7062,0.375000,0.433987,0.516425,0.998665,0.393409,0.002318,0.302122,0.000673,0.857763,0.001173,0.905044,0.999999,0.965898,0.001636,0.326199,0.004298,0.356303,1.000000,0.586649,0.999998,0.555540,0.999980,0.295573,0.999982,0.636789,0.003085,0.675312,0.003025,0.093461,0.001142,0.094417,0.000763,0.051168,0.001053,0.021746,0.999912,0.973476,0.999927,0.991664,1.000000,0.910989,0.999999,0.334979
ENSDARG00000077489_1_6,-2.6800,-3.2587,1.000000,0.758967,0.616353,-33.6600,-34.3406,0.375000,0.376966,0.310979,0.084272,0.089672,0.030515,0.023872,0.158562,0.025400,0.968164,0.998284,0.866311,0.009725,0.857075,0.003671,0.993993,0.007522,0.197058,0.050922,0.187858,0.992035,0.213712,0.992346,0.827585,0.009513,0.870211,0.000887,0.593645,0.000066,0.477701,0.000112,0.845934,0.007769,0.968734,0.999945,0.991721,0.999974,0.987793,0.999980,0.595386,0.007751,0.610820,0.000129
ENSDARG00000077489_1_7,-4.8300,-5.3794,0.500000,0.468835,0.567507,-31.1900,-32.7764,0.500000,0.549215,0.553831,0.944471,0.881247,0.939004,0.342965,0.999894,0.335054,0.057727,0.871734,0.002425,0.876379,0.121235,0.958601,0.138313,0.931726,0.870677,0.490370,0.615477,0.620454,0.932669,0.100594,0.989556,0.094713,0.988011,0.179076,0.932044,0.106877,0.543509,0.927184,0.999437,0.828658,0.074245,0.820237,0.068016,0.243311,0.066563,0.238010,0.066867,0.232572,1.000000,0.996867
ENSDARG00000077489_1_8,-5.7600,-5.8804,0.875000,0.871502,0.615010,-34.5800,-35.7672,0.625000,0.770423,0.505211,0.016708,0.012349,0.986265,0.016445,1.000000,0.029223,0.002825,0.022941,0.002411,0.982701,0.146240,0.994211,0.998585,0.028989,0.997934,0.011326,0.998788,0.012124,0.167679,0.811013,0.004398,0.522006,0.006361,0.497500,0.972109,0.532738,1.000000,0.550042,0.017852,0.503716,0.999997,0.998822,0.984936,0.811451,0.999437,0.963224,0.998566,0.952445,0.999119,0.850945
ENSDARG00000077489_1_9,-3.6700,-4.2337,0.375000,0.493170,0.574294,-35.3000,-36.3440,0.500000,0.506446,0.315614,0.923360,0.001111,0.933136,0.000488,0.938584,0.118690,0.999559,0.997933,0.999739,0.108843,0.514830,0.001790,0.188153,0.000054,0.160370,0.000484,0.713543,0.066669,0.007969,0.041533,0.169201,0.039946,0.992076,0.883181,0.998567,0.999125,0.999253,0.998838,0.999961,0.998896,0.069482,0.059046,0.066013,0.040867,0.109824,0.795184,0.189280,0.139147,0.512983,0.020463
ENSDARG00000077489_1_10,-2.1200,-2.7774,0.625000,0.623600,0.695666,-33.5900,-34.5865,0.500000,0.510330,0.391515,0.300169,0.048554,0.298926,0.001834,0.998624,0.001307,0.330505,0.008223,0.990159,0.950949,1.000000,0.990496,0.740589,0.195292,0.714796,0.114754,0.720175,0.981563,1.000000,0.363371,0.831018,0.076598,0.999566,0.014712,0.358435,0.003080,0.719380,0.002792,0.346460,0.007207,0.464559,0.997081,0.640372,0.997681,0.717672,0.999323,0.743263,0.999401,0.998657,0.076074
ENSDARG00000077842_7_2,-2.8100,-3.2227,0.625000,0.597230,0.672344,-34.8100,-35.3382,0.375000,0.373843,0.360136,0.970998,0.992532,0.831344,0.992090,0.803504,0.380816,0.973969,0.291869,0.330157,0.269369,0.989923,0.252432,0.999635,0.976960,0.321579,0.041037,0.321742,0.004852,0.726601,0.005687,0.697534,0.002778,0.702061,0.001552,0.998254,0.000726,0.291557,0.003079,0.330265,0.983477,0.999938,0.007656,0.983528,0.023680,0.035948,0.010901,0.565028,0.974392,0.573320,0.986830
ENSDARG00000077842_7_3,-4.3900,-4.4153,1.000000,0.995600,0.699766,-29.8900,-31.0399,1.000000,0.709379,0.566006,0.002816,0.001768,0.001178,0.000401,0.010390,0.003949,0.999875,0.339155,0.989789,0.471268,0.999534,0.462168,0.999568,0.479430,0.999868,0.991125,0.987299,0.969297,0.022426,0.659523,0.011841,0.652813,0.005947,0.614189,0.987653,0.925080,0.983639,0.957015,0.999999,0.984174,0.999875,0.945604,0.999862,0.497864,0.999812,0.463829,0.994402,0.439221,0.999557,0.462242
ENSDARG00000077842_7_4,-1.7500,-1.9165,0.625000,0.644783,0.633325,-35.1700,-35.8251,0.250000,0.273580,0.327832,0.982861,0.998719,0.997990,0.998972,0.111586,0.998919,0.057297,0.118899,0.040334,0.046163,0.148192,0.046570,0.996167,0.046689,0.999895,0.051640,0.999142,0.999500,0.996779,0.056480,0.997637,0.001416,0.180364,0.004025,0.081199,0.001779,0.086062,0.001596,0.087937,0.000888,0.963364,0.000074,0.973218,0.000248,0.975654,0.403875,0.999160,0.989238,0.991669,0.790941
ENSDARG00000077842_7_5,-3.4500,-3.6192,0.750000,0.744943,0.527181,-40.3500,-41.7917,0.000000,0.081232,0.314915,0.127256,0.601787,0.066558,0.572934,0.068536,0.600620,0.072922,0.935485,0.169727,0.949188,0.989282,0.937010,0.956617,0.036733,0.943800,0.018428,0.946988,0.995751,0.115772,0.000200,0.062153,0.000147,0.064469,0.000169,0.065030,0.000064,0.125023,0.034433,0.999351,0.000758,0.947433,0.017596,0.934931,0.000118,0.937686,0.002839,0.950525,0.071752,0.999567,0.522295
ENSDARG00000077842_7_6,-4.7600,-5.2777,0.625000,0.507715,0.601873,-38.3600,-39.0438,0.375000,0.363739,0.312647,0.389100,0.976347,0.371701,0.989232,0.528363,0.989831,0.609977,0.008618,0.591710,0.001604,0.758418,0.009620,0.707905,0.008751,0.646727,0.036022,0.691505,0.053042,0.885810,0.009564,0.865425,0.009076,0.929099,0.251308,0.966009,0.104403,0.158659,0.017090,0.074743,0.083459,0.009098,0.060613,0.498506,0.856666,0.556088,0.779267,0.896608,0.982618,0.902008,0.025797
ENSDARG00000077842_7_7,-3.4800,-4.2654,0.500000,0.615423,0.588960,-33.8000,-34.4358,0.875000,0.875516,0.409143,0.395720,0.933398,0.829648,0.029503,0.084449,0.003520,0.079810,0.003135,0.524307,0.006817,0.487885,0.056947,0.648054,0.067834,0.999243,0.043231,0.847329,0.015737,0.744034,0.003979,0.740147,0.001139,0.475193,0.013484,0.292034,0.993285,0.282619,0.994884,0.398948,0.994191,0.789464,0.988889,0.183311,0.986690,0.992185,0.998577,0.988033,0.996173,0.996789,0.051440
ENSDARG00000077842_7_8,0.0000,-0.6502,1.000000,0.958295,0.873256,-32.8300,-33.9248,0.750000,0.744242,0.440857,0.966967,0.128019,0.678865,0.109718,0.433512,0.125328,0.723633,0.367638,0.992138,0.278113,1.000000,0.423548,0.979010,0.450002,0.985784,0.596247,0.999156,0.132173,0.995555,0.132210,0.691871,0.079118,0.352273,0.041077,0.751283,0.931721,0.990594,0.761093,0.991197,0.133636,0.998290,0.315941,0.999222,0.996178,0.994076,0.942283,0.973929,0.938321,0.967767,0.934766
ENSDARG00000077842_7_9,-4.3000,-4.4748,0.750000,0.803718,0.643420,-33.7500,-34.5389,0.250000,0.270627,0.412612,0.041613,0.041457,0.019100,0.007514,0.954453,0.933568,0.985053,0.960925,0.998310,0.967226,0.994236,0.970361,0.990704,0.978336,1.000000,0.993656,0.024596,0.040730,0.024024,0.019121,0.207322,0.117118,0.199236,0.057215,0.999785,0.999857,0.998516,0.035912,0.999929,0.035608,0.996570,0.035999,0.999999,0.999689,0.998598,0.056747,0.214882,0.000408,0.221468,0.000796
ENSDARG00000077842_7_10,-1.3500,-1.8237,0.750000,0.681885,0.739861,-32.8500,-33.9571,0.375000,0.391655,0.460995,0.960827,0.973017,0.634354,0.652178,0.608354,0.664745,0.076524,0.987013,0.991439,0.083786,0.990131,0.083962,0.125614,0.637555,0.999989,0.526011,0.996079,0.434577,0.999320,0.947978,0.963477,0.048646,0.996021,0.047189,0.999394,0.012181,0.197958,0.954449,0.950122,0.992744,0.999996,0.070730,0.493755,0.054203,0.617389,0.981313,0.581912,0.055648,0.614556,0.011972
ENSDARG00000077860_5_1,-7.0900,-7.4746,0.750000,0.749981,0.652942,-32.2800,-33.2747,0.625000,0.612707,0.432016,0.001107,0.914513,0.000455,0.895523,0.001497,0.622211,0.999633,0.061190,0.528393,0.031653,0.999624,0.055583,0.999846,0.068954,0.999753,0.134342,0.999715,0.730829,0.528413,0.124842,0.999414,0.063277,0.001138,0.035753,0.000301,0.002389,0.001006,0.003144,0.999998,0.999657,0.999643,0.973892,0.999640,0.973386,0.999722,0.975781,0.999728,0.938181,0.999810,0.035223
ENSDARG00000077860_5_2,-8.8900,-8.9067,0.625000,0.625060,0.501256,-32.8900,-34.3046,0.250000,0.262689,0.354941,0.000516,0.016575,0.000005,0.000484,0.000006,0.000296,0.001262,0.001584,0.011963,0.012496,0.998838,0.984323,0.999992,0.998018,0.999999,0.995912,0.999999,0.987221,0.999991,0.988355,0.010790,0.010697,0.001268,0.001340,0.000011,0.000024,0.000009,0.000017,0.000521,0.000523,0.999975,0.754941,0.999994,0.127645,0.999999,0.146948,0.999999,0.736080,0.999975,0.335337
ENSDARG00000077860_5_3,-4.7200,-5.2853,0.750000,0.744104,0.649987,-33.2000,-34.6690,0.125000,0.204081,0.409792,0.058718,0.148409,0.058455,0.133352,0.052302,0.109466,0.759612,0.561325,0.574756,0.415952,0.997182,0.726882,0.999771,0.747182,0.999794,0.957693,0.999552,0.942580,0.446633,0.577800,0.907689,0.936494,0.192450,0.306066,0.001070,0.195594,0.001688,0.362782,0.952326,0.080907,0.999766,0.004939,0.999572,0.975416,0.999188,0.008671,0.999412,0.002940,0.999810,0.001397
ENSDARG00000077860_5_4,-3.5200,-3.5698,0.625000,0.632455,0.702932,-33.4800,-34.5558,0.500000,0.511584,0.526080,0.984738,0.939877,0.984718,0.129415,0.061021,0.123451,0.032815,0.931847,0.007388,0.932471,0.987788,0.808795,0.993352,0.789647,0.985521,0.232524,0.992211,0.010622,0.998145,0.075117,0.986516,0.507487,0.984800,0.947676,0.999578,0.107262,0.034819,0.017734,0.003313,0.000052,0.032108,0.006901,0.997716,0.974751,0.999988,0.998488,0.992289,0.995125,0.999825,0.992359
ENSDARG00000077860_5_5,-2.9100,-3.4144,0.500000,0.468417,0.572278,-31.6500,-32.5037,0.750000,0.709884,0.478125,0.796580,0.139102,0.240702,0.133176,0.161945,0.102226,0.078860,0.013274,0.128272,0.909742,0.939237,0.014244,0.876652,0.003944,0.797680,0.006171,0.805327,0.704404,0.904776,0.563580,0.995185,0.680813,0.973002,0.612750,0.987096,0.799733,0.214544,0.182341,0.034485,0.189924,0.136463,0.992628,0.184964,0.845428,0.723467,0.841529,0.508451,0.834299,0.957868,0.993187
ENSDARG00000077860_5_6,-3.6900,-3.9437,0.625000,0.632329,0.443072,-33.3500,-34.7083,0.250000,0.254265,0.210005,0.217746,0.052177,0.086944,0.050153,0.071097,0.026215,0.060011,0.061143,0.056511,0.287432,0.167604,0.269507,0.924202,0.063665,0.942151,0.082237,0.942445,0.268531,0.170988,0.005846,0.082284,0.001844,0.080824,0.997242,0.081467,0.020040,0.088230,0.003708,0.158115,0.002777,0.923038,0.001706,0.922154,0.002094,0.923742,0.004851,0.962004,0.999568,0.999882,0.999372
ENSDARG00000077860_5_7,-1.8900,-2.5327,0.500000,0.580103,0.621956,-34.8100,-35.8629,0.375000,0.454237,0.378947,0.495157,0.394484,0.475646,0.404181,0.866772,0.109995,0.523919,0.095289,0.163061,0.143035,0.615466,0.887933,0.552597,0.002185,0.605109,0.003989,0.967754,0.060951,0.847599,0.642328,0.868709,0.819515,0.816511,0.381152,0.890843,0.310234,0.523502,0.319568,0.582363,0.994855,0.990520,0.005024,0.194035,0.000853,0.240976,0.004271,0.602598,0.999534,0.615990,0.999559
ENSDARG00000077860_5_8,-5.8700,-5.9649,0.625000,0.612981,0.603613,-34.4100,-35.0309,0.375000,0.363533,0.442651,0.010723,0.278951,0.009502,0.317753,0.000926,0.991663,0.991198,0.289394,0.990596,0.139506,0.040929,0.132001,0.999993,0.915905,0.996862,0.914726,0.995460,0.901274,0.998026,0.056530,0.999965,0.099182,0.134222,0.907870,0.914511,0.876391,0.994880,0.022917,0.001366,0.000465,0.005767,0.000593,0.005128,0.002229,0.991054,0.013382,0.991167,0.999305,0.999975,0.992981
ENSDARG00000077860_5_9,-1.4800,-1.8447,1.000000,0.844499,0.704258,-30.4900,-31.0469,0.500000,0.497242,0.352102,0.378611,0.002694,0.389261,0.001675,0.371878,0.005540,0.884920,0.001947,0.887703,0.001943,0.902093,0.004805,0.750433,0.004181,0.741783,0.004086,0.799449,0.999590,0.440447,0.992722,0.394641,0.987557,0.387938,0.057371,0.990683,0.013446,0.958768,0.008335,0.800897,0.009044,0.687463,0.014869,0.690687,0.989182,0.795053,0.967756,0.916938,0.983926,0.915504,0.991378
ENSDARG00000077860_5_10,-3.2900,-3.5283,0.500000,0.508668,0.606426,-30.2600,-31.3615,0.375000,0.471274,0.534041,0.982213,0.876622,0.995200,0.974727,0.013508,0.984757,0.010205,0.985067,0.310981,0.976449,0.027906,0.860716,0.724622,0.982752,0.999971,0.059738,0.999784,0.074273,0.999496,0.014205,0.995310,0.028413,0.999985,0.092909,0.976029,0.987653,0.970148,0.099503,0.305085,0.108234,0.013145,0.524896,0.036228,0.403644,0.312853,0.443869,0.725518,0.748815,0.730334,0.453582
ENSDARG00000078199_0_1,-5.5500,-5.9017,0.250000,0.365288,0.456859,-32.2000,-34.2425,0.250000,0.296992,0.464610,0.850044,0.848663,0.836236,0.816753,0.822569,0.738838,0.070141,0.684386,0.065515,0.717079,0.075125,0.702223,0.211891,0.831680,0.216998,0.484711,0.423302,0.111860,0.994549,0.103710,0.859243,0.248866,0.789253,0.627501,0.783729,0.012815,0.367716,0.137723,0.219810,0.226540,0.214162,0.908800,0.198152,0.100985,0.115966,0.847356,0.099964,0.066005,0.922806,0.075710
ENSDARG00000078199_0_2,-6.5400,-7.2566,0.375000,0.339443,0.471502,-33.5100,-34.9727,0.250000,0.291080,0.246417,0.997911,0.021388,0.998027,0.010289,0.800830,0.025876,0.351022,0.023308,0.655474,0.357593,0.008315,0.049608,0.006654,0.003389,0.136103,0.009170,0.344545,0.030818,0.415952,0.114916,0.999831,0.975252,0.999831,0.978090,0.657554,0.990773,0.076768,0.138448,0.215215,0.031748,0.001252,0.016615,0.134492,0.010155,0.138676,0.025983,0.796955,0.715047,0.694633,0.399871
ENSDARG00000078199_0_3,-0.8100,-1.3252,0.625000,0.677477,0.732671,-26.8900,-28.3943,0.500000,0.400938,0.515916,0.999793,0.919836,0.999851,0.963953,0.252229,0.900381,0.109184,0.871144,0.199826,0.851897,0.999881,0.900404,0.766557,0.517258,0.999987,0.421963,0.998399,0.407623,0.997692,0.213512,0.998916,0.050531,0.911292,0.092312,0.904590,0.100550,0.990566,0.978015,0.321304,0.460978,0.502194,0.193967,0.271998,0.721463,0.685070,0.355320,0.773275,0.356284,0.970820,0.040931
ENSDARG00000078199_0_4,-5.4700,-5.4982,0.500000,0.500292,0.600155,-29.1500,-30.8293,0.500000,0.501981,0.506069,0.999678,0.500091,0.999190,0.358312,0.999458,0.341458,1.000000,0.966951,0.012002,0.010113,0.000833,0.008353,0.001103,0.013081,0.002072,0.008286,0.988934,0.981517,1.000000,0.980995,0.997481,0.967063,0.999999,0.969324,0.999996,0.967181,0.989793,0.978423,0.997143,0.964812,0.999883,0.999915,0.001254,0.030427,0.001229,0.031151,0.001028,0.034315,0.012013,0.009621
ENSDARG00000078199_0_5,-6.7300,-7.1304,0.500000,0.443530,0.554601,-35.9200,-36.8288,0.500000,0.493887,0.410002,0.560592,0.156960,0.953127,0.016161,0.006284,0.008413,0.005544,0.005964,0.002291,0.003463,0.024384,0.011726,0.996839,0.987835,0.997009,0.988865,0.999969,0.925276,0.999966,0.925146,0.999999,0.112929,0.997778,0.106198,0.020133,0.276408,0.000099,0.073782,0.001383,0.753252,0.032712,0.937101,0.975802,0.978879,0.547848,0.886572,0.970584,0.033938,0.999680,0.011164
ENSDARG00000078199_0_6,-3.0000,-3.2088,0.875000,0.789104,0.670712,-36.5800,-37.3650,0.375000,0.343835,0.306499,0.145718,0.942707,0.764155,0.072894,0.037106,0.132663,0.023640,0.990996,0.893463,0.159689,0.927848,0.001386,0.957211,0.000077,0.973140,0.008839,0.973943,0.999926,0.999698,0.022699,0.241299,0.006791,0.164181,0.040626,0.948567,0.001153,0.029831,0.001430,0.763942,0.003251,0.776700,0.021564,0.800011,0.041855,0.997851,0.686117,0.998183,0.997221,0.997749,0.998090
ENSDARG00000078199_0_7,-3.9800,-4.0828,0.625000,0.615433,0.606183,-34.3300,-35.3345,0.250000,0.298691,0.430445,0.084097,0.971433,0.077356,0.948913,0.055203,0.984137,0.999804,0.706953,0.072848,0.284287,0.924521,0.214205,0.924181,0.096238,0.925228,0.784420,0.998990,0.276543,0.998716,0.216456,0.141960,0.686834,0.997290,0.048953,0.079401,0.024230,0.006708,0.710430,0.008001,0.000494,0.921988,0.005046,0.933301,0.290249,0.977181,0.290464,0.999803,0.999664,0.997083,0.068950
ENSDARG00000078199_0_8,-2.0700,-2.8241,1.000000,0.865882,0.708344,-30.5500,-31.8597,0.250000,0.312755,0.462087,0.259881,0.077310,0.285130,0.081969,0.999581,0.882102,0.389639,0.594864,0.525672,0.598424,0.776809,0.992616,0.999886,0.986071,0.923501,0.952222,0.744843,0.611471,0.637658,0.523151,0.359362,0.214204,0.337862,0.225285,0.937714,0.172860,0.878831,0.125229,0.876746,0.911446,0.733964,0.084447,0.732854,0.068980,0.771372,0.064265,0.999947,0.999483,0.995625,0.075332
ENSDARG00000078199_0_9,-3.8600,-4.0961,0.625000,0.601985,0.679645,-33.7100,-34.5234,0.625000,0.633444,0.485029,0.998584,0.966182,0.997711,0.054193,0.999999,0.123975,0.997291,0.992579,1.000000,0.488750,0.261508,0.007769,0.002294,0.007927,0.036606,0.994190,0.724543,0.001365,1.000000,0.001193,0.777234,0.001769,0.981251,0.993139,0.954972,0.997652,0.975489,0.885908,0.288132,0.074323,0.070382,0.118467,0.025344,0.001805,0.750574,0.999923,0.750986,0.999906,1.000000,0.989571
ENSDARG00000078199_0_10,-6.7500,-6.9833,0.250000,0.321055,0.435245,-30.6300,-32.2423,0.250000,0.348876,0.466965,0.027289,0.300929,0.026482,0.177269,0.028546,0.512053,0.029026,0.653303,0.895660,0.788414,0.790846,0.728165,0.997162,0.811026,0.287651,0.336287,0.295583,0.318562,0.973309,0.460945,0.895306,0.715918,0.889587,0.745425,0.243342,0.241702,0.228302,0.297556,0.999862,0.986564,0.081837,0.120688,0.002317,0.061417,0.000939,0.054698,0.011847,0.110204,0.999997,0.918178
ENSDARG00000078251_0_1,-4.4600,-5.0782,0.625000,0.512534,0.606298,-31.6800,-33.0472,0.375000,0.375885,0.373298,0.997843,0.425398,0.978619,0.027380,0.959564,0.001208,0.552788,0.001078,0.360780,0.002127,0.853283,0.998961,0.023530,0.001796,0.168034,0.001674,0.167649,0.001488,0.981953,0.998656,0.982986,0.999487,0.998653,0.999641,0.978425,0.999588,0.978986,0.998885,0.998422,0.999622,0.020811,0.000381,0.021025,0.000442,0.024031,0.002070,0.421313,0.003421,0.657255,0.002667
ENSDARG00000078251_0_2,-2.1000,-2.4454,0.625000,0.638177,0.608353,-27.5200,-28.9775,0.250000,0.382061,0.479570,0.031240,0.291282,0.032234,0.294790,0.900676,0.848180,0.280489,0.836302,0.123789,0.847845,0.685986,0.450952,0.961913,0.441161,0.999959,0.366898,0.995589,0.247175,0.824358,0.250981,0.866225,0.806545,0.359180,0.852793,0.072601,0.134375,0.897731,0.131240,0.201108,0.175174,0.096011,0.374525,0.861655,0.140992,0.976653,0.180537,1.000000,0.964439,0.999660,0.955206
ENSDARG00000078251_0_3,-2.4000,-2.4996,0.625000,0.644777,0.705371,-33.5900,-34.0510,0.500000,0.482514,0.450692,0.967701,0.945195,0.931418,0.951664,0.032565,0.950558,0.092174,0.010418,0.094268,0.004300,0.992008,0.048987,0.979261,0.055326,0.990783,0.197304,0.990535,0.993315,0.981494,0.029093,0.956681,0.017325,0.940314,0.950238,0.960900,0.947027,0.080096,0.006019,0.084008,0.005376,0.107662,0.013089,0.998054,0.016761,0.993945,0.958243,0.969734,0.985562,0.963819,0.928037
ENSDARG00000078251_0_4,0.0000,-0.0230,1.000000,0.994339,0.995101,-27.3600,-28.7754,0.500000,0.412225,0.556638,0.999566,0.926408,0.999808,0.883320,0.998355,0.924022,0.998064,0.937035,0.999218,0.574197,0.987806,0.575127,0.997554,0.525835,0.999280,0.782876,0.987042,0.756216,0.998569,0.251930,0.995103,0.328601,0.986953,0.369382,0.998059,0.501351,0.999869,0.225132,0.983353,0.209464,0.999918,0.660878,0.995366,0.505700,0.980708,0.390662,0.997703,0.590080,0.999734,0.214536
ENSDARG00000078251_0_5,-5.4500,-5.4958,0.625000,0.616406,0.595097,-33.3600,-34.1851,0.375000,0.417497,0.364554,0.028940,0.041128,0.011476,0.033232,0.950339,0.016771,0.975778,0.034031,0.998133,0.037785,0.002972,0.892298,0.002371,0.879247,0.980676,0.988543,0.999542,0.111288,0.999180,0.082536,0.999189,0.168244,0.022100,0.666000,0.021857,0.908706,0.980309,0.322745,0.949545,0.054228,0.975176,0.854122,0.027458,0.011903,0.010975,0.141801,0.982177,0.999986,0.983752,0.046488
ENSDARG00000078251_0_6,-3.4600,-4.0252,0.625000,0.487995,0.547664,-35.7100,-37.4409,0.625000,0.522923,0.413294,0.994195,0.587455,0.993284,0.412144,0.487824,0.873263,0.029409,0.009296,0.008118,0.001928,0.532391,0.001065,0.109270,0.002010,0.830056,0.104063,0.704766,0.999614,0.787076,0.962757,0.979481,0.101158,0.593440,0.027744,0.472287,0.011805,0.471487,0.000891,0.275736,0.064462,0.539051,0.936673,0.532368,0.794292,0.531460,0.747045,0.530100,0.708472,0.551476,0.919744
ENSDARG00000078251_0_7,-2.1500,-2.5586,0.375000,0.440275,0.547252,-34.0400,-35.1261,0.125000,0.175080,0.299671,0.929680,0.038071,0.817852,0.034884,0.998296,0.019253,0.255288,0.018541,0.080026,0.019636,0.060511,0.065903,0.085794,0.950070,0.243908,0.366856,0.997987,0.950877,0.995333,0.459582,0.977672,0.732860,0.980479,0.936239,0.936237,0.970667,0.925695,0.027053,0.260115,0.001209,0.085920,0.005227,0.082169,0.004066,0.097764,0.007881,0.254958,0.054339,0.879346,0.330201
ENSDARG00000078251_0_8,-0.8400,-1.1405,0.500000,0.615310,0.690361,-31.7300,-32.6207,0.000000,0.364286,0.481384,0.995514,0.951099,0.997353,0.566580,0.999424,0.551506,0.991678,0.955205,0.269074,0.546602,0.148809,0.547139,0.198520,0.527465,0.300566,0.455147,0.998093,0.495498,0.998914,0.518500,0.992818,0.101486,0.993987,0.497156,0.972610,0.013284,0.931208,0.395276,0.939924,0.408865,0.314600,0.417105,0.234539,0.496789,0.232086,0.496784,0.297986,0.524287,0.999524,0.161899
ENSDARG00000078251_0_9,-5.1300,-5.1411,1.000000,0.998573,0.701027,-32.2500,-33.6522,0.625000,0.501228,0.487809,0.001208,0.011194,0.000221,0.001149,0.011372,0.012147,0.999115,0.990421,0.999999,0.999748,0.999565,0.990307,0.999707,0.990122,0.011240,0.009723,0.003935,0.012231,0.008625,0.016920,0.998199,0.866753,0.998777,0.845639,0.998646,0.852651,0.997726,0.854270,0.998580,0.865881,0.997279,0.835325,0.998522,0.575103,0.998609,0.005793,0.999932,0.002062,0.999286,0.018738
ENSDARG00000078251_0_10,-2.4500,-2.9545,0.875000,0.780197,0.609340,-31.2000,-31.8890,0.625000,0.628839,0.461293,0.325903,0.148719,0.290751,0.007973,0.775449,0.002909,0.016682,0.012833,0.109724,0.987920,0.582740,0.017383,0.999169,0.005690,0.999700,0.032557,0.558809,0.974855,0.253781,0.995056,0.780182,0.996815,0.252330,0.012445,0.251082,0.012063,0.716201,0.014273,0.777536,0.035266,0.742016,0.999025,0.771339,0.993159,0.996374,0.994586,0.987140,0.990253,0.999883,0.992087
ENSDARG00000078355_0_1,-4.4300,-4.4777,0.875000,0.862317,0.696473,-34.6300,-35.9608,0.500000,0.501285,0.291514,0.024517,0.024892,0.018345,0.006571,0.012469,0.769664,0.987876,0.232547,0.998615,0.000873,0.984805,0.001108,0.982718,0.003958,0.982315,0.014941,0.994447,0.247245,0.999381,0.446272,0.019878,0.064222,0.025553,0.007711,0.010532,0.001125,0.947022,0.005543,0.985874,0.999933,0.999769,0.999591,0.998688,0.999442,0.992825,0.999412,0.969309,0.003635,0.994512,0.001601
ENSDARG00000078355_0_2,-5.3700,-5.4764,0.375000,0.376201,0.495090,-41.9500,-42.5426,0.250000,0.254389,0.365101,0.069336,0.806623,0.001395,0.771682,0.001393,0.770728,0.001707,0.959817,0.001676,0.007893,0.999730,0.041668,0.934506,0.050946,0.945801,0.999603,0.998433,0.814925,0.998911,0.042945,0.997645,0.000083,0.941663,0.000004,0.939960,0.000109,0.004351,0.000048,0.004693,0.034126,0.003647,0.000123,0.000286,0.000055,0.065283,0.000726,0.995709,0.999963,0.995680,0.999961
ENSDARG00000078355_0_3,-5.7400,-5.9377,0.625000,0.695032,0.670557,-32.1300,-33.3853,0.375000,0.313810,0.327625,0.998514,0.976005,0.785486,0.005953,0.747408,0.003996,0.753178,0.009107,0.772637,0.022115,0.996961,0.985705,0.222337,0.978979,0.215719,0.978574,0.004757,0.015702,0.783793,0.021973,0.784642,0.021016,0.785447,0.022901,0.999013,0.723323,0.998467,0.867200,0.998768,0.516354,0.215128,0.007561,0.215522,0.001560,0.220570,0.258927,0.951912,0.039219,0.960879,0.096339
ENSDARG00000078355_0_4,-6.9900,-7.4216,0.375000,0.321305,0.456916,-33.0600,-33.7406,0.500000,0.542389,0.443510,0.999347,0.014527,0.999356,0.010783,0.526657,0.006791,0.030825,0.004177,0.000685,0.003601,0.000474,0.005968,0.002351,0.968849,0.010039,0.963605,0.999108,0.986038,0.999762,0.468533,0.999571,0.904926,0.999700,0.193283,0.009755,0.362903,0.002422,0.981793,0.000516,0.011533,0.000326,0.002212,0.030433,0.007603,0.530850,0.987805,0.996266,0.999341,0.999875,0.985923
ENSDARG00000078355_0_5,-3.3700,-3.5254,0.875000,0.780244,0.582856,-28.7900,-30.2938,0.875000,0.533480,0.468499,0.199799,0.654552,0.997556,0.241987,0.033028,0.076585,0.017332,0.108985,0.012468,0.818212,0.812855,0.909788,0.813160,0.950727,0.998676,0.380595,0.971711,0.207455,0.174059,0.045226,0.191925,0.044342,0.192601,0.663678,0.998926,0.646144,0.170137,0.491021,0.973044,0.853773,0.813222,0.825695,0.812042,0.493135,0.812179,0.457657,0.823292,0.468187,0.839112,0.032231
ENSDARG00000078355_0_6,-2.9400,-3.2556,0.500000,0.555377,0.634852,-29.4900,-31.0259,0.500000,0.505530,0.361498,0.952336,0.663415,0.942502,0.226315,0.998952,0.067594,0.400054,0.088891,0.999983,0.100485,0.159864,0.985679,0.090629,0.009523,0.011453,0.006451,0.900698,0.013899,0.898925,0.009684,0.899540,0.019770,0.999097,0.994014,0.140285,0.984522,0.136514,0.982916,0.161347,0.986480,0.999310,0.992305,0.286954,0.020280,0.900579,0.030695,0.902315,0.027370,0.915708,0.019673
ENSDARG00000078355_0_7,-5.2600,-5.4841,0.500000,0.480360,0.512260,-31.4000,-32.7823,0.375000,0.388116,0.431314,0.233908,0.950364,0.006485,0.937933,0.000172,0.862261,0.001859,0.623882,0.767244,0.124414,0.263161,0.296429,0.988070,0.294861,0.963038,0.314199,0.946558,0.940487,0.947485,0.090798,0.994805,0.052341,0.289534,0.033381,0.990694,0.287313,0.186870,0.128483,0.159021,0.111828,0.183502,0.183379,0.006073,0.161941,0.771502,0.750415,0.771430,0.746263,0.773792,0.735308
ENSDARG00000078355_0_8,-1.9500,-2.6423,0.375000,0.401402,0.520291,-34.6900,-37.1536,0.000000,0.020406,0.118185,0.908365,0.997664,0.929378,0.078384,0.182104,0.029610,0.500343,0.007009,0.056873,0.006470,0.216725,0.005816,0.201579,0.002065,0.207300,0.020507,0.999275,0.008387,0.997014,0.035659,0.995740,0.993724,0.999912,0.015157,0.037235,0.002250,0.035510,0.013506,0.028098,0.127787,0.229577,0.009685,0.838077,0.000077,0.363018,0.000562,0.682584,0.000688,0.997120,0.008696
ENSDARG00000078355_0_9,-0.8700,-1.1657,0.875000,0.896960,0.847484,-29.5300,-31.1207,0.625000,0.615811,0.514315,0.368755,0.621323,0.993505,0.141789,0.999603,0.477242,0.300985,0.566113,0.990429,0.384356,0.999898,0.811829,0.921201,0.072122,0.998373,0.012420,0.999885,0.427644,0.958937,0.593513,0.242517,0.252734,0.999916,0.998721,0.999942,0.964365,0.277400,0.932857,1.000000,0.021376,0.956650,0.002495,0.954925,0.006760,1.000000,0.999865,0.988237,0.999725,0.998525,0.999044
ENSDARG00000078355_0_10,-4.9000,-5.0923,0.375000,0.377936,0.499896,-33.0800,-34.6846,0.000000,0.131678,0.334918,0.997724,0.944578,0.074819,0.829471,0.002536,0.825242,0.001309,0.626709,0.001217,0.775852,0.118184,0.659341,0.941843,0.693180,0.863937,0.108180,0.999075,0.002396,0.999143,0.004575,0.998756,0.123724,0.975878,0.051697,0.888292,0.222030,0.060406,0.390097,0.001295,0.015002,0.000541,0.116713,0.000391,0.001847,0.072939,0.004957,0.999648,0.153069,0.999980,0.149711
ENSDARG00000078578_0_2,-6.9900,-7.2127,0.500000,0.499390,0.570759,-30.3200,-31.8237,0.750000,0.583385,0.534801,0.987359,0.804378,0.004499,0.196496,0.003477,0.293968,0.002162,0.609526,0.000897,0.004796,0.997221,0.326224,0.712106,0.232996,0.999948,0.332105,0.999926,0.995079,0.999919,0.993987,0.712589,0.904267,0.999963,0.335111,0.001542,0.013113,0.000371,0.130880,0.000054,0.580206,0.001084,0.655244,0.999985,0.865170,0.992089,0.773463,0.999999,0.846520,1.000000,0.802487
ENSDARG00000078578_0_3,0.0000,-0.6834,1.000000,0.784746,0.820877,-35.1200,-35.4619,0.500000,0.498795,0.398715,0.950767,0.998242,0.729672,0.056924,0.733841,0.005351,0.869215,0.000591,0.762007,0.000734,0.731118,0.000620,0.721213,0.000188,0.867623,0.011850,0.944142,0.051812,0.933590,0.996807,0.924394,0.964573,0.971998,0.896252,0.636256,0.998535,0.389428,0.003375,0.748158,0.000314,0.776479,0.000606,0.887837,0.988751,0.981439,0.990894,0.902086,0.994235,0.956281,0.013654
ENSDARG00000078578_0_5,-4.7200,-4.7597,0.750000,0.748979,0.504938,-30.0900,-31.8432,0.500000,0.498264,0.328159,0.015294,0.176741,0.012123,0.172945,0.997950,0.648269,0.007304,0.749926,0.011358,0.099310,0.024439,0.105566,0.999428,0.115632,0.999068,0.242901,0.997918,0.194473,0.024042,0.017014,0.011057,0.012024,0.006953,0.042269,0.018078,0.037706,0.012902,0.940516,0.988335,0.961303,0.992617,0.954751,0.998955,0.948677,0.992242,0.034325,0.992103,0.035868,0.996603,0.072969
ENSDARG00000078578_0_6,-1.3500,-2.0488,1.000000,0.724673,0.624810,-31.4200,-32.7267,0.500000,0.564515,0.460955,0.421066,0.405177,0.223060,0.353983,0.225401,0.472578,0.994334,0.956273,0.948484,0.622035,0.979413,0.560330,0.101444,0.068888,0.107296,0.463718,0.484286,0.789461,0.756364,0.006571,0.758241,0.002406,0.699422,0.001555,0.800068,0.534392,0.847581,0.600908,0.988429,0.980897,0.547080,0.391212,0.577328,0.390907,0.696140,0.392106,0.640776,0.618568,0.699983,0.607132
ENSDARG00000078578_0_7,-2.2500,-3.0718,0.500000,0.545663,0.624906,-29.8700,-31.0516,0.500000,0.567976,0.478334,0.801134,0.474902,0.274602,0.457990,0.048423,0.953169,1.000000,0.524757,0.978411,0.530828,0.460235,0.052183,0.538208,0.017880,0.525764,0.006241,0.508159,0.026017,0.999002,0.953664,0.999084,0.499307,0.999802,0.525926,0.531349,0.381922,0.080289,0.263273,0.547702,0.865290,0.929007,0.854791,0.999189,0.749163,0.786428,0.668173,0.339381,0.502020,0.151957,0.259176
ENSDARG00000078578_0_8,-2.0000,-2.4427,0.750000,0.828851,0.779854,-29.5500,-31.2624,0.375000,0.513970,0.527656,0.576942,0.443920,0.600476,0.307665,0.999748,0.879590,0.989358,0.328494,0.999212,0.311157,0.967435,0.304021,0.899088,0.279321,0.042300,0.352220,0.105233,0.384096,0.997727,0.971549,0.880206,0.939635,0.908537,0.939681,0.996935,0.935792,0.995631,0.700734,0.999909,0.725208,0.422955,0.079501,0.433639,0.339710,0.999765,0.686690,0.876080,0.280346,0.905897,0.363783
ENSDARG00000078578_0_9,-0.8500,-1.8695,1.000000,0.654827,0.677073,-33.5400,-34.1611,0.750000,0.751124,0.405197,0.760974,0.068594,0.502225,0.001180,0.673692,0.000257,0.895867,0.000211,0.632716,0.000019,0.630859,0.001145,0.499592,0.012378,0.263581,0.998877,0.560498,0.013970,0.960790,0.013163,0.925818,0.000450,0.996242,0.984707,0.725128,0.999439,0.844419,0.999916,0.381521,0.999730,0.753975,0.999846,0.445571,0.996913,0.632278,0.999567,0.594350,0.012835,0.861372,0.000743
ENSDARG00000078578_0_10,-7.0000,-7.3979,0.625000,0.582333,0.553433,-34.6600,-36.3619,0.125000,0.227534,0.198876,0.179813,0.061948,0.999409,0.994116,0.002977,0.005335,0.000116,0.001662,0.001166,0.003872,0.697584,0.001129,0.826013,0.034876,0.828110,0.050996,0.999857,0.007222,0.996985,0.027425,0.700064,0.967846,0.177895,0.000833,0.177407,0.001038,0.178367,0.004208,0.827550,0.002992,0.005161,0.002936,0.999898,0.918154,0.823184,0.480559,0.822596,0.253276,0.824499,0.157105
ENSDARG00000078582_31_1,-2.8000,-3.0287,0.375000,0.423921,0.524083,-32.4400,-33.4355,1.000000,0.772194,0.462900,0.202748,0.032760,0.064795,0.029909,0.058408,0.011475,0.020534,0.008274,0.050030,0.033926,0.969128,0.047196,0.875278,0.339459,0.992968,0.742813,0.993097,0.102924,0.993380,0.114616,0.988926,0.703207,0.880998,0.913895,0.062469,0.891676,0.040313,0.839903,0.025737,0.656353,0.078455,0.653334,0.215391,0.668436,0.985752,0.826477,0.984051,0.771609,0.999197,0.869765
ENSDARG00000078582_31_2,-2.9700,-3.3006,0.625000,0.614146,0.664541,-29.9100,-31.0171,0.500000,0.497251,0.430802,0.611352,0.772918,0.783064,0.022203,0.789990,0.232902,0.966048,0.258434,0.986841,0.051902,0.808352,0.547717,0.922476,0.959916,0.145941,0.150627,0.219889,0.778860,0.220518,0.214174,0.965780,0.245097,0.957397,0.403282,0.870176,0.803509,0.863701,0.818041,0.889724,0.126238,0.058196,0.106162,0.109001,0.095801,0.124460,0.884586,0.999556,0.998147,0.998353,0.145525
ENSDARG00000078582_31_3,0.0000,-0.2007,1.000000,0.884701,0.905617,-29.2300,-30.4473,0.250000,0.333263,0.377631,0.995218,0.583097,0.994538,0.412239,0.986449,0.875172,0.992648,0.004638,0.768784,0.003093,0.749622,0.002434,0.746093,0.004028,0.839454,0.992456,0.981404,0.993522,0.998800,0.007782,0.989159,0.008394,0.992557,0.999649,0.830190,0.124532,0.758962,0.106054,0.749285,0.091626,0.760037,0.093707,0.998416,0.994693,0.988804,0.998880,0.999480,0.137951,0.992436,0.118663
ENSDARG00000078582_31_4,-8.5000,-8.5576,0.250000,0.259828,0.407862,-35.6300,-36.9904,0.375000,0.275461,0.347034,0.072676,0.949912,0.004435,0.358040,0.000517,0.374141,0.000009,0.661839,0.000818,0.535895,0.999635,0.575446,0.000577,0.263010,0.999957,0.047903,1.000000,0.026575,1.000000,0.040142,0.999999,0.576507,1.000000,0.327580,0.999997,0.438448,0.000169,0.436315,0.999818,0.200483,0.001004,0.017669,0.000010,0.001078,0.000898,0.002180,0.004804,0.111560,0.071927,0.995952
ENSDARG00000078582_31_5,-2.1200,-2.1831,0.750000,0.759209,0.805684,-29.9300,-31.0311,0.375000,0.388725,0.546519,0.984690,0.898261,0.998618,0.757505,1.000000,0.773510,1.000000,0.997922,1.000000,0.793105,0.095676,0.740389,0.083487,0.706173,1.000000,0.473657,0.942751,0.335111,0.935487,0.319805,1.000000,0.998371,0.999301,0.026777,0.999229,0.003796,0.039456,0.001647,0.037866,0.001424,1.000000,0.999165,1.000000,0.073519,0.998728,0.049891,0.998392,0.996136,1.000000,0.984225
ENSDARG00000078582_31_6,0.0000,-0.6434,1.000000,0.776019,0.810392,-33.5600,-34.1983,0.750000,0.742469,0.503589,0.998109,0.967652,0.540613,0.066980,0.470698,0.047944,0.363479,0.045918,0.989481,0.008723,0.992364,0.006567,0.827815,0.941454,0.983405,0.955697,0.905688,0.062986,0.985504,0.034958,0.950081,0.037481,0.992447,0.955674,0.964745,0.991522,0.913462,0.986754,0.947075,0.991241,0.923864,0.970081,0.982659,0.965364,0.469410,0.992234,0.474585,0.037489,0.532349,0.005068
ENSDARG00000078582_31_7,0.0000,-0.9833,1.000000,0.927336,0.823530,-29.4200,-30.1216,0.250000,0.386804,0.546948,0.729630,0.858891,0.707088,0.784960,0.802914,0.807090,0.646979,0.927519,0.657669,0.799185,0.996594,0.749561,0.924700,0.702046,1.000000,0.975706,0.931703,0.093462,0.996858,0.105427,0.339744,0.198629,0.318026,0.842065,1.000000,0.289724,0.652828,0.250793,0.999977,0.916018,0.975069,0.069734,0.942674,0.148410,0.955543,0.244983,0.935622,0.970225,0.956976,0.204541
ENSDARG00000078582_31_8,0.0000,-0.4978,1.000000,0.885316,0.885971,-30.7800,-31.8442,0.500000,0.525014,0.390329,0.454872,0.995829,0.518234,0.982694,0.999900,0.589686,0.976010,0.805822,0.960289,0.224545,0.929734,0.000208,0.984955,0.000619,0.987222,0.001227,0.986492,0.001233,0.976848,0.001290,0.915261,0.001242,0.947078,0.002066,0.999668,0.121987,0.567710,0.035052,0.571676,0.035207,0.997255,0.983212,0.995578,0.992619,0.984541,0.996281,0.982788,0.995352,0.983308,0.040400
ENSDARG00000078582_31_9,-4.6700,-4.8625,0.500000,0.524963,0.619720,-32.5400,-34.0791,0.125000,0.167611,0.435469,0.998361,0.544144,0.978537,0.447257,0.999331,0.761214,0.968977,0.765210,0.967872,0.837053,0.970538,0.984996,0.270841,0.896357,0.002115,0.475707,0.004503,0.594123,0.034365,0.814875,0.999465,0.133491,0.999778,0.114059,0.991908,0.984680,0.969114,0.014674,0.977551,0.011384,0.971347,0.095393,0.000996,0.010017,0.003840,0.109275,0.034886,0.104343,0.250067,0.011124
ENSDARG00000078582_31_10,-0.0700,-0.9498,1.000000,0.857698,0.801557,-30.9100,-32.5478,0.500000,0.378288,0.525080,0.949576,0.965430,0.986099,0.979358,0.696611,0.954551,0.733517,0.979339,0.616192,0.889818,0.805542,0.857536,0.778589,0.880609,0.740120,0.861281,0.991951,0.023617,0.769128,0.071517,0.477608,0.003983,0.624634,0.008266,0.842062,0.013911,0.875455,0.079281,0.999104,0.962260,0.768845,0.556918,0.969520,0.444956,0.986976,0.909907,0.636755,0.041686,0.782866,0.017384
ENSDARG00000079097_24_1,-3.2900,-3.3220,0.750000,0.753069,0.604240,-28.0800,-29.6686,0.125000,0.304336,0.394058,0.994081,0.689507,0.013678,0.038226,0.009389,0.036388,0.010052,0.039838,0.016953,0.057679,1.000000,0.656026,0.999790,0.983582,0.996331,0.982318,0.995746,0.770001,0.994649,0.734553,0.012636,0.159667,0.016948,0.298685,0.017075,0.222224,0.014901,0.218389,0.997961,0.963494,0.997506,0.239909,0.999714,0.256476,0.999434,0.041142,0.998866,0.250900,0.999091,0.242154
ENSDARG00000079097_24_2,-8.8800,-9.2232,0.250000,0.305317,0.444252,-32.6400,-34.2009,0.250000,0.291460,0.408646,0.999873,0.812978,0.998705,0.741743,0.082763,0.024714,0.989942,0.872788,0.000195,0.004903,0.000161,0.011506,0.000007,0.002171,0.000283,0.002704,0.370590,0.374158,1.000000,0.998907,1.000000,0.998626,0.999998,0.996030,0.999996,0.996021,0.370589,0.371400,0.000291,0.003286,0.000010,0.003233,0.001077,0.040636,0.004833,0.015188,0.994448,0.893422,0.071290,0.008498
ENSDARG00000079097_24_3,-0.7300,-1.2275,0.750000,0.817016,0.654507,-36.1200,-37.0523,0.500000,0.460321,0.235430,0.286874,0.997208,0.152706,0.003941,0.789164,0.001051,0.316428,0.000617,0.482716,0.000384,0.539211,0.000802,0.997306,0.009718,0.993930,0.000360,0.825538,0.001857,0.378302,0.001445,0.304288,0.002771,0.487547,0.005872,0.292864,0.001537,0.282083,0.000145,0.986857,0.001139,0.988448,0.010608,0.995801,0.678801,0.994009,0.996109,0.997573,0.997205,0.998493,0.997022
ENSDARG00000079097_24_4,-1.6600,-2.1269,0.875000,0.828725,0.662236,-29.4500,-30.7723,0.500000,0.501451,0.472582,0.359739,0.479646,0.332059,0.490339,0.313524,0.565177,0.454275,0.599209,0.970919,0.564652,0.749919,0.399052,0.757742,0.973797,0.762088,0.834361,0.987643,0.249662,0.352254,0.244350,0.289335,0.030610,0.285413,0.009186,0.477647,0.012647,0.993183,0.013269,0.998242,0.017083,0.763085,0.036217,0.757525,0.987978,0.726528,0.980906,0.965415,0.981584,0.948175,0.981922
ENSDARG00000079097_24_5,-3.2100,-3.4864,0.500000,0.516588,0.613223,-38.8000,-40.5806,0.250000,0.275009,0.313187,0.956503,0.837911,0.937016,0.555249,0.958424,0.378854,0.254941,0.627276,0.074421,0.387207,0.097753,0.319616,0.073424,0.091191,0.880983,0.013050,0.914910,0.007697,0.993251,0.052525,0.995928,0.066214,0.994202,0.726878,0.981915,0.845348,0.986717,0.935114,0.835021,0.253280,0.927132,0.098407,0.168265,0.034757,0.003369,0.011955,0.008042,0.015774,0.222246,0.005439
ENSDARG00000079097_24_6,-9.4000,-9.4572,0.375000,0.384715,0.507768,-33.2300,-33.8860,0.625000,0.554563,0.472802,1.000000,0.347111,0.999999,0.292334,0.077221,0.201221,0.000157,0.783414,0.000011,0.809974,0.000206,0.082637,0.000123,0.035053,0.999960,0.195607,0.999998,0.194338,0.999997,0.917404,1.000000,0.965647,0.999962,0.194800,1.000000,0.189804,0.000124,0.004090,0.000204,0.006099,0.000010,0.774338,0.000163,0.774426,0.077406,0.792011,0.999821,0.996822,0.999989,0.898915
ENSDARG00000079097_24_8,-11.9400,-12.0715,0.125000,0.125681,0.217466,-41.8900,-43.1123,0.500000,0.460553,0.339890,0.001270,0.014858,0.000009,0.012457,0.001398,0.032669,0.001403,0.004678,0.000036,0.002958,0.001008,0.002933,0.000302,0.000386,0.169238,0.000568,1.000000,0.058847,1.000000,0.996459,1.000000,0.986824,0.169219,0.999741,0.000257,0.939570,0.001074,0.867605,0.000036,0.874143,0.001402,0.997545,0.001398,0.000584,0.000014,0.000163,0.001274,0.000334,0.999991,0.004478
ENSDARG00000079097_24_9,-0.4000,-0.9465,0.625000,0.753653,0.790039,-33.7700,-34.9446,0.500000,0.467951,0.443916,0.871218,0.950566,0.905668,0.933396,0.862842,0.243891,0.889945,0.268574,0.893280,0.845362,0.997981,0.824993,0.367365,0.923773,0.529057,0.085139,0.991567,0.057142,0.484406,0.000510,0.981024,0.000030,0.997208,0.001347,0.935557,0.011655,0.905827,0.955299,0.996824,0.942675,0.997346,0.996515,0.323513,0.009749,0.829890,0.012020,0.452501,0.085236,0.587768,0.730458
ENSDARG00000079097_24_10,-2.8300,-3.0405,1.000000,0.960247,0.722798,-33.6500,-35.0234,0.500000,0.681573,0.418777,0.168194,0.953611,0.111588,0.022159,0.222504,0.046357,0.996531,0.022385,0.994473,0.962946,0.996168,0.062309,0.997870,0.171114,0.999738,0.112600,0.923453,0.420523,0.038489,0.011083,0.087283,0.049841,0.237697,0.088032,0.953697,0.382615,0.995025,0.954023,0.998561,0.986478,0.999566,0.970708,0.921990,0.961968,0.873318,0.367228,0.963891,0.413767,0.975926,0.415798
ENSDARG00000079348_0_2,-6.9700,-7.0671,0.375000,0.392835,0.514267,-31.3700,-32.6581,0.625000,0.609482,0.466042,0.998327,0.333704,0.002948,0.201708,0.003449,0.249286,0.999995,0.812611,0.003025,0.055800,0.000188,0.009533,0.134759,0.085166,0.999992,0.102709,0.999988,0.991623,0.999999,0.481280,0.999995,0.214135,1.000000,0.907435,0.999855,0.904312,0.134648,0.892565,0.000259,0.070850,0.003127,0.055560,0.999949,0.108658,0.003445,0.930160,0.001399,0.931172,0.999997,0.982575
ENSDARG00000079348_0_3,-0.5100,-0.8518,0.500000,0.638658,0.710818,-36.4300,-37.0218,0.500000,0.517285,0.399717,0.996586,0.744596,0.419246,0.994470,0.996821,0.996867,0.309607,0.002414,0.248083,0.000894,0.253434,0.001233,0.948763,0.008791,0.942026,0.082772,0.994898,0.985119,0.999402,0.030229,0.999197,0.000423,0.999039,0.008259,0.310367,0.972757,0.248089,0.131296,0.251502,0.978817,0.948732,0.014697,0.360183,0.019494,0.999881,0.998982,0.995535,0.999262,0.994974,0.022977
ENSDARG00000079348_0_4,-2.0900,-2.2306,1.000000,0.975153,0.799109,-29.7400,-31.3400,0.875000,0.723182,0.492982,0.096886,0.090247,0.100851,0.037856,1.000000,0.081911,0.982562,0.110833,1.000000,0.918628,0.955853,0.486373,0.934686,0.064584,0.993278,0.361330,1.000000,0.595457,0.961798,0.367752,0.062549,0.482162,0.092498,0.477040,1.000000,0.898983,0.895234,0.726338,0.997723,0.866751,1.000000,0.987459,0.986724,0.929006,1.000000,0.611793,0.925094,0.289886,0.996452,0.475241
ENSDARG00000079348_0_5,-7.5000,-7.5382,0.500000,0.494759,0.595710,-31.6900,-32.9201,0.500000,0.548434,0.430275,0.999661,0.041667,0.999666,0.040071,0.999668,0.051749,0.003900,0.009102,0.000671,0.687460,0.000569,0.680618,0.001828,0.083084,0.999659,0.351664,0.972424,0.414489,0.979148,0.900663,0.999287,0.488201,0.999652,0.469256,0.999646,0.462844,0.979863,0.948398,0.972342,0.905234,0.001431,0.613932,0.000421,0.619466,0.000364,0.158740,0.004019,0.356119,0.999985,0.322737
ENSDARG00000079348_0_6,-5.3400,-6.4222,0.625000,0.465176,0.543617,-30.6400,-31.8560,0.625000,0.544175,0.454993,0.769489,0.249493,0.436688,0.230855,0.880096,0.297034,0.599375,0.329920,0.737854,0.968981,0.008719,0.446427,0.000838,0.701824,0.003590,0.637582,0.998659,0.174570,0.998908,0.175205,0.998982,0.183948,0.717726,0.350627,0.007297,0.233244,0.002110,0.751059,0.026215,0.781265,0.815237,0.628006,0.786209,0.247167,0.205734,0.234085,0.879947,0.752322,0.998660,0.726254
ENSDARG00000079348_0_7,-5.6500,-5.7896,0.875000,0.858285,0.611745,-30.7900,-31.6043,0.625000,0.626602,0.524214,0.972178,0.962648,0.005775,0.026194,0.002714,0.024107,0.033603,0.132831,0.133638,0.230747,0.976173,0.992515,0.999994,0.995067,0.998469,0.986933,0.999758,0.981278,0.140974,0.092940,0.046160,0.007763,0.059177,0.038435,0.067166,0.040925,0.955202,0.973782,0.947532,0.966301,0.952225,0.029956,0.945596,0.031404,0.999998,0.997237,0.998930,0.993712,0.999633,0.979499
ENSDARG00000079348_0_8,-5.6900,-5.7207,1.000000,0.987133,0.697475,-33.6400,-34.4712,0.375000,0.373717,0.448521,0.018153,0.003562,0.017761,0.001795,0.017855,0.003351,0.999487,0.997993,0.999831,0.992377,0.986591,0.996503,0.987716,0.993668,0.984239,0.992711,0.998003,0.993998,0.013952,0.001759,0.013088,0.001316,0.015767,0.001648,0.998767,0.962470,0.999261,0.156705,0.975328,0.009571,0.996116,0.007308,0.985467,0.008004,0.983120,0.796649,0.979692,0.981801,0.979315,0.067227
ENSDARG00000079348_0_9,-7.5100,-7.6036,0.875000,0.810375,0.575392,-32.9100,-34.0361,0.375000,0.296896,0.370148,0.000928,0.004489,0.000304,0.000127,0.000272,0.000931,0.012825,0.014108,0.998866,0.998656,0.999700,0.999890,0.999622,0.998632,0.999623,0.998614,0.999998,0.998780,0.011846,0.012136,0.000460,0.000670,0.000395,0.000758,0.000985,0.001601,0.870584,0.220270,0.870426,0.363470,0.999667,0.524946,0.999908,0.020094,0.999832,0.035533,0.870695,0.556862,0.870899,0.652391
ENSDARG00000079348_0_10,-3.1200,-3.3840,1.000000,0.881345,0.700675,-29.6400,-30.6363,0.250000,0.298292,0.387200,0.289970,0.009347,0.290679,0.007656,0.355061,0.086853,0.999504,0.971269,0.999036,0.947095,0.984061,0.952076,0.968634,0.997737,0.695714,0.942082,0.050409,0.066309,0.013569,0.008587,0.316102,0.058453,0.999999,0.310198,0.999281,0.223990,0.999500,0.997604,0.688201,0.110018,0.689976,0.121194,0.696282,0.033943,0.998144,0.774951,0.989642,0.058113,0.989733,0.066523
ENSDARG00000079656_0_1,-3.0900,-3.6209,0.500000,0.630861,0.656753,-28.7100,-30.1110,0.625000,0.653261,0.547855,0.962282,0.468638,0.496508,0.069679,0.529528,0.474317,0.765406,0.507894,0.240510,0.049684,0.511708,0.112469,0.518639,0.750485,0.542661,0.829504,0.999975,0.722366,0.989348,0.655951,0.997748,0.996809,0.533850,0.093220,0.495431,0.073775,0.495423,0.073516,0.941594,0.995334,0.940574,0.994373,0.509774,0.927080,0.518186,0.929181,0.568709,0.930952,0.577198,0.301875
ENSDARG00000079656_0_2,-1.6400,-2.4295,0.750000,0.737113,0.754913,-31.9200,-32.4679,0.500000,0.511815,0.480487,0.869437,0.966651,0.816453,0.971891,0.683651,0.992866,0.991909,0.275837,0.970123,0.990148,0.995754,0.123071,0.995361,0.092326,0.916589,0.071115,0.985164,0.950258,0.476698,0.046266,0.220994,0.000418,0.279211,0.034367,0.843365,0.070346,0.899300,0.028870,0.984891,0.993273,0.796453,0.998606,0.182545,0.001769,0.193043,0.001787,0.998449,0.999975,0.998860,0.999895
ENSDARG00000079656_0_3,-1.9700,-2.3875,0.625000,0.652612,0.633122,-30.0400,-31.8335,0.625000,0.552936,0.472294,0.486405,0.589565,0.171996,0.417056,0.157424,0.819480,0.149786,0.124348,0.715931,0.089197,0.966827,0.280340,0.955487,0.900116,0.966704,0.816286,0.909199,0.713612,0.928332,0.180477,0.988666,0.032466,0.044797,0.059451,0.119127,0.067115,0.129525,0.029345,0.217306,0.037325,0.933625,0.563753,0.981738,0.903415,0.911269,0.897128,0.931616,0.972167,0.996689,0.953239
ENSDARG00000079656_0_5,-4.0500,-4.0943,0.625000,0.637779,0.699682,-30.4100,-31.2843,0.625000,0.677727,0.514308,0.985963,0.281770,0.999101,0.211009,0.961526,0.214880,0.959098,0.214664,0.973027,0.803369,0.993251,0.752368,1.000000,0.783893,0.042020,0.024477,0.013873,0.012844,0.002740,0.001678,0.960815,0.775119,0.999999,0.788286,0.999920,0.976763,0.973247,0.954251,0.986453,0.972917,0.041039,0.211026,0.055311,0.237172,0.054790,0.128831,0.994579,0.990077,0.996893,0.950775
ENSDARG00000079656_0_6,-10.1800,-10.2469,0.125000,0.135472,0.308365,-34.1800,-35.2579,0.125000,0.126778,0.301207,0.073986,0.005406,0.005891,0.003086,0.000088,0.002153,0.000172,0.000184,0.000708,0.000884,0.000248,0.000382,0.002555,0.002512,1.000000,0.997912,1.000000,0.999722,0.999998,0.998845,0.999935,0.999319,0.999937,0.999514,0.999789,0.998566,0.002346,0.003431,0.000522,0.002076,0.001016,0.003175,0.000024,0.000273,0.000020,0.000031,0.006571,0.001397,0.073487,0.005274
ENSDARG00000079656_0_7,-6.2200,-6.2916,0.250000,0.271849,0.411073,-31.1500,-32.4307,0.500000,0.623613,0.420478,0.967628,0.064716,0.967686,0.031740,0.987822,0.263401,0.955675,0.734467,0.017347,0.051201,0.037737,0.023925,0.035226,0.019387,0.032573,0.018622,0.046628,0.040286,0.030197,0.877065,0.968148,0.326408,0.999999,0.969435,0.954583,0.457855,0.016965,0.424211,0.033640,0.878895,0.033090,0.766546,0.036232,0.767382,0.050392,0.373150,0.049894,0.365466,0.999999,0.955401
ENSDARG00000079656_0_8,-4.5600,-4.6285,0.625000,0.630983,0.514922,-33.5400,-34.5954,0.500000,0.375537,0.460940,0.003263,0.072826,0.026215,0.065332,0.999996,0.518855,0.013573,0.528807,0.023045,0.994011,0.086672,0.991634,0.999756,0.980989,0.994552,0.528216,0.994537,0.543548,0.999442,0.490895,0.087312,0.476510,0.022208,0.022873,0.014082,0.004131,0.996755,0.000939,0.031017,0.121995,0.007844,0.390276,0.999996,0.578357,0.999940,0.493615,0.998816,0.493026,0.999418,0.921955
ENSDARG00000079656_0_9,-1.1900,-1.3617,0.625000,0.681901,0.739644,-27.4500,-29.0328,0.000000,0.213209,0.479947,0.961874,0.756681,0.194153,0.523766,0.154432,0.544506,0.187254,0.561996,0.955247,0.794210,0.995719,0.857969,0.998446,0.787455,0.992544,0.802540,0.964218,0.479919,0.958549,0.451624,0.999839,0.662400,0.975409,0.670205,0.169252,0.188620,0.180189,0.203931,0.176746,0.244202,0.999871,0.256062,0.993423,0.306376,0.980685,0.275711,0.971106,0.121979,0.983934,0.108788
ENSDARG00000079656_0_10,-0.6500,-1.1730,0.500000,0.658893,0.718407,-32.2600,-33.3100,0.250000,0.254561,0.528325,0.859394,0.779900,0.883130,0.982243,0.470471,0.988953,0.458385,0.987437,0.913107,0.992289,0.533504,0.998263,0.450415,0.771534,0.975626,0.993002,0.976117,0.743985,0.839127,0.085203,0.852803,0.101598,0.884912,0.105597,0.825229,0.997607,0.803576,0.006692,0.506826,0.003080,0.385499,0.999744,0.860398,0.028749,0.344534,0.000024,0.545891,0.000281,0.999187,0.000311
ENSDARG00000079738_5_1,-4.3100,-4.4769,0.625000,0.624038,0.527407,-31.7000,-32.5492,0.500000,0.500156,0.449438,0.003901,0.011616,0.003298,0.007280,0.038124,0.061892,1.000000,0.034974,0.056527,0.881617,0.201777,0.767117,0.971345,0.520863,0.999284,0.077216,0.999999,0.588787,0.995812,0.499631,0.230424,0.541560,0.055337,0.994952,0.970866,0.029735,0.016795,0.000068,0.003080,0.000062,0.003496,0.001302,0.999290,0.999917,0.999345,0.999382,0.999716,0.971550,0.999717,0.999233
ENSDARG00000079738_5_2,-1.6800,-2.3479,0.625000,0.629005,0.672287,-35.4600,-36.8818,0.125000,0.139778,0.347084,0.910704,0.967775,0.819909,0.765093,0.721184,0.766570,0.780190,0.992484,0.614783,0.996472,0.377868,0.362920,0.266671,0.189553,0.151074,0.738605,0.991678,0.031415,0.991262,0.004712,0.900832,0.004728,0.887532,0.003123,0.838428,0.003087,0.998317,0.016911,0.978236,0.999330,0.873195,0.055135,0.174281,0.011870,0.179349,0.006426,0.286187,0.014965,0.704050,0.010504
ENSDARG00000079738_5_3,-2.2200,-3.0899,0.250000,0.342511,0.472434,-34.9800,-36.0585,0.250000,0.294926,0.410781,0.646234,0.854784,0.393092,0.841292,0.385868,0.787432,0.382575,0.744839,0.556874,0.794054,0.543533,0.365051,0.230411,0.252934,0.644156,0.655208,0.639181,0.200818,0.649509,0.163398,0.637169,0.158885,0.999983,0.037519,0.999987,0.023328,0.369570,0.079752,0.652933,0.876669,0.028843,0.817500,0.025579,0.259161,0.031664,0.132584,0.115627,0.108981,0.515884,0.061431
ENSDARG00000079738_5_4,-4.1300,-4.2532,0.375000,0.406741,0.524517,-27.0900,-28.3302,0.750000,0.644007,0.560273,0.999901,0.376021,0.999960,0.333267,0.025978,0.058696,0.001650,0.041183,0.012515,0.071710,1.000000,0.963529,0.123577,0.197736,0.081451,0.143112,0.999951,0.993224,0.999928,0.975518,0.999164,0.970047,0.992335,0.929350,0.993547,0.932335,0.996858,0.978482,0.085344,0.223957,0.131782,0.281202,0.034240,0.677410,0.005385,0.618527,0.006786,0.594531,0.999989,0.845615
ENSDARG00000079738_5_6,-4.2900,-4.5315,0.500000,0.497367,0.597035,-36.0200,-37.1776,0.125000,0.135922,0.329029,0.898582,0.458675,0.878699,0.459272,0.997622,0.141042,0.155636,0.165918,0.182922,0.968600,0.177419,0.921703,0.036131,0.477341,0.819360,0.030272,0.819202,0.255628,0.998911,0.006339,0.998974,0.642622,0.998308,0.965799,0.198135,0.048161,0.182130,0.003889,0.003618,0.000019,0.002963,0.000024,0.820968,0.002174,0.924033,0.008686,0.914853,0.024437,0.932232,0.999983
ENSDARG00000079738_5_7,-3.7000,-3.8324,0.625000,0.653693,0.533754,-33.8400,-34.9782,0.250000,0.309055,0.330622,0.102275,0.002741,0.043469,0.001345,0.094437,0.003357,0.999606,0.998478,0.096625,0.127449,0.110962,0.657665,0.998776,0.346948,0.999724,0.002216,0.909564,0.001809,0.021281,0.002008,0.069127,0.999269,0.999684,0.996717,0.093709,0.124550,0.092179,0.039865,0.124180,0.041524,0.960106,0.051245,0.959973,0.066106,0.999982,0.167870,0.999747,0.991073,0.999669,0.990205
ENSDARG00000079738_5_8,-0.4100,-0.9660,0.625000,0.763396,0.765982,-26.7700,-28.1156,0.625000,0.559741,0.479581,0.833774,0.295622,0.840424,0.057664,0.916383,0.037946,0.934765,0.035032,0.999447,0.933833,0.875360,0.452945,0.843266,0.484865,1.000000,0.954668,0.756245,0.555635,0.402659,0.242352,0.397685,0.524009,0.412463,0.539121,0.999910,0.919664,0.906430,0.591050,0.877240,0.537693,0.999774,0.989933,0.379535,0.100686,0.394630,0.124858,0.568445,0.664964,0.981208,0.549075
ENSDARG00000079738_5_10,-0.2900,-0.7008,0.625000,0.779777,0.814182,-28.7700,-30.6955,0.125000,0.330332,0.482371,0.907637,0.988291,0.993308,0.719140,0.992999,0.726654,0.986676,0.999011,0.990696,0.508629,0.973604,0.507831,0.325375,0.224542,0.442703,0.067071,0.442189,0.289186,0.994988,0.399968,0.998604,0.680597,0.996646,0.893852,0.969978,0.127330,0.999837,0.161110,0.429430,0.367269,0.426738,0.454966,0.453409,0.241117,1.000000,0.504622,0.960276,0.370914,0.998544,0.415325
ENSDARG00000079850_0_1,-2.9200,-3.4174,0.500000,0.501946,0.600458,-42.1200,-42.8696,0.125000,0.168082,0.284063,0.786268,0.838465,0.774179,0.837234,0.783032,0.838853,0.241879,0.838068,0.009469,0.846687,0.015297,0.133058,0.990641,0.001088,0.998826,0.001011,0.405197,0.000678,0.999605,0.000328,0.999772,0.000160,0.989418,0.000980,0.487900,0.001520,0.791978,0.010254,0.822056,0.147587,0.074589,0.235249,0.037338,0.103986,0.013852,0.000785,0.788311,0.018225,0.999544,0.827050
ENSDARG00000079850_0_2,0.0000,-0.1267,1.000000,0.982156,0.980374,-30.0500,-30.8673,0.750000,0.778664,0.507126,0.999089,0.007071,0.999924,0.006373,1.000000,0.006536,0.871786,0.007098,1.000000,0.999057,1.000000,0.991729,1.000000,0.797120,0.998784,0.053549,1.000000,0.020263,1.000000,0.023817,0.902813,0.249175,0.977834,0.751428,0.930736,0.253973,0.997094,0.981884,1.000000,0.990614,0.997463,0.995677,1.000000,0.998008,1.000000,0.999541,1.000000,0.999785,0.931951,0.009832
ENSDARG00000079850_0_3,-2.7300,-3.5393,0.750000,0.583367,0.520347,-30.5200,-32.0469,0.375000,0.447607,0.386848,0.465898,0.107733,0.436228,0.103306,0.460735,0.104938,0.372342,0.156085,0.264510,0.694483,0.389068,0.034603,0.391984,0.036177,0.474456,0.386982,0.689317,0.522558,0.630091,0.151494,0.675855,0.873846,0.489519,0.983893,0.033878,0.924293,0.038961,0.851153,0.548747,0.149863,0.703001,0.135913,0.760002,0.902548,0.780411,0.042617,0.802365,0.060420,0.999573,0.514047
ENSDARG00000079850_0_4,-3.7100,-4.4931,0.375000,0.626374,0.616464,-37.9400,-39.1502,0.125000,0.135789,0.454933,0.799287,0.610063,0.810363,0.163340,0.552928,0.226269,0.336258,0.811236,0.188815,0.306761,0.350514,0.339640,0.566259,0.936166,0.566985,0.921214,0.996931,0.934908,0.996100,0.936176,0.718080,0.901329,0.435777,0.925246,0.435436,0.078388,0.618302,0.004820,0.999901,0.001918,0.566762,0.000115,0.566784,0.999546,0.537708,0.000058,0.566176,0.000538,0.719920,0.000932
ENSDARG00000079850_0_5,-1.2200,-1.6378,1.000000,0.887095,0.762051,-25.4300,-26.8898,0.375000,0.531882,0.596062,0.284329,0.204239,0.266125,0.186068,0.970934,0.943807,0.992756,0.989636,0.999650,0.997364,0.861131,0.922818,0.843344,0.911434,0.840792,0.907604,0.289833,0.235602,0.286405,0.203968,0.745250,0.583636,0.763714,0.580015,0.999937,0.636940,0.999915,0.687206,0.857196,0.916131,0.828686,0.294635,0.671623,0.314915,0.791935,0.077140,0.975042,0.662695,0.972422,0.665397
ENSDARG00000079850_0_7,-4.4600,-4.8652,0.375000,0.364066,0.428608,-33.2400,-34.7644,0.500000,0.472403,0.578363,0.029467,0.860017,0.043698,0.846593,0.006276,0.979360,0.027681,0.910147,0.719497,0.824788,0.708075,0.899258,0.305163,0.958504,0.447830,0.991788,0.999459,0.515615,0.999401,0.000752,0.956552,0.000152,0.416536,0.001061,0.114329,0.999915,0.723873,0.012496,0.770008,0.104691,0.109017,0.139845,0.128920,0.757001,0.027463,0.155353,0.040260,0.610035,0.998656,0.999890
ENSDARG00000079850_0_9,-4.2100,-4.8594,0.750000,0.648069,0.582129,-28.9000,-30.2789,0.500000,0.411334,0.437277,0.564900,0.476955,0.080294,0.321943,0.053949,0.323722,0.086009,0.578241,0.791009,0.554725,0.820446,0.533382,0.991610,0.556634,0.999916,0.530507,0.801617,0.493280,0.788111,0.645546,0.262308,0.407937,0.217870,0.031987,0.217962,0.057559,0.456003,0.428953,0.737082,0.491287,0.883566,0.517185,0.880836,0.687515,0.529432,0.151561,0.527971,0.171418,0.951697,0.785197
ENSDARG00000079850_0_10,-4.9400,-5.2198,0.500000,0.496708,0.592564,-33.4200,-34.3508,1.000000,0.801885,0.529601,0.966553,0.769293,0.965551,0.010597,0.977853,0.003779,1.000000,0.004588,0.960628,0.046880,0.036802,0.684548,0.026294,0.685017,0.024245,0.002150,0.013605,0.011204,0.965948,0.269799,0.940259,0.810507,0.999882,0.878582,0.999909,0.877791,0.280555,0.876250,0.219010,0.801769,0.279132,0.992852,0.031392,0.717991,0.703356,0.710647,0.708396,0.725434,0.751915,0.712341
ENSDARG00000079969_4_1,-1.3000,-2.0659,0.625000,0.624254,0.697702,-32.8700,-34.6302,1.000000,0.615896,0.384570,0.988044,0.004153,0.978168,0.002123,0.999813,0.500815,0.922692,0.498884,0.605564,0.000321,0.489892,0.001715,0.970163,0.001300,0.198722,0.000079,0.126954,0.000253,0.691944,0.047754,0.988615,0.886081,0.999437,0.820751,0.999555,0.667049,0.377070,0.510129,0.367053,0.412800,0.912706,0.979047,0.613194,0.982354,0.566778,0.679356,0.461620,0.369519,0.696060,0.326918
ENSDARG00000079969_4_2,-2.2600,-2.5033,0.250000,0.334380,0.462547,-31.6800,-32.8010,1.000000,0.791921,0.450746,0.073979,0.001905,0.057107,0.001148,0.069322,0.001710,0.977297,0.003063,0.961753,0.989190,0.996199,0.183145,0.067369,0.172264,0.136012,0.173569,0.299640,0.082517,0.978243,0.101674,0.969505,0.483124,0.989473,0.486241,0.997212,0.499220,0.303737,0.499300,0.073247,0.494400,0.144469,0.973121,0.966234,0.956420,0.067671,0.965663,0.053670,0.971857,0.068797,0.975390
ENSDARG00000079969_4_3,-2.7300,-3.3239,0.375000,0.513496,0.515491,-33.3700,-34.4842,0.375000,0.354303,0.389882,0.224645,0.912856,0.407566,0.155582,0.215506,0.172634,0.228570,0.104299,0.193588,0.079723,0.826852,0.112498,0.400765,0.720782,0.825949,0.308660,0.834382,0.398387,0.833524,0.281317,0.821821,0.829819,0.388693,0.886666,0.971609,0.066489,0.195615,0.146637,0.432231,0.856627,0.393245,0.924765,0.222026,0.807949,0.218544,0.013083,0.823141,0.011142,0.851557,0.007729
ENSDARG00000079969_4_4,-2.0600,-2.6557,1.000000,0.803821,0.701343,-30.3300,-31.5052,1.000000,0.969109,0.475846,0.146838,0.159978,0.101409,0.019465,0.538218,0.014838,0.943396,0.999691,0.503132,0.004266,0.810910,0.002424,0.998507,0.010657,0.999390,0.013704,0.512440,0.002624,0.480899,0.011075,0.572111,0.047693,0.989050,0.477647,1.000000,0.982814,0.644782,0.917895,0.999953,0.997453,0.826348,0.984732,0.634329,0.984004,0.563671,0.978427,0.765518,0.991559,0.995965,0.915985
ENSDARG00000079969_4_5,-2.9500,-3.5215,0.375000,0.398955,0.501948,-35.7200,-36.7059,0.250000,0.272124,0.409468,0.988740,0.858241,0.214783,0.897526,0.138111,0.904784,0.095863,0.905364,0.955745,0.907681,0.521147,0.478487,0.073845,0.854521,0.606811,0.121856,0.615589,0.078210,0.935632,0.003763,0.851000,0.001165,0.850054,0.000772,0.954947,0.091183,0.143611,0.091691,0.092630,0.821107,0.563669,0.998428,0.999934,0.148863,0.145349,0.001240,0.139339,0.001413,0.152158,0.023069
ENSDARG00000079969_4_6,-6.7000,-6.7711,0.375000,0.389014,0.511197,-34.6600,-36.1465,0.625000,0.225857,0.465618,0.013822,0.331770,0.013123,0.377321,0.103748,0.395086,1.000000,0.554554,0.005147,0.709446,0.987695,0.555082,0.999981,0.506074,0.001571,0.503012,0.987726,0.805458,0.999019,0.814487,1.000000,0.972043,1.000000,0.981166,0.014486,0.225701,0.998562,0.189075,0.999999,0.189313,0.004883,0.192722,0.091448,0.006521,0.001311,0.001478,0.001438,0.002304,0.999983,0.999744
ENSDARG00000079969_4_7,-2.9900,-3.2759,0.750000,0.748151,0.717897,-33.1000,-34.4801,0.250000,0.365536,0.468168,0.080427,0.969252,0.956908,0.428613,0.961108,0.414749,0.052717,0.398700,0.893452,0.506449,0.297982,0.506596,0.971816,0.167027,0.991406,0.323096,0.987195,0.317405,0.955801,0.723660,0.289478,0.860687,0.934444,0.822840,0.125465,0.049460,0.991052,0.114949,0.992493,0.535145,0.068777,0.012990,0.948902,0.098012,0.939950,0.464240,0.936153,0.868105,0.982421,0.781384
ENSDARG00000079969_4_8,0.0000,-0.0281,1.000000,0.991328,0.992232,-33.7200,-34.7204,0.625000,0.618047,0.519975,0.999715,0.893235,0.999941,0.646945,0.998814,0.767104,0.999721,0.972728,0.995038,0.989117,0.999949,0.072793,0.996095,0.044758,0.999882,0.991805,0.998727,0.051441,0.999879,0.003406,0.968479,0.001984,0.957780,0.019806,0.998723,0.943918,0.999781,0.938765,1.000000,0.106245,0.999946,0.013085,0.968891,0.938602,0.964543,0.015508,0.999382,0.999784,0.999361,0.988471
ENSDARG00000079969_4_9,-1.1600,-1.4760,1.000000,0.969138,0.800674,-29.6300,-31.0322,0.625000,0.633936,0.537382,0.169968,0.129523,0.218561,0.090330,0.999887,0.652267,0.999944,0.831423,0.999974,0.824951,0.863260,0.797342,0.135569,0.537930,0.248397,0.178784,0.981002,0.603165,0.998405,0.621392,0.755481,0.022162,0.889924,0.386880,0.987034,0.389384,0.989210,0.986025,0.999235,0.970138,0.999753,0.932129,0.797138,0.713615,0.999361,0.999885,0.989529,0.070930,0.991840,0.009378
ENSDARG00000086034_0_1,-5.8700,-6.1622,0.500000,0.551674,0.496837,-33.1100,-34.2499,0.500000,0.480785,0.439265,0.031853,0.093219,0.035901,0.074580,0.647988,0.117326,0.829053,0.861536,0.076907,0.864626,0.174438,0.540469,0.174760,0.645207,0.999762,0.207656,0.897644,0.658273,0.828546,0.310662,0.825899,0.295849,0.000595,0.269616,0.000936,0.808444,0.179388,0.850101,0.999784,0.995981,0.820300,0.002732,0.218971,0.002023,0.194312,0.012123,0.999879,0.999146,0.999824,0.175729
ENSDARG00000086034_0_2,-0.6700,-1.4150,0.375000,0.562116,0.585615,-32.0500,-33.6147,0.500000,0.524615,0.447938,0.331449,0.976906,0.365131,0.267668,0.410215,0.281380,0.812013,0.292452,0.453079,0.991915,0.601645,0.987576,0.440583,0.823513,0.854512,0.024510,0.885839,0.040103,0.873488,0.040553,0.786177,0.028286,0.401234,0.006980,0.965915,0.370421,0.441101,0.917565,0.441339,0.710987,0.855432,0.892415,0.273809,0.453832,0.202261,0.055667,0.377921,0.062426,0.939148,0.733604
ENSDARG00000086034_0_3,-3.0000,-3.5889,0.375000,0.376541,0.499944,-31.0800,-31.9307,0.625000,0.584304,0.505056,0.999174,0.301385,0.995782,0.265237,0.221559,0.278053,0.069724,0.902213,0.007549,0.920949,0.010800,0.902809,0.101456,0.302248,0.995583,0.143311,0.594695,0.031015,0.995568,0.203545,0.994828,0.292050,0.999830,0.883866,0.995760,0.859080,0.597759,0.227845,0.907240,0.069472,0.021570,0.071999,0.010220,0.759856,0.032393,0.989502,0.160673,0.962690,0.286708,0.733989
ENSDARG00000086034_0_4,-4.4600,-5.0185,0.625000,0.572113,0.548818,-29.0900,-31.2183,0.375000,0.381430,0.404877,0.003919,0.016671,0.000981,0.007176,0.431681,0.401470,0.004165,0.037336,0.168704,0.467308,0.987036,0.195074,0.891792,0.079541,0.999924,0.976396,0.999988,0.483119,0.585579,0.940395,0.988156,0.489228,0.337538,0.952397,0.001768,0.083071,0.002732,0.348806,0.008178,0.286104,0.567564,0.399323,0.996703,0.107494,0.999968,0.221444,0.999994,0.618745,0.999999,0.986450
ENSDARG00000086034_0_5,-6.2700,-6.4061,0.875000,0.798537,0.479286,-31.9000,-33.3994,0.500000,0.419241,0.357696,0.016550,0.011512,0.001454,0.004994,0.001972,0.011120,0.011977,0.023630,0.039799,0.028742,0.993104,0.433663,0.997533,0.927134,0.981402,0.470330,0.039212,0.526719,0.033675,0.367386,0.041488,0.609485,0.039253,0.385279,0.035958,0.596634,0.853040,0.105536,0.841692,0.184782,0.980729,0.778796,0.970501,0.045006,0.973248,0.052587,0.866416,0.773595,0.866709,0.816995
ENSDARG00000086034_0_6,-2.5100,-2.5926,0.750000,0.757794,0.705466,-26.3500,-27.7885,0.875000,0.778325,0.605116,0.034000,0.912745,0.068126,0.344851,0.027750,0.303027,0.961682,0.341178,0.986820,0.608869,0.976239,0.480032,0.998625,0.377628,0.996435,0.752540,0.999786,0.788514,0.960556,0.829478,0.969850,0.087417,0.067091,0.049434,0.064429,0.113893,0.065657,0.575088,0.993518,0.971594,0.971006,0.882977,0.967799,0.900499,0.999990,0.957337,0.999990,0.952100,0.999966,0.873112
ENSDARG00000086034_0_7,-3.5500,-4.0829,0.500000,0.407343,0.525274,-27.9300,-30.0398,0.375000,0.423672,0.480403,0.993741,0.719322,0.993465,0.450677,0.935772,0.326375,0.937205,0.535476,0.018282,0.571889,0.016781,0.333066,0.068108,0.343386,0.013094,0.225396,0.464852,0.505061,0.810319,0.667347,0.999469,0.797579,0.995638,0.743115,0.939455,0.588046,0.942164,0.791490,0.810213,0.746377,0.464979,0.597824,0.072683,0.270534,0.005067,0.028775,0.007637,0.044447,0.016548,0.321884
ENSDARG00000086034_0_8,-1.1000,-1.7809,1.000000,0.753759,0.695414,-31.5400,-32.7451,0.375000,0.311841,0.420472,0.834307,0.641846,0.780694,0.643415,0.244706,0.674760,0.526895,0.674614,0.267849,0.673689,0.536577,0.726443,0.799073,0.882206,0.999979,0.974329,0.975490,0.008146,0.615694,0.001529,0.617573,0.001466,0.679362,0.012269,0.759727,0.066567,0.585546,0.364678,0.746557,0.000856,0.721911,0.670845,0.814250,0.341038,0.488360,0.024685,0.913791,0.999150,0.999933,0.026908
ENSDARG00000086034_0_9,-1.9400,-2.5456,0.500000,0.463263,0.570597,-40.7800,-42.4816,0.000000,0.003758,0.357504,0.867132,0.813795,0.864291,0.809525,0.842544,0.506319,0.973743,0.496436,0.866622,0.539500,0.178433,0.608342,0.156982,0.558055,0.185477,0.892528,0.189422,0.947287,0.990524,0.913414,0.593754,0.017943,0.996912,0.016863,0.997982,0.001479,0.857313,0.002067,0.448512,0.004246,0.976435,0.000464,0.057682,0.010026,0.015951,0.000041,0.074047,0.004043,0.278178,0.007700
ENSDARG00000086034_0_10,-3.2000,-3.7296,0.750000,0.750483,0.608269,-33.8900,-34.6610,0.750000,0.739699,0.386272,0.631844,0.003983,0.249508,0.001863,0.102253,0.002013,0.529935,0.008160,0.360594,0.008891,0.483900,0.004845,0.903338,0.005442,0.909180,0.054295,0.919170,0.850521,0.872384,0.812091,0.101032,0.027345,0.098381,0.028410,0.999994,0.995349,0.189045,0.972015,0.196708,0.969065,0.910467,0.970671,0.909537,0.970517,0.999920,0.985983,0.898373,0.031478,0.899820,0.022512
ENSDARG00000086551_1_1,-4.2100,-4.4683,0.500000,0.485082,0.587936,-34.1700,-35.2023,0.375000,0.278499,0.465300,0.011452,0.060398,0.009559,0.051429,0.999637,0.053534,0.006796,0.064718,0.001492,0.564706,0.853172,0.522050,0.999137,0.944126,0.998443,0.944054,0.999887,0.988832,0.999760,0.976239,0.999779,0.921293,0.998954,0.986623,0.863544,0.545967,0.857891,0.590885,0.996943,0.081328,0.008341,0.006177,0.132980,0.000780,0.198363,0.001278,0.009262,0.003254,0.813335,0.998321
ENSDARG00000086551_1_2,-0.8400,-1.4350,0.375000,0.637548,0.632393,-37.2600,-38.2016,0.125000,0.128185,0.336367,0.761410,0.502200,0.269575,0.434321,0.266755,0.418930,0.824593,0.920691,0.902236,0.933598,0.416065,0.076757,0.439515,0.075187,0.404821,0.096482,0.761497,0.992392,0.697733,0.302143,0.807849,0.948166,0.995423,0.000994,0.519981,0.000459,0.422045,0.001274,0.415275,0.006178,0.958902,0.000453,0.969950,0.000156,0.382467,0.000033,0.432241,0.021732,0.999525,0.995197
ENSDARG00000086551_1_3,-3.4400,-4.1682,0.750000,0.808027,0.674392,-35.6500,-36.8007,0.125000,0.152580,0.302479,0.501112,0.620198,0.846375,0.555541,0.417351,0.550496,0.577744,0.990586,0.012041,0.991189,0.439871,0.030923,0.999989,0.052433,0.999990,0.998168,0.991205,0.036698,0.685563,0.001297,0.124518,0.000161,0.427865,0.001258,0.877428,0.000678,0.143782,0.983950,0.999954,0.037341,0.497472,0.032206,1.000000,0.025767,0.979474,0.019136,0.979522,0.026743,0.986587,0.094817
ENSDARG00000086551_1_4,-2.9700,-3.6945,0.375000,0.514280,0.609992,-29.2500,-30.7888,0.375000,0.464728,0.505866,0.639229,0.841529,0.983726,0.803988,0.645130,0.889850,0.582727,0.103205,0.685575,0.099548,0.438831,0.107660,0.344974,0.048940,0.331778,0.494591,0.453166,0.781854,0.998477,0.995996,0.997274,0.981051,0.984717,0.251274,0.692955,0.249094,0.475060,0.311002,0.699336,0.209145,0.362095,0.204961,0.302387,0.209182,0.638058,0.777447,0.189771,0.775381,0.754580,0.981613
ENSDARG00000086551_1_5,-2.1900,-2.8942,0.375000,0.691558,0.620383,-30.4800,-32.0921,0.500000,0.532526,0.479433,0.156647,0.457842,0.498622,0.454122,0.693281,0.471568,0.527629,0.553729,0.999958,0.568751,0.548304,0.573967,0.346758,0.620410,0.024526,0.447001,0.492444,0.444466,0.999963,0.285315,0.928244,0.245063,0.658826,0.206204,0.521339,0.204010,0.544108,0.016571,0.674246,0.062899,0.535252,0.050215,0.995400,0.994586,0.998838,0.996117,0.328304,0.960321,0.934974,0.975490
ENSDARG00000086551_1_6,-4.6100,-4.6535,0.750000,0.745652,0.695647,-31.5300,-32.6959,0.000000,0.022625,0.407635,0.011100,0.007548,0.011175,0.007548,0.012817,0.009404,0.962292,0.971717,0.990087,0.999814,0.999979,0.999931,0.990888,0.999844,0.989860,0.997182,0.999693,0.999713,0.967033,0.969724,0.999998,0.999800,0.012803,0.009466,0.011188,0.007882,0.011690,0.001884,0.988267,0.030435,0.990190,0.090671,0.990499,0.038039,1.000000,0.005554,0.990071,0.003367,0.983309,0.003168
ENSDARG00000086551_1_7,-1.1100,-1.8827,0.750000,0.616000,0.642472,-32.1200,-33.0451,0.125000,0.163432,0.482436,0.975810,0.895478,0.264118,0.352758,0.508132,0.440420,0.974653,0.908546,0.590326,0.429586,0.609080,0.343390,0.357539,0.322808,0.421724,0.873581,0.703711,0.921315,0.999146,0.941706,0.990931,0.966541,0.526269,0.945130,0.656506,0.058935,0.584705,0.060337,0.748062,0.062248,0.101875,0.071351,0.088798,0.987861,0.990466,0.040922,0.997448,0.012860,0.760143,0.012944
ENSDARG00000086551_1_8,-7.9200,-8.3786,0.250000,0.255742,0.404544,-32.3600,-34.3357,0.250000,0.327150,0.460989,0.997444,0.969049,0.004312,0.936104,0.006162,0.574557,0.005282,0.575755,0.493370,0.642434,0.504996,0.552812,0.012139,0.495070,0.023984,0.493869,0.998547,0.474573,0.999172,0.245390,0.999877,0.208575,0.999650,0.434403,0.998646,0.715770,0.020537,0.876276,0.013328,0.283779,0.010392,0.164739,0.000119,0.008115,0.001368,0.141380,0.001761,0.005529,0.999786,0.421608
ENSDARG00000086551_1_9,-2.9700,-3.4631,0.500000,0.622474,0.656518,-31.8900,-32.9109,0.250000,0.495585,0.477596,0.318283,0.584663,0.469240,0.523708,0.230675,0.548220,0.058313,0.546567,0.984444,0.034178,0.927557,0.037449,0.783389,0.989171,0.805098,0.571314,0.994889,0.076237,0.834578,0.421932,0.840311,0.318057,0.903786,0.935748,0.143669,0.812767,0.383368,0.319187,0.906916,0.445108,0.243360,0.144292,0.474608,0.158919,0.994680,0.548052,0.833188,0.637957,1.000000,0.898395
ENSDARG00000086551_1_10,-4.9900,-5.1133,0.500000,0.511314,0.597847,-30.8700,-32.1773,0.375000,0.476154,0.338418,0.962481,0.898255,0.974999,0.246762,0.980134,0.276049,0.976031,0.164385,0.976992,0.045592,0.897434,0.033080,1.000000,0.049562,0.057525,0.007530,0.042020,0.066294,0.032118,0.137477,0.008014,0.113119,0.958689,0.921028,0.982697,0.990579,0.998523,0.984624,0.999962,0.924187,0.048208,0.065295,0.043453,0.135985,0.033979,0.046065,0.071569,0.344803,0.912118,0.317693
ENSDARG00000088347_3_1,-6.5900,-6.6708,0.250000,0.265578,0.412516,-34.7500,-35.9949,0.500000,0.395266,0.468992,0.012839,0.912411,0.005276,0.447745,0.999976,0.492874,0.084341,0.856626,1.000000,0.586894,0.006014,0.376741,0.000825,0.434878,0.017543,0.811410,0.999723,0.295671,0.999586,0.951616,1.000000,0.040859,0.999575,0.009997,0.994077,0.550342,0.017089,0.050047,0.006200,0.001851,0.003953,0.004874,0.089778,0.363540,0.006605,0.555810,0.007295,0.649296,0.999625,0.986369
ENSDARG00000088347_3_2,-5.4500,-5.9565,0.375000,0.401659,0.366400,-32.8400,-34.2702,0.500000,0.356844,0.322939,0.181924,0.147995,0.102216,0.067510,0.097945,0.151608,0.148347,0.383426,0.165845,0.338972,0.311010,0.307485,0.111610,0.309303,0.706666,0.615256,0.910396,0.625001,0.917927,0.569618,0.237995,0.047963,0.222843,0.039896,0.027369,0.106776,0.631827,0.656596,0.997320,0.840345,0.834730,0.560308,0.302617,0.548805,0.114745,0.034555,0.116920,0.046434,0.187743,0.060931
ENSDARG00000088347_3_3,-3.7700,-4.0934,0.875000,0.819241,0.570011,-34.4300,-35.6714,0.375000,0.413020,0.383908,0.640359,0.271072,0.040947,0.254812,0.039146,0.318404,0.043040,0.963349,0.032730,0.993352,0.990930,0.358571,0.971287,0.112936,0.962016,0.100677,0.995576,0.999080,0.047789,0.001099,0.044708,0.000096,0.037761,0.000545,0.039755,0.000605,0.970207,0.983386,0.608126,0.982973,0.988353,0.096801,0.993367,0.122106,0.985487,0.043598,0.978824,0.999163,0.989807,0.075529
ENSDARG00000088347_3_5,-7.3800,-7.6059,0.250000,0.287738,0.423600,-33.5500,-35.1647,0.375000,0.407726,0.403109,0.977598,0.546858,0.100566,0.523078,0.000368,0.744804,0.000124,0.962151,0.005240,0.982875,0.019075,0.012325,0.200756,0.003328,0.962657,0.504539,0.987740,0.498943,0.960144,0.004724,0.977944,0.006241,0.977892,0.010511,0.997044,0.993595,0.959853,0.006480,0.155000,0.007374,0.000769,0.004512,0.022446,0.093694,0.022180,0.995069,0.022448,0.992145,0.122165,0.168941
ENSDARG00000088347_3_6,-4.5400,-4.5892,1.000000,0.989342,0.604563,-32.8400,-33.8396,0.625000,0.625003,0.431716,0.015672,0.013672,0.014207,0.009929,0.019721,0.023622,0.055520,0.983514,0.998469,0.999274,0.999060,0.019866,0.987661,0.019323,0.042215,0.000644,0.008600,0.001371,0.017142,0.062975,0.018771,0.909343,0.999482,0.590765,0.988929,0.693499,0.990624,0.560572,0.991937,0.556612,0.983522,0.495544,0.983574,0.642862,0.991061,0.690849,0.986211,0.679969,0.998877,0.680116
ENSDARG00000088347_3_7,-0.8500,-1.9531,0.250000,0.550946,0.588675,-37.2900,-39.0838,0.125000,0.175857,0.422613,0.528335,0.703182,0.677325,0.618321,0.663956,0.702307,0.304159,0.962284,0.613362,0.824596,0.559966,0.759076,0.376558,0.749273,0.416052,0.743913,0.819539,0.632400,0.725336,0.344885,0.753246,0.003015,0.928097,0.002149,0.568320,0.001296,0.353175,0.000978,0.491789,0.005452,0.613357,0.000334,0.544224,0.000256,0.431296,0.040381,0.672404,0.999943,0.733002,0.358214
ENSDARG00000088347_3_8,-2.0400,-2.6359,1.000000,0.751691,0.653550,-28.5400,-29.4764,0.625000,0.644994,0.441158,0.408468,0.129722,0.027344,0.123193,0.584661,0.025630,0.249108,0.006894,0.636238,0.014392,0.654532,0.161680,0.916449,0.886665,0.864213,0.990750,0.556777,0.841152,0.617769,0.113299,0.582203,0.249789,0.959702,0.120037,0.643117,0.233554,0.636724,0.320999,0.661532,0.508582,0.540909,0.561966,0.537498,0.582956,0.999505,0.994271,0.994661,0.995791,0.999585,0.961835
ENSDARG00000088347_3_9,-2.2000,-2.5769,0.750000,0.788717,0.720851,-31.7900,-32.9630,0.875000,0.694220,0.422388,0.177876,0.060099,0.031896,0.004393,0.225013,0.005671,0.999966,0.016652,0.871118,0.018430,0.999249,0.226841,0.903211,0.098752,0.903683,0.983600,0.963459,0.982497,0.966279,0.027353,0.967239,0.022869,0.098300,0.446838,0.227970,0.767049,0.463206,0.790932,0.805045,0.996300,0.851172,0.976120,0.996602,0.791627,0.981916,0.769760,0.986595,0.453747,0.997228,0.008228
ENSDARG00000088347_3_10,-9.8100,-10.1232,0.500000,0.499670,0.462462,-32.8200,-34.5530,0.250000,0.256752,0.366008,0.009376,0.053959,0.000311,0.013598,0.000278,0.027863,0.006695,0.071614,0.001224,0.002044,0.613167,0.514698,0.993568,0.907144,1.000000,0.938009,0.999998,0.918639,0.999999,0.990561,0.619644,0.662099,0.007616,0.165929,0.006695,0.087101,0.000011,0.035615,0.002540,0.053865,0.005524,0.081324,0.994906,0.326124,0.999962,0.298889,0.993834,0.564527,0.993889,0.606568
ENSDARG00000088484_0_1,-2.9000,-2.9642,0.875000,0.877952,0.703452,-26.0800,-27.7254,0.375000,0.439704,0.530960,0.008495,0.043813,0.007598,0.040824,0.058291,0.117873,0.986310,0.980185,0.974062,0.968542,0.985676,0.936371,0.985709,0.939770,0.999956,0.980415,0.959855,0.947110,0.995800,0.964367,0.056824,0.103985,0.026846,0.078306,0.027669,0.067542,0.999963,0.946620,0.998752,0.878531,0.998893,0.896191,0.999124,0.165153,0.999370,0.132420,0.999914,0.246436,0.999928,0.184738
ENSDARG00000088484_0_2,-1.6400,-2.0851,0.500000,0.741005,0.704391,-29.1400,-30.2042,0.500000,0.454220,0.575054,0.067138,0.057433,0.033002,0.055308,0.479731,0.855572,0.487176,0.836465,0.999998,0.995960,0.999127,0.851750,0.999842,0.926976,0.996538,0.993476,0.606534,0.372816,0.558483,0.226860,0.933115,0.795928,0.999094,0.898772,0.990235,0.846209,0.999448,0.797179,0.999210,0.871330,0.490154,0.874174,0.472033,0.101484,0.479157,0.004127,0.513244,0.006835,0.984559,0.132420
ENSDARG00000088484_0_3,-4.6000,-4.6362,0.625000,0.625444,0.599777,-28.0700,-29.6382,0.375000,0.459230,0.463886,0.002097,0.660104,0.000846,0.250577,0.001870,0.256178,0.008618,0.081491,0.999609,0.374945,0.985200,0.988104,0.999983,0.459497,0.999988,0.447097,0.999604,0.449843,0.988664,0.649734,0.986977,0.748583,0.018537,0.237727,0.001832,0.754939,0.000881,0.440620,0.001798,0.096772,0.999935,0.273776,0.999987,0.434411,0.999600,0.895021,0.999560,0.360990,0.999963,0.417312
ENSDARG00000088484_0_4,-3.3900,-3.4046,0.875000,0.874777,0.701254,-29.7600,-31.7357,0.000000,0.135662,0.188806,0.013086,0.858052,0.011030,0.260972,0.010742,0.084316,0.998489,0.101496,0.992399,0.053901,0.994981,0.051190,0.999902,0.049065,0.999874,0.055103,0.997054,0.068492,0.999108,0.147326,0.003919,0.861123,0.006284,0.099789,0.009097,0.111371,0.998131,0.194765,0.999812,0.181532,0.999797,0.196386,0.997336,0.066901,0.997504,0.123495,0.997216,0.060234,0.999326,0.150608
ENSDARG00000088484_0_5,-4.4900,-4.8317,0.750000,0.773372,0.548141,-30.3900,-31.1551,0.625000,0.672234,0.479514,0.189589,0.063412,0.002403,0.040199,0.001723,0.061087,0.001738,0.976987,0.290673,0.038182,0.999707,0.042487,0.998876,0.034272,0.999129,0.988431,0.999161,0.988051,0.290182,0.978434,0.000929,0.000498,0.001738,0.000366,0.002151,0.000288,0.195705,0.016883,0.998877,0.989053,0.993905,0.921042,0.998957,0.991018,0.999093,0.502728,0.998748,0.984397,0.999539,0.972460
ENSDARG00000088484_0_6,-1.5600,-2.1106,0.500000,0.663143,0.611764,-33.1500,-34.2582,0.250000,0.299044,0.340139,0.527696,0.237315,0.227230,0.068546,0.164095,0.067603,0.134577,0.061220,0.750729,0.064243,0.354389,0.169357,0.984985,0.995730,0.969826,0.775968,0.962357,0.864979,0.846784,0.896471,0.897395,0.140779,0.110065,0.068214,0.877269,0.000893,0.245743,0.000185,0.322030,0.000867,0.332295,0.029097,0.562571,0.287762,0.982265,0.873154,0.983063,0.936831,0.999909,0.263563
ENSDARG00000088484_0_7,-1.6800,-2.4170,0.625000,0.479060,0.582580,-30.5200,-31.9432,1.000000,0.781735,0.477320,0.983475,0.092046,0.984711,0.002765,0.947061,0.000118,0.691385,0.000254,0.072844,0.000051,0.070413,0.005225,0.035274,0.005518,0.487624,0.042614,0.552516,0.809838,0.995203,0.794655,0.999451,0.818153,0.999169,0.721283,0.998023,0.785428,0.552642,0.752158,0.487266,0.747396,0.708328,0.771816,0.301620,0.950953,0.062411,0.924069,0.047823,0.806618,0.674370,0.515444
ENSDARG00000088484_0_8,-1.8400,-2.6885,0.500000,0.645425,0.650389,-30.0800,-31.6361,0.500000,0.502144,0.475192,0.830603,0.261782,0.904117,0.267045,0.398708,0.795347,0.048326,0.995818,0.226467,0.996798,0.247406,0.393638,0.878619,0.452509,0.929276,0.465083,0.998478,0.417071,0.996426,0.420178,0.691161,0.004784,0.694784,0.016638,0.777529,0.994757,0.767514,0.002601,0.929031,0.002435,0.354433,0.002504,0.361985,0.999556,0.408270,0.998746,0.624218,0.999018,0.940418,0.017537
ENSDARG00000088484_0_10,-6.0300,-6.0787,0.500000,0.500171,0.595134,-29.2000,-30.5209,0.375000,0.422429,0.607249,0.996072,0.944954,0.004246,0.308528,0.001210,0.338209,0.000927,0.325483,0.001506,0.352038,0.998776,0.976874,0.951226,0.882504,0.999994,0.934711,0.999998,0.992559,0.999111,0.881002,0.997289,0.926665,0.950950,0.902028,1.000000,0.963578,1.000000,0.969962,0.001508,0.009571,0.000067,0.002152,0.000340,0.002686,0.001201,0.002848,1.000000,0.992444,0.998254,0.436190
ENSDARG00000088655_7_1,0.0000,-0.3313,1.000000,0.840020,0.849116,-26.7200,-28.5515,0.500000,0.466856,0.597195,0.937931,0.366019,0.941875,0.345406,0.903657,0.554133,0.935619,0.804271,0.947793,0.788091,0.963450,0.885348,0.712219,0.881748,0.698463,0.875068,0.679621,0.656961,0.669000,0.666844,0.920695,0.667878,0.951844,0.717287,0.942861,0.939748,0.980661,0.825474,0.725837,0.818146,0.689524,0.768205,0.707070,0.166083,0.717115,0.045017,0.975084,0.164285,0.982006,0.007889
ENSDARG00000088655_7_3,-2.2700,-2.3529,0.500000,0.532915,0.625009,-32.6700,-33.8695,0.375000,0.380326,0.461817,0.990164,0.978386,0.996606,0.070331,0.112437,0.069146,0.088128,0.070501,0.998703,0.074368,0.999815,0.079038,0.028115,0.068904,0.033840,0.965419,0.999950,0.979601,0.990070,0.931771,0.999960,0.992791,0.999071,0.913486,0.998948,0.846112,0.066101,0.837091,0.035540,0.556466,0.971672,0.022744,0.993398,0.209310,0.088840,0.446285,0.109935,0.050542,0.998883,0.074056
ENSDARG00000088655_7_4,-0.4600,-1.3134,0.500000,0.676905,0.731133,-30.5000,-31.4834,0.250000,0.258424,0.304874,0.896324,0.019102,0.990664,0.009321,0.996148,0.061194,0.995153,0.997301,0.997772,0.988504,0.517680,0.938907,0.312460,0.872492,0.426418,0.048040,0.408933,0.002677,0.681462,0.001850,0.990840,0.017926,0.993561,0.072775,0.999081,0.034338,0.841985,0.016120,0.674944,0.014061,0.570272,0.017638,0.211229,0.018324,0.245804,0.016579,0.873107,0.990194,0.998820,0.960136
ENSDARG00000088655_7_5,-3.1100,-3.3724,0.375000,0.387935,0.443099,-31.8400,-32.9729,0.375000,0.375757,0.403265,0.998179,0.413979,0.051212,0.353395,0.035069,0.207632,0.036647,0.016197,0.014967,0.012691,0.961258,0.028152,0.005310,0.023840,0.328750,0.993981,0.999785,0.988933,0.999742,0.996381,0.999385,0.997380,0.328204,0.026683,0.047929,0.003198,0.957852,0.002504,0.008618,0.003148,0.009278,0.044223,0.040510,0.999724,0.050836,0.945320,0.994305,0.978623,0.994151,0.029312
ENSDARG00000088655_7_6,-0.1800,-0.9522,1.000000,0.898485,0.777744,-30.8100,-32.8045,0.250000,0.351606,0.446498,0.821402,0.522795,0.350928,0.239794,0.416713,0.525558,0.567063,0.340847,0.912993,0.673776,0.929007,0.727453,0.921024,0.957782,0.990192,0.342098,0.571651,0.933028,0.401233,0.085859,0.524880,0.104475,0.959914,0.663650,0.954439,0.397908,0.990656,0.066813,0.803969,0.061626,0.757751,0.046937,0.801318,0.131950,0.935956,0.969910,0.948175,0.969451,0.995612,0.168255
ENSDARG00000088655_7_9,0.0000,-0.0710,1.000000,0.967102,0.968967,-29.2100,-30.7347,0.375000,0.543240,0.361050,0.995536,0.249807,0.977795,0.057316,0.947749,0.240575,0.955952,0.163098,0.959631,0.055104,0.951334,0.062233,0.964827,0.036971,0.977975,0.012178,0.986777,0.041021,0.979101,0.616744,0.975073,0.649671,0.970776,0.690358,0.960282,0.934752,0.977344,0.307044,0.962157,0.283762,0.944527,0.057472,0.963416,0.630340,0.949134,0.627035,0.984650,0.778348,0.995302,0.727166
ENSDARG00000088789_1_1,-3.6000,-4.1275,0.375000,0.573147,0.610152,-32.0100,-33.1381,0.375000,0.351911,0.418607,0.433633,0.847537,0.798507,0.065928,0.893872,0.146880,0.277599,0.171387,0.249678,0.959264,0.248002,0.269072,0.246334,0.978117,0.971371,0.204441,0.747401,0.002792,0.753760,0.006039,0.998622,0.947138,0.999082,0.958248,0.986669,0.607204,0.277773,0.789797,0.281767,0.789622,0.283229,0.128582,0.303510,0.072180,0.966287,0.074782,0.966657,0.252855,0.519281,0.100267
ENSDARG00000088789_1_2,-2.1500,-2.3426,0.875000,0.850358,0.721222,-32.9700,-34.0657,0.500000,0.529264,0.492089,0.028103,0.721507,0.041857,0.477337,1.000000,0.574648,0.161602,0.791476,0.999999,0.973553,1.000000,0.271891,0.999997,0.203796,0.977845,0.187734,0.983333,0.208966,0.999993,0.897925,0.238089,0.150883,0.190745,0.147958,0.182784,0.894144,0.920845,0.095924,0.852895,0.095222,0.851363,0.095629,1.000000,0.999894,0.995048,0.997653,1.000000,0.999683,0.999933,0.055967
ENSDARG00000088789_1_3,-9.7600,-10.2295,0.250000,0.317542,0.454033,-34.1700,-35.7617,0.500000,0.444037,0.410007,0.999999,0.314361,0.999999,0.088750,1.000000,0.160113,0.003820,0.126296,0.002361,0.140453,0.000027,0.123961,0.000007,0.007400,0.000679,0.009223,0.533440,0.930382,1.000000,0.998212,1.000000,0.874529,1.000000,0.874162,0.533440,0.805021,0.338496,0.777313,0.002169,0.723489,0.001567,0.828980,0.001544,0.052765,0.003219,0.094119,0.660608,0.179023,0.999291,0.091588
ENSDARG00000088789_1_4,-0.7700,-1.2345,0.875000,0.870594,0.724550,-28.5400,-29.4164,1.000000,0.942091,0.609443,0.380671,0.030582,0.373727,0.028809,0.478518,0.951388,0.360016,0.144437,0.992530,0.090407,0.984506,0.027090,0.963408,0.002129,0.855298,0.065627,0.824341,0.834898,0.454151,0.852478,0.386893,0.817158,0.472191,0.807127,0.380343,0.924663,0.983102,0.991264,0.744848,0.910620,0.873858,0.968265,0.998673,0.987895,0.999616,0.984977,0.993435,0.900635,0.990881,0.868407
ENSDARG00000088789_1_5,-2.3400,-2.4637,0.750000,0.748704,0.788735,-33.0700,-33.6962,1.000000,0.877538,0.406001,0.974105,0.006412,0.960971,0.001631,0.926750,0.002238,0.990642,0.000780,0.999798,0.000854,0.093534,0.003476,0.052762,0.020223,0.943368,0.017657,0.933937,0.017534,0.949091,0.015375,0.964096,0.018890,0.996015,0.994643,0.998310,0.984143,0.957444,0.615264,0.949397,0.668809,0.067764,0.864541,0.071988,0.973571,0.997754,0.977051,0.954557,0.984009,0.992420,0.952920
ENSDARG00000088789_1_6,-0.7800,-1.5223,0.625000,0.700068,0.695705,-26.7900,-28.6157,0.625000,0.629169,0.551981,0.128631,0.170097,0.151551,0.076083,0.999558,0.302278,0.179709,0.043171,0.548614,0.365684,0.968556,0.384858,0.991569,0.968386,0.987089,0.962548,0.966382,0.432432,0.888543,0.420398,0.843194,0.923297,0.660160,0.957048,0.487637,0.692157,0.436644,0.689914,0.920158,0.721305,0.388941,0.371104,0.426110,0.325276,0.984077,0.311087,0.970439,0.958585,0.986534,0.963919
ENSDARG00000088789_1_9,-1.3900,-1.5300,1.000000,0.974813,0.814590,-28.4600,-29.7489,1.000000,0.931712,0.563767,0.079814,0.303356,0.107618,0.293049,0.999935,0.019301,0.998216,0.020447,0.969860,0.095872,0.973633,0.983923,0.997378,0.625311,0.996243,0.600458,0.200685,0.008437,0.201573,0.007005,0.993955,0.421769,0.974387,0.442709,0.987977,0.990362,0.975470,0.983270,0.915595,0.983046,0.928705,0.992423,0.999776,0.985897,0.998036,0.980842,0.997733,0.978633,0.995213,0.559223
ENSDARG00000088880_1_1,-1.7100,-2.3014,0.375000,0.442282,0.521671,-35.7700,-37.2064,0.250000,0.214234,0.384862,0.245560,0.623712,0.245016,0.606196,0.277665,0.340271,0.164339,0.379364,0.136619,0.079349,0.888792,0.626481,0.690201,0.640262,0.981361,0.972588,0.860043,0.385048,0.836359,0.300775,0.931917,0.943886,0.637303,0.085442,0.962001,0.470923,0.238193,0.528567,0.111772,0.707512,0.168808,0.003790,0.274886,0.001439,0.077361,0.000164,0.801693,0.000546,0.903540,0.000932
ENSDARG00000088880_1_2,-3.0900,-3.6807,0.750000,0.762126,0.678162,-31.0500,-32.8862,0.500000,0.560582,0.449856,0.337021,0.488970,0.171027,0.619562,0.760417,0.073941,0.790102,0.344553,0.456209,0.365695,0.437853,0.430294,0.859115,0.066214,0.751570,0.044573,0.742288,0.010733,0.601560,0.816714,0.568882,0.856385,0.990198,0.394838,0.962516,0.213808,0.405107,0.143213,0.247613,0.193580,0.863842,0.911554,0.820111,0.957378,0.808201,0.913914,0.992695,0.998303,0.996922,0.152907
ENSDARG00000088880_1_3,-0.0500,-1.0436,0.625000,0.734662,0.780551,-28.4500,-29.9506,0.500000,0.525115,0.453668,0.676048,0.071236,0.784396,0.006808,0.878213,0.040435,0.922299,0.007408,0.995170,0.044654,0.996829,0.818703,0.996863,0.823114,0.774149,0.891664,0.944905,0.764381,0.795954,0.865283,0.625518,0.299091,0.343387,0.239659,0.347460,0.618404,0.994090,0.962601,0.987769,0.431139,0.996746,0.429153,0.995808,0.445801,0.404654,0.084654,0.428101,0.592280,0.722668,0.636884
ENSDARG00000088880_1_4,-2.9600,-3.1278,0.625000,0.673276,0.550235,-33.7900,-34.4888,0.375000,0.377935,0.424312,0.055137,0.063923,0.060523,0.063834,0.999998,0.996500,0.999605,0.997811,0.999936,0.997224,0.999261,0.999588,0.060780,0.066844,0.057281,0.060392,0.999996,0.162797,0.107057,0.057850,0.101247,0.995102,0.177669,0.000890,0.999562,0.000309,0.998918,0.000712,0.999960,0.999669,0.923731,0.022612,0.922590,0.000130,0.177868,0.000411,0.178181,0.999904,0.185399,0.999731
ENSDARG00000088880_1_5,-7.2400,-7.3515,0.750000,0.748304,0.511175,-30.6900,-32.8306,0.125000,0.260969,0.320961,0.003032,0.038450,0.000024,0.038920,0.000130,0.056066,0.000196,0.065238,0.116673,0.168847,1.000000,0.963700,0.999999,0.953920,0.999999,0.972413,0.999999,0.959378,0.115988,0.111488,0.000722,0.001631,0.000311,0.001415,0.002525,0.006421,0.005507,0.049073,0.986759,0.663552,0.999978,0.438093,0.999986,0.165112,0.999987,0.176712,0.999988,0.293347,0.991702,0.295440
ENSDARG00000088880_1_6,-4.7600,-5.1169,0.750000,0.750290,0.570799,-31.1200,-32.2516,0.125000,0.152896,0.333701,0.000855,0.011361,0.000314,0.010396,0.002404,0.012737,0.073523,0.089397,0.633888,0.638734,0.997279,0.995708,0.999890,0.998839,0.999954,0.990521,0.999998,0.989914,0.628934,0.625130,0.073841,0.079068,0.002775,0.009047,0.000291,0.003629,0.002472,0.018708,0.999891,0.082225,0.999961,0.016373,0.999941,0.015055,0.999941,0.017882,0.999840,0.091970,0.999986,0.977326
ENSDARG00000088880_1_7,-2.2700,-2.4939,0.500000,0.604504,0.622436,-36.7500,-37.8838,1.000000,0.777659,0.388372,0.992241,0.005715,0.800694,0.005122,0.790461,0.005229,0.018567,0.005128,0.223052,0.001219,0.231529,0.000453,0.238864,0.000201,0.940873,0.001256,0.791914,0.994178,0.793160,0.031496,0.805266,0.039960,0.986054,0.456207,0.986950,0.971674,0.935732,0.953817,0.945564,0.685335,0.249533,0.635062,0.248341,0.643114,0.236025,0.712769,0.234839,0.707280,0.999052,0.912225
ENSDARG00000088880_1_8,-0.3100,-0.9172,0.375000,0.668165,0.704666,-29.1200,-30.4763,0.125000,0.151902,0.217447,0.947682,0.035970,0.984465,0.028324,0.991094,0.028885,0.947037,0.924606,0.820725,0.989265,0.356002,0.032120,0.452800,0.030496,0.496335,0.031507,0.463455,0.023813,0.557792,0.956044,0.999345,0.033190,0.731270,0.019502,0.791130,0.028168,0.530299,0.028661,0.518855,0.075850,0.519930,0.973940,0.495860,0.036104,0.544783,0.029928,0.970273,0.026076,0.974194,0.016487
ENSDARG00000088880_1_9,-1.8400,-1.9980,1.000000,0.965738,0.804461,-29.7600,-30.8123,0.125000,0.275882,0.470699,0.997405,0.980444,0.186910,0.446249,0.057414,0.449372,0.826087,0.563438,1.000000,0.598296,0.994860,0.579041,0.998554,0.570695,0.956559,0.944263,1.000000,0.959147,0.185955,0.171247,0.161110,0.426589,0.998468,0.518140,1.000000,0.375564,1.000000,0.256148,1.000000,0.367452,0.907453,0.657660,0.868025,0.022414,0.951220,0.035856,1.000000,0.396650,0.999203,0.095311
ENSDARG00000088880_1_10,-2.4500,-2.5389,1.000000,0.960433,0.786181,-25.9400,-27.5147,0.625000,0.646025,0.528667,0.106973,0.330374,0.105328,0.321694,0.998524,0.662531,0.972792,0.370406,0.993275,0.353212,0.999970,0.586792,0.930716,0.530664,0.916899,0.425467,0.894097,0.415950,0.922905,0.518099,0.092286,0.309472,0.106378,0.580471,0.998879,0.990603,0.944899,0.949213,0.927054,0.832947,0.911735,0.259805,0.918256,0.504982,0.987488,0.666860,0.997945,0.661547,0.997212,0.302243
ENSDARG00000090470_0_1,-6.3700,-6.7447,0.625000,0.568813,0.555421,-34.6100,-35.7247,0.750000,0.794171,0.493305,0.858137,0.006533,0.682936,0.000809,0.998905,0.001162,0.005501,0.000859,0.001887,0.012751,0.001912,0.029270,0.006076,0.024206,0.999182,0.544872,0.999666,0.175246,0.999966,0.999672,0.998901,0.884457,0.004843,0.832905,0.000372,0.847068,0.002304,0.941720,0.006016,0.814515,0.998796,0.377225,0.543041,0.378349,0.999998,0.998285,0.999998,0.999042,0.999983,0.997161
ENSDARG00000090470_0_2,-0.1200,-0.9845,0.500000,0.669867,0.731173,-29.6500,-31.4408,0.125000,0.476624,0.537760,0.972319,0.634481,0.986615,0.517864,0.997674,0.677708,0.950826,0.542159,0.717478,0.420860,0.790394,0.448360,0.267197,0.404573,0.274369,0.401170,0.369057,0.639398,1.000000,0.767816,1.000000,0.783222,0.938605,0.704601,0.392535,0.495489,0.339574,0.565327,0.341951,0.200581,0.996582,0.446941,0.401111,0.121408,0.960098,0.718395,0.959633,0.698022,0.967450,0.566828
ENSDARG00000090470_0_3,-9.8500,-9.8645,0.375000,0.375620,0.400944,-36.9700,-37.7174,0.625000,0.621666,0.496543,0.001684,0.001491,0.001936,0.000265,0.999988,0.002507,0.001012,0.000165,0.000280,0.005065,0.000029,0.011140,0.004509,0.016163,1.000000,0.999108,0.999995,0.993946,0.999999,0.999969,0.999985,0.999513,0.004499,0.928200,0.000019,0.922511,0.000282,0.929067,0.001016,0.923417,1.000000,0.999398,0.001886,0.011355,0.001758,0.011748,1.000000,0.999931,0.999999,0.175897
ENSDARG00000090470_0_4,-6.3800,-6.7882,0.250000,0.298378,0.438692,-28.7900,-31.1732,0.500000,0.423556,0.467190,0.981167,0.693015,0.450655,0.548921,0.855184,0.658859,0.054643,0.639909,0.000933,0.233974,0.001017,0.134736,0.000990,0.456310,0.060873,0.265913,0.983062,0.604102,0.999053,0.523126,0.999324,0.655395,0.999911,0.541097,0.061214,0.174221,0.006236,0.107522,0.022349,0.419524,0.000286,0.186853,0.028168,0.114277,0.413820,0.594942,0.854948,0.925747,0.999999,0.865359
ENSDARG00000090470_0_5,-6.6000,-6.7407,0.375000,0.372803,0.498082,-34.1600,-35.4469,0.250000,0.193072,0.368446,0.001322,0.898340,0.000365,0.095532,0.004046,0.096812,0.999616,0.258338,0.125976,0.653967,0.187095,0.803750,0.864549,0.867262,0.900138,0.554764,0.897128,0.099500,0.999116,0.350710,0.999970,0.617887,0.999898,0.527486,0.991669,0.925993,0.906067,0.022605,0.027988,0.002678,0.052582,0.000422,0.001850,0.000469,0.000849,0.000374,0.001419,0.570224,0.999999,0.021816
ENSDARG00000090470_0_6,-2.2300,-2.9525,0.375000,0.608973,0.643603,-29.1800,-30.3225,0.375000,0.462280,0.479900,0.745116,0.177126,0.776411,0.156236,0.995161,0.523874,0.994806,0.527953,0.998623,0.739629,0.465478,0.691262,0.490799,0.697548,0.996917,0.678930,0.017257,0.091060,0.016024,0.090302,0.541812,0.842979,0.961869,0.682856,0.957394,0.678618,0.999211,0.553140,0.999448,0.509567,0.537790,0.414020,0.230128,0.286094,0.191510,0.071817,0.458640,0.652441,0.497660,0.532542
ENSDARG00000090470_0_7,-3.4200,-3.5709,1.000000,0.955147,0.699724,-33.7800,-35.1634,0.625000,0.456386,0.364804,0.057474,0.219852,0.056768,0.217789,0.144384,0.229443,0.999300,0.140922,0.998513,0.796637,0.982515,0.230692,0.978077,0.209976,0.979518,0.220854,0.977745,0.270914,0.130703,0.456907,0.023883,0.438303,0.024423,0.212701,0.929016,0.654209,0.972012,0.675850,0.999493,0.616586,0.985470,0.603707,0.946504,0.110020,0.946506,0.439510,0.902412,0.484801,0.959764,0.066408
ENSDARG00000090470_0_8,-5.3900,-6.0426,0.375000,0.410147,0.456959,-33.0300,-33.9704,1.000000,0.876497,0.380452,0.997410,0.152144,0.248440,0.013376,0.247088,0.014045,0.645572,0.053762,0.355624,0.059218,0.001266,0.007888,0.036143,0.015547,0.049108,0.014289,0.993769,0.075925,0.995424,0.066033,0.999768,0.065028,0.288394,0.059807,0.276650,0.991733,0.275597,0.783419,0.269375,0.806876,0.265782,0.936978,0.019050,0.930357,0.760572,0.986016,0.705877,0.798502,0.708275,0.778097
ENSDARG00000090470_0_9,-10.7800,-10.8421,0.125000,0.134275,0.307420,-35.2000,-36.7652,0.500000,0.376466,0.445360,0.066051,0.512700,0.001114,0.520669,0.001441,0.829261,0.999499,0.623890,0.001258,0.595161,0.000319,0.863625,0.000017,0.031727,0.004497,0.003371,1.000000,0.138913,1.000000,0.286069,1.000000,0.493038,0.999997,0.997058,0.004501,0.861542,0.000019,0.687697,0.000316,0.505922,0.001513,0.012011,0.001193,0.030151,0.000522,0.007530,0.066142,0.026629,0.999993,0.880242
ENSDARG00000090679_0_1,-3.4000,-3.6189,0.625000,0.629581,0.673939,-28.9800,-30.3916,0.500000,0.475078,0.621511,0.005572,0.336858,0.002689,0.266769,0.014515,0.821019,0.981529,0.939184,0.754965,0.981917,0.984588,0.979300,0.996309,0.992955,0.992663,0.541455,0.992541,0.440439,0.735855,0.697930,0.998310,0.799551,0.982590,0.832224,0.999835,0.879825,0.013281,0.003581,0.011774,0.002965,0.012911,0.006582,0.999798,0.053691,0.999556,0.992635,0.999648,0.913418,0.999844,0.947924
ENSDARG00000090679_0_2,-1.3900,-1.5067,1.000000,0.974106,0.810004,-25.9400,-27.9209,0.250000,0.605641,0.570202,0.128589,0.291043,0.147398,0.272935,1.000000,0.647557,0.976775,0.595011,0.924820,0.617805,0.938198,0.725707,0.988290,0.822603,0.165734,0.285951,0.165523,0.485699,0.990238,0.799531,0.994224,0.589132,0.987439,0.425939,0.944915,0.731794,0.944170,0.531594,0.985427,0.513243,0.982345,0.711819,0.981099,0.765110,0.988283,0.947090,0.975409,0.462373,0.991202,0.182108
ENSDARG00000090679_0_3,-1.8600,-2.2573,0.750000,0.693616,0.753965,-31.9100,-33.5752,0.250000,0.335123,0.397399,0.966601,0.867330,0.815146,0.617608,0.840749,0.252448,1.000000,0.397950,0.919038,0.087429,0.797518,0.316113,1.000000,0.417301,1.000000,0.598626,0.104619,0.166050,0.095512,0.169898,0.998990,0.995991,0.992204,0.380249,0.999870,0.507416,0.998600,0.955028,0.231532,0.566085,0.159962,0.502311,0.936251,0.107417,0.857573,0.012999,0.549657,0.012764,0.815483,0.016966
ENSDARG00000090679_0_4,-4.8400,-4.9752,0.625000,0.676555,0.532669,-30.6600,-32.0276,0.875000,0.841137,0.519437,0.874146,0.741949,0.015331,0.500597,0.027311,0.070156,0.125860,0.167568,0.147662,0.513351,0.150510,0.465883,0.987497,0.083747,0.999547,0.062139,0.999618,0.485368,0.855605,0.044613,0.021211,0.005693,0.036640,0.518580,0.133562,0.536011,0.147502,0.953822,0.147423,0.950629,0.999683,0.947798,0.985661,0.949819,0.999850,0.990843,0.999085,0.937092,0.999674,0.463082
ENSDARG00000090679_0_5,-2.3600,-2.6187,0.625000,0.625684,0.591313,-27.3100,-28.3480,1.000000,0.874005,0.603055,0.913860,0.045371,0.773315,0.023617,0.810496,0.046038,0.976242,0.995488,0.180017,0.819203,0.079092,0.732965,0.082647,0.803560,0.097322,0.060013,0.998377,0.176447,0.939833,0.183854,0.936632,0.355201,0.032951,0.827312,0.083143,0.811298,0.073823,0.812022,0.142251,0.823552,0.926530,0.989971,0.999762,0.994507,0.999880,0.992603,0.887962,0.754453,0.892122,0.813631
ENSDARG00000090679_0_6,-3.5800,-3.8116,1.000000,0.953867,0.697512,-34.9600,-36.0876,0.250000,0.257467,0.403520,0.053663,0.046378,0.040841,0.007547,0.083905,0.025535,0.959778,0.957819,0.997906,0.990983,0.999727,0.998871,0.262498,0.201420,0.157514,0.128566,0.095618,0.064363,0.847505,0.881298,0.830481,0.844620,0.989868,0.863261,0.910238,0.858051,0.907545,0.222361,0.982454,0.279059,0.927399,0.002813,0.939639,0.001035,0.996160,0.000074,0.987475,0.014236,0.980028,0.682106
ENSDARG00000090679_0_7,-0.8800,-1.7469,0.625000,0.776175,0.728014,-28.7400,-30.7166,0.500000,0.524362,0.550933,0.590150,0.363895,0.461814,0.229677,0.705443,0.405807,0.928434,0.801931,0.992940,0.888621,0.602067,0.599527,0.909435,0.857446,0.544059,0.360944,0.540087,0.248244,0.760996,0.305423,0.660849,0.862221,0.654607,0.900036,0.999702,0.140938,0.546273,0.066978,0.313943,0.067358,0.483085,0.070118,0.999905,0.999855,0.999918,0.999543,0.932250,0.859778,0.934322,0.990329
ENSDARG00000090679_0_8,-6.0100,-6.4811,0.625000,0.662636,0.530389,-31.6200,-32.6058,0.375000,0.338808,0.267783,0.513763,0.217396,0.751018,0.249666,0.010385,0.003496,0.000109,0.002868,0.006770,0.094943,0.022474,0.019291,0.999517,0.303489,0.999977,0.303664,0.999922,0.332489,0.991735,0.354145,0.009085,0.062859,0.001928,0.700888,0.013166,0.708875,0.009877,0.700513,0.999958,0.850698,0.279222,0.104408,0.999970,0.126908,0.999347,0.133754,0.999675,0.024318,0.999871,0.060990
ENSDARG00000090679_0_9,-2.8200,-3.0346,0.625000,0.635343,0.698136,-30.3200,-31.4342,0.375000,0.382766,0.338182,0.213603,0.973656,0.147644,0.632604,0.106445,0.610650,0.972856,0.166976,0.832454,0.087751,0.860568,0.022858,0.858266,0.016078,0.999751,0.016415,0.983277,0.065756,0.992644,0.988302,0.918714,0.029091,0.993746,0.091382,0.160220,0.979638,0.150526,0.010059,0.215115,0.014197,0.860229,0.005335,0.861433,0.011243,0.877401,0.077245,0.998983,0.983609,0.958837,0.980800
ENSDARG00000090679_0_10,-3.6400,-3.7833,0.625000,0.646629,0.712518,-33.5800,-34.2773,0.625000,0.619833,0.441469,0.976318,0.923003,0.983022,0.315615,0.999888,0.316623,0.986490,0.917496,0.971600,0.155845,0.962046,0.080262,0.163107,0.199447,0.054062,0.108198,0.030058,0.811173,0.999590,0.026229,0.975511,0.009718,0.975636,0.007097,0.999704,0.005259,0.051111,0.000414,0.028161,0.000555,0.191259,0.995221,0.975827,0.990139,0.998672,0.990671,0.975590,0.986931,0.952706,0.989476
ENSDARG00000091481_0_1,-2.5000,-3.5101,0.750000,0.639964,0.645926,-30.0100,-31.9991,0.250000,0.332786,0.429902,0.650437,0.358204,0.617909,0.338511,0.826066,0.338342,0.653309,0.417461,0.584966,0.353854,0.601868,0.419263,0.829476,0.623886,0.768145,0.747435,0.688010,0.697523,0.311175,0.399288,0.305773,0.488643,0.961665,0.753346,0.711762,0.215336,0.675248,0.182710,0.717673,0.278960,0.438749,0.292372,0.276561,0.356420,0.664884,0.660456,0.711170,0.580468,0.923668,0.095564
ENSDARG00000091481_0_2,-8.6300,-8.6479,0.750000,0.750018,0.500914,-41.0900,-41.9071,0.125000,0.153971,0.114166,0.998728,0.998735,0.002158,0.012217,0.000058,0.001228,0.000504,0.001508,0.000035,0.001049,0.007767,0.007873,0.999911,0.018800,0.999997,0.005068,0.999998,0.004653,0.007967,0.000062,0.000178,0.000012,0.000834,0.000353,0.000063,0.000192,0.000657,0.000923,0.999656,0.001912,0.999945,0.000105,0.999998,0.000667,0.999883,0.015128,0.999949,0.996035,0.999992,0.216805
ENSDARG00000091481_0_3,-3.7800,-4.4791,0.500000,0.784260,0.681114,-30.1800,-31.6410,0.500000,0.557555,0.511311,0.095570,0.361529,0.257248,0.273072,0.229401,0.540785,0.326603,0.689566,0.972666,0.739455,0.948825,0.745622,0.985729,0.989515,0.999264,0.856132,0.455678,0.093881,0.445791,0.102113,0.931816,0.160205,0.699612,0.213899,0.940615,0.259183,1.000000,0.263949,0.574190,0.572565,0.571321,0.507088,0.999927,0.918414,0.592522,0.610442,0.596856,0.530993,0.998645,0.797806
ENSDARG00000091481_0_4,-6.3300,-6.9284,0.375000,0.428838,0.472593,-30.3600,-31.8829,0.625000,0.485599,0.421207,0.996199,0.342751,0.963293,0.292262,0.450285,0.188123,0.019873,0.020008,0.000849,0.034289,0.000119,0.092836,0.000221,0.010971,0.295178,0.284222,0.999917,0.914308,0.999983,0.994838,0.999990,0.997935,0.295250,0.366807,0.000308,0.100940,0.000121,0.099050,0.000856,0.495482,0.002712,0.504586,0.967106,0.833799,0.467285,0.741255,0.999999,0.972755,0.992318,0.136924
ENSDARG00000091481_0_5,-4.3600,-4.6580,0.875000,0.879660,0.549172,-29.0700,-30.8094,0.500000,0.531415,0.452364,0.065868,0.380244,0.003654,0.015330,0.051223,0.053495,0.075136,0.087891,0.314423,0.251921,0.996853,0.998101,0.999214,0.886608,0.999171,0.992638,0.327025,0.567354,0.079021,0.192167,0.017456,0.156493,0.017107,0.213724,0.128737,0.267210,0.981354,0.374564,0.987200,0.921640,0.981374,0.204090,0.978933,0.163606,0.997670,0.694518,0.982679,0.689572,0.999332,0.936120
ENSDARG00000091481_0_6,-4.1800,-4.2481,1.000000,0.970083,0.694670,-32.9000,-34.2948,0.625000,0.525218,0.460929,0.938787,0.524625,0.086696,0.377926,0.001021,0.986484,0.006215,0.236521,0.916117,0.201184,0.999998,0.203105,0.998042,0.857711,0.999926,0.171355,0.999568,0.264347,0.094139,0.127359,0.088816,0.642427,0.003409,0.423798,0.915747,0.510576,0.912873,0.032317,0.996345,0.234642,0.936056,0.018431,0.999862,0.717244,0.999807,0.717509,1.000000,0.986004,0.999978,0.985024
ENSDARG00000091481_0_7,-6.0300,-6.3586,0.250000,0.306947,0.445317,-35.9800,-37.2521,0.250000,0.271550,0.178300,0.995906,0.175699,0.997518,0.034215,0.997563,0.010606,0.997776,0.001311,0.998088,0.000027,0.279888,0.000465,0.003012,0.000019,0.003751,0.000703,0.002546,0.000347,0.003226,0.000704,0.171592,0.169514,0.999898,0.999986,0.997680,0.999766,0.997722,0.999768,0.169486,0.169527,0.001098,0.000925,0.002622,0.000357,0.003330,0.000912,0.003239,0.000047,0.280396,0.001097
ENSDARG00000091481_0_8,-5.6600,-5.7043,0.500000,0.508892,0.605489,-32.7900,-33.9538,0.500000,0.418554,0.534268,0.982167,0.788839,0.040957,0.703691,0.036808,0.876980,0.032291,0.915243,0.022518,0.915311,0.967929,0.340637,0.977649,0.341912,0.999932,0.277929,1.000000,0.810346,0.996209,0.187716,0.982183,0.231138,1.000000,0.947183,0.032054,0.661046,0.021588,0.659376,0.999999,0.021808,0.020258,0.007779,0.005725,0.007109,1.000000,0.992764,0.993798,0.992334,0.997717,0.006218
ENSDARG00000091481_0_9,-3.0300,-3.1254,0.750000,0.741484,0.790792,-31.2000,-32.6678,0.375000,0.463331,0.440756,0.134948,0.214073,0.986647,0.218490,0.999998,0.633593,0.144037,0.636531,0.952869,0.654093,0.861964,0.220569,0.861471,0.216491,1.000000,0.445833,0.971090,0.306136,0.970946,0.311271,1.000000,0.417381,1.000000,0.834004,0.047636,0.162760,0.902055,0.164348,0.999950,0.174087,0.069359,0.116251,0.971869,0.951384,0.999325,0.802021,0.970209,0.781547,0.971469,0.554250
ENSDARG00000091481_0_10,-1.7700,-2.4522,0.625000,0.667288,0.604915,-31.6400,-32.8009,0.375000,0.381047,0.488399,0.053106,0.244452,0.048344,0.235433,0.489780,0.499827,0.900249,0.980437,0.543640,0.982704,0.512524,0.979221,0.505067,0.661315,0.997208,0.968532,0.999318,0.960527,0.821238,0.077964,0.440483,0.044060,0.449044,0.085133,0.109558,0.004337,0.123921,0.004447,0.118081,0.004360,0.990740,0.009860,0.997673,0.042299,0.999423,0.992559,0.999396,0.992373,0.999516,0.998141
ENSDARG00000092067_5_1,-7.1500,-7.3539,0.250000,0.286237,0.421019,-32.7400,-33.8873,0.500000,0.480294,0.466520,0.176541,0.727194,0.093967,0.100809,1.000000,0.138004,0.022815,0.738179,0.747171,0.743391,0.007912,0.722580,0.080291,0.300520,0.081729,0.307778,1.000000,0.999229,0.999847,0.268799,0.999829,0.271532,0.920381,0.170036,0.001718,0.648186,0.000402,0.356876,0.087580,0.863202,0.269442,0.960571,0.827223,0.009661,0.010224,0.004697,0.093311,0.006254,0.999999,0.992906
ENSDARG00000092067_5_2,-2.0100,-2.2049,0.500000,0.557671,0.642998,-33.9200,-34.3630,0.625000,0.627518,0.444837,0.977790,0.993233,0.991799,0.005593,0.999193,0.002987,0.990891,0.004583,0.997859,0.039780,0.999179,0.066890,0.849024,0.899754,0.054282,0.842494,0.078897,0.994862,0.258939,0.023285,0.223999,0.000852,0.976738,0.002274,0.992755,0.014154,0.846696,0.012887,0.102341,0.982649,0.105172,0.043882,0.231531,0.995868,0.223979,0.995362,0.964043,0.993347,0.994852,0.981995
ENSDARG00000092067_5_3,0.0000,-0.0146,1.000000,0.998247,0.997335,-29.4000,-30.5946,0.875000,0.863583,0.500421,0.998456,0.360982,0.999880,0.402530,0.998699,0.029411,0.997540,0.006154,0.986890,0.002426,0.999866,0.001118,1.000000,0.000360,1.000000,0.003040,0.997695,0.997973,0.986456,0.125506,0.999859,0.654866,0.995373,0.515386,0.999848,0.252037,0.995773,0.972867,0.997173,0.976716,0.997501,0.909571,0.998756,0.893631,0.998291,0.990834,0.998920,0.996966,0.999717,0.916044
ENSDARG00000092067_5_4,-4.6700,-4.7751,1.000000,0.937534,0.589215,-31.1000,-32.5492,0.625000,0.606775,0.484758,0.040232,0.650801,0.013853,0.884655,0.108490,0.087985,0.032974,0.007609,0.898288,0.046400,0.900800,0.046362,0.919019,0.090256,0.134904,0.840430,0.120571,0.833704,0.099627,0.461223,0.102343,0.459277,0.912922,0.432259,0.897931,0.508772,0.901066,0.542291,0.902056,0.532879,0.999241,0.779337,0.900225,0.587375,0.911537,0.510197,0.993471,0.693666,0.994746,0.699686
ENSDARG00000092067_5_5,-7.5300,-7.6400,0.625000,0.625111,0.603631,-32.7400,-33.4663,0.500000,0.497003,0.451048,0.851727,0.973000,0.002711,0.844536,0.001846,0.013895,0.144603,0.029186,0.035808,0.012293,1.000000,0.171052,0.999627,0.998245,0.999984,0.693435,0.999994,0.999532,0.999855,0.152625,0.878449,0.132734,0.157128,0.024398,0.000028,0.002327,0.000012,0.838434,0.000970,0.839779,1.000000,0.998967,1.000000,0.189157,0.999999,0.276335,0.999881,0.051310,1.000000,0.779715
ENSDARG00000092067_5_6,-2.3600,-2.9710,0.500000,0.573091,0.572008,-31.9700,-33.5413,0.125000,0.138478,0.345622,0.502567,0.941813,0.849878,0.619964,0.286006,0.600973,0.993738,0.633995,0.944826,0.974117,0.102064,0.143085,0.128661,0.178890,0.056358,0.132588,0.932747,0.299084,0.958715,0.336765,1.000000,0.773554,0.099881,0.169792,0.086105,0.149121,0.067909,0.142990,0.927334,0.796415,0.922840,0.004076,0.305368,0.003386,0.980163,0.002426,0.298091,0.001467,0.996918,0.007946
ENSDARG00000092067_5_7,-1.4100,-2.0641,0.625000,0.629135,0.716880,-36.7700,-37.1454,0.375000,0.382118,0.351104,0.915062,0.004842,0.804853,0.001089,0.742753,0.000591,0.636974,0.001381,0.813587,0.005472,0.917020,0.989102,0.660427,0.000304,0.823804,0.003150,0.686899,0.940336,0.904496,0.998280,0.834410,0.985766,0.564223,0.034816,0.395350,0.027879,0.939931,0.994831,0.832574,0.104876,0.960678,0.083625,0.652038,0.018530,0.395165,0.927539,0.201844,0.879332,0.655501,0.020335
ENSDARG00000092067_5_9,-4.4600,-4.8635,0.500000,0.497385,0.578195,-32.5400,-33.1833,0.500000,0.499070,0.452752,0.931809,0.014157,0.009078,0.011388,0.007969,0.028988,0.150064,0.990633,0.996073,0.990997,0.464729,0.996614,0.547292,0.021498,0.548085,0.017735,0.934843,0.020745,0.999128,0.966880,0.997557,0.993086,0.998182,0.009758,0.999149,0.003442,0.995857,0.002827,0.070116,0.000532,0.609559,0.000830,0.153634,0.997437,0.074179,0.996851,0.076608,0.994082,0.999980,0.996563
ENSDARG00000092067_5_10,-1.6500,-1.8056,0.625000,0.672490,0.729888,-33.2300,-34.1249,0.625000,0.664079,0.443403,0.963565,0.154527,0.975901,0.148809,0.978513,0.161224,0.999765,0.352269,0.999402,0.004906,0.998504,0.001056,0.170627,0.000555,0.048355,0.000229,0.084591,0.008266,0.999115,0.727811,0.999740,0.996852,0.999765,0.998916,0.998616,0.994442,0.998455,0.991931,0.921750,0.453083,0.110645,0.071952,0.167889,0.772086,0.187422,0.030640,0.997039,0.999806,0.998106,0.998696
ENSDARG00000093357_3_1,-5.5800,-5.9075,0.125000,0.242702,0.374714,-30.6000,-31.8294,0.500000,0.530911,0.348422,0.783173,0.213507,0.091490,0.018245,0.239313,0.024058,0.014017,0.003540,0.002223,0.000556,0.020674,0.001935,0.306635,0.015016,0.290031,0.018459,0.999603,0.059691,0.999974,0.399513,0.999940,0.993891,0.805587,0.972748,0.075528,0.287377,0.095224,0.699603,0.980286,0.965229,0.006808,0.163816,0.011960,0.064341,0.224969,0.982478,0.239778,0.983328,0.307065,0.101117
ENSDARG00000093357_3_2,-6.9200,-6.9893,1.000000,0.931821,0.585068,-32.9000,-34.3042,0.750000,0.720330,0.450991,0.081721,0.369976,0.066702,0.333944,0.060014,0.150733,0.007289,0.026542,0.896276,0.077563,0.898247,0.447257,0.902267,0.570354,0.939322,0.563045,0.106126,0.556207,0.104480,0.008636,0.102811,0.144894,0.081527,0.008018,0.916562,0.023815,0.902148,0.185402,0.903063,0.994981,0.896326,0.842097,0.896103,0.841921,0.955038,0.998089,0.985995,0.935598,0.999334,0.940737
ENSDARG00000093357_3_3,-4.3800,-4.7477,0.500000,0.525919,0.620494,-35.1000,-35.9858,0.500000,0.508328,0.369988,0.998845,0.073810,0.998605,0.020123,0.345246,0.073245,0.999135,0.306807,0.016226,0.233532,0.005906,0.460231,0.004891,0.014458,0.995959,0.002596,0.838978,0.997009,0.999439,0.089682,0.999464,0.076257,0.999822,0.985382,0.999996,0.936425,0.839802,0.070908,0.004996,0.061179,0.001264,0.000057,0.015093,0.007378,0.998423,0.999771,0.348156,0.999715,0.999625,0.991190
ENSDARG00000093357_3_4,-10.1300,-10.6824,0.250000,0.253508,0.402798,-35.1500,-36.1891,0.500000,0.471847,0.465920,0.977631,0.815117,0.002471,0.557740,0.001036,0.906591,0.127077,0.952146,0.418062,0.131057,0.457280,0.059585,0.001313,0.005972,0.043109,0.878514,1.000000,0.096728,1.000000,0.096249,0.999955,0.989219,0.999957,0.054704,0.003052,0.001153,0.041414,0.008404,0.000055,0.006710,0.002407,0.028045,0.016518,0.917530,0.016581,0.895078,0.984517,0.960941,0.963519,0.956912
ENSDARG00000093357_3_5,-2.3200,-3.1324,0.500000,0.519346,0.600623,-31.4500,-32.9692,0.500000,0.408525,0.488697,0.418258,0.633898,0.878823,0.512646,0.030497,0.651086,0.177530,0.787838,0.091042,0.776482,0.638755,0.977606,0.882816,0.376589,0.947018,0.180291,0.915557,0.135621,0.881511,0.128120,0.997498,0.694564,0.998379,0.650991,0.509902,0.156463,0.771736,0.009991,0.273838,0.011346,0.116174,0.318189,0.214901,0.693487,0.940703,0.944029,0.377101,0.528169,0.950415,0.606528
ENSDARG00000093357_3_7,-1.9700,-2.4545,0.875000,0.875515,0.623521,-31.1600,-32.5592,0.375000,0.452858,0.253144,0.804073,0.258629,0.387677,0.101518,0.927092,0.185221,0.100294,0.093123,0.049594,0.010053,0.054484,0.009040,0.985052,0.099568,0.977111,0.106308,0.983728,0.100120,0.050978,0.029484,0.049577,0.211289,0.096648,0.235655,0.999440,0.193986,0.412056,0.931948,0.980791,0.895150,0.841004,0.246248,0.835552,0.099226,0.977849,0.850509,0.977697,0.236308,0.979728,0.169489
ENSDARG00000093357_3_8,-2.7700,-2.9333,1.000000,0.987889,0.799533,-29.3000,-30.6194,0.875000,0.811892,0.497303,0.851043,0.872261,0.851490,0.058930,0.999302,0.063396,0.224483,0.953700,0.185280,0.094027,0.958504,0.110639,0.999998,0.107285,0.999995,0.330260,0.999998,0.301095,0.999999,0.243493,0.008191,0.097170,0.009267,0.218664,1.000000,0.769575,1.000000,0.760100,0.977873,0.760633,1.000000,0.998003,1.000000,0.998266,1.000000,0.999626,0.962371,0.951715,0.962870,0.257217
ENSDARG00000093357_3_9,-7.4700,-7.8452,0.375000,0.376086,0.463162,-31.6100,-33.4054,0.250000,0.314856,0.374559,0.451946,0.653507,0.004220,0.479867,0.001540,0.425287,0.547663,0.738138,0.002030,0.161566,0.450866,0.057754,0.550297,0.058013,0.623062,0.209163,0.999991,0.389094,0.999984,0.854136,0.999999,0.729253,0.622960,0.216564,0.001075,0.142945,0.453335,0.037568,0.548816,0.035843,0.000055,0.120637,0.001317,0.188815,0.004100,0.831734,0.999991,0.834003,1.000000,0.327302
ENSDARG00000093357_3_10,-0.6000,-1.1093,1.000000,0.918632,0.807644,-28.5300,-29.1981,0.875000,0.861716,0.603295,0.327804,0.071002,0.179822,0.006490,0.814546,0.019234,0.824139,0.019990,0.995360,0.049204,0.952530,0.960287,0.996784,0.990214,0.793169,0.962033,0.785585,0.962866,0.991008,0.992209,0.570792,0.073006,0.572287,0.065649,0.952363,0.982531,0.996360,0.997938,0.818514,0.960051,0.800891,0.956442,0.818057,0.959541,0.999496,0.991311,0.965990,0.997037,0.997383,0.048875
ENSDARG00000095833_0_1,-3.1600,-3.5319,0.500000,0.483441,0.579470,-27.9000,-29.4035,0.500000,0.518481,0.508406,0.012232,0.552278,0.013568,0.193201,0.577836,0.315144,0.108218,0.900878,0.861038,0.758686,0.914810,0.788101,0.306899,0.570076,0.999154,0.558893,0.994855,0.264689,0.993751,0.870098,0.971313,0.188821,0.968198,0.059417,0.975251,0.058047,0.116747,0.144223,0.691100,0.937969,0.596827,0.928792,0.048145,0.322942,0.023002,0.279549,0.416525,0.731498,0.999931,0.744828
ENSDARG00000095833_0_3,0.0000,-0.3751,1.000000,0.993889,0.920806,-34.6900,-35.4148,0.625000,0.651990,0.429775,0.979136,0.979385,0.936142,0.910124,0.968860,0.032348,0.683041,0.093267,0.679138,0.094268,0.992564,0.011763,0.998248,0.271969,0.999025,0.099266,0.990864,0.000097,0.696196,0.000670,0.542134,0.044761,0.999660,0.841660,0.999332,0.114101,0.999513,0.219661,0.986787,0.015036,0.983002,0.936734,0.993206,0.938694,0.999826,0.996869,0.991220,0.999662,0.998224,0.995168
ENSDARG00000095833_0_5,-3.1200,-3.4316,0.500000,0.539740,0.610899,-32.0000,-33.0146,0.250000,0.265912,0.454083,0.884228,0.481824,0.061491,0.483167,0.186634,0.956633,0.999030,0.975903,0.370542,0.961423,0.361902,0.829282,0.644866,0.539267,0.653196,0.095477,0.839791,0.247090,0.949633,0.219436,0.949524,0.226476,0.999226,0.938383,0.999994,0.946642,0.840164,0.732600,0.068799,0.010598,0.070283,0.005140,0.998112,0.005371,0.177128,0.013629,0.164697,0.150644,0.998740,0.262668
ENSDARG00000095833_0_6,-1.8400,-2.1212,0.750000,0.799863,0.646998,-38.9100,-39.5670,0.375000,0.467672,0.339014,0.369393,0.997200,0.995247,0.003925,0.042164,0.001049,0.034134,0.000971,0.034512,0.004251,0.998889,0.030471,0.998886,0.995905,0.998999,0.004862,0.999691,0.000090,0.999927,0.001532,0.032335,0.007203,0.036881,0.991449,0.042654,0.425477,0.998772,0.276773,0.365760,0.823361,0.999088,0.195322,0.999891,0.999959,0.997642,0.999952,0.997148,0.018132,0.997951,0.002401
ENSDARG00000095833_0_7,0.0000,-0.1164,1.000000,0.966341,0.957064,-32.1700,-32.9847,0.000000,0.280637,0.318833,0.998534,0.661192,0.993895,0.604600,0.912916,0.601761,0.899664,0.316639,0.905281,0.239659,0.984208,0.162708,0.996525,0.501685,0.994831,0.024228,0.994540,0.509146,0.950004,0.010082,0.888811,0.495244,0.891345,0.004609,0.987587,0.007451,0.994019,0.047436,0.984576,0.490120,0.960162,0.441960,0.903808,0.377441,0.905565,0.277641,0.997554,0.475762,0.997455,0.127288
ENSDARG00000095833_0_8,-3.0000,-3.5148,0.500000,0.569215,0.553023,-31.1400,-32.7108,0.000000,0.339143,0.424455,0.011278,0.303914,0.011368,0.288104,0.902326,0.328435,0.252878,0.896543,0.122550,0.655104,0.267600,0.742416,0.878545,0.503736,0.893788,0.466330,0.894491,0.453651,0.989931,0.748724,0.987601,0.087191,0.294395,0.301808,0.123452,0.103150,0.215807,0.715405,0.963158,0.040206,0.390943,0.125146,0.138220,0.117092,0.733672,0.540323,0.990291,0.365401,0.998173,0.706422
ENSDARG00000095833_0_9,-2.2100,-2.8113,1.000000,0.754384,0.694372,-33.0700,-34.9779,0.125000,0.393397,0.313452,0.624609,0.994881,0.083911,0.001816,0.425957,0.001251,0.576704,0.000828,0.552017,0.004208,0.892668,0.099157,0.886939,0.395012,0.946046,0.297615,0.954702,0.310674,0.495881,0.000572,0.454330,0.016560,0.958595,0.999296,0.980022,0.153278,0.583685,0.190507,0.540908,0.213095,0.516829,0.344215,0.515785,0.996571,0.946941,0.471104,0.955627,0.398527,0.995275,0.379876
ENSDARG00000095833_0_10,-1.0000,-1.3003,0.625000,0.711777,0.745731,-27.9200,-28.8181,0.750000,0.728470,0.546989,0.864152,0.736664,0.754509,0.739722,0.757667,0.113588,0.355603,0.026269,0.363077,0.026882,0.362724,0.013717,0.999833,0.241207,0.999691,0.191707,0.999451,0.864880,0.996709,0.856302,0.892248,0.665135,0.874738,0.635948,0.991870,0.994736,0.999409,0.947986,0.246151,0.954519,0.241865,0.806761,0.238281,0.170836,0.982034,0.180761,0.994679,0.878598,0.999928,0.893563
