guide_id,vienna_mfe_energy_spacer,vienna_ensemble_energy_spacer,vienna_seed_mfe_spacer,vienna_seed_ensemble_spacer,vienna_mean_unpaired_spacer,vienna_mfe_energy_full,vienna_ensemble_energy_full,vienna_seed_mfe_full,vienna_seed_ensemble_full,vienna_mean_unpaired_full,vienna_unpaired_spacer_01,vienna_unpaired_full_01,vienna_unpaired_spacer_02,vienna_unpaired_full_02,vienna_unpaired_spacer_03,vienna_unpaired_full_03,vienna_unpaired_spacer_04,vienna_unpaired_full_04,vienna_unpaired_spacer_05,vienna_unpaired_full_05,vienna_unpaired_spacer_06,vienna_unpaired_full_06,vienna_unpaired_spacer_07,vienna_unpaired_full_07,vienna_unpaired_spacer_08,vienna_unpaired_full_08,vienna_unpaired_spacer_09,vienna_unpaired_full_09,vienna_unpaired_spacer_10,vienna_unpaired_full_10,vienna_unpaired_spacer_11,vienna_unpaired_full_11,vienna_unpaired_spacer_12,vienna_unpaired_full_12,vienna_unpaired_spacer_13,vienna_unpaired_full_13,vienna_unpaired_spacer_14,vienna_unpaired_full_14,vienna_unpaired_spacer_15,vienna_unpaired_full_15,vienna_unpaired_spacer_16,vienna_unpaired_full_16,vienna_unpaired_spacer_17,vienna_unpaired_full_17,vienna_unpaired_spacer_18,vienna_unpaired_full_18,vienna_unpaired_spacer_19,vienna_unpaired_full_19,vienna_unpaired_spacer_20,vienna_unpaired_full_20
ENSDARG00000001244_13_1,0.0000,-0.4697,1.000000,0.871011,0.869335,-18.8000,-20.2103,0.625000,0.503936,0.513990,0.922591,0.986970,0.901892,0.972736,0.956905,0.995519,0.942116,0.072409,0.904943,0.061047,0.760122,0.068447,0.779011,0.069706,0.997751,0.986049,0.786035,0.095357,0.744250,0.073543,0.874458,0.963541,0.848530,0.902990,0.826861,0.815152,0.825989,0.392774,0.876342,0.051088,0.841976,0.058270,0.781010,0.619073,0.832272,0.554161,0.991829,0.584215,0.991812,0.956754
ENSDARG00000001244_13_2,0.0000,-0.8677,1.000000,0.963687,0.841255,-16.2000,-18.5156,0.625000,0.760633,0.722088,0.346658,0.391958,0.347372,0.405034,0.945985,0.884646,0.934542,0.712574,0.933295,0.708102,0.947031,0.786269,0.812746,0.838358,0.783987,0.799542,0.738161,0.729374,0.591719,0.694669,0.735359,0.805434,0.998743,0.600744,0.999801,0.523116,0.994333,0.502275,0.989721,0.494275,0.914365,0.901743,0.984344,0.988223,0.947910,0.949687,0.924617,0.896255,0.954402,0.829487
ENSDARG00000001244_13_3,-1.7000,-2.0378,0.875000,0.857323,0.647636,-17.8000,-20.1194,0.250000,0.541718,0.541041,0.165467,0.684614,0.927807,0.866058,0.086651,0.604910,0.114601,0.612794,0.324637,0.680051,0.908166,0.803638,0.990466,0.968505,0.957171,0.493723,0.334274,0.140430,0.131003,0.050057,0.165167,0.155806,0.988719,0.426479,0.212539,0.454930,0.922668,0.811735,0.920148,0.416407,0.921885,0.387860,0.926004,0.400676,0.980184,0.473354,0.982161,0.591199,0.992995,0.797583
ENSDARG00000001244_13_4,-1.7000,-2.5241,0.625000,0.688607,0.560176,-19.9000,-22.5580,0.125000,0.251199,0.411716,0.226621,0.282893,0.145868,0.207277,0.497814,0.590725,0.587373,0.637576,0.066134,0.178165,0.088415,0.201297,0.995846,0.997709,0.995249,0.997472,0.998821,0.998456,0.799380,0.809957,0.052574,0.079930,0.240559,0.243280,0.095433,0.099049,0.184160,0.148010,0.266490,0.213019,0.998908,0.848712,0.987185,0.557714,0.996552,0.072055,0.984361,0.039671,0.995768,0.031361
ENSDARG00000001244_13_5,-0.3000,-1.3623,0.750000,0.721849,0.718912,-18.5000,-20.5660,0.500000,0.491207,0.547440,0.476101,0.530748,0.437052,0.493266,0.696226,0.581787,0.796865,0.750832,0.839999,0.646304,0.847085,0.764782,0.856397,0.869685,0.922322,0.840390,0.847368,0.328238,0.603929,0.223607,0.497825,0.282849,0.782276,0.706646,0.486320,0.257229,0.475749,0.403666,0.931479,0.864144,0.915490,0.848621,0.963538,0.763032,0.830810,0.721846,0.560017,0.044927,0.611389,0.026194
ENSDARG00000001244_13_6,-1.0000,-1.5108,0.500000,0.634060,0.690870,-19.2000,-20.4336,0.500000,0.592125,0.523188,0.914788,0.981385,0.898997,0.948063,0.909786,0.946793,0.958662,0.959730,0.985913,0.936151,0.342696,0.168513,0.342894,0.097930,0.346386,0.090799,0.833314,0.086652,0.302871,0.077720,0.926931,0.279883,0.981684,0.153139,0.897658,0.107502,0.913303,0.937876,0.502175,0.950115,0.943451,0.346546,0.353111,0.271937,0.308461,0.337738,0.242129,0.876186,0.912196,0.909102
ENSDARG00000001244_13_7,0.0000,-0.3365,1.000000,0.992330,0.919173,-16.4000,-18.1061,1.000000,0.940752,0.756078,0.952951,0.882586,0.947566,0.876605,0.903188,0.552891,0.999310,0.661492,0.730915,0.537491,0.705517,0.425504,0.975134,0.921188,0.987078,0.936600,0.999283,0.621482,0.962346,0.500190,0.685582,0.373363,0.595942,0.306149,0.976282,0.977407,0.996854,0.974787,0.992762,0.967309,0.995557,0.931956,0.987291,0.879190,0.993820,0.908708,0.996897,0.984610,0.999175,0.902049
ENSDARG00000001244_13_8,0.0000,-0.5594,1.000000,0.881709,0.837713,-21.7000,-22.9659,0.375000,0.551133,0.367765,0.908261,0.341999,0.754018,0.253150,0.572215,0.985051,0.605282,0.081790,0.675120,0.051076,0.980186,0.052497,0.969195,0.067896,0.980094,0.097524,0.976169,0.809513,0.816360,0.174451,0.702417,0.009870,0.761273,0.021413,0.993789,0.160658,0.967022,0.388634,0.964528,0.965434,0.976792,0.987035,0.708390,0.982955,0.713471,0.433704,0.732870,0.309663,0.996809,0.180983
ENSDARG00000001244_13_9,-4.0000,-4.7794,0.625000,0.550844,0.541215,-23.7000,-25.4730,0.500000,0.498583,0.468472,0.380082,0.960382,0.379360,0.948517,0.163266,0.932079,0.242671,0.968033,0.528201,0.123121,0.605159,0.104820,0.662315,0.400109,0.849165,0.354105,0.845432,0.246219,0.629298,0.271495,0.322822,0.035671,0.809775,0.036231,0.157291,0.024763,0.265641,0.020388,0.149203,0.016352,0.627022,0.980310,0.629676,0.980345,0.849761,0.981102,0.850969,0.980582,0.877187,0.004820
ENSDARG00000001244_13_10,-1.8000,-2.7432,0.250000,0.314538,0.413074,-19.3000,-21.6996,0.000000,0.215703,0.426154,0.561606,0.789541,0.119103,0.502204,0.075629,0.431100,0.058417,0.373310,0.068313,0.373866,0.506644,0.552370,0.196870,0.372645,0.537594,0.613543,0.995189,0.793976,0.999338,0.794301,0.992388,0.748463,0.634089,0.452132,0.051465,0.097446,0.246453,0.184109,0.234430,0.196881,0.068820,0.216979,0.094761,0.165099,0.197502,0.317453,0.627041,0.291450,0.995831,0.256202
ENSDARG00000002193_0_1,-2.4000,-3.5128,0.375000,0.525385,0.525586,-19.6000,-21.8211,0.750000,0.621803,0.526927,0.474483,0.868652,0.397279,0.862162,0.439806,0.890604,0.039379,0.690290,0.329397,0.235191,0.289355,0.100563,0.879364,0.199233,0.709178,0.194608,0.696202,0.155147,0.986433,0.252657,0.559940,0.561059,0.507819,0.553949,0.690265,0.705346,0.328721,0.824811,0.234126,0.846436,0.232486,0.779003,0.287176,0.773321,0.712297,0.662516,0.814651,0.237236,0.903359,0.145751
ENSDARG00000002193_0_2,-2.4000,-2.7846,0.750000,0.754508,0.570937,-18.0000,-20.0315,0.750000,0.680806,0.542782,0.064582,0.093041,0.979451,0.966220,0.043245,0.058841,0.031680,0.040174,0.048684,0.070022,0.598936,0.601703,0.993122,0.977377,0.995051,0.983664,0.983982,0.971457,0.577759,0.564865,0.024476,0.030438,0.041710,0.051400,0.048894,0.060877,0.995482,0.984724,0.051675,0.071508,0.992804,0.988722,0.989248,0.822043,0.981765,0.770434,0.985827,0.955975,0.990369,0.792163
ENSDARG00000002193_0_3,-2.1000,-2.1776,0.875000,0.873951,0.709023,-17.7000,-19.5400,0.875000,0.755099,0.649632,0.107964,0.197713,0.104108,0.166255,0.076952,0.140481,0.978765,0.984670,0.945804,0.944652,0.948986,0.941331,0.938648,0.921674,0.991173,0.825591,0.998491,0.740198,0.990965,0.705830,0.058699,0.340676,0.048290,0.042768,0.053459,0.059096,1.000000,0.993983,0.972878,0.889046,0.970094,0.875053,0.999991,0.914320,0.999992,0.930345,0.997250,0.759302,0.997943,0.619651
ENSDARG00000002193_0_4,-1.9000,-2.0500,1.000000,0.986128,0.804455,-17.5000,-19.4251,1.000000,0.849111,0.713262,0.185553,0.181111,0.172561,0.152142,0.892120,0.883335,0.901755,0.893438,0.998832,0.995399,0.999950,0.995536,0.149730,0.127757,0.139732,0.122026,0.985309,0.772876,0.903774,0.706249,0.870758,0.678253,1.000000,0.964223,0.998084,0.952007,1.000000,0.940240,0.982573,0.762046,0.971809,0.762887,1.000000,0.778430,0.962134,0.781280,0.975295,0.970849,0.999128,0.845147
ENSDARG00000002193_0_5,-4.5000,-4.7603,0.625000,0.650419,0.625252,-21.7000,-23.4360,0.250000,0.418866,0.515554,0.950988,0.942503,0.327987,0.559049,1.000000,0.895892,0.985954,0.764800,0.009248,0.067709,0.006078,0.050924,0.089262,0.371104,0.947876,0.853107,0.947700,0.844251,1.000000,0.796139,0.973271,0.700412,0.063322,0.114256,0.052543,0.138176,0.041803,0.131274,1.000000,0.998227,0.945055,0.752820,0.233267,0.381098,1.000000,0.592974,0.970334,0.191253,0.960348,0.165106
ENSDARG00000002193_0_6,-6.1000,-6.4881,0.375000,0.384551,0.462010,-22.3000,-24.0901,0.125000,0.298340,0.480430,0.001638,0.216362,0.000076,0.187524,0.000879,0.187732,0.000973,0.185862,0.073929,0.257936,0.997165,0.986501,0.546404,0.623545,0.999057,0.988486,0.999997,0.999355,0.999974,0.996055,0.995298,0.978826,0.548403,0.613692,0.998388,0.991992,0.074614,0.216220,0.000876,0.146114,0.000925,0.001462,0.000126,0.000393,0.001586,0.001471,0.999944,0.518713,0.999945,0.510358
ENSDARG00000002193_0_7,-6.7000,-7.0406,0.250000,0.321742,0.446074,-22.9000,-24.5967,0.250000,0.293840,0.410315,0.966771,0.752711,0.966621,0.880347,0.371016,0.161513,0.004931,0.004875,0.020416,0.069239,0.033248,0.115717,0.033304,0.115591,0.065616,0.145444,0.985794,0.951864,0.966211,0.885657,0.966825,0.886297,0.966794,0.886335,0.966907,0.883979,0.999910,0.954336,0.064074,0.095105,0.033456,0.065444,0.033539,0.069155,0.034500,0.017225,0.037441,0.019663,0.404106,0.245811
ENSDARG00000002193_0_8,-3.6000,-4.0883,0.375000,0.336661,0.465535,-20.5000,-22.5956,0.375000,0.400371,0.482151,0.981224,0.786800,0.975059,0.805702,0.037809,0.172387,0.018472,0.330807,0.027817,0.332376,0.044994,0.219506,0.052387,0.291396,0.995496,0.850940,0.523488,0.353537,0.986968,0.650414,0.994219,0.651849,0.979489,0.994348,0.975568,0.649484,0.487985,0.481444,0.981699,0.810959,0.035313,0.175516,0.045302,0.176157,0.043920,0.355097,0.043734,0.201194,0.079767,0.353117
ENSDARG00000002193_0_9,-3.6000,-3.6691,1.000000,0.979149,0.686231,-20.2000,-21.8640,0.500000,0.600452,0.539300,0.004507,0.006469,0.003104,0.004149,0.016481,0.015846,0.996076,0.997190,0.999999,0.999026,0.999983,0.998848,0.999964,0.998889,0.016379,0.016105,0.007542,0.007058,0.008990,0.008200,0.907944,0.970298,0.930451,0.960301,0.995560,0.985820,0.995574,0.551930,0.999847,0.379736,0.988616,0.284735,0.998024,0.198500,0.930449,0.704903,0.925200,0.865744,0.999924,0.832250
ENSDARG00000002193_0_10,-2.4000,-2.9202,0.625000,0.710009,0.597819,-22.4000,-23.8513,0.625000,0.617045,0.494304,0.900453,0.454302,0.425893,0.373478,0.438066,0.345576,0.264083,0.934163,0.180079,0.761282,0.183454,0.889160,0.995640,0.117036,0.963404,0.035405,0.847955,0.033882,0.863200,0.035511,0.045926,0.003980,0.168149,0.965947,0.253068,0.968720,0.999853,0.999320,0.442896,0.978326,0.456284,0.977821,0.997516,0.998608,0.804782,0.004406,0.851094,0.002361,0.874578,0.006796
ENSDARG00000003025_2_1,-6.2000,-6.2493,0.500000,0.505974,0.498015,-24.4000,-25.6863,0.125000,0.166713,0.361257,0.003747,0.003593,0.000379,0.000160,0.001308,0.000952,0.012708,0.003965,0.017116,0.023887,0.982694,0.991720,0.962481,0.963555,0.999871,0.999990,0.988266,0.982234,0.979682,0.972862,0.945799,0.938799,0.018444,0.009710,0.024155,0.021699,0.014431,0.020538,0.013774,0.013474,0.026431,0.017164,0.989752,0.962062,0.989480,0.135823,0.989799,0.133115,0.999974,0.029830
ENSDARG00000003025_2_2,-1.4000,-2.4570,0.500000,0.696408,0.634640,-19.7000,-21.3370,0.750000,0.623643,0.632607,0.634554,0.648129,0.595579,0.332230,0.364783,0.467626,0.657107,0.791649,0.363662,0.676714,0.416007,0.749947,0.453551,0.755541,0.943234,0.979894,0.865701,0.784926,0.727612,0.454993,0.687126,0.412690,0.412612,0.608653,0.352794,0.578397,0.310475,0.497008,0.742242,0.742461,0.755562,0.153652,0.486574,0.127618,0.959231,0.970675,0.980861,0.968709,0.983525,0.950621
ENSDARG00000003025_2_3,0.0000,-0.6585,1.000000,0.745998,0.794548,-18.1000,-19.5101,0.625000,0.671599,0.674241,0.922771,0.749806,0.739827,0.633527,0.719368,0.593225,0.786506,0.790907,0.802836,0.706860,0.657894,0.630098,0.809022,0.812658,0.795812,0.694485,0.962278,0.618542,0.878445,0.532511,0.877921,0.592603,0.970300,0.756801,0.910555,0.667644,0.909471,0.834083,0.892659,0.833836,0.837122,0.646376,0.613740,0.602443,0.384060,0.494657,0.652794,0.892864,0.767583,0.400889
ENSDARG00000003025_2_4,-0.7000,-1.3263,0.500000,0.590248,0.660292,-17.4000,-19.4136,0.125000,0.447072,0.578327,0.970325,0.945924,0.935950,0.938223,0.958917,0.903263,0.732736,0.802939,0.280811,0.246600,0.265315,0.214761,0.293148,0.252176,0.373987,0.488989,0.903668,0.773293,0.852944,0.719680,0.940934,0.790946,0.975115,0.913166,0.404671,0.519542,0.290032,0.440704,0.235326,0.427743,0.233860,0.302324,0.677801,0.445010,0.947688,0.466025,0.944319,0.457545,0.988282,0.517685
ENSDARG00000003025_2_5,-2.2000,-2.4230,0.750000,0.761956,0.646432,-17.6000,-19.4309,0.750000,0.725889,0.635788,0.213317,0.236584,0.259441,0.302700,1.000000,0.985055,0.101212,0.134394,0.094159,0.104131,1.000000,0.996142,0.897683,0.867154,0.898340,0.866900,1.000000,0.995064,0.186492,0.223960,0.182342,0.220135,1.000000,0.976420,0.851654,0.801914,0.103972,0.111559,0.240784,0.283588,0.954518,0.861036,1.000000,0.995437,0.948826,0.832540,1.000000,0.998906,0.995895,0.922136
ENSDARG00000003025_2_6,-3.1000,-3.3378,0.625000,0.648519,0.461945,-21.3000,-22.5296,0.625000,0.626224,0.417929,0.072889,0.300436,0.062209,0.237505,0.175516,0.297478,0.955722,0.938348,0.966332,0.231044,0.952273,0.222796,0.227587,0.180267,0.115220,0.847082,0.117653,0.028869,0.144943,0.019882,0.137176,0.019330,0.123220,0.025755,0.963276,0.984135,0.992317,0.985333,0.984875,0.985157,0.940429,0.983497,0.955231,0.998334,0.111637,0.038394,0.091957,0.016904,0.148430,0.018037
ENSDARG00000003025_2_7,-5.0000,-5.1232,0.375000,0.401186,0.516235,-22.4000,-24.0404,0.500000,0.513686,0.458362,0.898802,0.825316,0.983824,0.813060,0.069029,0.494302,0.011565,0.127032,0.015255,0.105239,0.984328,0.276888,0.115985,0.783399,0.117654,0.361892,0.991910,0.422364,0.982426,0.216168,0.974424,0.186832,0.970020,0.445260,0.029445,0.564648,0.021566,0.063257,0.895410,0.259645,0.113530,0.424401,0.015842,0.605008,0.150368,0.624004,0.991118,0.876473,0.992206,0.692051
ENSDARG00000003025_2_8,-0.5000,-1.3784,0.500000,0.675899,0.681460,-18.3000,-20.4241,0.375000,0.574963,0.531193,0.920247,0.651799,0.387238,0.562183,0.371790,0.560244,0.715833,0.923315,0.972021,0.708457,0.474977,0.738834,0.682560,0.673836,0.715776,0.273894,0.991961,0.179970,0.996960,0.158361,0.539405,0.490681,0.453246,0.102582,0.365275,0.076775,0.375214,0.505830,0.679776,0.931268,0.986070,0.989385,0.551404,0.896040,0.497517,0.474661,0.975778,0.573721,0.976155,0.152026
ENSDARG00000003025_2_10,-1.3000,-1.6874,0.750000,0.762238,0.768462,-21.7000,-23.2168,0.375000,0.386795,0.382813,0.701767,0.666524,0.981909,0.656038,0.696684,0.952057,0.695874,0.950561,0.967570,0.988922,0.947052,0.151533,0.952177,0.059099,0.978015,0.047977,0.978190,0.040638,0.387322,0.023081,0.199627,0.006729,0.785154,0.018752,0.981108,0.037055,0.682316,0.032326,0.864408,0.988465,0.417318,0.959270,0.288102,0.967180,0.958814,0.056797,0.917964,0.018615,0.987874,0.034649
ENSDARG00000003469_0_2,-1.3000,-2.0839,0.750000,0.694945,0.731136,-19.6000,-21.5724,0.625000,0.583784,0.500947,0.876779,0.392748,0.878056,0.123286,0.998095,0.108973,0.997590,0.108032,0.996440,0.980574,0.557789,0.081832,0.064592,0.018858,0.058696,0.022235,0.993204,0.969064,0.961911,0.968578,0.739480,0.617948,0.940535,0.956546,0.999982,0.993746,0.999952,0.984652,0.646677,0.833235,0.583244,0.723258,0.985017,0.963114,0.411184,0.052853,0.425443,0.068140,0.508060,0.051277
ENSDARG00000003469_0_3,-1.6000,-2.0764,0.750000,0.760997,0.584881,-17.9000,-19.9836,0.500000,0.554938,0.494693,0.072654,0.144260,0.062345,0.132977,0.995634,0.931584,0.110391,0.118389,0.126078,0.122523,0.528478,0.496353,0.999164,0.991616,0.980695,0.909751,0.981442,0.906350,0.523503,0.484901,0.128000,0.120789,0.101249,0.094869,0.073467,0.148197,0.076062,0.149460,0.999793,0.994003,0.975207,0.730143,0.973066,0.680533,0.996617,0.951084,0.995198,0.379673,0.998566,0.406407
ENSDARG00000003469_0_4,-4.4000,-4.7760,0.500000,0.509378,0.466055,-20.1000,-22.0525,0.500000,0.450575,0.443400,0.998712,0.994984,0.058908,0.072131,0.015469,0.028340,0.000822,0.021900,0.001541,0.020691,0.004830,0.022989,0.580730,0.583355,0.999935,0.980129,0.999990,0.982446,0.999819,0.982508,0.582203,0.570797,0.003121,0.003123,0.001152,0.002639,0.000745,0.017983,0.015501,0.028149,0.058043,0.076927,0.999933,0.863375,0.999862,0.840790,0.999861,0.964879,0.999927,0.809859
ENSDARG00000003469_0_6,-3.6000,-3.9870,0.500000,0.555446,0.599225,-20.8000,-22.2704,0.125000,0.256098,0.476526,0.981430,0.975064,0.807094,0.799105,0.262423,0.263533,0.064534,0.065223,0.048709,0.044916,0.173143,0.170741,0.821236,0.809166,1.000000,0.994005,0.958443,0.956497,0.957816,0.956598,0.778954,0.771419,0.687160,0.675464,0.208523,0.207908,0.999926,0.999036,0.090895,0.106059,0.260407,0.255605,0.025728,0.026625,0.958101,0.213024,0.956617,0.131499,0.943371,0.109030
ENSDARG00000003469_0_7,-2.7000,-3.2449,0.375000,0.414747,0.522424,-20.5000,-21.7576,0.625000,0.589216,0.624448,0.012024,0.195319,0.016537,0.198528,0.470941,0.532415,0.496163,0.925401,1.000000,0.999970,0.983632,0.992456,0.125736,0.883751,0.119965,0.873464,0.982939,0.604184,0.981214,0.568550,0.966793,0.292302,0.974558,0.708897,0.212081,0.889408,0.225878,0.895324,0.824678,0.954691,0.844347,0.960223,0.122131,0.016348,0.041153,0.004220,0.047713,0.008092,0.999993,0.985422
ENSDARG00000003469_0_8,-0.8000,-1.2698,1.000000,0.961979,0.806987,-20.3000,-21.4710,0.750000,0.761787,0.565264,0.692807,0.994176,0.216942,0.989677,0.520328,0.015398,0.847742,0.010175,0.816640,0.010840,0.980043,0.011178,0.929857,0.013074,0.802377,0.731605,0.861687,0.378344,0.515389,0.877673,0.384699,0.987355,0.875393,0.191498,0.998546,0.073084,0.864408,0.067355,0.899586,0.993770,0.984381,0.987564,0.964096,0.991366,0.989727,0.999281,0.997669,0.991004,0.997420,0.990874
ENSDARG00000003469_0_9,-0.9000,-1.2875,1.000000,0.944015,0.754328,-21.9000,-23.4541,0.750000,0.699723,0.510879,0.433135,0.978898,0.251259,0.980527,0.244917,0.970495,0.964561,0.987432,0.974726,0.576408,0.968754,0.087689,0.964100,0.015196,0.197741,0.001164,0.187767,0.000937,0.387252,0.002679,0.992977,0.007469,0.967250,0.010904,0.952033,0.008743,0.977964,0.025678,0.978183,0.993312,0.978895,0.993252,0.958538,0.594072,0.901162,0.994153,0.901323,0.994265,0.904020,0.994309
ENSDARG00000003469_0_10,0.0000,-0.0068,1.000000,0.997983,0.998903,-15.6000,-17.2564,1.000000,0.921043,0.927613,0.999845,0.996168,0.999969,0.995335,0.999333,0.958558,0.999333,0.942588,0.999931,0.981889,0.996620,0.985375,0.999518,0.967525,0.999868,0.962232,0.999786,0.851386,1.000000,0.838542,1.000000,0.848659,1.000000,0.855660,0.989033,0.783742,1.000000,0.938016,1.000000,0.933420,1.000000,0.935490,0.999950,0.954045,0.997923,0.989828,0.998234,0.989296,0.998723,0.844507
ENSDARG00000003751_7_1,-2.9000,-3.3892,0.375000,0.506981,0.562217,-19.6000,-21.3266,0.625000,0.577657,0.548075,0.078774,0.631022,0.050031,0.304249,0.065146,0.343723,0.937520,0.393673,0.339503,0.443695,0.288517,0.457171,0.907271,0.662937,0.998498,0.776455,0.952978,0.547201,0.959071,0.495004,0.766011,0.390796,0.845178,0.894320,0.493783,0.803228,0.471252,0.728732,0.088990,0.558386,0.036205,0.310026,0.048667,0.322182,0.952422,0.561800,0.975571,0.813566,0.988957,0.523338
ENSDARG00000003751_7_2,-4.2000,-4.2546,1.000000,0.980716,0.694632,-23.4000,-24.7778,0.500000,0.471503,0.484052,0.020066,0.014211,0.014658,0.009506,0.013862,0.009228,0.981799,0.986490,0.985066,0.988525,0.994989,0.998512,0.995691,0.999361,0.991007,0.996033,0.029937,0.018571,0.022802,0.012197,0.030047,0.018713,0.966993,0.857673,0.980104,0.837019,0.961757,0.882725,0.993378,0.902909,0.992537,0.693810,0.993278,0.255617,0.979685,0.120535,0.957238,0.022703,0.987749,0.056710
ENSDARG00000003751_7_3,-1.6000,-2.4388,0.625000,0.560654,0.577971,-20.1000,-22.1145,1.000000,0.713875,0.616821,0.983397,0.986932,0.281971,0.856317,0.243066,0.774112,0.988397,0.366275,0.151369,0.215210,0.103846,0.224185,0.230939,0.247043,0.946273,0.301322,0.916326,0.372999,0.940440,0.883391,0.667003,0.734449,0.621149,0.663193,0.628485,0.798646,0.943509,0.767035,0.516055,0.653722,0.088115,0.495045,0.114766,0.460839,0.933108,0.946257,0.605633,0.976108,0.655565,0.613348
ENSDARG00000003751_7_4,-4.4000,-4.4890,0.500000,0.512460,0.414160,-20.4000,-21.9318,0.250000,0.400149,0.370623,0.121387,0.136611,0.015262,0.022293,0.010246,0.013957,0.003580,0.010049,0.004287,0.012136,0.012107,0.018312,0.999873,0.993086,0.987472,0.986338,0.987578,0.980544,0.999172,0.991873,0.025516,0.027267,0.017038,0.018803,0.015236,0.021794,0.002338,0.009574,0.002259,0.002745,0.121839,0.119876,0.987255,0.691168,0.987079,0.632429,0.988204,0.921866,0.995471,0.801743
ENSDARG00000003751_7_5,-3.5000,-4.0932,1.000000,0.705947,0.645610,-25.6000,-27.2689,0.625000,0.611199,0.284892,0.296210,0.108364,0.298606,0.002566,0.303569,0.000530,0.732956,0.036375,0.973005,0.043667,1.000000,0.387509,0.755510,0.049027,0.998822,0.038296,0.978659,0.045490,0.307444,0.001228,0.310537,0.088290,0.309307,0.006904,0.982893,0.913503,0.818873,0.999836,0.977926,0.999916,0.974321,0.999927,0.407685,0.010243,0.391822,0.001023,0.394440,0.521287,0.699613,0.443854
ENSDARG00000003751_7_6,-0.1000,-0.6805,0.750000,0.837352,0.852437,-17.1000,-19.0935,0.375000,0.531220,0.648908,0.430793,0.334986,0.500095,0.326631,0.894538,0.566743,0.887552,0.571432,0.884473,0.942693,0.996787,0.636313,0.972245,0.656852,0.912627,0.940519,0.986747,0.932168,0.959207,0.964475,0.929745,0.884896,0.995109,0.970688,0.509602,0.291066,0.430556,0.277402,0.920647,0.689377,0.934879,0.830972,0.973936,0.810957,0.947756,0.650704,0.990635,0.293548,0.990809,0.405732
ENSDARG00000003751_7_7,-5.9000,-5.9085,0.750000,0.749821,0.600214,-22.4000,-23.9534,0.875000,0.616158,0.545969,0.990575,0.992674,0.004548,0.471359,0.002859,0.474522,0.002342,0.476370,0.002883,0.475259,0.999215,0.992764,0.999900,0.525897,0.999978,0.522382,0.999972,0.525219,0.999992,0.522799,0.002567,0.004812,0.000881,0.006072,0.000234,0.010274,0.002014,0.387703,0.999919,0.857772,0.997313,0.782869,0.999639,0.740771,0.999614,0.710584,0.999929,0.771600,0.999906,0.667688
ENSDARG00000003751_7_8,-3.7000,-4.4140,0.500000,0.581749,0.618357,-24.1000,-25.7401,0.625000,0.658826,0.415534,0.486434,0.781609,0.443186,0.116298,0.440809,0.007152,0.903102,0.010604,0.801130,0.254468,0.938729,0.049035,0.827028,0.784311,0.534351,0.783797,0.453748,0.018515,0.499132,0.002791,0.460348,0.002349,0.925152,0.229136,0.783579,0.077455,0.956671,0.257259,0.187291,0.341726,0.101186,0.884226,0.112048,0.947852,0.588804,0.966186,0.951272,0.819237,0.973143,0.976666
ENSDARG00000003751_7_9,-7.5000,-7.6887,0.375000,0.397380,0.517894,-22.9000,-25.2195,0.375000,0.363323,0.431314,0.996951,0.773576,0.957635,0.351332,0.999641,0.499814,0.206021,0.076971,0.000510,0.000303,0.000409,0.000304,0.000442,0.000334,0.017337,0.017249,0.999997,0.999983,0.999986,0.999972,0.999977,0.999951,0.999926,0.999903,0.999985,0.999964,0.999295,0.999281,0.017729,0.017762,0.000087,0.000106,0.000049,0.000060,0.000494,0.000245,0.206388,0.087974,0.955016,0.801190
ENSDARG00000003751_7_10,-2.5000,-2.7642,1.000000,0.947413,0.640853,-18.1000,-19.8986,1.000000,0.901627,0.622561,0.217607,0.219798,0.212431,0.214181,0.232049,0.233844,0.316440,0.316667,0.841204,0.841216,0.799574,0.799254,0.801104,0.799610,0.999510,0.994190,0.322554,0.323139,0.239933,0.237567,0.229635,0.227452,0.025723,0.031277,0.765761,0.762398,0.837501,0.833140,0.989838,0.959762,0.998746,0.952633,0.998822,0.973684,0.999683,0.973643,0.990019,0.976421,0.998933,0.781334
ENSDARG00000004377_4_1,-2.6000,-3.0095,0.750000,0.667635,0.549146,-22.9000,-24.1568,0.625000,0.760968,0.384071,0.941964,0.118242,0.225370,0.005442,0.345773,0.005262,0.154683,0.002161,0.015213,0.000141,0.136331,0.002243,0.678771,0.013897,0.998109,0.029061,0.997620,0.085163,0.475112,0.118712,0.337302,0.950292,0.335588,0.263057,0.337183,0.404023,0.028368,0.908877,0.678357,0.998901,0.678675,0.998789,0.808669,0.996585,0.978910,0.461908,0.832181,0.319098,0.998737,0.999566
ENSDARG00000004377_4_2,0.0000,-0.2569,1.000000,0.977313,0.942141,-17.5000,-19.3627,0.750000,0.764455,0.634572,0.817038,0.944426,0.874032,0.940132,0.911107,0.344235,0.984594,0.282013,0.963518,0.265493,0.994666,0.248802,0.911861,0.237453,0.999707,0.292266,0.879911,0.450314,0.855619,0.757181,0.962528,0.918230,0.869735,0.895259,0.999228,0.980179,0.978541,0.982191,0.968868,0.979674,0.999740,0.993368,0.985249,0.941243,0.999575,0.977546,0.937135,0.214409,0.950166,0.047030
ENSDARG00000004377_4_3,-1.3000,-1.4936,0.625000,0.662362,0.727939,-17.4000,-19.5227,0.750000,0.718159,0.708852,0.973582,0.880740,0.998907,0.855666,0.999904,0.824411,0.998696,0.825028,0.986946,0.855470,0.130293,0.559129,0.167703,0.780031,0.116416,0.529177,0.979294,0.849568,0.908443,0.507152,0.999923,0.494083,0.999779,0.471316,0.991885,0.511690,0.899378,0.435437,0.979141,0.990570,0.161028,0.714617,0.133305,0.580693,0.150638,0.658693,0.985420,0.971041,0.998103,0.882529
ENSDARG00000004377_4_4,-1.6000,-2.1925,0.500000,0.454562,0.519191,-19.5000,-20.5491,0.625000,0.537138,0.720906,0.165792,0.823662,0.065803,0.816194,0.067349,0.804267,0.999826,0.998607,0.999925,0.998511,0.195305,0.658457,0.128581,0.602519,0.605186,0.727888,0.981929,0.955336,0.980436,0.926593,0.999158,0.953021,0.558042,0.855971,0.188209,0.680625,0.569396,0.695649,0.631842,0.762478,0.066614,0.063105,0.046966,0.052273,0.149668,0.075898,0.983894,0.993077,0.999904,0.973998
ENSDARG00000004377_4_5,-0.6000,-1.3204,0.250000,0.515186,0.583226,-18.4000,-20.1795,0.750000,0.672239,0.544101,0.944065,0.713914,0.936798,0.679823,0.833292,0.972058,0.164650,0.192134,0.174488,0.181920,0.342634,0.674898,0.423775,0.302920,0.380448,0.819676,0.608855,0.494428,0.934512,0.231369,0.902522,0.177506,0.896996,0.063469,0.511557,0.053958,0.248461,0.834912,0.281541,0.842567,0.280347,0.745432,0.402262,0.818819,0.402267,0.813941,0.995241,0.893279,0.999811,0.375004
ENSDARG00000004377_4_6,-0.3000,-0.7216,1.000000,0.949842,0.792683,-20.0000,-21.4231,0.500000,0.514423,0.403565,0.946993,0.970521,0.421638,0.113356,0.420115,0.087562,0.417450,0.067251,0.945840,0.997131,0.970125,0.493101,0.966296,0.040889,0.968811,0.013927,0.968403,0.014028,0.451526,0.150197,0.407787,0.996404,0.369948,0.011556,0.959872,0.007719,0.940662,0.056998,0.962952,0.997267,0.953705,0.996914,0.950701,0.997070,0.953494,0.996678,0.939229,0.057508,0.938120,0.005231
ENSDARG00000004377_4_7,-6.6000,-6.6800,0.500000,0.515870,0.412817,-26.4000,-27.3611,0.375000,0.377481,0.450266,0.113426,0.986645,0.004560,0.992731,0.007283,0.992602,0.001724,0.912275,0.000064,0.900471,0.001151,0.977752,0.999983,0.190850,0.999995,0.022182,0.999992,0.004086,0.999994,0.004884,0.001134,0.000972,0.000065,0.000032,0.002500,0.000985,0.008089,0.001183,0.003993,0.000082,0.112598,0.004797,0.999999,0.039907,0.999808,0.998647,0.999986,0.976785,0.999989,0.997461
ENSDARG00000004377_4_8,0.0000,-0.4700,1.000000,0.871812,0.907420,-17.1000,-18.8890,0.625000,0.653090,0.639269,0.984577,0.895788,0.997479,0.884789,0.998644,0.945753,0.969911,0.940735,0.996095,0.981879,0.892064,0.967681,0.943005,0.345892,0.975631,0.217651,0.899947,0.150647,1.000000,0.156806,0.781778,0.958569,0.734766,0.114461,0.922086,0.133702,0.970084,0.975515,0.999286,0.981453,0.813372,0.954449,0.999773,0.999692,0.792099,0.971593,0.526060,0.077840,0.951736,0.130479
ENSDARG00000004377_4_9,-3.4000,-3.6849,1.000000,0.979814,0.625232,-19.0000,-21.1071,1.000000,0.798075,0.552384,0.184857,0.185693,0.005098,0.006338,0.020361,0.020738,0.061722,0.061209,0.995086,0.996078,0.994802,0.995673,0.997337,0.997140,0.999544,0.998250,0.361991,0.358867,0.029189,0.027478,0.008281,0.007400,0.007871,0.008220,0.995051,0.988646,0.862837,0.852022,0.997295,0.994888,0.994580,0.603710,0.995609,0.599457,0.999960,0.714511,0.993231,0.774187,0.999950,0.857178
ENSDARG00000004377_4_10,-0.4000,-1.2593,0.500000,0.608070,0.718865,-21.2000,-22.9207,0.500000,0.575626,0.627683,0.482613,0.972726,0.519672,0.530961,0.999833,0.504644,0.998529,0.492995,0.621039,0.304589,0.328009,0.221683,0.786475,0.460804,0.986812,0.487824,0.999111,0.993878,0.998200,0.996108,1.000000,0.999198,0.792446,0.983242,0.416358,0.799159,0.243652,0.776332,0.764528,0.967926,0.996166,0.995988,1.000000,0.546356,0.826869,0.513238,0.290789,0.002674,0.326198,0.003339
ENSDARG00000004473_5_1,-0.8000,-1.6086,0.500000,0.584456,0.606792,-18.4000,-20.3053,0.875000,0.717336,0.569658,0.707116,0.268089,0.567922,0.179506,0.641200,0.060055,0.149434,0.016133,0.136177,0.028701,0.454134,0.898851,0.720386,0.703842,0.680825,0.691491,0.937698,0.931936,0.995585,0.695268,0.998483,0.623272,0.471229,0.557327,0.453016,0.791758,0.435846,0.765439,0.674983,0.800394,0.338330,0.676629,0.730459,0.853515,0.666866,0.805595,0.679603,0.690851,0.696548,0.354508
ENSDARG00000004473_5_2,-1.6000,-2.0588,0.750000,0.675481,0.613310,-22.1000,-23.1658,0.500000,0.543582,0.390758,0.997268,0.994943,0.996913,0.947623,0.880614,0.186972,0.372642,0.161544,0.286963,0.926437,0.048769,0.034954,0.259203,0.020392,0.744935,0.060022,0.770530,0.055922,0.777364,0.040014,0.418395,0.021989,0.308747,0.015704,0.404664,0.010028,0.084256,0.002588,0.744294,0.208663,0.737441,0.995540,0.738438,0.985165,0.756315,0.984820,0.965185,0.975863,0.973254,0.185985
ENSDARG00000004473_5_3,-1.9000,-2.7156,0.500000,0.639454,0.640947,-21.1000,-22.2738,0.625000,0.537908,0.427722,0.599507,0.204486,0.576866,0.163182,0.624674,0.112932,0.964544,0.239805,0.801398,0.204592,0.383199,0.822730,0.401537,0.819795,0.451409,0.908401,0.634732,0.299318,0.915295,0.216708,0.902465,0.208950,0.447672,0.050287,0.394696,0.044512,0.064532,0.769725,0.473718,0.844587,0.575271,0.790843,0.643276,0.795439,0.992635,0.819228,0.976939,0.153943,0.994566,0.084988
ENSDARG00000004473_5_4,0.0000,-0.5158,1.000000,0.942331,0.889915,-15.9000,-18.4334,0.750000,0.788909,0.711657,0.824795,0.938605,0.697524,0.712179,0.854287,0.702520,0.983857,0.719001,0.996330,0.726753,0.946815,0.722551,0.999831,0.904783,0.939443,0.872458,0.444897,0.141599,0.582287,0.190093,0.990418,0.639552,0.999174,0.651774,0.998631,0.658048,0.934761,0.732644,0.925152,0.786337,0.924453,0.926662,0.847429,0.701515,0.924367,0.757951,0.993862,0.994343,0.989991,0.753776
ENSDARG00000004473_5_5,0.0000,-0.0523,1.000000,0.976655,0.979842,-17.0000,-18.7791,0.625000,0.684669,0.689521,0.996277,0.772296,0.994621,0.983104,0.984104,0.575146,0.990425,0.581758,0.979096,0.547229,0.987312,0.962612,0.979405,0.931855,0.971688,0.955947,0.962689,0.484147,0.972686,0.521234,0.992917,0.522792,0.972382,0.474940,0.981113,0.484279,0.995507,0.852046,0.986441,0.817192,0.980792,0.481732,0.991080,0.520156,0.955104,0.728116,0.959269,0.985087,0.963933,0.608742
ENSDARG00000004473_5_6,0.0000,-0.1552,1.000000,0.953649,0.963655,-17.4000,-18.4532,0.750000,0.744134,0.858439,0.978191,0.985886,0.908555,0.917486,0.990276,0.981791,0.926368,0.915721,0.954849,0.970110,0.989515,0.990070,0.961191,0.969410,0.954098,0.979913,0.992966,0.884869,1.000000,0.878691,0.987901,0.868814,1.000000,0.872939,0.898228,0.787458,0.997211,0.990815,0.825763,0.758507,1.000000,0.957530,0.999871,0.324572,0.912560,0.278364,0.997277,0.898590,0.998282,0.957235
ENSDARG00000004473_5_7,-4.5000,-4.6771,0.500000,0.454514,0.558702,-20.4000,-21.9447,0.625000,0.497353,0.561513,0.002160,0.013888,0.000663,0.012533,0.004776,0.080961,0.018112,0.329845,0.999996,0.999996,0.999561,0.999535,0.999988,0.999857,0.761292,0.596493,0.775685,0.540820,0.985168,0.684563,0.999997,0.999931,0.990535,0.993007,0.993110,0.994618,0.786134,0.852626,0.791936,0.856571,0.018167,0.023623,0.015560,0.024022,0.014966,0.013363,0.016238,0.317729,1.000000,0.896272
ENSDARG00000004473_5_8,-2.3000,-2.5253,0.250000,0.311817,0.448670,-19.9000,-21.3750,0.125000,0.212041,0.517594,0.985395,0.943595,0.988793,0.988596,0.118618,0.513874,0.106137,0.513274,0.092015,0.541224,0.953574,0.985645,0.030228,0.514800,0.038598,0.515539,0.174214,0.581325,0.997924,0.963915,0.996974,0.962693,0.996389,0.631074,0.969998,0.516493,0.141894,0.073090,0.019842,0.003784,0.027767,0.007116,0.988790,0.524901,0.110745,0.538369,0.118546,0.024324,0.116950,0.008252
ENSDARG00000004473_5_9,-2.9000,-3.6115,0.500000,0.583377,0.593423,-19.3000,-21.5352,0.375000,0.495576,0.536882,0.990790,0.872954,0.995830,0.836803,0.274737,0.329547,0.131257,0.102705,0.010382,0.037501,0.395714,0.550493,0.310336,0.426642,0.903082,0.871439,0.922461,0.946045,0.999992,0.845586,0.795529,0.613230,0.471340,0.340092,0.373477,0.259440,0.834988,0.713658,0.489009,0.577231,0.212488,0.398502,0.201709,0.340117,0.724408,0.706679,0.846327,0.789287,0.984612,0.179690
ENSDARG00000004473_5_10,0.0000,-0.0985,1.000000,0.993911,0.984797,-15.7000,-17.9781,1.000000,0.925310,0.808989,0.885790,0.860361,0.990595,0.913213,1.000000,0.935285,1.000000,0.934954,0.992927,0.908529,1.000000,0.997689,0.906964,0.810149,1.000000,0.559868,1.000000,0.483866,1.000000,0.465271,1.000000,0.460287,0.968372,0.447837,1.000000,0.993472,0.979704,0.827044,1.000000,0.997965,0.988010,0.975292,1.000000,0.939433,0.988361,0.914093,1.000000,0.991833,0.995211,0.763347
ENSDARG00000009136_12_1,-3.5000,-3.9760,0.250000,0.318123,0.380461,-19.0000,-21.5663,0.250000,0.289671,0.423107,0.101304,0.360189,0.081430,0.333847,0.192280,0.372232,0.164894,0.364916,0.003001,0.060656,0.002492,0.059085,0.260501,0.312658,0.998933,0.992032,0.999851,0.993392,0.999989,0.996668,0.999986,0.992922,0.259580,0.306181,0.022871,0.090286,0.003493,0.016727,0.143964,0.241037,0.298173,0.595177,0.174909,0.470239,0.084665,0.044182,0.892077,0.289114,0.924834,0.570608
ENSDARG00000009136_12_2,-1.7000,-2.4674,0.250000,0.320119,0.430824,-25.9000,-27.1775,0.000000,0.004372,0.479547,0.333122,0.699283,0.053015,0.835189,0.029149,0.748537,0.099793,0.995318,0.184036,0.999145,0.376762,0.997181,0.512656,0.982384,0.794617,0.750438,0.921010,0.972697,0.932176,0.681729,0.921544,0.849165,0.897645,0.044903,0.624483,0.022800,0.175624,0.003830,0.167959,0.002123,0.158220,0.002915,0.113620,0.000935,0.111775,0.000164,0.209438,0.001100,0.999835,0.001108
ENSDARG00000009136_12_3,-5.3000,-5.3128,0.625000,0.625672,0.502204,-21.1000,-22.7295,0.375000,0.542949,0.474863,0.996681,0.993727,0.006783,0.118175,0.003463,0.103405,0.001335,0.101674,0.004040,0.115148,0.012436,0.036271,0.999711,0.887485,0.999129,0.884839,0.999164,0.885224,0.998577,0.887663,0.013220,0.042480,0.004157,0.097578,0.001272,0.042729,0.003401,0.018023,0.003260,0.013722,0.999036,0.767836,0.999086,0.915279,0.999382,0.708231,0.999942,0.993133,0.999997,0.884634
ENSDARG00000009136_12_4,-3.2000,-3.5147,0.500000,0.546899,0.630709,-20.3000,-22.1534,0.500000,0.505127,0.532891,0.915891,0.901727,0.915966,0.892905,0.992842,0.906605,0.999857,0.755889,0.999842,0.705750,0.999800,0.745244,0.795580,0.595908,0.085828,0.048285,0.049145,0.041312,0.349651,0.101020,0.247724,0.036666,0.886853,0.885502,0.899465,0.891103,0.771906,0.972710,0.755665,0.969759,0.783682,0.972689,0.351854,0.137341,0.265719,0.040232,0.257219,0.030153,0.289686,0.027026
ENSDARG00000009136_12_5,0.0000,-0.4351,1.000000,0.881718,0.906566,-17.5000,-18.9004,0.750000,0.720488,0.857476,0.984196,0.983267,0.989665,0.987161,0.981389,0.969030,0.951842,0.948091,0.957046,0.978627,0.995501,0.977733,0.945147,0.947152,0.958594,0.964401,0.997975,0.980372,0.925571,0.947862,0.713167,0.919562,0.677478,0.782358,0.944406,0.840271,0.995289,0.834349,0.862642,0.746089,0.991982,0.624425,0.740223,0.619812,0.573698,0.158992,0.950401,0.985658,0.995107,0.954307
ENSDARG00000009136_12_6,-5.4000,-5.4510,1.000000,0.962686,0.597043,-23.6000,-25.1006,0.250000,0.340364,0.362237,0.064618,0.325782,0.063506,0.325279,0.014005,0.324959,0.072181,0.330341,0.936919,0.697315,0.937120,0.677436,0.938335,0.676691,0.949324,0.676415,0.072880,0.010659,0.065039,0.010721,0.062040,0.231572,0.063408,0.234659,0.946866,0.178956,0.938495,0.123690,0.934374,0.120947,0.938613,0.167485,0.999951,0.975489,0.946416,0.324950,0.997987,0.365211,0.998782,0.466181
ENSDARG00000009136_12_7,-0.1000,-0.6530,0.875000,0.936022,0.834882,-16.4000,-18.2585,0.625000,0.777099,0.768759,0.960033,0.955516,0.998958,0.994646,0.991215,0.991761,0.578486,0.610392,0.475896,0.513167,0.365644,0.402385,0.967992,0.942535,0.998383,0.960433,0.999606,0.962734,0.998431,0.949121,0.449310,0.477299,0.425506,0.398388,0.547686,0.526617,0.991044,0.964582,0.998568,0.964644,0.990945,0.944140,0.995662,0.974481,0.986005,0.979443,0.979182,0.449262,0.999083,0.413623
ENSDARG00000009136_12_8,-1.5000,-1.7811,1.000000,0.906402,0.720513,-21.2000,-22.0234,0.625000,0.627818,0.584263,0.219789,0.094758,0.224641,0.091451,0.356708,0.171811,0.959168,0.992897,0.956621,0.993358,0.962095,0.990458,0.997888,0.997084,0.843753,0.990150,0.199051,0.162310,0.144133,0.090950,0.299278,0.096560,0.995924,0.990923,0.933204,0.991757,0.960692,0.996170,0.825975,0.983162,0.841893,0.988266,0.770565,0.022159,0.927642,0.010572,0.995909,0.040093,0.995334,0.990362
ENSDARG00000009136_12_9,-2.0000,-2.2831,0.375000,0.443509,0.545836,-24.5000,-26.0145,0.500000,0.662172,0.433502,0.987223,0.997639,0.974379,0.062380,0.904658,0.001885,0.902828,0.000142,0.907299,0.000824,0.165383,0.000128,0.175407,0.020085,0.090005,0.240267,0.072620,0.994689,0.251798,0.497994,0.967576,0.178534,0.969471,0.378099,0.978152,0.012079,0.970112,0.011378,0.240716,0.998506,0.086050,0.998762,0.089631,0.998467,0.115631,0.998608,0.133417,0.642475,0.934363,0.637103
ENSDARG00000009136_12_10,-1.6000,-1.9589,0.250000,0.365049,0.486202,-19.5000,-20.7516,0.750000,0.715233,0.572484,0.400746,0.942873,0.128838,0.911162,0.088141,0.071468,0.140506,0.084912,0.968677,0.148257,0.131488,0.083245,0.096086,0.094962,0.928778,0.961192,0.938668,0.664400,0.988531,0.737821,0.997220,0.830814,0.995973,0.196712,0.102593,0.097097,0.085403,0.174277,0.100757,0.879685,0.130548,0.863440,0.121266,0.862879,0.406203,0.881001,0.974558,0.988686,0.999066,0.974803
ENSDARG00000009958_9_1,0.0000,-0.3849,1.000000,0.879557,0.894851,-18.4000,-19.5828,0.875000,0.845323,0.580244,0.910164,0.984001,0.970491,0.983065,0.990667,0.819794,0.960688,0.223766,0.851192,0.339067,0.850198,0.187092,1.000000,0.999103,0.778678,0.053270,0.746939,0.044007,0.812073,0.049923,0.990058,0.070892,0.999410,0.088321,0.869641,0.114512,0.876102,0.906006,0.995367,0.975488,0.862526,0.966895,0.627355,0.945634,0.875296,0.986416,0.984833,0.985430,0.945339,0.882202
ENSDARG00000009958_9_2,-0.5000,-1.1314,1.000000,0.914157,0.806849,-18.7000,-20.5917,0.500000,0.464307,0.568967,0.379799,0.636871,0.376902,0.644238,0.992514,0.994270,0.989543,0.673424,0.961685,0.983952,0.964623,0.567444,0.875342,0.545028,0.881203,0.540211,0.657580,0.386536,0.573336,0.700074,0.549826,0.731381,0.621382,0.261469,0.987795,0.351196,0.817280,0.255207,0.820758,0.253441,0.966587,0.573990,0.836294,0.399494,0.900500,0.517114,0.987615,0.519234,0.996425,0.844775
ENSDARG00000009958_9_3,-1.0000,-1.4133,0.375000,0.507267,0.522193,-20.8000,-21.7363,0.500000,0.426348,0.692203,0.382955,0.886461,0.196768,0.852488,0.228050,0.917606,1.000000,0.998955,0.222834,0.764331,0.120651,0.705768,0.121159,0.696330,0.949800,0.996449,0.999411,0.995727,0.999591,0.994811,0.994120,0.960951,0.170386,0.663390,0.172918,0.702916,0.261134,0.745949,0.992586,0.956693,0.177563,0.915859,0.148017,0.025247,0.349429,0.031119,0.956956,0.023791,0.999532,0.009210
ENSDARG00000009958_9_4,-2.2000,-2.5476,0.625000,0.603795,0.682677,-19.5000,-21.1490,0.375000,0.430799,0.638330,0.982385,0.978178,0.843583,0.964627,0.810251,0.968394,0.937681,0.983360,0.198155,0.341032,0.087309,0.136139,0.028743,0.079361,0.939513,0.933144,0.999784,0.991761,0.999186,0.982396,0.999840,0.982636,0.996747,0.979185,0.999675,0.989197,0.999144,0.988442,0.017638,0.036724,0.017928,0.046874,0.237835,0.260631,0.964279,0.809099,0.784430,0.239967,0.809433,0.075456
ENSDARG00000009958_9_5,-3.2000,-3.5168,0.625000,0.584961,0.628710,-21.5000,-22.6689,0.625000,0.625143,0.731607,0.007342,0.528688,0.005904,0.530642,0.010241,0.920914,0.853917,0.926875,0.812674,0.908744,0.946771,0.939722,0.822755,0.965515,0.832163,0.829166,0.993435,0.539066,0.852963,0.586487,0.821590,0.964445,0.934751,0.990727,0.992481,0.997949,0.826467,0.965700,0.834817,0.973385,0.010353,0.069885,0.008826,0.066664,0.010374,0.069822,0.998094,0.933173,0.998278,0.924568
ENSDARG00000009958_9_6,-1.5000,-1.7139,0.750000,0.783430,0.652877,-17.2000,-19.3595,0.500000,0.650937,0.566229,0.968244,0.959650,0.242166,0.655292,0.173686,0.639702,0.151388,0.622122,0.154214,0.224234,0.941011,0.476030,0.961328,0.444029,0.999830,0.453631,0.974861,0.457061,0.999430,0.997689,0.146011,0.121956,0.077944,0.065692,0.107998,0.186356,0.221960,0.658218,0.998266,0.990753,0.992302,0.975790,0.993277,0.945720,0.983061,0.527932,0.982007,0.488625,0.988565,0.434105
ENSDARG00000009958_9_7,-2.7000,-3.1940,0.500000,0.475154,0.579985,-24.1000,-25.0235,0.375000,0.310919,0.669357,0.985169,0.977856,0.932066,0.986138,0.994289,0.982829,0.144598,0.987780,0.069481,0.904511,0.009208,0.631716,0.023953,0.682039,0.996905,0.896506,0.643951,0.893229,0.999886,0.994078,0.999865,0.986379,0.999096,0.976726,0.648516,0.929516,0.931241,0.788846,0.028022,0.724676,0.064101,0.009879,0.009025,0.004087,0.192741,0.007641,0.983818,0.010568,0.943766,0.012143
ENSDARG00000009958_9_8,-1.5000,-2.3414,1.000000,0.608819,0.602528,-25.4000,-27.0924,0.000000,0.004093,0.280157,0.370026,0.258323,0.084222,0.086492,0.327703,0.826610,0.379954,0.999961,0.456052,0.999822,0.760968,0.986070,0.774300,0.982844,0.577895,0.068640,0.662779,0.085247,0.984381,0.178872,0.977632,0.082703,0.824089,0.014808,0.909616,0.002464,0.400252,0.001721,0.381117,0.002755,0.371476,0.000826,0.360738,0.000061,0.469299,0.002357,0.988455,0.012131,0.989600,0.010431
ENSDARG00000009958_9_9,-1.1000,-1.7480,0.625000,0.655454,0.660631,-17.1000,-19.1997,0.375000,0.517521,0.590389,0.130077,0.186467,0.127729,0.136522,0.190929,0.187049,0.996662,0.898247,0.531475,0.520133,0.773345,0.699094,0.939094,0.875422,0.929766,0.841212,0.986777,0.952681,0.817086,0.794294,0.766991,0.782601,0.779046,0.793881,0.192243,0.280353,0.132687,0.227531,0.132332,0.218909,0.945540,0.857970,0.936829,0.838793,0.938411,0.816029,0.969044,0.424920,0.996548,0.475666
ENSDARG00000009958_9_10,-3.1000,-3.3093,0.500000,0.542288,0.538119,-18.8000,-21.4622,0.500000,0.265839,0.486466,0.274405,0.806595,0.043345,0.699460,0.050167,0.297329,0.009729,0.089217,0.006043,0.054343,0.998761,0.396496,0.999577,0.957244,0.999764,0.976447,0.999686,0.981647,0.998723,0.978757,0.999853,0.750960,0.044034,0.614104,0.048064,0.655297,0.011881,0.026192,0.008537,0.022235,0.279875,0.088790,0.994162,0.246112,0.996156,0.226886,0.999804,0.273351,0.999824,0.587846
ENSDARG00000010770_1_1,-1.0000,-1.5325,1.000000,0.983814,0.769182,-16.7000,-18.9381,1.000000,0.927818,0.743291,0.250945,0.426978,0.316043,0.477995,1.000000,0.994934,0.331600,0.490217,0.802328,0.763656,1.000000,0.880452,0.995294,0.834999,1.000000,0.842117,0.551965,0.571417,1.000000,0.845812,0.115125,0.122209,0.149841,0.192487,1.000000,0.993246,0.881375,0.899076,1.000000,0.998378,0.998091,0.952961,1.000000,0.997087,0.993520,0.946409,1.000000,0.988930,0.997524,0.646460
ENSDARG00000010770_1_2,-1.4000,-1.8023,0.750000,0.795649,0.680170,-19.3000,-21.2100,0.375000,0.657450,0.555487,0.202861,0.621415,0.257319,0.588211,1.000000,0.384922,0.271895,0.111809,0.307137,0.124200,0.919014,0.554135,0.931327,0.782799,1.000000,0.857739,0.982681,0.974675,1.000000,0.574668,0.194571,0.142411,0.171411,0.133156,0.872573,0.426941,1.000000,0.997300,0.330752,0.768359,0.407223,0.792224,1.000000,0.755823,0.878794,0.585090,0.879585,0.633661,0.996265,0.300199
ENSDARG00000010770_1_3,-2.3000,-2.6231,0.375000,0.431260,0.542975,-18.7000,-20.3966,0.250000,0.398486,0.526710,0.995704,0.991029,0.973519,0.984476,0.989881,0.969000,0.035075,0.204028,0.031882,0.189834,0.955472,0.904511,0.029557,0.067474,0.044965,0.079946,0.372039,0.361165,0.989390,0.830614,0.992337,0.846626,0.999594,0.917601,0.378372,0.378263,0.103965,0.120350,0.029023,0.083984,0.941811,0.880973,0.077465,0.185509,0.030529,0.196548,0.956199,0.979630,0.932713,0.362635
ENSDARG00000010770_1_4,-0.6000,-1.3465,1.000000,0.766556,0.700947,-17.1000,-19.4151,0.750000,0.690683,0.633304,0.569746,0.727311,0.189626,0.513086,0.554569,0.630732,0.551478,0.620230,0.743065,0.702026,0.816190,0.738299,0.658952,0.519165,0.965872,0.583641,0.918585,0.547699,0.974571,0.601131,0.593578,0.385848,0.350252,0.571455,0.591505,0.715497,0.574117,0.735417,0.532761,0.724618,0.519901,0.706000,0.975033,0.984777,0.979169,0.933365,0.978114,0.559973,0.981848,0.165815
ENSDARG00000010770_1_5,-4.2000,-4.6494,0.500000,0.440076,0.550138,-22.4000,-23.9728,0.125000,0.195089,0.473110,0.702869,0.921414,0.109733,0.105050,0.114245,0.128398,0.342202,0.164094,0.287631,0.157302,0.650845,0.858904,0.616757,0.818401,0.677326,0.880599,0.998858,0.979633,0.999895,0.999640,0.995869,0.950103,0.985927,0.937956,0.950482,0.937427,0.349522,0.192283,0.019948,0.064891,0.004186,0.006764,0.007650,0.008265,0.715466,0.176508,0.642756,0.125848,0.830601,0.048724
ENSDARG00000010770_1_6,-4.3000,-4.3285,1.000000,0.979274,0.690661,-21.0000,-22.0000,0.625000,0.700831,0.577926,0.002984,0.003042,0.001257,0.001335,0.004646,0.004708,0.999949,0.999843,0.999804,0.999728,0.999295,0.999224,0.999355,0.999302,0.004943,0.004985,0.002061,0.002117,0.003608,0.003655,0.998250,0.997974,0.962876,0.935956,0.964398,0.925203,0.972175,0.940908,1.000000,0.938036,0.999638,0.328667,0.998334,0.330836,0.969865,0.330637,0.964732,0.932344,0.965047,0.880014
ENSDARG00000010770_1_7,-0.3000,-0.8109,0.375000,0.568088,0.649050,-17.3000,-19.1571,0.250000,0.481577,0.599689,0.985925,0.992695,0.418598,0.883312,0.296046,0.821841,0.300368,0.699719,0.331452,0.638344,0.366905,0.607569,0.908637,0.703173,0.905839,0.847424,0.984779,0.487229,0.978961,0.449002,0.979174,0.562829,0.979617,0.448015,0.936794,0.435453,0.935088,0.956695,0.950779,0.466367,0.349747,0.372846,0.319931,0.723378,0.324906,0.397514,0.302764,0.288927,0.424698,0.211436
ENSDARG00000010770_1_8,-0.1000,-0.6876,0.625000,0.760175,0.806177,-18.7000,-20.0071,0.625000,0.820167,0.695309,0.343238,0.532541,0.347474,0.483621,0.885058,0.750105,0.609921,0.679134,0.999217,0.477663,0.885460,0.468538,0.998480,0.503759,0.998465,0.988274,0.997978,0.523998,0.995211,0.488107,0.985902,0.476918,0.995741,0.972191,0.999643,0.971751,0.998169,0.985015,0.378280,0.931327,0.926016,0.980972,0.357554,0.574917,0.422283,0.570327,0.999591,0.973713,0.999863,0.573310
ENSDARG00000010770_1_9,-1.8000,-2.3748,0.875000,0.916597,0.741627,-19.8000,-21.5232,0.125000,0.304063,0.496043,0.530827,0.528880,0.028888,0.029340,0.288574,0.291621,0.596776,0.602029,0.997457,0.998911,0.997440,0.998853,0.983286,0.983641,0.840198,0.835013,0.638073,0.628462,0.618222,0.609132,0.596985,0.601220,0.383037,0.381243,0.389672,0.392643,0.987250,0.936528,0.987912,0.417346,0.996468,0.260103,0.992850,0.266249,0.999799,0.076106,0.986505,0.041445,0.992318,0.042087
ENSDARG00000010770_1_10,-2.7000,-3.3147,0.375000,0.390842,0.504245,-19.7000,-21.7399,0.375000,0.374260,0.413906,0.983529,0.857697,0.568034,0.408803,0.563918,0.433510,0.576439,0.289444,0.424828,0.075102,0.495746,0.128462,0.540209,0.459665,0.455853,0.397698,0.428379,0.386688,0.425873,0.386719,0.495609,0.462389,0.999744,0.997864,0.995485,0.998747,0.998835,0.996937,0.104595,0.088329,0.040166,0.016727,0.450059,0.394842,0.052457,0.016523,0.054660,0.006666,0.430479,0.475309
ENSDARG00000010873_11_1,-1.8000,-2.4271,0.625000,0.644482,0.569429,-18.2000,-20.3669,0.500000,0.527588,0.531341,0.155571,0.282867,0.139998,0.261919,0.173018,0.274996,0.235420,0.365831,0.606715,0.649665,0.602103,0.662565,0.891384,0.819512,0.856578,0.739979,0.959558,0.803570,0.709032,0.602200,0.652912,0.686186,0.250437,0.256828,0.171211,0.214708,0.060418,0.215203,0.076676,0.149749,0.881214,0.780451,0.995902,0.817728,0.985195,0.793585,0.989112,0.887022,0.996126,0.362254
ENSDARG00000010873_11_2,-1.8000,-2.2339,0.750000,0.709154,0.534541,-20.6000,-22.1102,0.750000,0.745245,0.431801,0.167194,0.123088,0.761031,0.020272,0.175863,0.012886,0.111583,0.008691,0.079803,0.010299,0.229708,0.372068,0.907886,0.640409,0.983633,0.219792,0.967282,0.146371,0.337123,0.165976,0.154985,0.111396,0.141493,0.842822,0.174720,0.120170,0.802912,0.851783,0.090288,0.897840,0.758771,0.990515,0.955984,0.993185,0.946240,0.992643,0.952812,0.997658,0.991507,0.118162
ENSDARG00000010873_11_3,-3.9000,-4.0658,0.625000,0.626714,0.519748,-20.3000,-21.8213,0.500000,0.503484,0.473299,0.822583,0.826146,0.008331,0.029490,0.004392,0.024139,0.005419,0.023671,0.175712,0.191684,0.181293,0.195017,0.999994,0.999646,0.999995,0.994819,0.999927,0.993902,0.957940,0.938420,0.223300,0.218729,0.002367,0.002433,0.003551,0.010138,0.004051,0.011418,0.006321,0.026478,0.999949,0.988219,0.999975,0.871435,0.999967,0.865376,0.999996,0.996238,0.999897,0.258573
ENSDARG00000010873_11_4,-3.4000,-3.7984,0.250000,0.323331,0.458131,-19.1000,-20.9175,0.250000,0.318156,0.461321,0.022798,0.057234,0.020034,0.048263,0.021090,0.039932,0.069617,0.089835,0.285363,0.304804,0.946737,0.942251,0.975171,0.967548,0.266302,0.288802,0.975269,0.969422,0.999362,0.996235,0.995553,0.987053,0.998681,0.989785,0.243788,0.253868,0.998544,0.994496,0.260264,0.281404,0.050643,0.079967,0.028025,0.065869,0.004307,0.008185,0.005665,0.007378,0.995408,0.854082
ENSDARG00000010873_11_5,-4.3000,-4.4148,0.750000,0.788549,0.606347,-21.3000,-22.8034,0.500000,0.592996,0.528040,0.043280,0.107770,0.004767,0.019049,0.841347,0.798044,0.014547,0.080695,0.162550,0.219408,0.999989,0.999746,0.999871,0.998364,0.995347,0.942174,0.848984,0.805029,0.008343,0.008266,0.006758,0.006439,0.892771,0.831846,0.151148,0.141611,0.162007,0.218733,0.998026,0.951191,0.999314,0.907331,0.999869,0.934525,0.999990,0.961916,0.998293,0.477472,0.999743,0.151192
ENSDARG00000010873_11_6,0.0000,-0.0763,1.000000,0.994004,0.986581,-16.9000,-18.7836,0.750000,0.803129,0.726176,0.914189,0.602611,0.979048,0.588849,1.000000,0.578769,1.000000,0.740590,0.979404,0.620372,0.995198,0.566328,0.999057,0.563943,0.999610,0.564533,0.941957,0.542817,0.999667,0.948181,0.999889,0.951253,0.971578,0.830250,0.989238,0.862574,0.999848,0.873662,0.980227,0.985859,1.000000,0.994220,0.999903,0.993199,0.992073,0.535621,0.994370,0.471298,0.996371,0.708595
ENSDARG00000010873_11_7,0.0000,-0.2057,1.000000,0.932673,0.945761,-16.3000,-18.4271,0.625000,0.613803,0.790643,0.887094,0.959597,0.959436,0.958596,0.816706,0.880637,0.887152,0.941368,0.997723,0.965253,0.999546,0.879736,0.956298,0.816921,0.994750,0.953734,0.998185,0.988751,0.968404,0.975566,0.992259,0.980911,0.996291,0.601373,0.999517,0.551242,0.965383,0.452920,0.961041,0.451376,0.728260,0.365265,0.897059,0.859987,0.999846,0.866812,0.912647,0.613352,0.997628,0.749466
ENSDARG00000010873_11_8,-4.1000,-4.4067,0.375000,0.426158,0.447589,-21.5000,-23.2327,0.125000,0.184918,0.362015,0.336291,0.498567,0.044276,0.075019,0.013579,0.023091,0.008652,0.013589,0.010335,0.013716,0.078851,0.081980,0.991486,0.989011,0.991434,0.988966,0.997088,0.999025,0.996583,0.998356,0.994912,0.996841,0.079032,0.082795,0.007906,0.010654,0.007754,0.010849,0.015799,0.018897,0.050570,0.068149,0.338630,0.252533,0.995055,0.873580,0.995098,0.196917,0.998452,0.047762
ENSDARG00000010873_11_9,0.0000,-0.4201,1.000000,0.952774,0.905146,-19.2000,-20.9354,0.625000,0.630209,0.604649,0.818614,0.960054,0.805212,0.937997,0.939909,0.947126,0.999172,0.973302,0.999058,0.962200,0.770277,0.597163,0.827385,0.607549,0.964491,0.944466,0.796482,0.029821,0.808696,0.017942,0.883468,0.033860,0.867968,0.039825,0.923792,0.035443,0.998345,0.033828,0.862756,0.027040,0.961521,0.995243,0.985865,0.990705,0.994686,0.992271,0.947907,0.992661,0.947320,0.974481
ENSDARG00000010873_11_10,-2.7000,-3.0217,1.000000,0.890255,0.704302,-19.3000,-20.8804,0.625000,0.718911,0.602502,0.360875,0.203517,0.387297,0.220616,0.308552,0.136074,0.903971,0.883465,0.892719,0.879417,0.985648,0.974989,0.998971,0.989444,0.943982,0.961332,0.212241,0.180131,0.024310,0.028547,0.024304,0.032109,0.921128,0.809116,0.999250,0.850202,0.983133,0.830180,0.954629,0.795556,0.925837,0.959214,0.715744,0.613797,0.798583,0.621647,0.745576,0.362769,0.999290,0.717926
ENSDARG00000015567_2_1,-1.0000,-1.3295,0.625000,0.697800,0.592328,-18.2000,-19.8080,0.250000,0.372712,0.502523,0.133234,0.355412,0.129775,0.354046,0.994760,0.994086,0.192936,0.404641,0.179127,0.394096,0.297839,0.481541,0.999796,0.995983,0.999902,0.996634,0.993281,0.872859,0.908802,0.819156,0.243921,0.245225,0.190788,0.155086,0.321260,0.242850,0.142869,0.115677,0.138757,0.362775,0.999787,0.998729,0.994223,0.964601,0.998107,0.147903,0.992574,0.075197,0.994825,0.073963
ENSDARG00000015567_2_2,-1.1000,-1.5108,0.750000,0.776621,0.760372,-16.7000,-18.7065,0.750000,0.733884,0.739856,0.690250,0.713616,0.120793,0.184724,0.426309,0.455934,0.997667,0.956448,0.999002,0.955496,0.406585,0.416875,1.000000,0.966519,0.995534,0.990183,0.981851,0.944171,0.999063,0.991146,0.377424,0.375185,1.000000,0.975755,0.996695,0.969000,0.122146,0.165687,0.122303,0.175851,0.996635,0.952366,0.989531,0.906365,0.992341,0.902942,0.993405,0.974958,0.999914,0.823901
ENSDARG00000015567_2_3,-10.4000,-10.4697,0.250000,0.253363,0.402691,-27.3000,-28.7189,0.250000,0.247125,0.391203,0.999999,0.891238,0.999913,0.985658,0.059235,0.009616,0.009062,0.001981,0.000151,0.000079,0.000025,0.000023,0.000038,0.000031,0.002193,0.002178,1.000000,0.999998,0.956294,0.956282,0.999994,0.999985,1.000000,1.000000,1.000000,1.000000,0.951951,0.952023,0.003537,0.003537,0.001463,0.001461,0.001479,0.001466,0.000063,0.000061,0.009100,0.004091,0.059314,0.014357
ENSDARG00000015567_2_4,0.0000,-0.6337,1.000000,0.842879,0.794725,-19.2000,-20.2847,0.625000,0.657350,0.497945,0.892746,0.175885,0.760370,0.062074,0.513589,0.044474,0.694962,0.063993,0.725264,0.090712,0.882983,0.148474,0.786016,0.940521,0.743020,0.939592,0.933153,0.941010,0.772324,0.923245,0.730766,0.209171,0.716276,0.160951,0.616749,0.123850,0.796681,0.125826,0.824704,0.120480,0.950287,0.998347,0.964493,0.978536,0.779688,0.985872,0.812221,0.957307,0.998213,0.968584
ENSDARG00000015567_2_5,-0.8000,-1.3247,1.000000,0.870368,0.781927,-17.0000,-18.8304,0.750000,0.764876,0.716228,0.320875,0.447741,0.297661,0.417220,0.952331,0.948395,0.999693,0.943169,0.809045,0.731497,0.848252,0.748984,0.910327,0.771444,0.863661,0.722013,0.868050,0.736996,0.908874,0.856136,0.415297,0.410659,0.481537,0.471290,0.913136,0.865513,0.841100,0.729190,0.813189,0.694008,0.726562,0.425772,0.850262,0.635189,0.963479,0.977821,0.855324,0.887553,0.999889,0.903966
ENSDARG00000015567_2_7,-0.2000,-0.7811,1.000000,0.954812,0.798046,-16.6000,-18.8748,1.000000,0.826447,0.706513,0.845288,0.901155,0.971206,0.969422,0.480319,0.805108,0.386705,0.778085,0.421617,0.732698,0.998507,0.937117,0.935647,0.809439,0.980204,0.696834,0.999214,0.375238,0.476155,0.287313,0.398332,0.104875,0.429227,0.121400,0.973307,0.771377,0.940185,0.791952,0.808149,0.773756,0.999756,0.967734,0.987487,0.960186,0.980693,0.966835,0.975391,0.818774,0.973530,0.560959
ENSDARG00000015567_2_8,-3.9000,-4.2041,0.500000,0.521470,0.592351,-22.0000,-23.3825,0.750000,0.675173,0.493271,0.026693,0.220995,0.013310,0.136693,0.012447,0.108650,0.167237,0.889174,0.757816,0.824549,0.987021,0.173199,0.991355,0.110772,0.985077,0.100320,0.990444,0.100288,0.988758,0.103598,0.988237,0.978350,0.766854,0.717451,0.170720,0.916409,0.020616,0.901716,0.017610,0.898666,0.023451,0.877385,0.984495,0.735462,0.980854,0.936338,0.981445,0.039734,0.992572,0.095674
ENSDARG00000015567_2_10,-1.1000,-1.3662,0.750000,0.782876,0.747113,-20.4000,-21.3239,0.375000,0.423884,0.601450,0.127043,0.127382,0.132999,0.132844,0.279559,0.254099,0.949119,0.949825,0.993949,0.993702,0.998344,0.998385,0.989211,0.989123,0.999896,0.999891,0.937238,0.942433,0.957420,0.962075,0.999903,0.999993,0.314577,0.288176,0.285447,0.257538,0.179505,0.147460,0.873710,0.868629,0.996476,0.999758,0.962966,0.034187,0.965616,0.025625,0.999675,0.999954,0.999612,0.057915
ENSDARG00000016532_6_1,-2.2000,-2.8081,0.375000,0.431658,0.514532,-17.8000,-19.8719,0.375000,0.426474,0.520138,0.993579,0.989326,0.029985,0.063978,0.024020,0.057677,0.084908,0.128098,0.991657,0.988369,0.260793,0.283613,0.295014,0.318465,0.482548,0.493381,0.987066,0.978669,0.992221,0.987834,0.996135,0.993965,0.699453,0.707595,0.085373,0.120580,0.302074,0.328846,0.969344,0.969239,0.987135,0.970483,0.068502,0.094744,0.021003,0.035992,0.020114,0.033718,0.999720,0.858190
ENSDARG00000016532_6_2,-5.8000,-6.0187,0.500000,0.501793,0.433430,-23.3000,-25.0642,0.125000,0.187250,0.489437,0.038764,0.848996,0.022609,0.809916,0.018871,0.403733,0.018826,0.335401,0.044253,0.319411,0.265452,0.780979,0.980899,0.919574,0.980738,0.987074,0.980717,0.986254,0.981777,0.977165,0.276220,0.845611,0.045130,0.076617,0.019407,0.010441,0.019464,0.010004,0.013966,0.020060,0.018743,0.017433,0.973263,0.144798,0.980768,0.146724,0.989299,0.312995,0.999437,0.835549
ENSDARG00000016532_6_3,-2.2000,-2.9029,0.750000,0.624463,0.611062,-22.2000,-23.6308,0.625000,0.625530,0.459880,0.884542,0.994084,0.566410,0.922346,0.665988,0.909130,0.998329,0.151973,0.999665,0.097891,0.483194,0.504408,0.431289,0.492853,0.562768,0.021105,0.428763,0.001614,0.425572,0.002675,0.110000,0.008422,0.669013,0.086854,0.999991,0.087731,0.999902,0.102712,0.671867,0.203985,0.107167,0.853591,0.358297,0.919458,0.353270,0.917578,0.509430,0.925413,0.995783,0.993773
ENSDARG00000016532_6_4,-6.3000,-6.8618,0.250000,0.239714,0.391662,-22.5000,-24.8220,0.250000,0.209168,0.361086,0.999780,0.871661,0.998762,0.698053,0.993516,0.985989,0.299219,0.301544,0.037434,0.096114,0.000766,0.003464,0.001048,0.003438,0.002412,0.006324,0.003941,0.008325,0.579711,0.581361,0.999525,0.996336,0.999413,0.995763,0.999955,0.998250,0.581977,0.579822,0.001758,0.001921,0.000085,0.001757,0.001527,0.004141,0.001378,0.004577,0.034241,0.029197,0.296790,0.053678
ENSDARG00000016532_6_5,-1.8000,-1.9091,0.500000,0.539642,0.630175,-17.5000,-19.4542,0.500000,0.586185,0.655058,0.988244,0.923045,0.117665,0.431560,0.965281,0.908549,0.063678,0.264447,0.080206,0.474526,0.099710,0.292656,1.000000,0.834599,0.996728,0.833241,0.999878,0.927804,0.991515,0.921800,0.998509,0.821508,0.984947,0.777936,0.991341,0.784214,0.111233,0.267651,0.056251,0.214045,0.098757,0.487265,0.983503,0.789208,0.082109,0.278467,0.994073,0.985094,0.999868,0.883539
ENSDARG00000016532_6_6,-1.5000,-2.3686,0.625000,0.588516,0.594859,-17.7000,-20.3002,0.375000,0.500569,0.537615,0.470563,0.682557,0.260154,0.187523,0.350232,0.312108,0.739093,0.469750,0.965688,0.825502,0.635524,0.699599,0.483196,0.583478,0.842973,0.774865,0.736191,0.566321,0.633483,0.429373,0.441514,0.503686,0.630440,0.712985,0.832911,0.650611,0.742650,0.609351,0.502697,0.739928,0.171507,0.465715,0.169055,0.459434,0.840391,0.661835,0.710236,0.277297,0.738683,0.140382
ENSDARG00000016532_6_7,-2.1000,-2.8651,0.375000,0.425127,0.537947,-22.5000,-24.7033,0.250000,0.328398,0.296925,0.978952,0.585852,0.961712,0.085538,0.964890,0.013100,0.910684,0.001263,0.703933,0.003101,0.049630,0.000157,0.050869,0.000562,0.125562,0.023889,0.184964,0.143560,0.470018,0.461869,0.957152,0.992808,0.999553,0.999610,0.964504,0.999906,0.962318,0.997580,0.453898,0.462684,0.171413,0.141798,0.077170,0.020915,0.104801,0.002037,0.056154,0.000355,0.610759,0.001908
ENSDARG00000016532_6_8,-3.5000,-3.9322,0.500000,0.533034,0.434095,-23.9000,-24.9155,0.625000,0.626938,0.379971,0.090004,0.166397,0.082467,0.063036,0.074561,0.047841,0.087075,0.008758,0.015393,0.006190,0.013688,0.937354,0.979713,0.189717,0.999927,0.077445,0.999967,0.074848,0.999637,0.083918,0.038458,0.921144,0.036732,0.007268,0.410471,0.092000,0.978756,0.989890,0.613156,0.975276,0.090416,0.936838,0.088670,0.933336,0.099342,0.929181,0.988216,0.089559,0.995248,0.069426
ENSDARG00000016532_6_9,-3.1000,-3.2936,0.375000,0.422502,0.513002,-19.8000,-22.2285,0.000000,0.184025,0.366919,0.113864,0.670092,0.095894,0.587348,0.123004,0.603171,0.103869,0.582282,0.115800,0.590984,0.996394,0.466508,0.811451,0.405419,0.909890,0.233412,0.915090,0.192146,0.900972,0.177997,0.870947,0.398103,0.922842,0.958720,0.135453,0.306781,0.135380,0.278603,0.131515,0.276562,0.132654,0.275145,0.061840,0.017540,0.924885,0.140417,0.924231,0.130627,0.934059,0.046522
ENSDARG00000016532_6_10,-3.0000,-3.4800,0.250000,0.333407,0.466410,-18.6000,-20.7050,0.250000,0.347547,0.489650,0.998753,0.981686,0.998489,0.979892,0.385966,0.482748,0.998358,0.990155,0.007961,0.185715,0.009338,0.197527,0.008388,0.184415,0.007839,0.175929,0.249957,0.370270,0.999252,0.824440,0.998318,0.829332,0.998319,0.810510,0.248823,0.203352,0.005189,0.006433,0.007605,0.042042,0.010233,0.189380,0.011859,0.143744,0.996519,0.922826,0.388919,0.475406,0.998109,0.797192
ENSDARG00000016871_6_1,-1.5000,-2.4490,0.375000,0.435742,0.505944,-19.3000,-21.1435,0.625000,0.563358,0.558688,0.291784,0.206782,0.080008,0.153267,0.099222,0.241926,0.195010,0.850736,0.342697,0.864458,0.948028,0.979577,0.480134,0.299958,0.487878,0.214286,0.762962,0.258179,0.989113,0.888137,0.979977,0.852837,0.976143,0.856757,0.990785,0.897365,0.547535,0.885303,0.656861,0.873713,0.382067,0.788120,0.164720,0.758794,0.166155,0.136334,0.172663,0.090646,0.405145,0.076588
ENSDARG00000016871_6_2,-1.3000,-1.8080,1.000000,0.922863,0.734838,-22.0000,-23.5188,0.375000,0.482659,0.552829,0.144016,0.482600,0.185920,0.441635,0.378583,0.649830,0.999021,0.999658,0.845844,0.646238,0.868244,0.645710,0.938569,0.651803,0.994239,0.940125,0.999684,0.947276,0.230163,0.415023,0.224689,0.052317,0.504880,0.323098,0.854880,0.620850,0.863304,0.622685,0.873034,0.626273,0.993176,0.426210,0.846219,0.092812,0.962510,0.103460,0.992793,0.443655,0.996984,0.925330
ENSDARG00000016871_6_3,-2.2000,-2.3452,0.500000,0.536755,0.624916,-18.5000,-20.6437,0.250000,0.347387,0.516986,0.944600,0.778119,0.941780,0.752549,0.960835,0.932173,0.999265,0.809665,0.986777,0.784493,0.975927,0.798115,0.074632,0.368670,0.075987,0.505738,0.071855,0.367000,0.174399,0.288019,0.998287,0.599018,0.999924,0.577067,0.999719,0.598889,0.998373,0.884841,0.138856,0.085392,0.039449,0.028485,0.044289,0.037904,0.089257,0.520595,0.997280,0.375885,0.986821,0.247109
ENSDARG00000016871_6_4,0.0000,-0.9101,1.000000,0.647987,0.772832,-17.9000,-19.7943,0.375000,0.463379,0.564422,0.820076,0.862623,0.811562,0.856837,0.823908,0.881922,0.858304,0.915144,0.946229,0.981930,0.949110,0.957907,0.892174,0.324462,0.892168,0.229647,0.896606,0.224859,0.888279,0.277230,0.890146,0.933633,0.604184,0.135226,0.688582,0.130112,0.767600,0.352448,0.999394,0.997512,1.000000,0.998859,0.654794,0.930915,0.317697,0.241337,0.235484,0.024990,0.520349,0.030856
ENSDARG00000016871_6_5,0.0000,-0.1429,1.000000,0.992411,0.977084,-17.4000,-18.6507,0.625000,0.670343,0.823990,0.900874,0.891868,0.994142,0.964463,0.996563,0.964018,0.941455,0.922705,0.986275,0.952647,0.983261,0.919250,0.998158,0.956978,0.998671,0.937996,1.000000,0.945771,0.822510,0.818708,0.997496,0.938564,0.982996,0.904083,0.993722,0.920537,0.997416,0.982218,0.997704,0.982669,0.992650,0.974436,0.996611,0.990969,0.994639,0.251173,0.984467,0.163386,0.982076,0.097354
ENSDARG00000016871_6_6,-7.4000,-7.7738,0.500000,0.467952,0.561552,-27.5000,-29.1517,0.375000,0.375606,0.323486,0.948324,0.746756,0.956351,0.675025,0.925236,0.717050,0.971267,0.291491,0.947614,0.028511,0.869581,0.001930,0.629745,0.002394,0.016602,0.000317,0.074843,0.000284,0.074357,0.000248,0.074983,0.000906,0.998529,0.999961,0.979849,0.999810,0.980479,0.999975,0.927075,0.999655,0.045006,0.001233,0.030854,0.000502,0.025021,0.000188,0.104813,0.001176,0.650520,0.002311
ENSDARG00000016871_6_7,-4.7000,-4.7220,1.000000,0.996463,0.602313,-21.0000,-22.9262,0.875000,0.753342,0.472546,0.025126,0.607099,0.007685,0.468839,0.003689,0.094647,0.004771,0.018400,0.999984,0.417728,0.999926,0.559588,0.999986,0.469434,0.999979,0.595976,0.004766,0.137072,0.000876,0.013810,0.007948,0.017218,0.019823,0.024381,0.993620,0.473035,0.997403,0.842915,0.998911,0.758481,0.999876,0.775232,0.999954,0.892121,0.992747,0.788690,0.993681,0.799430,0.995513,0.696827
ENSDARG00000016871_6_8,-8.0000,-8.0519,0.250000,0.265588,0.407963,-24.4000,-25.7978,0.125000,0.190833,0.379719,0.985059,0.954358,0.061021,0.110555,0.000622,0.051741,0.000596,0.073242,0.001139,0.074227,0.015569,0.103704,0.016843,0.120585,0.998775,0.990304,0.999987,0.933346,0.985064,0.882668,0.984947,0.892677,0.984921,0.880319,0.002227,0.001776,0.005877,0.015532,0.013147,0.036330,0.015732,0.042463,0.016828,0.020304,0.074451,0.144159,0.998874,0.969149,0.997572,0.296949
ENSDARG00000016871_6_9,0.0000,-0.7663,1.000000,0.912144,0.762053,-17.0000,-19.2158,0.750000,0.682845,0.677315,0.590643,0.664399,0.438488,0.507625,0.402220,0.473643,0.497387,0.559172,0.899177,0.929981,0.974677,0.981813,0.941757,0.944526,0.935246,0.940686,0.545880,0.555511,0.513235,0.516801,0.545025,0.453894,0.660176,0.555497,0.991624,0.819927,0.996102,0.823869,0.868676,0.765243,0.845717,0.756476,0.846698,0.855092,0.953210,0.963068,0.872259,0.378692,0.922864,0.100393
ENSDARG00000016871_6_10,0.0000,-0.4071,1.000000,0.791100,0.828358,-18.2000,-19.8640,0.375000,0.291717,0.667592,0.692904,0.912996,0.599816,0.830858,0.598911,0.823841,0.633053,0.837715,0.998545,0.974567,0.989869,0.995567,0.992591,0.992870,0.956421,0.976489,0.943195,0.972271,0.934301,0.969820,0.922685,0.952841,0.976072,0.778268,0.620349,0.516509,0.616882,0.523221,0.611954,0.823390,0.705896,0.202121,0.941322,0.098555,0.934931,0.084209,0.939179,0.046411,0.958285,0.039317
ENSDARG00000021979_31_1,0.0000,-0.3089,1.000000,0.885484,0.896859,-17.9000,-19.7550,0.875000,0.667710,0.592209,0.943452,0.963689,0.967999,0.973237,0.924608,0.415168,0.923329,0.355939,0.903895,0.341980,0.911027,0.338229,0.921585,0.239399,0.716497,0.197921,0.807946,0.360959,0.872431,0.968940,0.989934,0.725066,0.970603,0.621975,0.924396,0.695964,0.915130,0.716936,0.795423,0.713001,0.740103,0.718617,0.751917,0.629658,0.987393,0.702472,0.987681,0.969987,0.981829,0.195049
ENSDARG00000021979_31_3,-2.4000,-2.4399,0.625000,0.632840,0.705461,-21.0000,-22.6758,0.500000,0.503756,0.391694,0.994971,0.404489,0.998614,0.136359,0.999945,0.102087,0.999933,0.092525,0.995154,0.085153,0.995429,0.101249,0.990761,0.931038,0.988112,0.926351,0.033826,0.007808,0.025281,0.003989,0.025449,0.075943,0.999030,0.936845,0.999873,0.927693,0.999991,0.926019,0.999940,0.925976,0.023424,0.002918,0.027323,0.076590,0.035292,0.082093,0.999950,0.999955,0.976928,0.088804
ENSDARG00000021979_31_4,-2.9000,-3.0302,0.500000,0.526758,0.620534,-20.2000,-22.2509,0.625000,0.585108,0.498832,0.991531,0.984383,0.999188,0.782691,0.999715,0.310445,0.999456,0.217637,0.999986,0.280407,0.999982,0.430395,0.092449,0.055978,0.080867,0.529289,0.027211,0.114367,0.924093,0.512796,0.082229,0.077466,0.999920,0.999910,0.999423,0.997892,0.999852,0.999759,0.999998,0.999883,0.165576,0.553974,0.916797,0.489106,0.009748,0.001376,0.021495,0.072845,0.101172,0.566032
ENSDARG00000021979_31_5,-0.7000,-1.5166,0.625000,0.645987,0.708681,-17.1000,-19.3227,0.500000,0.548959,0.636839,0.948669,0.927552,0.661886,0.701687,0.792537,0.801418,0.542793,0.595308,0.352928,0.303884,0.272157,0.223545,0.995212,0.828395,0.993774,0.989313,0.863876,0.706104,0.824267,0.668976,0.799632,0.649925,0.957981,0.949007,0.330320,0.448376,0.358898,0.479166,0.384333,0.495053,0.444625,0.357467,0.815883,0.678383,0.856037,0.713618,0.990150,0.987192,0.987653,0.232415
ENSDARG00000021979_31_6,-7.0000,-7.0083,0.625000,0.625464,0.501309,-22.7000,-24.2172,0.625000,0.583851,0.484560,0.003536,0.012747,0.000141,0.007556,0.000384,0.007742,0.000175,0.000376,0.009125,0.009175,0.999909,0.991871,0.999897,0.992725,0.999987,0.992755,0.999988,0.993298,0.999629,0.994704,0.009487,0.012533,0.000208,0.004919,0.000382,0.008378,0.000129,0.001461,0.003548,0.004277,0.999838,0.980518,0.999954,0.935649,0.999987,0.987572,0.999917,0.883965,0.999957,0.868991
ENSDARG00000021979_31_7,-1.8000,-2.0282,0.625000,0.653271,0.722185,-19.3000,-21.0894,0.625000,0.644899,0.507967,0.993969,0.397559,0.999531,0.125861,0.999725,0.091478,0.999984,0.082684,0.900287,0.077495,0.913424,0.994683,0.999083,0.998853,0.934958,0.984823,0.053094,0.025340,0.128175,0.027661,0.295726,0.208884,0.999586,0.984823,1.000000,0.982350,1.000000,0.981956,0.916526,0.975051,0.228444,0.200856,0.131587,0.025769,0.048420,0.022001,0.907154,0.994916,0.994034,0.976295
ENSDARG00000021979_31_8,-0.2000,-0.8792,0.750000,0.790953,0.785290,-17.2000,-19.3177,0.375000,0.530795,0.683134,0.645381,0.652010,0.596020,0.590774,0.577544,0.589167,0.886660,0.880874,0.896831,0.896708,0.786129,0.807723,0.734251,0.760079,0.742875,0.768331,0.994166,0.985590,0.996651,0.987088,0.938308,0.931645,0.583361,0.566323,0.273662,0.279359,0.279187,0.281200,0.852043,0.867820,0.999087,0.720395,0.990719,0.577550,0.956595,0.362009,0.996534,0.985274,0.979803,0.172753
ENSDARG00000021979_31_9,-0.3000,-0.6538,1.000000,0.982739,0.866863,-18.4000,-19.7589,0.250000,0.406597,0.667510,0.413161,0.769250,0.412859,0.765792,0.993283,0.981451,0.994842,0.981377,0.988115,0.969246,0.967669,0.985660,0.948667,0.965436,0.976828,0.969237,0.982245,0.930455,0.980764,0.890820,0.425333,0.704276,0.391589,0.184418,0.964089,0.341208,0.999064,0.369478,0.984948,0.987259,1.000000,0.972413,0.972310,0.213339,0.969997,0.162207,0.972253,0.097348,0.999250,0.109524
ENSDARG00000021979_31_10,-0.4000,-1.0863,0.500000,0.608983,0.682050,-17.4000,-19.4365,0.500000,0.481087,0.639793,0.957237,0.964686,0.463339,0.429708,0.464207,0.446021,0.351221,0.431526,0.404617,0.511490,0.745164,0.871766,0.764619,0.866224,0.972407,0.937502,0.899378,0.958841,0.904123,0.965094,0.909582,0.795016,0.933248,0.769290,0.982599,0.765170,0.945859,0.742959,0.914447,0.712696,0.775778,0.907826,0.337901,0.253799,0.200286,0.037187,0.238322,0.049091,0.476676,0.379965
ENSDARG00000025108_6_1,-3.1000,-3.5980,0.250000,0.433644,0.545863,-21.0000,-23.1417,0.375000,0.398974,0.344641,0.012412,0.198256,0.003343,0.036395,0.004879,0.037808,0.978754,0.265327,0.927252,0.269927,0.984406,0.317845,0.527255,0.530732,0.503945,0.335287,0.515824,0.228222,0.999006,0.304577,0.999950,0.988107,0.991074,0.188550,0.523313,0.117140,0.501848,0.117514,0.419500,0.076437,0.986417,0.931110,0.013531,0.889599,0.011124,0.889477,0.013428,0.045200,0.999991,0.125317
ENSDARG00000025108_6_2,-3.7000,-3.8777,0.375000,0.458146,0.520711,-23.7000,-25.1469,1.000000,0.870395,0.442006,0.887770,0.111789,0.037641,0.001608,0.002967,0.000213,0.021322,0.000351,0.111685,0.000204,0.182075,0.001514,0.996234,0.007727,0.968808,0.031632,0.905273,0.095646,0.889719,0.271348,0.886005,0.935484,0.859550,0.419450,0.182867,0.926088,0.112194,0.689775,0.113149,0.874304,0.113471,0.995867,0.146836,0.997335,0.999987,0.999296,0.999993,0.958804,0.996667,0.521692
ENSDARG00000025108_6_3,-2.0000,-2.3908,1.000000,0.899059,0.751287,-20.2000,-21.2592,0.625000,0.653221,0.632240,0.308670,0.117628,0.291356,0.094302,0.829214,0.775548,0.892209,0.844183,1.000000,0.975639,0.947844,0.961399,0.829300,0.964605,0.684745,0.820232,0.639384,0.770808,1.000000,0.990751,0.181259,0.049399,0.229280,0.054535,0.998020,0.997958,0.981447,0.974977,0.999988,0.999707,0.892393,0.984370,0.743185,0.112493,0.793751,0.111025,0.796753,0.087806,0.986938,0.957433
ENSDARG00000025108_6_4,-0.9000,-1.5618,0.750000,0.841002,0.800825,-18.8000,-20.8836,0.750000,0.737287,0.642398,0.641193,0.949229,0.644170,0.774193,0.999659,0.570606,0.999332,0.633126,0.984193,0.956935,0.998073,0.123005,0.743750,0.031690,0.092590,0.003969,0.193385,0.009463,0.999834,0.999599,0.997973,0.999462,0.994327,0.898388,0.998078,0.998191,0.999785,0.998148,0.999943,0.998091,0.461545,0.931895,0.457457,0.912032,0.997015,0.986759,0.844042,0.035271,0.970146,0.037911
ENSDARG00000025108_6_6,-0.5000,-0.9952,0.500000,0.663077,0.721484,-19.4000,-20.7747,0.500000,0.509937,0.731371,0.339954,0.918653,0.304306,0.826342,0.258630,0.686611,0.958415,0.842021,0.996821,0.953542,0.502919,0.914666,0.993435,0.947180,0.969354,0.891002,0.924499,0.780632,0.936631,0.861995,0.977083,0.982428,0.963010,0.942864,0.963968,0.951183,0.512129,0.930896,0.977965,0.976575,0.992821,0.982584,0.328943,0.114096,0.283352,0.074893,0.278259,0.022468,0.967178,0.026800
ENSDARG00000025108_6_7,0.0000,-0.5130,1.000000,0.921866,0.884501,-20.5000,-21.4606,0.500000,0.528835,0.560859,0.852279,0.992170,0.811797,0.992617,0.864333,0.993856,0.945093,0.995476,0.994695,0.923271,0.997266,0.964034,0.999676,0.085623,0.999948,0.016365,0.447662,0.001264,0.480009,0.008832,0.999693,0.997600,0.922649,0.015391,0.997174,0.028788,0.988028,0.040644,0.900401,0.059097,0.818159,0.141196,0.932297,0.993987,0.881557,0.984147,0.871059,0.998723,0.986251,0.984100
ENSDARG00000025108_6_8,-4.2000,-4.9718,0.125000,0.274085,0.388759,-21.5000,-23.6075,0.125000,0.218623,0.383009,0.898942,0.766255,0.039896,0.101405,0.004538,0.016926,0.011171,0.011931,0.160017,0.426210,0.161965,0.424796,0.242595,0.492378,0.375339,0.570194,0.990103,0.949534,0.989575,0.925371,0.856852,0.623238,0.851499,0.602963,0.234663,0.188992,0.146146,0.205297,0.174476,0.435756,0.582811,0.491850,0.575854,0.373722,0.154717,0.030228,0.153575,0.013338,0.170437,0.009802
ENSDARG00000025108_6_10,-0.9000,-1.7003,0.750000,0.705713,0.720721,-20.7000,-22.1181,0.875000,0.566071,0.571887,0.416321,0.440535,0.394144,0.432210,0.975932,0.640292,0.845682,0.497841,0.571228,0.204372,0.998725,0.999456,0.934719,0.983483,0.979797,0.635256,0.731199,0.618442,0.567856,0.516731,0.362133,0.305011,0.990976,0.635544,0.765639,0.422868,0.435522,0.452124,0.519231,0.545394,0.989519,0.999441,0.655046,0.375383,0.640618,0.365633,0.700321,0.384466,0.939804,0.983261
ENSDARG00000028415_0_1,-0.7000,-1.7234,0.750000,0.808050,0.735662,-20.4000,-22.1538,0.625000,0.593114,0.485192,0.788887,0.923202,0.835961,0.831481,0.695784,0.329720,0.652420,0.401558,0.479724,0.411593,0.466796,0.260840,0.857118,0.974718,0.802844,0.654430,0.976800,0.141559,0.490106,0.012678,0.448823,0.005484,0.753570,0.011665,0.807359,0.015137,0.901445,0.786940,0.957086,0.727255,0.472170,0.735061,0.381441,0.789553,0.991485,0.997868,0.957525,0.346931,0.995892,0.346165
ENSDARG00000028415_0_2,-2.1000,-2.5624,0.625000,0.677484,0.680432,-20.9000,-22.4382,0.500000,0.490126,0.500859,0.865671,0.513744,0.744656,0.102919,0.119133,0.089650,0.101235,0.134817,0.329179,0.856119,0.878201,0.834216,0.821643,0.865665,0.961172,0.873369,0.983601,0.903706,0.786262,0.247653,0.841029,0.442601,0.756983,0.231713,0.787221,0.428923,0.852635,0.587103,0.867629,0.864673,0.284547,0.041998,0.280018,0.131974,0.365748,0.033786,0.984934,0.856505,0.997142,0.976046
ENSDARG00000028415_0_3,-5.0000,-5.2545,0.250000,0.262358,0.410050,-21.5000,-23.1023,0.250000,0.266608,0.411454,0.024685,0.063596,0.014569,0.062324,0.995115,0.981750,0.012064,0.043862,0.020945,0.043073,0.992439,0.954589,0.005153,0.006152,0.043286,0.044097,0.999962,0.973141,0.999604,0.987149,1.000000,0.987219,0.994315,0.949270,0.054586,0.063170,0.006153,0.007249,0.985666,0.973330,0.008672,0.061103,0.010075,0.069210,0.283163,0.807635,0.022188,0.008914,0.728356,0.142252
ENSDARG00000028415_0_4,-8.4000,-8.4037,0.375000,0.375399,0.500240,-24.6000,-25.8509,0.125000,0.221721,0.440157,0.001533,0.006468,0.000019,0.004947,0.000023,0.009493,0.000416,0.009588,0.003370,0.012639,0.997892,0.997791,0.999205,0.999205,0.999962,0.998030,0.999976,0.995303,0.999996,0.997038,0.999205,0.999053,1.000000,0.999821,0.999999,0.999826,0.001196,0.010261,0.000420,0.009759,0.000023,0.000096,0.000027,0.000058,0.001532,0.001580,1.000000,0.381385,0.999996,0.370799
ENSDARG00000028415_0_5,-2.0000,-2.7984,0.625000,0.678330,0.737693,-17.9000,-20.3375,0.625000,0.616543,0.687638,0.995186,0.965364,0.990000,0.957941,0.607618,0.618703,0.512282,0.629584,0.230076,0.329048,0.976399,0.977917,0.997400,0.815240,0.533754,0.415481,0.525517,0.391189,0.983064,0.982824,0.985737,0.937671,0.990179,0.799464,0.996794,0.782507,0.060033,0.059556,0.027979,0.028749,0.698053,0.764775,0.997496,0.894478,0.764642,0.686611,0.975387,0.965719,0.906257,0.749944
ENSDARG00000028415_0_7,-4.1000,-4.3368,0.250000,0.293397,0.434514,-21.1000,-22.7494,0.250000,0.282425,0.420914,0.999016,0.895816,0.995101,0.987179,0.116656,0.026348,0.013365,0.020309,0.003030,0.010984,0.009372,0.017642,0.993273,0.984813,0.015617,0.025394,0.200207,0.206517,0.999198,0.994746,0.999872,0.998871,0.998402,0.990258,0.998825,0.991724,0.200728,0.206695,0.009575,0.021084,0.998047,0.990548,0.010560,0.014314,0.002908,0.009415,0.011784,0.010962,0.114752,0.014663
ENSDARG00000028415_0_8,-2.9000,-3.3327,0.250000,0.330531,0.459921,-19.9000,-21.7625,0.250000,0.308699,0.441676,0.926893,0.854976,0.942380,0.974584,0.036137,0.008581,0.028968,0.010301,0.090678,0.057394,0.132895,0.101502,0.869189,0.863972,0.894914,0.890511,0.241697,0.208840,0.433392,0.409419,0.966983,0.988008,0.990055,0.995828,0.845189,0.874187,0.097289,0.099652,0.338512,0.350112,0.986123,0.977010,0.124824,0.085009,0.067671,0.017307,0.095949,0.049398,0.088689,0.016919
ENSDARG00000028415_0_9,-3.3000,-3.4014,0.750000,0.748049,0.691394,-20.7000,-22.0712,0.500000,0.520963,0.597236,0.034723,0.278494,0.030033,0.066082,0.017996,0.054537,0.974388,0.765380,0.895578,0.922363,0.981622,0.916977,0.999500,0.976234,0.987437,0.952539,0.995114,0.968268,0.933822,0.923630,0.955488,0.938956,0.037795,0.013563,0.026778,0.014764,0.033749,0.021358,0.985556,0.997803,0.991689,0.737677,0.978079,0.593707,0.975189,0.357279,0.996538,0.733114,0.996817,0.712002
ENSDARG00000028415_0_10,-0.3000,-0.6746,1.000000,0.980090,0.813785,-17.3000,-18.8839,1.000000,0.987064,0.645007,0.981366,0.388113,0.438029,0.221066,0.430797,0.265052,0.425941,0.243121,0.950147,0.288445,0.932011,0.709123,0.999650,0.825099,0.993538,0.749617,0.990818,0.986116,0.443474,0.152252,0.433290,0.096598,0.415914,0.079021,0.956706,0.991719,0.957451,0.989926,0.968024,0.990162,0.992219,0.992308,0.995071,0.996296,0.994964,0.995167,0.979984,0.982342,0.996300,0.958595
ENSDARG00000029045_5_1,-1.4000,-1.6869,0.500000,0.609163,0.659736,-22.0000,-23.6154,0.375000,0.402655,0.396898,0.196152,0.579095,0.169673,0.313041,0.869128,0.272361,0.281032,0.284103,0.328982,0.506777,0.949889,0.084116,0.944767,0.437513,0.998246,0.426222,0.860312,0.354043,0.847249,0.385159,0.926293,0.524389,0.949693,0.549902,0.233115,0.086968,0.295071,0.046916,0.191680,0.034600,0.174807,0.042790,0.984288,0.989170,0.999268,0.987631,0.999285,0.988487,0.995788,0.044678
ENSDARG00000029045_5_2,-3.7000,-3.9836,0.250000,0.265876,0.412339,-19.4000,-21.2962,0.250000,0.238498,0.392518,0.999098,0.931763,0.999341,0.994969,0.826122,0.653445,0.091316,0.126141,0.006613,0.021221,0.012050,0.026074,0.015050,0.030681,0.008122,0.015740,0.165388,0.178010,0.999169,0.983404,0.999149,0.989038,0.998362,0.991891,0.998801,0.987843,0.132873,0.150968,0.009579,0.030446,0.012135,0.030237,0.009295,0.020056,0.044132,0.068486,0.092100,0.086897,0.828094,0.533056
ENSDARG00000029045_5_3,-10.6000,-10.6383,0.125000,0.129728,0.303491,-27.6000,-29.0269,0.125000,0.127077,0.301279,0.997334,0.995786,0.025560,0.004968,0.000291,0.000065,0.000032,0.000033,0.001823,0.001837,0.999501,0.999487,0.004911,0.005646,0.002201,0.002936,0.002627,0.002649,0.999184,0.998463,0.999269,0.998551,0.999269,0.998550,1.000000,0.999998,0.003118,0.003430,0.001668,0.002052,0.004311,0.004718,0.002603,0.002807,0.000760,0.000439,0.001565,0.001222,0.023801,0.001952
ENSDARG00000029045_5_4,-1.6000,-2.0711,1.000000,0.778644,0.675569,-20.4000,-22.1624,0.500000,0.510420,0.407340,0.478993,0.506908,0.431967,0.128501,0.470066,0.044756,0.954535,0.150897,0.948465,0.578719,0.994574,0.437310,0.994693,0.635180,0.994965,0.344928,0.134916,0.372843,0.143930,0.205210,0.100338,0.280226,0.634792,0.377964,0.996735,0.940892,0.940667,0.938399,0.950790,0.792612,0.995986,0.787517,0.623074,0.330453,0.562487,0.071482,0.575791,0.127952,0.583623,0.094049
ENSDARG00000029045_5_5,-1.1000,-2.0268,0.625000,0.717014,0.676899,-19.2000,-21.0668,0.625000,0.606225,0.548597,0.736082,0.322565,0.706034,0.231305,0.699485,0.235317,0.449307,0.480789,0.588588,0.833139,0.997890,0.888723,0.372465,0.792972,0.450932,0.631457,0.407481,0.196738,0.730602,0.343246,0.730656,0.337314,0.932340,0.828568,0.992251,0.968567,0.995150,0.976812,0.385941,0.782243,0.433714,0.532513,0.361314,0.306979,0.579339,0.192825,0.999221,0.998491,0.989184,0.091372
ENSDARG00000029045_5_6,-6.6000,-6.6038,0.500000,0.500530,0.500646,-22.3000,-23.8235,0.500000,0.449354,0.480106,0.001561,0.002506,0.000057,0.000541,0.001071,0.002013,0.001425,0.002348,0.002467,0.003416,1.000000,0.999512,0.999884,0.999814,0.999996,0.999419,0.999997,0.999670,0.999936,0.995967,0.999936,0.996168,0.002352,0.005913,0.001428,0.004815,0.001075,0.004408,0.000123,0.003380,0.001622,0.004900,1.000000,0.895583,0.999996,0.883881,0.999998,0.976580,0.999999,0.821287
ENSDARG00000029045_5_7,-3.3000,-3.3226,1.000000,0.998084,0.604052,-19.3000,-21.4511,0.375000,0.608039,0.482170,0.014604,0.376607,0.007234,0.369293,0.006077,0.368192,0.020780,0.371636,0.999986,0.852276,0.999729,0.996124,0.999656,0.653407,0.020450,0.015691,0.005589,0.007269,0.008752,0.010239,0.014539,0.015863,0.998983,0.742484,0.999503,0.717022,0.996369,0.668268,0.996893,0.481112,0.999526,0.649189,0.998848,0.638642,0.999739,0.645193,0.997165,0.688181,0.996626,0.376704
ENSDARG00000029045_5_8,-1.4000,-1.5883,1.000000,0.979153,0.647947,-17.1000,-19.0036,1.000000,0.858161,0.639041,0.227439,0.454028,0.107807,0.368423,0.110156,0.360215,0.142000,0.335729,0.969550,0.896204,0.971282,0.912800,0.997513,0.917795,0.996132,0.932291,0.171237,0.373636,0.120592,0.127004,0.107868,0.083982,0.204147,0.153423,0.969872,0.701348,0.968752,0.750614,0.969494,0.901094,0.972176,0.887233,0.977329,0.915188,0.979798,0.940682,0.997681,0.939996,0.998119,0.829134
ENSDARG00000029045_5_9,-4.4000,-4.5343,0.375000,0.385392,0.507340,-21.5000,-23.0242,0.375000,0.389863,0.491191,0.118716,0.020896,0.011857,0.006741,0.003229,0.005570,0.003209,0.004504,0.017015,0.017146,0.994595,0.932787,0.931937,0.936066,1.000000,0.992153,0.997633,0.932830,0.997554,0.932775,0.992157,0.927746,0.995763,0.995705,0.989962,0.990267,0.946496,0.950036,0.993872,0.994255,0.022929,0.088137,0.003197,0.067501,0.000826,0.006958,0.010100,0.007556,0.115754,0.014196
ENSDARG00000029045_5_10,-4.0000,-4.0189,1.000000,0.997762,0.700644,-21.0000,-22.5308,0.750000,0.768571,0.605576,0.004477,0.129486,0.001971,0.009535,0.014629,0.012893,0.999938,0.874055,0.993837,0.868904,0.998525,0.873744,0.999145,0.998698,1.000000,0.922156,0.994511,0.910315,0.011613,0.125291,0.003370,0.128049,0.008766,0.109814,0.991684,0.873054,0.999215,0.887860,0.999741,0.883034,0.999949,0.929314,0.997637,0.889761,1.000000,0.999693,0.994313,0.554666,0.999552,0.131189
ENSDARG00000029472_5_1,0.0000,-0.1865,1.000000,0.973452,0.966698,-16.1000,-18.2998,1.000000,0.857823,0.752346,0.897443,0.909796,0.994457,0.944515,0.999362,0.991576,0.949085,0.971941,0.991675,0.907990,0.999205,0.388214,0.997392,0.310828,0.985924,0.338109,0.999785,0.382470,0.773449,0.186179,0.958557,0.854767,1.000000,0.997954,0.976202,0.673799,0.988251,0.945404,1.000000,0.959975,1.000000,0.962410,0.957880,0.956149,0.989801,0.723551,0.917324,0.810822,0.958159,0.830474
ENSDARG00000029472_5_2,-4.7000,-5.4260,0.375000,0.439444,0.551360,-22.0000,-24.2342,0.250000,0.307268,0.351719,0.998419,0.660975,0.984037,0.194371,0.983824,0.151800,0.967329,0.237828,0.637847,0.292584,0.152743,0.027685,0.003816,0.000856,0.002686,0.000774,0.096746,0.100011,0.825970,0.950156,0.858290,0.959210,0.999936,0.999983,0.999893,0.999961,0.999901,0.999956,0.249039,0.207939,0.016296,0.012917,0.000833,0.000341,0.002734,0.000665,0.294909,0.110206,0.951945,0.126160
ENSDARG00000029472_5_3,-2.6000,-2.9880,0.375000,0.338144,0.470431,-18.8000,-20.8057,0.125000,0.212103,0.364168,0.850576,0.542699,0.723983,0.259414,0.867077,0.673358,0.178203,0.133505,0.033029,0.054100,0.014095,0.045796,0.009191,0.005542,0.029276,0.026999,0.999734,0.960346,0.999514,0.959932,0.999590,0.961200,0.999206,0.963650,0.029468,0.061166,0.010039,0.011694,0.012960,0.047241,0.031129,0.056332,0.173768,0.131134,0.999798,0.997807,0.721383,0.235722,0.726606,0.155726
ENSDARG00000029472_5_4,-2.4000,-2.4653,0.375000,0.400721,0.519641,-18.1000,-19.7789,0.375000,0.403556,0.491553,0.997801,0.920401,0.999255,0.837350,0.999065,0.831417,0.999823,0.856125,0.997704,0.928886,0.026895,0.052937,0.026733,0.074547,0.026668,0.052855,0.032833,0.045568,0.087886,0.090262,0.996620,0.969730,0.995775,0.942539,0.998846,0.959174,0.999292,0.957418,0.089871,0.151685,0.033886,0.097333,0.026151,0.083650,0.026357,0.076578,0.032035,0.121463,0.999334,0.781145
ENSDARG00000029472_5_6,0.0000,-0.3549,1.000000,0.925278,0.904731,-19.7000,-20.7408,1.000000,0.893374,0.709456,0.924554,0.994488,0.782819,0.997075,0.834085,0.997798,0.997458,0.986643,0.995943,0.972109,0.952131,0.967821,0.949838,0.079888,0.950824,0.024390,0.947048,0.007741,0.711577,0.016032,0.696915,0.019605,0.949206,0.978528,0.962884,0.978396,0.910541,0.814394,0.917963,0.837489,0.900385,0.930536,0.858240,0.904405,0.882898,0.924808,0.988745,0.948208,0.980571,0.808758
ENSDARG00000029472_5_7,-2.4000,-2.9528,0.375000,0.362480,0.489132,-18.1000,-20.4058,0.375000,0.369151,0.536445,0.994414,0.972359,0.218010,0.474642,0.064810,0.351592,0.052594,0.324792,0.910859,0.852179,0.014496,0.116594,0.099688,0.279270,0.542206,0.597684,0.994924,0.932620,0.999180,0.973259,0.996475,0.952857,0.995153,0.947852,0.580381,0.608923,0.057615,0.247517,0.100880,0.305952,0.918018,0.707037,0.044920,0.090918,0.055153,0.114015,0.143834,0.140896,0.999035,0.737951
ENSDARG00000029472_5_8,-0.2000,-0.8771,0.625000,0.734766,0.787598,-18.0000,-20.0076,0.625000,0.526409,0.600191,0.977881,0.881094,0.988862,0.826744,0.999491,0.820482,0.985551,0.749326,0.973333,0.617109,0.597730,0.419693,0.388718,0.216793,0.316708,0.272541,0.687697,0.816224,0.961046,0.904082,0.998104,0.652378,0.998717,0.616085,0.641952,0.451332,0.623390,0.443415,0.256765,0.161548,0.705398,0.839281,0.797551,0.851725,0.964919,0.514284,0.974359,0.527846,0.913790,0.421838
ENSDARG00000029472_5_9,-7.3000,-7.5843,0.500000,0.535430,0.433196,-27.3000,-28.2139,0.125000,0.170234,0.285739,0.303042,0.323429,0.022399,0.023576,0.000481,0.000227,0.022783,0.000083,0.002168,0.000839,0.002587,0.001949,0.986132,0.999956,0.992412,0.999981,0.999962,0.999999,0.999993,0.999999,0.024788,0.001988,0.023737,0.000888,0.001652,0.000034,0.018883,0.000264,0.060160,0.024221,0.366272,0.323109,0.959030,0.007060,0.939932,0.004967,0.940040,0.007073,0.997471,0.995148
ENSDARG00000029472_5_10,-6.5000,-6.5242,0.500000,0.500345,0.596709,-24.3000,-25.4812,0.125000,0.169084,0.464175,0.002225,0.002146,0.000705,0.000582,0.003611,0.003396,0.010945,0.011053,0.986423,0.986783,0.963936,0.964179,0.999471,0.999855,0.999994,0.999680,0.999915,0.999617,0.999508,0.999228,0.987791,0.987538,0.976892,0.976767,0.000915,0.000616,0.001094,0.000734,0.000601,0.000327,0.001670,0.001871,0.999519,0.999038,0.999406,0.096201,0.999556,0.052504,0.999998,0.201385
ENSDARG00000031494_0_1,-0.6000,-1.4705,0.625000,0.626326,0.686285,-18.9000,-20.7596,0.625000,0.620904,0.577304,0.778044,0.923338,0.713646,0.823709,0.543047,0.937845,0.999276,0.364686,0.999490,0.181360,0.474010,0.126805,0.206314,0.061808,0.570319,0.091256,0.679143,0.096075,0.983226,0.995661,0.955724,0.995219,0.812854,0.981090,0.641871,0.976667,0.647261,0.977185,0.819183,0.977016,0.821165,0.976500,0.802212,0.922356,0.383076,0.026664,0.147482,0.011621,0.748357,0.099225
ENSDARG00000031494_0_2,-2.1000,-2.2452,0.625000,0.649121,0.719167,-17.8000,-19.7628,0.625000,0.521423,0.678876,0.197324,0.497356,0.196246,0.493543,0.135539,0.424860,0.913912,0.912949,0.914197,0.912815,1.000000,0.975241,0.916903,0.915836,0.917525,0.937776,0.999888,0.992786,0.999722,0.987465,0.999825,0.698499,0.999295,0.657010,0.998455,0.640202,0.208738,0.144062,0.027672,0.018598,0.028461,0.027082,0.930307,0.901484,0.999849,0.932354,0.999800,0.984733,0.999686,0.522872
ENSDARG00000031494_0_3,-4.7000,-4.9166,0.250000,0.390444,0.446227,-20.4000,-22.3280,0.250000,0.453347,0.457548,0.015001,0.058273,0.003597,0.039064,0.731270,0.502920,0.009877,0.048851,0.171071,0.389830,0.260920,0.493584,0.272046,0.496550,0.880585,0.692117,0.874903,0.679306,0.874560,0.679287,0.840170,0.652145,0.866998,0.792246,0.156555,0.323962,0.153626,0.324815,0.167244,0.366998,0.153250,0.293698,0.225048,0.207117,0.269335,0.284400,0.999276,0.976142,0.999216,0.849648
ENSDARG00000031494_0_4,0.0000,-0.1522,1.000000,0.978140,0.978050,-18.0000,-19.0461,0.500000,0.588330,0.655233,0.973830,0.991022,0.986308,0.991541,0.999456,0.991957,0.999270,0.979577,0.998530,0.928488,0.998605,0.922960,0.999473,0.158428,0.999912,0.114159,0.787857,0.073046,1.000000,0.998784,1.000000,0.998301,0.992644,0.249751,0.998814,0.228164,0.964201,0.175714,1.000000,0.177937,0.950336,0.247672,0.976810,0.938190,0.949613,0.974742,0.986978,0.994016,0.998366,0.970203
ENSDARG00000031494_0_5,-1.6000,-2.0349,0.375000,0.521748,0.715282,-21.3000,-23.3961,0.375000,0.379477,0.508758,0.803959,0.916679,0.804680,0.906251,0.998623,0.863331,0.851803,0.852070,1.000000,0.981063,0.995098,0.744214,0.922888,0.744703,0.872486,0.771176,0.795340,0.314667,0.796124,0.036457,0.854307,0.005004,0.436354,0.003730,0.374754,0.003322,0.354117,0.017621,0.901363,0.999181,0.729919,0.998177,0.737105,0.998065,0.306140,0.016076,0.359800,0.001884,0.410788,0.001491
ENSDARG00000031494_0_6,-0.4000,-0.9314,1.000000,0.972690,0.737007,-18.1000,-19.9668,0.625000,0.701089,0.626743,0.389121,0.400802,0.265562,0.279902,0.266905,0.265770,0.727313,0.718896,0.749277,0.740919,0.987950,0.974029,0.998839,0.996617,0.522883,0.529567,0.245134,0.238855,0.315941,0.306864,0.741780,0.727379,0.747922,0.746541,0.823859,0.818090,0.988152,0.980802,0.997731,0.986352,0.999387,0.987203,0.990031,0.985680,0.990279,0.625601,0.993511,0.167037,0.998573,0.057948
ENSDARG00000031494_0_7,-3.6000,-3.7025,0.375000,0.387746,0.506446,-20.9000,-22.1203,0.500000,0.457210,0.695306,0.994605,0.936323,0.100619,0.725180,0.008313,0.699644,0.006671,0.696769,0.006904,0.674505,0.005453,0.593965,0.997866,0.991893,0.947497,0.972782,0.998151,0.991636,0.999034,0.994650,0.998929,0.988081,0.962918,0.983013,0.984501,0.987912,0.006482,0.667481,0.005352,0.663083,0.004956,0.008135,0.005138,0.002029,0.098117,0.065455,0.999336,0.982327,0.998084,0.281258
ENSDARG00000031494_0_8,-2.0000,-2.6468,0.625000,0.597434,0.661022,-19.9000,-21.7745,0.250000,0.324035,0.550207,0.025119,0.082606,0.016278,0.064229,0.027407,0.080567,0.998665,0.989323,0.567395,0.600033,0.998859,0.962672,0.975929,0.941460,0.998466,0.970125,0.999805,0.978069,0.999917,0.969130,0.976621,0.948673,0.856508,0.824970,0.526843,0.514281,0.042022,0.086389,0.042371,0.078020,0.213392,0.225296,0.960027,0.495581,0.997680,0.893059,0.997978,0.219874,0.999164,0.079777
ENSDARG00000031494_0_9,-1.0000,-1.7302,1.000000,0.948235,0.767755,-16.6000,-19.1549,1.000000,0.766358,0.689504,0.797119,0.766480,0.802973,0.773815,0.591459,0.613777,0.420290,0.451111,0.428457,0.466273,0.988285,0.987580,0.712356,0.691892,0.653415,0.643516,0.934607,0.885507,0.423837,0.385754,0.381143,0.341729,0.635285,0.651775,0.843357,0.833772,0.888252,0.808772,0.980667,0.854704,0.976942,0.746141,0.972705,0.684997,0.961075,0.655233,0.963090,0.850610,0.999792,0.696638
ENSDARG00000031494_0_10,0.0000,-0.1510,1.000000,0.977339,0.966852,-17.5000,-19.5256,0.625000,0.482658,0.662899,0.863850,0.915443,0.952963,0.982753,0.973471,0.956423,0.986354,0.855374,0.981541,0.821228,0.991032,0.837073,0.983029,0.704097,0.887414,0.646739,0.975329,0.974218,0.947205,0.617283,0.991314,0.435269,0.984826,0.650823,0.962199,0.641236,0.946118,0.388015,0.978402,0.431384,0.972633,0.266323,0.987376,0.438460,0.988536,0.438682,0.988090,0.597832,0.995359,0.659330
ENSDARG00000033845_4_1,-0.1000,-0.7141,0.625000,0.783438,0.825525,-17.4000,-18.8010,0.375000,0.503412,0.629848,0.978934,0.988104,0.953026,0.978144,0.943345,0.932792,0.596558,0.383398,0.586660,0.395616,0.561707,0.340593,0.998932,0.993079,0.998584,0.994260,0.826314,0.946602,0.812843,0.939687,0.992954,0.366826,0.993134,0.310563,0.994481,0.303087,0.590640,0.211480,0.317126,0.075615,0.376415,0.219344,0.999627,0.924187,0.997516,0.928809,0.992953,0.982812,0.998749,0.381958
ENSDARG00000033845_4_2,-4.6000,-4.7696,0.500000,0.524187,0.432067,-23.5000,-24.5931,0.375000,0.454247,0.560742,0.054895,0.926811,0.056140,0.911014,0.105280,0.893189,0.155932,0.315754,0.048710,0.208951,0.052251,0.177706,0.988645,0.956995,0.986911,0.960786,0.993053,0.961275,0.958211,0.953473,0.026799,0.162516,0.021030,0.152395,0.166189,0.322642,0.971805,0.963906,0.968760,0.970454,0.072709,0.045332,0.003297,0.038706,0.016600,0.041792,0.998554,0.997896,0.995578,0.253251
ENSDARG00000033845_4_3,-2.7000,-2.7907,0.750000,0.755362,0.614881,-18.3000,-20.0947,0.750000,0.681985,0.576838,0.087446,0.312103,0.071724,0.288866,0.078661,0.299749,0.074907,0.292577,0.985495,0.966890,0.947651,0.749738,0.997870,0.772506,0.998569,0.770505,0.999641,0.770942,0.918595,0.693117,0.029380,0.060153,0.064785,0.103722,0.063019,0.114242,0.073031,0.277172,0.995078,0.991908,0.960850,0.930176,0.963666,0.789292,0.997230,0.795896,0.992727,0.751856,0.997292,0.805340
ENSDARG00000033845_4_4,-2.8000,-3.5298,0.625000,0.632548,0.553882,-21.7000,-23.5503,0.500000,0.553016,0.424490,0.141992,0.890969,0.056117,0.885772,0.904411,0.968410,0.999505,0.253597,0.999320,0.165896,0.999441,0.128178,0.999812,0.121048,0.051922,0.008677,0.052289,0.009172,0.454430,0.117831,0.089141,0.109237,0.268869,0.406891,0.624815,0.968480,0.997367,0.998173,0.999983,0.998463,0.640074,0.429266,0.453278,0.072812,0.079659,0.060282,0.625731,0.825783,0.639475,0.070867
ENSDARG00000033845_4_5,-3.8000,-3.9576,0.375000,0.391945,0.513427,-20.2000,-21.7634,0.625000,0.396386,0.573915,0.998821,0.927025,0.995250,0.905535,0.985604,0.879882,0.997868,0.937000,0.956773,0.885658,0.056378,0.430631,0.004406,0.379288,0.004888,0.306591,0.005617,0.290207,0.129194,0.458404,0.998237,0.959161,0.999946,0.947829,0.999167,0.932499,0.129567,0.383552,0.007018,0.340748,0.004706,0.062722,0.002914,0.057299,0.053108,0.091728,0.999141,0.750414,0.939940,0.552129
ENSDARG00000033845_4_6,-4.9000,-5.2423,0.250000,0.341715,0.435778,-25.0000,-26.6098,0.250000,0.202882,0.372508,0.816618,0.924060,0.796421,0.533758,0.404595,0.982492,0.060806,0.028190,0.060112,0.065717,0.759675,0.054516,0.094066,0.119542,0.285996,0.980003,0.286477,0.980243,0.953278,0.982359,0.739856,0.117480,0.723946,0.058739,0.723383,0.022021,0.771559,0.029419,0.262991,0.503499,0.288905,0.997606,0.226768,0.018248,0.053192,0.012915,0.052572,0.013162,0.354349,0.026184
ENSDARG00000033845_4_7,-4.1000,-4.4104,0.625000,0.654090,0.440318,-24.0000,-25.2265,0.625000,0.626703,0.336458,0.226275,0.981960,0.010654,0.062640,0.018107,0.004510,0.023649,0.003411,0.044773,0.002456,0.102225,0.002811,0.996033,0.030623,0.999715,0.036841,0.994307,0.066627,0.103908,0.054539,0.032392,0.436091,0.021603,0.033030,0.019022,0.031966,0.023581,0.952438,0.319604,0.979659,0.905190,0.986945,0.969604,0.995087,0.998188,0.978135,0.998033,0.036683,0.999501,0.052714
ENSDARG00000033845_4_8,0.0000,-0.5519,1.000000,0.750106,0.838972,-19.5000,-20.6564,0.500000,0.535352,0.793621,0.995789,0.971805,0.998274,0.960456,0.987835,0.954003,0.983200,0.962725,0.940793,0.990952,0.861834,0.948993,0.906768,0.958895,0.855058,0.946403,0.998756,0.981703,0.952932,0.956611,0.686304,0.980317,0.611060,0.976746,0.614326,0.967013,0.984899,0.994892,0.980674,0.992631,0.978044,0.989462,0.945285,0.182781,0.530211,0.083272,0.417182,0.012530,0.550225,0.060240
ENSDARG00000033845_4_9,-2.9000,-3.6034,0.625000,0.684527,0.642804,-18.5000,-20.7231,0.625000,0.654341,0.626523,0.027303,0.036782,0.009088,0.015310,0.025353,0.032257,0.899145,0.880143,0.678982,0.689478,0.980209,0.980377,0.827916,0.829186,0.885435,0.861320,0.846690,0.819958,0.841094,0.810524,0.873595,0.848195,0.485060,0.492197,0.999585,0.989346,0.169586,0.194427,0.164193,0.175821,0.160344,0.165189,0.991633,0.950874,0.991529,0.945501,0.999421,0.995195,0.999928,0.818376
ENSDARG00000033845_4_10,-2.7000,-2.8919,1.000000,0.972085,0.686407,-19.9000,-21.0359,0.750000,0.780480,0.601304,0.818124,0.784677,0.053347,0.039148,0.063738,0.048838,0.066311,0.063622,0.965927,0.973949,0.974699,0.946686,0.991503,0.951670,0.066587,0.059653,0.062202,0.048419,0.067097,0.053227,0.999032,0.996323,0.822900,0.816034,0.908544,0.928765,0.978610,0.989054,0.995699,0.994801,1.000000,0.999238,0.979657,0.240690,0.960128,0.222343,0.954218,0.937858,0.999826,0.931091
ENSDARG00000034375_0_1,0.0000,-0.5303,1.000000,0.836324,0.852567,-17.1000,-19.2225,0.875000,0.671000,0.628981,0.981940,0.992015,0.923592,0.817402,0.940989,0.960733,0.879213,0.602785,0.944299,0.612253,0.984415,0.967508,0.990698,0.978826,0.985642,0.364706,0.673545,0.251763,0.563978,0.202502,0.541830,0.186981,0.950609,0.274149,0.868562,0.250392,0.995275,0.713149,0.990906,0.713221,0.981034,0.716976,0.565804,0.511125,0.625310,0.849893,0.674774,0.853978,0.988929,0.759264
ENSDARG00000034375_0_2,-0.4000,-0.9843,0.500000,0.625717,0.694504,-18.9000,-20.8658,0.375000,0.368634,0.567190,0.495364,0.987656,0.472590,0.801516,0.488069,0.764283,0.409012,0.641879,0.830891,0.980183,0.765581,0.708974,0.746286,0.690457,0.766894,0.675061,0.998138,0.995051,0.967535,0.447498,0.955654,0.433676,0.988327,0.268486,0.585433,0.243826,0.769815,0.438188,0.257268,0.179228,0.271686,0.127776,0.461817,0.552055,0.810827,0.557209,0.852865,0.578839,0.996026,0.271953
ENSDARG00000034375_0_3,-2.8000,-3.4584,0.250000,0.364695,0.466706,-21.5000,-23.1153,0.500000,0.477651,0.473134,0.302462,0.647107,0.265321,0.604512,0.920170,0.698343,0.083719,0.502565,0.097528,0.766899,0.318674,0.457731,0.353208,0.399118,0.529034,0.371561,0.865165,0.495765,0.811756,0.203855,0.929138,0.227655,0.940385,0.266351,0.949583,0.299495,0.146808,0.315149,0.089909,0.304825,0.110692,0.372123,0.408349,0.861209,0.747981,0.620709,0.112148,0.522108,0.352094,0.525591
ENSDARG00000034375_0_4,-6.8000,-7.0348,0.375000,0.376134,0.461842,-24.0000,-25.5333,0.375000,0.345461,0.497286,0.003847,0.666328,0.000230,0.052257,0.000722,0.049843,0.003912,0.169634,0.025728,0.679104,0.833046,0.939975,0.895324,0.953313,0.860397,0.939623,0.995269,0.987497,0.999951,0.998613,0.897555,0.462169,0.711788,0.283678,0.999781,0.381753,0.995279,0.988441,0.007783,0.658582,0.001679,0.657702,0.000259,0.002637,0.000491,0.000473,0.003860,0.001578,0.999942,0.072526
ENSDARG00000034375_0_5,-1.5000,-2.2381,0.375000,0.497567,0.581075,-19.8000,-20.9218,0.500000,0.466238,0.633244,0.159039,0.259854,0.130559,0.277847,0.773284,0.979522,0.346934,0.945033,0.138870,0.900906,0.263705,0.918711,0.996465,0.978930,0.999889,0.999683,0.916768,0.341607,0.915510,0.335333,0.999971,0.999299,0.999971,0.998259,0.264351,0.831857,0.141835,0.829089,0.118786,0.020605,0.572525,0.049146,0.400024,0.032851,0.483057,0.038367,0.999979,0.980321,0.999982,0.947667
ENSDARG00000034375_0_6,-3.9000,-3.9700,1.000000,0.976697,0.689560,-19.5000,-21.2262,1.000000,0.858288,0.634474,0.018424,0.042168,0.015126,0.022722,0.014460,0.022060,0.998453,0.998733,0.955553,0.893085,0.996112,0.996367,0.996000,0.947437,0.995792,0.898839,0.953543,0.853797,0.017991,0.030528,0.006320,0.086502,0.009845,0.030932,0.967033,0.804721,0.951864,0.799575,0.996020,0.982909,0.996492,0.960368,0.998030,0.949255,0.982913,0.950902,0.947921,0.781999,0.973303,0.636571
ENSDARG00000034375_0_7,-0.7000,-1.5839,1.000000,0.714971,0.716796,-19.2000,-21.1875,0.500000,0.508981,0.511950,0.740081,0.615293,0.461256,0.112197,0.693298,0.114620,0.882773,0.145460,0.740210,0.127061,0.894119,0.979803,0.643310,0.933383,0.798518,0.967902,0.412763,0.085628,0.406887,0.095839,0.998791,0.999174,0.944155,0.990782,0.934900,0.977213,0.791625,0.953970,0.414145,0.080424,0.649509,0.126239,0.860162,0.971964,0.991880,0.922348,0.532575,0.024039,0.544973,0.015654
ENSDARG00000034375_0_8,-1.1000,-2.0013,0.375000,0.493309,0.549641,-16.8000,-19.3209,0.375000,0.545073,0.574461,0.971878,0.920338,0.092918,0.334988,0.088511,0.299520,0.090664,0.316219,0.786565,0.707744,0.755249,0.570349,0.382455,0.310673,0.552710,0.439625,0.784608,0.763521,0.989758,0.892789,0.795752,0.754717,0.755278,0.818159,0.571809,0.597113,0.509078,0.592240,0.588467,0.687086,0.973249,0.929200,0.098089,0.321232,0.107702,0.341069,0.098642,0.197274,0.999433,0.695371
ENSDARG00000034375_0_9,-3.1000,-3.6993,0.750000,0.718993,0.587326,-23.0000,-24.9480,0.500000,0.493829,0.477897,0.521981,0.603133,0.479278,0.055368,0.385248,0.005118,0.030328,0.000327,0.076234,0.000550,0.722404,0.043622,0.938880,0.967688,0.742256,0.009319,0.445386,0.951361,0.320957,0.972547,0.332088,0.998335,0.999541,0.999936,0.502357,0.998632,0.446756,0.925707,1.000000,0.999992,0.711253,0.070032,0.902340,0.938480,0.690084,0.010790,0.750103,0.005549,0.749052,0.001453
ENSDARG00000034375_0_10,0.0000,-0.3931,1.000000,0.867959,0.873487,-16.5000,-18.6018,0.750000,0.773156,0.750152,0.730835,0.591428,0.696446,0.499249,0.681681,0.480996,0.750860,0.529664,0.989474,0.897596,0.928631,0.878086,0.998596,0.859308,0.916805,0.832714,0.933586,0.920768,0.972752,0.705908,0.931399,0.678284,0.994994,0.943786,0.955429,0.922314,0.997251,0.982898,0.982425,0.979592,0.738459,0.812029,0.718282,0.799464,0.722442,0.631070,0.830839,0.472964,0.998547,0.584919
ENSDARG00000035563_0_1,0.0000,-0.7511,1.000000,0.696054,0.774313,-19.4000,-20.4392,0.625000,0.571101,0.790187,0.973864,0.990899,0.976575,0.986404,0.974154,0.966927,0.991273,0.946045,0.982065,0.941315,0.999033,0.949453,0.999390,0.976982,0.679726,0.918295,0.555867,0.920195,0.527371,0.896486,0.430631,0.827913,0.827874,0.914019,0.815168,0.911071,0.997208,0.831560,0.984855,0.803877,0.955497,0.781418,0.558526,0.324409,0.320600,0.083198,0.356674,0.095018,0.579905,0.738254
ENSDARG00000035563_0_2,-4.7000,-4.8755,1.000000,0.999627,0.624832,-21.6000,-23.0360,0.750000,0.757429,0.527908,0.004065,0.004210,0.000595,0.000549,0.001282,0.001068,0.244416,0.244320,0.999245,0.999274,0.999907,0.999910,0.999924,0.999957,0.999840,0.999902,0.243844,0.243666,0.001233,0.001046,0.000871,0.000658,0.004397,0.004166,0.999217,0.965157,0.999699,0.958541,0.999914,0.937505,0.999691,0.494793,0.999662,0.457538,0.999492,0.968070,0.999817,0.592273,0.999525,0.685552
ENSDARG00000035563_0_3,-5.1000,-5.5993,0.375000,0.395850,0.432462,-21.7000,-23.7166,0.125000,0.245100,0.376743,0.006346,0.059875,0.000615,0.007275,0.007661,0.025850,0.998605,0.988556,0.143269,0.166717,0.012406,0.014164,0.158519,0.164083,0.998556,0.998637,0.999148,0.992632,0.999442,0.992849,0.999186,0.999157,0.158685,0.164255,0.016580,0.023195,0.141831,0.167098,0.995080,0.996501,0.342185,0.221063,0.005150,0.005682,0.008482,0.008454,0.658460,0.409813,0.999029,0.128996
ENSDARG00000035563_0_4,-0.4000,-0.8229,1.000000,0.952176,0.841409,-16.0000,-18.1736,1.000000,0.887110,0.769240,0.955061,0.843775,0.362896,0.432602,0.364502,0.433387,0.984305,0.961364,0.959813,0.909332,0.999025,0.860950,0.997969,0.850797,0.999263,0.810595,0.970679,0.772459,0.356441,0.250664,0.431398,0.349800,0.829417,0.812197,0.865767,0.848041,0.999483,0.966403,0.964224,0.959499,0.991904,0.992475,0.962851,0.903800,0.930560,0.916505,0.913320,0.809396,0.989302,0.700761
ENSDARG00000035563_0_5,-2.2000,-2.4447,0.250000,0.327757,0.460183,-21.1000,-23.0354,0.250000,0.269014,0.298795,0.995261,0.604023,0.978907,0.056788,0.974464,0.006452,0.224044,0.005742,0.098129,0.002830,0.060879,0.002184,0.063398,0.004935,0.081243,0.029937,0.156919,0.115699,0.980552,0.997540,0.986205,0.998605,0.981600,0.999044,0.978810,0.998090,0.989955,0.998527,0.152821,0.112680,0.071693,0.029723,0.050395,0.005881,0.044537,0.001044,0.102864,0.003218,0.230977,0.002953
ENSDARG00000035563_0_6,0.0000,-0.1130,1.000000,0.976814,0.971295,-19.0000,-20.4148,1.000000,0.920415,0.532286,0.965508,0.151396,0.976923,0.047056,0.947600,0.048131,1.000000,0.999861,0.905817,0.023877,0.941503,0.018588,1.000000,0.056729,0.970570,0.138622,1.000000,0.182181,0.933786,0.326889,0.970038,0.555610,0.999650,0.733457,0.923958,0.707373,0.971790,0.997847,0.967052,0.966398,0.984127,0.997095,0.973657,0.990533,0.999904,0.999597,0.999950,0.999968,0.994077,0.704510
ENSDARG00000035563_0_7,0.0000,-0.5475,1.000000,0.790470,0.826311,-18.4000,-20.2875,0.500000,0.378629,0.621401,0.920638,0.968589,0.892231,0.970593,0.938956,0.987755,0.989318,0.991830,0.585176,0.613963,0.520220,0.505178,0.447953,0.435180,0.987678,0.733085,0.975664,0.665592,0.982351,0.623501,0.983933,0.919096,0.978344,0.984626,0.980523,0.988963,0.517290,0.818385,0.518117,0.236451,0.599867,0.246388,0.978464,0.052918,0.975647,0.643844,0.870333,0.017495,0.883516,0.024588
ENSDARG00000035563_0_8,-3.9000,-4.0694,0.750000,0.741164,0.522861,-21.1000,-22.2328,0.500000,0.599236,0.462789,0.044718,0.195335,0.072172,0.192663,0.939364,0.965148,0.004310,0.218827,0.014339,0.234969,0.197329,0.164083,0.957493,0.755732,0.999813,0.771968,0.999807,0.771524,0.197277,0.136088,0.067608,0.035096,0.033688,0.020449,0.048438,0.195381,0.017240,0.205784,0.899818,0.934088,0.999940,0.433912,0.964494,0.424182,0.999907,0.882749,0.999792,0.990642,0.999683,0.727151
ENSDARG00000035563_0_9,-1.8000,-2.1352,0.875000,0.901741,0.649787,-19.0000,-21.2794,0.625000,0.682863,0.549863,0.247557,0.791043,0.066131,0.244078,0.087157,0.188595,0.156976,0.199600,0.999689,0.405522,0.967484,0.913928,0.975299,0.864083,0.994163,0.941718,0.990759,0.769654,0.130879,0.128698,0.082788,0.032320,0.082928,0.055126,0.379453,0.134875,0.914548,0.195528,0.971867,0.976703,0.999948,0.544796,0.995898,0.954021,0.993658,0.926202,0.976715,0.890587,0.981844,0.840190
ENSDARG00000035563_0_10,-6.0000,-6.5302,0.750000,0.529814,0.527446,-26.0000,-26.7663,0.375000,0.388693,0.461515,0.066274,0.105312,0.003027,0.001248,0.005340,0.006340,0.002875,0.000886,0.599862,0.972958,0.953338,0.996621,0.963230,0.997200,0.689031,0.980712,0.998057,0.997462,0.994347,0.993283,0.521671,0.037776,0.513368,0.030964,0.232265,0.015051,0.546952,0.141035,0.961766,0.997685,0.566242,0.973695,0.479810,0.006781,0.479019,0.004768,0.479020,0.006932,0.493436,0.963595
ENSDARG00000036245_3_1,0.0000,-0.8319,1.000000,0.691454,0.745563,-16.8000,-18.7816,0.500000,0.561342,0.490611,0.965434,0.592643,0.989955,0.420534,0.967596,0.306424,0.981294,0.269131,0.805409,0.222374,0.996175,0.997692,0.608940,0.197385,0.386789,0.117729,0.377660,0.117274,0.307965,0.120453,0.999340,0.982236,0.993074,0.977609,0.993713,0.981684,0.979827,0.988483,0.356683,0.135359,0.346528,0.127424,0.396095,0.148911,0.612132,0.230191,0.847164,0.938293,0.999489,0.940393
ENSDARG00000036245_3_2,-0.2000,-1.3588,0.500000,0.808351,0.680566,-18.8000,-20.8297,0.625000,0.583631,0.575784,0.649342,0.971956,0.615445,0.978907,0.519918,0.971057,0.527067,0.831137,0.736732,0.802474,0.848541,0.472826,0.739505,0.343036,0.651034,0.305741,0.514697,0.273152,0.405556,0.311032,0.476706,0.340186,0.459960,0.245128,0.586231,0.284724,0.958616,0.274984,0.786829,0.308375,0.703676,0.720614,0.728895,0.832470,0.711474,0.855250,0.995346,0.694652,0.995745,0.697976
ENSDARG00000036245_3_3,0.0000,-0.0085,1.000000,0.998454,0.998494,-15.7000,-17.5864,1.000000,0.856830,0.883400,0.999381,0.996289,0.999540,0.993936,0.999405,0.993108,0.997820,0.900719,0.999879,0.896131,0.997556,0.976283,0.999438,0.964821,0.999573,0.982910,0.991878,0.776716,0.998243,0.785630,0.999538,0.774223,1.000000,0.772596,0.999671,0.769324,0.999078,0.974385,0.993065,0.804939,0.998926,0.932992,0.999085,0.835449,0.998723,0.846274,0.999591,0.978240,0.999494,0.713033
ENSDARG00000036245_3_4,-3.0000,-3.0594,0.625000,0.640714,0.709762,-21.6000,-23.1646,0.625000,0.633391,0.473348,0.985914,0.992688,0.986086,0.991643,0.999921,0.987755,0.999846,0.255641,0.999901,0.052177,0.997735,0.023672,0.091313,0.005087,0.009559,0.000197,0.008040,0.000382,0.996704,0.999698,0.997332,0.033658,0.997178,0.057234,0.998486,0.999858,0.997802,0.999954,1.000000,0.999986,0.030893,0.988810,0.028468,0.046734,0.082845,0.022842,0.993860,0.999272,0.993361,0.009675
ENSDARG00000036245_3_5,0.0000,-0.6936,1.000000,0.763059,0.806569,-17.8000,-19.7175,0.625000,0.708241,0.627721,0.958166,0.987949,0.979437,0.984373,0.994387,0.943392,0.879182,0.538841,0.983944,0.497152,0.999262,0.757068,0.781810,0.756443,0.371498,0.092696,0.441063,0.106620,0.654499,0.309597,0.999525,0.500193,0.984133,0.414163,0.798619,0.465852,0.773248,0.970317,0.772073,0.611926,0.968362,0.941678,0.976079,0.891437,0.481055,0.592522,0.661965,0.840222,0.673070,0.351976
ENSDARG00000036245_3_7,-2.0000,-2.4512,0.625000,0.632290,0.669434,-20.3000,-22.2284,0.500000,0.523178,0.455496,0.870850,0.592474,0.870093,0.104338,0.854764,0.033773,0.763473,0.021151,0.899319,0.996165,0.859103,0.161099,0.846691,0.992046,0.077074,0.007407,0.074861,0.001991,0.223709,0.025625,0.997877,0.993851,0.992556,0.994581,0.993572,0.994644,0.956197,0.998091,0.186362,0.030514,0.201276,0.009638,0.176226,0.010006,0.855862,0.993798,0.737802,0.158813,0.951020,0.989921
ENSDARG00000036245_3_8,0.0000,-0.0392,1.000000,0.984837,0.987603,-17.0000,-18.3180,0.750000,0.694164,0.826468,0.995570,0.994642,0.998822,0.994742,0.993287,0.965274,0.997889,0.945301,0.993606,0.951566,0.993255,0.882253,0.971528,0.859816,0.967577,0.911968,0.999085,0.906662,0.972051,0.846322,0.996457,0.747547,0.994235,0.969951,0.989484,0.660941,0.998187,0.770849,0.968691,0.716951,0.998601,0.590455,0.963669,0.616128,0.971204,0.972875,0.989402,0.640346,0.999459,0.584764
ENSDARG00000036245_3_9,-1.1000,-1.6604,0.500000,0.615224,0.625511,-20.5000,-21.9866,0.500000,0.509037,0.562089,0.500902,0.623613,0.436673,0.621105,0.430229,0.554017,0.973221,0.532929,0.320227,0.315109,0.329722,0.768436,0.992528,0.743942,0.947441,0.657035,0.952007,0.699491,0.771342,0.546030,0.795092,0.710363,0.139038,0.397410,0.276739,0.446719,0.986855,0.957848,0.992969,0.989096,0.443346,0.380510,0.158510,0.252745,0.353028,0.254534,0.791384,0.151246,0.918964,0.639599
ENSDARG00000036245_3_10,-1.1000,-1.7782,1.000000,0.998854,0.737049,-18.3000,-20.1269,0.625000,0.664561,0.605385,0.149463,0.196363,0.069965,0.116475,0.160729,0.203122,0.993906,0.989513,0.999973,0.995236,0.996863,0.966949,0.932691,0.908679,0.413858,0.424507,0.076507,0.093359,0.410490,0.400465,0.545734,0.559531,0.999976,0.937012,0.999978,0.921477,0.999949,0.919784,0.996321,0.913843,0.999936,0.998739,0.998088,0.959030,0.999238,0.252897,0.997383,0.174893,0.999943,0.175830
ENSDARG00000036482_0_1,-1.0000,-1.3511,0.625000,0.648225,0.718297,-17.2000,-18.8754,0.750000,0.614316,0.723270,0.777453,0.872036,0.752059,0.825137,0.745532,0.765554,0.745895,0.728912,0.999542,0.976298,0.997605,0.973535,0.420329,0.506568,0.380926,0.482485,0.384845,0.481601,0.987350,0.984462,0.992510,0.979376,0.996096,0.974918,0.996246,0.818259,0.995860,0.815122,0.757037,0.698443,0.142574,0.363406,0.117228,0.086652,0.189472,0.286356,0.993569,0.981213,0.993817,0.865075
ENSDARG00000036482_0_2,-6.1000,-6.1208,0.875000,0.873282,0.601837,-24.0000,-24.8170,0.500000,0.531058,0.464939,0.001884,0.001836,0.000116,0.000085,0.000255,0.000221,0.024072,0.024037,0.999837,0.999863,0.999940,0.999967,0.999966,0.999970,0.999999,1.000000,0.999985,0.999996,0.023845,0.023814,0.000429,0.000395,0.000159,0.000125,0.001853,0.001818,0.992360,0.999282,0.999901,0.980772,0.999948,0.978072,1.000000,0.159466,0.999942,0.073103,0.992328,0.069791,0.999919,0.986160
ENSDARG00000036482_0_3,0.0000,-0.1266,1.000000,0.956126,0.963415,-17.6000,-18.8104,0.875000,0.877792,0.557812,0.986538,0.252191,0.913619,0.197099,0.901968,0.120116,0.907706,0.125594,1.000000,0.946026,0.996945,0.763681,0.999900,0.100191,0.999367,0.094985,0.991571,0.131418,0.995444,0.322006,0.936240,0.669202,0.989996,0.411396,0.995628,0.984927,0.994632,0.986521,0.925524,0.987861,0.919840,0.991801,0.841634,0.972765,0.994757,0.996687,0.994151,0.996261,0.982842,0.105512
ENSDARG00000036482_0_4,-0.5000,-0.9724,1.000000,0.908284,0.822064,-20.7000,-22.2367,0.750000,0.751974,0.566492,0.465152,0.983195,0.477443,0.968932,1.000000,0.172187,1.000000,0.075374,0.996110,0.035475,1.000000,0.028382,0.255720,0.006378,0.248402,0.006557,1.000000,0.999848,0.825533,0.920132,0.914727,0.122111,0.991931,0.995468,0.985627,0.999222,1.000000,0.999936,1.000000,0.999839,0.997845,0.981509,0.730894,0.019969,1.000000,0.999989,0.772238,0.995066,0.779665,0.020262
ENSDARG00000036482_0_5,0.0000,-0.4899,1.000000,0.937630,0.880188,-19.8000,-20.9548,0.875000,0.839441,0.555415,0.890800,0.133855,0.948215,0.027299,0.568298,0.010248,0.556878,0.019967,0.960447,0.985886,1.000000,0.975970,1.000000,0.698798,0.956225,0.683002,0.763032,0.105465,0.602334,0.105435,0.857905,0.327330,0.998592,0.319512,0.756686,0.035671,0.988810,0.992262,0.999556,0.988971,0.920021,0.985860,0.984196,0.999300,0.956366,0.999736,0.911969,0.776927,0.983437,0.936802
ENSDARG00000036482_0_6,-2.1000,-2.4227,0.625000,0.697770,0.715278,-19.0000,-20.9703,0.500000,0.612185,0.566408,0.851858,0.609980,0.817902,0.560980,0.864091,0.886912,0.997573,0.998672,0.999946,0.997210,0.332694,0.769761,0.179424,0.421982,0.179571,0.491506,0.854349,0.174775,0.806177,0.160119,0.883786,0.173816,0.956028,0.184971,0.986718,0.996268,0.935016,0.308875,0.994320,0.220511,0.205578,0.150619,0.178447,0.446144,0.317842,0.799118,0.964292,0.991954,0.999950,0.983992
ENSDARG00000036482_0_7,-2.2000,-2.4672,0.375000,0.435485,0.469235,-17.8000,-19.7726,0.375000,0.468580,0.516614,0.984432,0.967721,0.119576,0.251798,0.103804,0.194550,0.130949,0.220395,0.978408,0.946665,0.132109,0.332264,0.130665,0.343024,0.274514,0.437569,0.959809,0.926837,0.955017,0.931526,0.902527,0.761650,0.229013,0.269649,0.090017,0.157537,0.152548,0.359961,0.990870,0.968303,0.142610,0.333095,0.098902,0.119609,0.086962,0.073298,0.950358,0.937535,0.971614,0.799301
ENSDARG00000036482_0_8,-5.2000,-5.2499,0.500000,0.509478,0.606927,-23.1000,-24.6890,0.625000,0.622137,0.506009,0.993585,0.962595,0.999227,0.953987,1.000000,0.966440,0.999874,0.929503,0.998103,0.189378,1.000000,0.075111,1.000000,0.039105,0.042884,0.002847,0.000691,0.000146,0.000531,0.000187,0.027855,0.023795,0.999974,0.999986,0.999962,0.999824,0.999981,0.999987,0.999554,0.999921,0.033907,0.968244,0.006687,0.967539,0.000774,0.023002,0.043208,0.001733,0.991749,0.016844
ENSDARG00000036482_0_9,-7.2000,-7.3599,0.250000,0.269417,0.415445,-23.2000,-24.6828,0.250000,0.249616,0.453814,0.113723,0.437370,0.092989,0.382894,0.782094,0.545912,0.025082,0.083442,0.811597,0.570432,0.107394,0.366807,0.118369,0.374628,0.110931,0.390269,0.992331,0.994112,0.999956,0.999360,0.999506,0.968782,0.999587,0.965342,0.112277,0.357970,0.003864,0.055698,0.047209,0.032873,0.061441,0.059239,0.917572,0.574280,0.001639,0.001336,0.011344,0.008577,0.999994,0.906953
ENSDARG00000036482_0_10,-1.7000,-1.8544,1.000000,0.935334,0.785768,-17.7000,-19.3912,0.875000,0.869833,0.734362,0.987621,0.866768,0.187433,0.128113,0.087966,0.076873,0.898728,0.948735,0.997930,0.997326,0.947571,0.846000,0.881038,0.807361,0.855078,0.894207,0.973038,0.847104,0.210934,0.163186,0.207162,0.158347,0.998198,0.994559,0.998197,0.968748,0.899638,0.875224,0.873067,0.866579,0.929312,0.879043,0.995387,0.989919,0.886840,0.567782,0.900957,0.940682,0.999273,0.870686
ENSDARG00000037060_32_1,-1.1000,-1.6399,0.625000,0.709774,0.719063,-20.3000,-21.4181,0.375000,0.384438,0.619816,0.321927,0.356370,0.309143,0.364848,0.891009,0.979932,0.997252,0.986258,0.999889,0.984634,0.999845,0.984287,0.999889,0.983840,0.409323,0.341535,0.436765,0.373153,0.999890,0.999189,0.998332,0.997358,0.339806,0.969413,0.333466,0.962067,1.000000,0.092888,0.891192,0.030351,0.891686,0.029109,0.919963,0.030927,0.319265,0.010355,0.322620,0.972817,1.000000,0.946988
ENSDARG00000037060_32_2,-4.4000,-5.2895,0.250000,0.200188,0.360531,-24.3000,-25.5377,0.000000,0.034761,0.423341,0.385780,0.986812,0.330064,0.987830,0.682950,0.145495,0.014941,0.086566,0.008451,0.084730,0.020128,0.079530,0.319517,0.933954,0.327316,0.933329,0.534327,0.954781,0.996000,0.999472,0.995043,0.997839,0.994590,0.998384,0.229777,0.093282,0.014004,0.036654,0.005395,0.032132,0.008650,0.084518,0.317963,0.010521,0.010969,0.000326,0.324531,0.006504,0.690217,0.014156
ENSDARG00000037060_32_3,0.0000,-0.7969,1.000000,0.757852,0.790915,-17.5000,-19.4376,0.625000,0.642506,0.729895,0.978842,0.907891,0.942537,0.839402,0.969727,0.871905,0.984209,0.882595,0.768188,0.609592,0.762141,0.681169,0.963050,0.868468,0.984129,0.927418,0.793064,0.803992,0.577893,0.776407,0.532790,0.673685,0.498922,0.615334,0.968574,0.902523,0.993671,0.918592,0.804311,0.758151,0.794599,0.595261,0.559733,0.753056,0.578944,0.796105,0.577013,0.256544,0.785971,0.159814
ENSDARG00000037060_32_4,0.0000,-0.3147,1.000000,0.917616,0.918589,-17.8000,-18.7002,0.750000,0.763407,0.858905,0.889564,0.914152,0.935039,0.922018,0.935000,0.963917,0.959834,0.974644,0.995386,0.983542,0.985059,0.943682,0.949190,0.882606,0.879751,0.875984,0.966177,0.925328,0.769598,0.890401,0.776283,0.882512,0.989976,0.912056,0.991989,0.917651,0.969055,0.971884,0.933326,0.973054,0.738276,0.153515,0.725099,0.157209,0.992622,0.992809,0.994605,0.991111,0.995956,0.950028
ENSDARG00000037060_32_5,-1.3000,-1.7394,0.750000,0.760790,0.701752,-18.3000,-20.0740,0.500000,0.576720,0.624382,0.129937,0.109378,0.131392,0.106300,0.445423,0.419779,0.778392,0.763721,0.695727,0.689324,0.965754,0.974068,0.990446,0.989168,0.951604,0.969577,0.945396,0.962626,0.957962,0.962483,0.733098,0.725852,0.223593,0.201608,0.391595,0.378664,0.148721,0.126404,0.693350,0.698032,0.962601,0.973890,0.995908,0.957546,0.965451,0.975840,0.936656,0.408075,0.992038,0.095306
ENSDARG00000037060_32_6,-0.9000,-1.5889,0.250000,0.427387,0.532860,-20.2000,-22.0493,0.375000,0.430595,0.378878,0.950514,0.597554,0.948645,0.381191,0.249659,0.281516,0.260233,0.109703,0.994240,0.735886,0.318721,0.326569,0.166790,0.430902,0.149502,0.486861,0.269647,0.239339,0.989451,0.263807,0.997877,0.176701,0.942830,0.102777,0.941527,0.040154,0.277362,0.024403,0.110118,0.014965,0.130773,0.198719,0.322491,0.984559,0.539556,0.990109,0.315558,0.988006,0.781707,0.203844
ENSDARG00000037060_32_7,-0.2000,-0.8941,0.750000,0.847865,0.783792,-20.7000,-21.6578,0.750000,0.754635,0.475925,0.729813,0.962237,0.725668,0.959260,0.680998,0.212746,0.975684,0.105117,0.965710,0.088723,0.565676,0.072854,0.601214,0.995245,0.628142,0.046223,0.999089,0.015376,0.997249,0.012683,0.723075,0.009468,0.300591,0.001499,0.352442,0.025266,0.605922,0.994495,0.996184,0.997223,0.989921,0.997429,0.944473,0.997594,0.938209,0.997663,0.968269,0.997225,0.987505,0.030182
ENSDARG00000037060_32_8,-1.4000,-1.5698,1.000000,0.972047,0.798898,-20.7000,-22.3410,0.625000,0.667859,0.497962,0.117425,0.964018,0.092346,0.958285,0.903454,0.112625,0.978207,0.058785,0.998266,0.046249,0.999884,0.040867,0.131755,0.004567,0.117257,0.004000,0.938126,0.996838,0.983736,0.998459,0.966866,0.107058,0.974264,0.324620,0.975434,0.998948,0.982764,0.999591,0.996940,0.999647,0.955686,0.310078,0.946166,0.078738,0.975246,0.967127,0.965575,0.969499,0.978566,0.019248
ENSDARG00000037060_32_10,-2.6000,-2.7291,1.000000,0.969259,0.705383,-20.8000,-22.1528,0.625000,0.631154,0.570569,0.984146,0.989466,0.020176,0.020452,0.015348,0.013955,0.095055,0.094336,0.978777,0.978522,0.981310,0.982024,0.999738,0.999408,0.997597,0.997004,0.159913,0.157111,0.070054,0.067750,0.068945,0.066732,0.982532,0.995387,0.925178,0.925951,0.926052,0.931575,0.936447,0.933428,0.999442,0.998593,0.998932,0.971116,0.985756,0.132732,0.982600,0.125204,0.999663,0.030629
ENSDARG00000038188_15_2,-0.9000,-1.2232,1.000000,0.913386,0.803739,-20.0000,-21.7710,0.625000,0.616531,0.557550,0.314239,0.344475,0.314691,0.435230,0.999744,0.625461,0.998470,0.621344,0.998608,0.641334,0.986949,0.775576,0.993870,0.891529,0.368999,0.108174,0.204886,0.214558,0.801410,0.394856,0.790866,0.377808,0.994963,0.788402,0.989575,0.786880,0.993588,0.793481,0.998173,0.769434,0.998170,0.962627,0.943249,0.746605,0.752354,0.218697,0.802745,0.203954,0.829238,0.450566
ENSDARG00000038188_15_4,-3.2000,-3.4331,0.375000,0.416951,0.519246,-19.2000,-22.0290,0.250000,0.342692,0.405384,0.932799,0.969154,0.846715,0.925777,0.889122,0.954171,0.259112,0.923053,0.056626,0.507329,0.052229,0.420217,0.996778,0.239123,0.075619,0.027578,0.072145,0.012460,0.995176,0.125393,0.935537,0.129540,0.937458,0.132356,0.999891,0.326733,0.020896,0.372835,0.019658,0.038280,0.942101,0.162066,0.113491,0.541285,0.115457,0.177290,0.210779,0.454539,0.913335,0.668506
ENSDARG00000038188_15_5,-2.7000,-3.4087,0.875000,0.728272,0.693000,-21.9000,-23.6744,0.375000,0.442928,0.521326,0.862595,0.873090,0.779555,0.741619,0.876181,0.704091,0.774219,0.636703,0.422270,0.229462,0.606628,0.349572,0.501927,0.358782,0.905282,0.810498,0.994491,0.822646,0.823226,0.644510,0.373699,0.534193,0.113751,0.177927,0.118725,0.184853,0.963139,0.997156,0.992784,0.998669,0.892059,0.890081,0.651845,0.307951,0.727313,0.106322,0.591958,0.012285,0.888355,0.046109
ENSDARG00000038188_15_6,-5.2000,-5.8279,0.750000,0.552901,0.556983,-22.6000,-24.2361,0.375000,0.418501,0.491340,0.540034,0.385140,0.500269,0.370680,0.133488,0.076058,0.218826,0.257250,0.480252,0.565585,0.483034,0.569912,0.473320,0.557696,0.878153,0.856922,0.882349,0.859080,0.989719,0.988095,0.628132,0.552433,0.508865,0.439938,0.507887,0.439401,0.536687,0.442964,0.999665,0.997859,0.462497,0.129693,0.461735,0.104857,0.461391,0.548924,0.465974,0.188686,0.527373,0.495620
ENSDARG00000038188_15_7,-2.5000,-3.1251,0.250000,0.485958,0.559379,-19.3000,-21.1570,0.250000,0.444146,0.549338,0.890419,0.800616,0.892423,0.791653,0.894473,0.819144,0.995591,0.924062,0.505810,0.662727,0.127405,0.221197,0.030860,0.050171,0.019071,0.029115,0.392555,0.482174,0.557322,0.764063,0.996158,0.941404,0.997819,0.947260,0.702283,0.546059,0.257879,0.308645,0.218244,0.345774,0.998254,0.985100,0.398282,0.294341,0.402885,0.346480,0.406481,0.589580,0.503360,0.137188
ENSDARG00000038188_15_8,0.0000,-0.4639,1.000000,0.922377,0.879317,-17.0000,-19.2575,0.625000,0.642111,0.628968,0.918038,0.977933,0.753724,0.823492,0.688571,0.626041,0.899083,0.737772,0.995769,0.802122,0.863388,0.735031,0.855657,0.917803,0.641335,0.426415,0.722396,0.462607,0.987843,0.312909,0.997980,0.322524,0.883532,0.297823,0.747275,0.246577,0.771746,0.253494,0.993400,0.959136,0.937257,0.935935,0.998364,0.992318,0.973157,0.876844,0.970464,0.801918,0.987350,0.070667
ENSDARG00000038188_15_9,-2.2000,-2.4533,0.500000,0.518715,0.615794,-19.0000,-21.1791,0.625000,0.608046,0.490166,0.960886,0.946954,0.942457,0.938716,0.969399,0.388812,0.241252,0.255026,0.116922,0.212032,0.120228,0.299234,0.101133,0.239782,0.964397,0.130084,0.946040,0.717117,0.942028,0.346303,0.928545,0.190825,0.932874,0.274059,0.926748,0.662701,0.947416,0.947986,0.944866,0.919215,0.102344,0.803101,0.110656,0.493558,0.046060,0.158708,0.182968,0.197194,0.888658,0.681907
ENSDARG00000038188_15_10,-1.4000,-1.7623,1.000000,0.877919,0.711527,-18.6000,-19.7384,0.750000,0.752231,0.654407,0.072838,0.127868,0.092523,0.134297,0.429715,0.320853,0.785612,0.925576,0.768677,0.924729,0.993818,0.987720,0.988316,0.979623,0.994416,0.986522,0.999922,0.988011,0.411523,0.302971,0.351508,0.229965,0.318325,0.162156,0.741301,0.800596,0.767174,0.851031,0.992805,0.953643,0.999029,0.963101,0.759250,0.299000,0.777876,0.307405,0.993385,0.951221,0.992533,0.891850
ENSDARG00000039878_12_1,-1.0000,-1.6979,0.375000,0.489730,0.591038,-18.2000,-20.0528,0.500000,0.515806,0.575606,0.979510,0.571186,0.219676,0.467480,0.192096,0.456804,0.624705,0.961589,0.547035,0.937888,0.191008,0.660887,0.182602,0.739090,0.985200,0.894656,0.987776,0.920880,0.999267,0.343034,0.997498,0.241767,0.996536,0.190408,0.919683,0.131662,0.088386,0.023642,0.205213,0.084637,0.167427,0.901278,0.266052,0.921696,0.291124,0.923434,0.999623,0.998462,0.980334,0.141640
ENSDARG00000039878_12_2,-4.3000,-4.7348,0.875000,0.679913,0.575198,-22.8000,-23.9824,0.375000,0.376924,0.418663,0.182218,0.116108,0.046272,0.007797,0.390858,0.107669,0.014853,0.015137,0.566552,0.883052,0.608464,0.896401,0.995015,0.997029,0.982190,0.994048,0.982170,0.995652,0.436923,0.120410,0.431081,0.112546,0.428061,0.112024,0.497786,0.214264,0.999925,0.998960,0.593432,0.681285,0.593112,0.638867,0.568402,0.052398,0.948619,0.372716,0.598425,0.017565,0.639599,0.039338
ENSDARG00000039878_12_3,-7.2000,-7.2783,0.375000,0.381487,0.504816,-22.8000,-24.3712,0.375000,0.363898,0.502478,0.006820,0.046810,0.000389,0.035477,0.015676,0.049283,0.012089,0.051317,0.951094,0.949578,0.077792,0.092076,0.984861,0.963634,0.999436,0.990261,1.000000,0.990937,0.999146,0.989773,0.997674,0.988807,0.999437,0.990420,0.055270,0.090788,0.987777,0.975632,0.001572,0.028542,0.000074,0.009320,0.022050,0.029339,0.015547,0.023476,0.969610,0.919886,1.000000,0.834199
ENSDARG00000039878_12_4,-3.5000,-4.2303,0.625000,0.586401,0.584619,-20.0000,-22.1886,1.000000,0.865374,0.525262,0.031979,0.107578,0.029090,0.026299,0.034523,0.028432,1.000000,0.999971,0.304262,0.099771,0.577579,0.173711,0.868886,0.348587,1.000000,0.384505,1.000000,0.395052,0.684808,0.321749,0.578765,0.420495,0.891273,0.276092,0.667423,0.912716,0.040461,0.748743,0.030646,0.741583,0.007902,0.739017,0.975118,0.978625,0.975111,0.964502,0.994547,0.891563,1.000000,0.946241
ENSDARG00000039878_12_5,-2.5000,-2.7563,0.500000,0.554972,0.639419,-21.6000,-23.0304,0.625000,0.623308,0.457811,0.975976,0.124335,0.978176,0.008859,0.999820,0.007109,0.992436,0.007746,0.992750,0.021213,0.302977,0.023280,0.147022,0.454641,0.141829,0.471950,0.034601,0.413736,0.865629,0.922870,0.918008,0.822853,0.999383,0.891159,0.999961,0.743805,0.999819,0.727629,0.917928,0.679246,0.038336,0.407053,0.033909,0.403745,0.147818,0.472616,0.307207,0.844078,0.994801,0.708288
ENSDARG00000039878_12_7,-0.2000,-0.8095,0.500000,0.699403,0.751074,-17.4000,-19.3371,0.500000,0.568409,0.695219,0.977839,0.947310,0.975787,0.930959,0.969153,0.849451,0.954897,0.870886,0.959354,0.879209,0.947234,0.814256,0.966903,0.886059,0.433455,0.640700,0.363268,0.515266,0.294630,0.467393,0.608050,0.711634,0.975680,0.843992,0.998850,0.859567,0.999480,0.879389,0.913045,0.836530,0.939505,0.865176,0.548967,0.494334,0.401559,0.253442,0.406332,0.247598,0.387485,0.111235
ENSDARG00000039878_12_8,-3.6000,-4.0903,0.625000,0.641493,0.652734,-21.9000,-23.1377,0.250000,0.293580,0.399886,0.730037,0.165575,0.723903,0.123945,0.050780,0.095826,0.125721,0.184500,0.277159,0.813435,0.998986,0.898168,0.998704,0.921669,0.774553,0.909311,0.970793,0.893046,0.709850,0.142355,0.758771,0.185935,0.803467,0.315314,0.710286,0.167429,0.728336,0.751197,0.878375,0.179690,0.997381,0.214168,0.287742,0.035269,0.277781,0.018351,0.279356,0.018222,0.972688,0.964314
ENSDARG00000039878_12_9,-2.5000,-2.8248,0.625000,0.620928,0.635853,-17.9000,-20.1348,0.625000,0.552983,0.592966,0.049460,0.297073,0.046226,0.276417,0.052210,0.221689,0.948678,0.624706,0.965457,0.732741,0.333314,0.255343,0.964886,0.649497,0.999806,0.896015,0.999962,0.920236,0.998600,0.909360,0.985020,0.983487,0.406008,0.668895,0.987417,0.908043,0.996451,0.925535,0.062874,0.432602,0.062463,0.463489,0.012650,0.106563,0.947681,0.641860,0.947566,0.475682,0.950324,0.470090
ENSDARG00000039878_12_10,-6.6000,-7.2157,0.500000,0.533940,0.562808,-24.8000,-26.6618,0.125000,0.193026,0.426099,0.006179,0.007297,0.000074,0.000090,0.000048,0.000057,0.003628,0.005067,0.999805,0.999801,0.618415,0.626550,1.000000,0.999997,0.999995,0.999996,0.999744,0.999791,0.992386,0.992275,0.938620,0.930459,0.425753,0.416393,0.010941,0.007141,0.004904,0.001632,0.018272,0.017220,0.256019,0.252810,0.990185,0.948873,0.994680,0.143285,0.996604,0.141640,0.999915,0.031606
ENSDARG00000040948_0_1,-6.4000,-6.5121,0.625000,0.608127,0.491753,-23.8000,-24.6427,0.375000,0.421594,0.419404,0.015389,0.010198,0.009722,0.003155,0.146855,0.034091,0.009848,0.002890,0.016954,0.010804,0.862864,0.969015,0.883158,0.972993,0.991063,0.997421,0.990934,0.997398,0.989189,0.995357,0.044631,0.019205,0.009434,0.002804,0.009685,0.003135,0.012449,0.003453,0.124578,0.032835,0.850398,0.213208,0.882640,0.193334,0.991088,0.989556,0.994446,0.990086,0.999734,0.947143
ENSDARG00000040948_0_2,-7.9000,-8.2982,0.250000,0.252945,0.402315,-24.5000,-26.1582,0.125000,0.181251,0.389663,0.024615,0.077505,0.000467,0.050807,0.001289,0.091943,0.134181,0.197563,0.923275,0.946281,0.335574,0.391507,0.010484,0.020425,0.593367,0.568761,0.999929,0.999738,0.999902,0.999662,0.999659,0.999115,0.999991,0.999944,0.006288,0.059500,0.010863,0.064148,0.999081,0.998639,0.057788,0.054558,0.000279,0.000830,0.000758,0.000939,0.003710,0.093740,0.944794,0.177651
ENSDARG00000040948_0_3,-2.8000,-3.1397,0.250000,0.303439,0.442677,-19.8000,-21.5882,0.250000,0.294643,0.431911,0.926602,0.829985,0.861564,0.856778,0.046205,0.016948,0.106760,0.100930,0.177750,0.162869,0.947841,0.943339,0.242774,0.239197,0.077036,0.078279,0.066690,0.068602,0.982803,0.990097,0.990006,0.994210,0.999996,0.999848,0.999993,0.999781,0.085347,0.079614,0.029492,0.024242,0.166757,0.165977,0.982092,0.983980,0.100939,0.091937,0.019984,0.002622,0.042908,0.008987
ENSDARG00000040948_0_4,-1.1000,-1.3190,1.000000,0.959056,0.739251,-18.0000,-19.7945,0.375000,0.574454,0.569620,0.232825,0.743652,0.896123,0.885182,0.182836,0.643949,0.199726,0.743802,0.994334,0.789917,0.992496,0.854955,0.997212,0.991112,0.968014,0.462442,0.233324,0.207337,0.253750,0.117468,0.981121,0.300028,0.180818,0.056922,0.920310,0.808653,0.917546,0.343974,0.913081,0.458191,0.963320,0.451283,0.969233,0.497472,0.993628,0.574642,0.998436,0.855140,0.996894,0.606277
ENSDARG00000040948_0_5,-5.5000,-5.7209,0.375000,0.409943,0.527859,-21.2000,-22.9742,0.250000,0.369405,0.516151,0.999280,0.986611,0.996198,0.979493,0.295091,0.466396,0.979245,0.942155,0.004078,0.010023,0.001751,0.004183,0.000304,0.000681,0.001772,0.025768,1.000000,0.987008,0.999976,0.986066,0.999975,0.994625,0.999972,0.984776,0.991503,0.974554,0.005195,0.041536,0.004588,0.041711,0.006263,0.044994,0.013774,0.037901,0.987507,0.949438,0.270715,0.224758,0.999997,0.640351
ENSDARG00000040948_0_6,-1.8000,-2.2294,0.375000,0.401735,0.516761,-17.9000,-19.8230,0.875000,0.577424,0.555067,0.959836,0.965836,0.849907,0.905308,0.892363,0.913366,0.798658,0.836648,0.228394,0.155579,0.066249,0.072315,0.059138,0.071277,0.110204,0.105257,0.216205,0.166825,0.995563,0.593363,0.993053,0.931581,0.951768,0.764588,0.915984,0.674007,0.147317,0.427172,0.144174,0.452683,0.139448,0.495515,0.056997,0.465977,0.266985,0.580455,0.657117,0.687797,0.885858,0.835787
ENSDARG00000040948_0_7,0.0000,-0.8407,1.000000,0.784169,0.796222,-16.6000,-18.7434,0.375000,0.589218,0.682647,0.562350,0.610018,0.562702,0.551154,0.988942,0.793588,0.999843,0.793277,0.739482,0.798132,0.998670,0.970294,0.794649,0.680829,0.755606,0.671515,0.864159,0.854190,0.896668,0.889462,0.522322,0.598529,0.965688,0.728209,0.997055,0.719856,0.582092,0.462432,0.582556,0.714764,0.824402,0.567087,0.724991,0.229234,0.749971,0.506320,0.813528,0.568693,0.998755,0.945355
ENSDARG00000040948_0_8,-0.3000,-1.2653,0.500000,0.520054,0.593173,-20.0000,-21.5109,0.875000,0.607558,0.420209,0.998259,0.943468,0.976214,0.917926,0.977464,0.908305,0.625589,0.076404,0.619859,0.100627,0.439185,0.009246,0.212697,0.006867,0.340362,0.008663,0.545037,0.043744,0.541218,0.142270,0.647963,0.154052,0.779180,0.232149,0.630045,0.267711,0.618727,0.532464,0.252256,0.458369,0.142193,0.403964,0.549614,0.909248,0.556777,0.909090,0.584731,0.907652,0.826093,0.471965
ENSDARG00000040948_0_9,-0.1000,-0.9307,1.000000,0.870187,0.732211,-18.3000,-19.7358,0.625000,0.628236,0.621331,0.853878,0.960341,0.654032,0.572145,0.304948,0.346287,0.409847,0.346907,0.320227,0.385427,0.798782,0.956370,0.999974,0.974038,0.992121,0.972473,0.726690,0.634753,0.680511,0.601549,0.480656,0.333637,0.461063,0.316798,0.831710,0.791288,0.864607,0.984179,0.856477,0.985456,0.992111,0.993344,0.801072,0.131806,0.904347,0.085156,0.756581,0.072016,0.954590,0.982641
ENSDARG00000040948_0_10,0.0000,-0.1307,1.000000,0.980686,0.972744,-17.1000,-18.5855,0.500000,0.603922,0.809906,0.872018,0.862697,0.963578,0.949009,0.971321,0.957113,0.995070,0.977986,0.997933,0.977112,0.997611,0.987584,0.998431,0.986728,0.876199,0.874418,0.997488,0.964239,0.991767,0.947584,0.972277,0.933488,0.975703,0.948786,0.975717,0.949959,0.977912,0.958695,0.974905,0.969782,0.998690,0.992650,0.994865,0.426969,0.971276,0.290221,0.970305,0.119845,0.981814,0.123258
ENSDARG00000041572_0_1,-3.0000,-3.1930,0.250000,0.296080,0.436804,-21.8000,-22.7656,0.375000,0.310802,0.670986,0.997085,0.948518,0.255940,0.977253,0.109784,0.973057,0.029520,0.940370,0.017405,0.933755,0.964026,0.968365,0.012820,0.676086,0.006573,0.586453,0.975392,0.976381,0.999077,0.976595,0.999858,0.980671,0.999951,0.995800,0.998571,0.985067,0.044529,0.683518,0.022645,0.687855,0.964030,0.072279,0.012962,0.028491,0.019894,0.015043,0.076596,0.009017,0.229416,0.005146
ENSDARG00000041572_0_2,-1.6000,-1.9525,0.500000,0.517577,0.613323,-18.4000,-19.9683,0.500000,0.507040,0.601350,0.995787,0.970717,0.998179,0.951138,0.805313,0.912129,0.128612,0.135197,0.325347,0.185717,0.060312,0.061228,0.085207,0.085408,0.966116,0.950851,0.796283,0.846798,0.990091,0.951504,0.975300,0.924032,0.999306,0.995962,0.999156,0.993547,0.758586,0.823814,0.945665,0.927302,0.699758,0.823410,0.136223,0.101794,0.134112,0.120690,0.125217,0.093330,0.341897,0.172431
ENSDARG00000041572_0_3,-3.0000,-3.2525,0.625000,0.656249,0.430854,-23.4000,-24.4866,0.125000,0.166954,0.234279,0.226408,0.235036,0.009605,0.009638,0.015239,0.008559,0.010301,0.008468,0.014021,0.010724,0.032976,0.029457,0.999797,0.999833,0.998969,0.998964,0.999688,0.999874,0.033242,0.029962,0.014329,0.010733,0.012503,0.008700,0.015474,0.008792,0.023542,0.010386,0.317532,0.291314,0.913016,0.693202,0.980930,0.037597,0.999592,0.102460,0.999940,0.095375,0.999968,0.096508
ENSDARG00000041572_0_4,-0.8000,-1.4745,0.500000,0.495928,0.592466,-19.3000,-20.7433,0.375000,0.441791,0.557185,0.749358,0.944626,0.747709,0.933645,0.774382,0.960191,0.817600,0.723507,0.358954,0.569260,0.213838,0.547110,0.143654,0.545944,0.139802,0.632476,0.986889,0.974861,0.970728,0.337347,0.987078,0.232298,0.991897,0.208110,0.146806,0.087316,0.154815,0.512546,0.216520,0.539737,0.374395,0.158137,0.574012,0.420541,0.556377,0.424277,0.979728,0.542814,0.964775,0.848958
ENSDARG00000041572_0_5,-2.9000,-3.1750,1.000000,0.987331,0.637729,-19.9000,-21.4901,0.750000,0.701243,0.472378,0.343473,0.793186,0.052572,0.203054,0.015763,0.153885,0.012694,0.109430,0.997486,0.982411,0.983867,0.589672,0.989611,0.393937,0.995491,0.363371,0.032521,0.039257,0.029495,0.009237,0.063499,0.026625,0.339458,0.173556,0.997033,0.859077,0.975425,0.868735,0.973017,0.795463,0.976640,0.793366,0.982485,0.780389,0.997925,0.883871,0.996807,0.352902,0.999316,0.276142
ENSDARG00000041572_0_6,-4.6000,-4.8642,0.375000,0.415911,0.532732,-21.4000,-23.3958,0.375000,0.513456,0.473164,0.997147,0.728461,0.991689,0.632896,0.992537,0.727429,0.995302,0.737123,0.051274,0.008051,0.019982,0.025995,0.016226,0.157135,0.010155,0.007678,0.268209,0.169024,0.987806,0.631308,0.998721,0.763625,0.998299,0.766905,0.997736,0.893928,0.998350,0.995163,0.952286,0.968747,0.302547,0.434155,0.002480,0.235742,0.001731,0.139215,0.020729,0.320084,0.051434,0.120613
ENSDARG00000041572_0_7,-2.3000,-2.7371,0.500000,0.460595,0.568038,-18.9000,-21.2318,0.500000,0.459146,0.475560,0.996442,0.815993,0.996516,0.565399,0.997806,0.453208,0.998227,0.455548,0.985809,0.994780,0.051734,0.039952,0.030571,0.007270,0.048354,0.016861,0.032894,0.018273,0.552057,0.534564,0.988127,0.963887,0.997472,0.972307,0.995260,0.969318,0.998342,0.998917,0.542783,0.551315,0.984730,0.997157,0.021150,0.037488,0.022372,0.036327,0.050100,0.041205,0.070022,0.041440
ENSDARG00000041572_0_8,-3.3000,-3.8338,0.625000,0.611546,0.592197,-24.5000,-25.7346,0.125000,0.146730,0.414162,0.471700,0.517329,0.426476,0.458521,0.099803,0.051226,0.035147,0.014311,0.488725,0.544571,0.483362,0.549327,0.941220,0.980120,0.985205,0.996538,0.997638,0.996438,0.994296,0.996332,0.999734,0.999976,0.028270,0.004722,0.028825,0.005582,0.020167,0.004896,0.094648,0.088218,0.999607,0.996150,0.989090,0.061425,0.995175,0.003013,0.876982,0.004086,0.887875,0.010467
ENSDARG00000041572_0_9,-6.4000,-6.8535,0.125000,0.131028,0.304813,-22.0000,-23.8905,0.125000,0.113818,0.299468,0.005819,0.013634,0.002520,0.010309,0.496540,0.500468,0.508273,0.510777,0.017884,0.023958,0.000427,0.002018,0.002420,0.004086,0.014252,0.015789,0.999994,0.999732,0.999997,0.999830,0.999959,0.999217,0.999943,0.998986,0.014265,0.014743,0.002438,0.002948,0.000472,0.001041,0.017897,0.018934,0.004798,0.005403,0.004500,0.005013,0.003854,0.010142,1.000000,0.852322
ENSDARG00000041572_0_10,-1.2000,-1.9672,0.500000,0.537435,0.618848,-19.6000,-21.3141,0.500000,0.517598,0.491288,0.703333,0.951155,0.956044,0.949225,0.393704,0.570127,0.401701,0.648802,0.968102,0.620359,0.363701,0.165548,0.397055,0.482265,0.710948,0.473062,0.671255,0.174950,0.717495,0.198641,0.797696,0.237138,0.996444,0.213698,0.930087,0.126138,0.331962,0.060556,0.354555,0.222596,0.955334,0.982122,0.161508,0.832382,0.231074,0.848131,0.786105,0.889482,0.548855,0.179382
ENSDARG00000042826_0_1,-3.4000,-4.4390,0.750000,0.735827,0.572589,-25.6000,-27.0870,0.250000,0.203200,0.334556,0.406076,0.614483,0.007018,0.007149,0.009683,0.010085,0.333369,0.404933,0.998497,0.999848,0.981091,0.999275,0.689518,0.622909,0.685425,0.617067,0.323502,0.023410,0.500385,0.378853,0.215421,0.378834,0.415175,0.008681,0.367413,0.003361,0.570021,0.002606,0.956982,0.007479,0.998698,0.009002,0.990052,0.014727,0.773838,0.045318,0.611960,0.554102,0.617653,0.989003
ENSDARG00000042826_0_2,-2.0000,-2.7176,0.500000,0.614361,0.681066,-20.1000,-21.5871,0.500000,0.438555,0.530989,0.884996,0.980064,0.880285,0.980201,0.976364,0.998024,0.992963,0.996975,0.645063,0.658425,0.123680,0.457265,0.375798,0.411084,0.262626,0.063014,0.669174,0.119100,0.998205,0.185475,0.999568,0.692255,0.897721,0.569462,0.542122,0.123606,0.390433,0.070161,0.013467,0.006237,0.014704,0.088550,0.999625,0.922886,0.999786,0.890998,0.954767,0.878754,0.999982,0.527246
ENSDARG00000042826_0_3,-3.3000,-4.1694,0.875000,0.687111,0.593763,-20.5000,-22.3901,0.625000,0.605678,0.543491,0.601718,0.652633,0.600741,0.580817,0.244655,0.308001,0.319663,0.525647,0.384519,0.424837,0.867123,0.805277,0.974012,0.815328,0.864612,0.797690,0.518584,0.460190,0.249170,0.097665,0.250290,0.281232,0.503277,0.275081,0.168301,0.049863,0.817190,0.470165,0.765236,0.463311,0.993820,0.897366,0.861721,0.849118,0.449456,0.550847,0.441200,0.590966,0.999965,0.973786
ENSDARG00000042826_0_4,-4.3000,-4.4734,1.000000,0.998776,0.624186,-24.6000,-25.9816,0.375000,0.401401,0.385040,0.938650,0.939314,0.065896,0.065132,0.002561,0.001255,0.003348,0.002055,0.238423,0.237685,0.999699,0.999421,0.998784,0.999452,0.998220,0.999154,0.178977,0.179247,0.002512,0.002738,0.060628,0.059793,0.005817,0.004353,0.999487,0.997910,0.999325,0.957679,0.999815,0.967280,0.998614,0.250384,0.998335,0.027595,0.997330,0.002037,0.997434,0.002086,0.999870,0.006241
ENSDARG00000042826_0_5,-0.3000,-0.9965,0.250000,0.557689,0.635938,-16.6000,-18.6498,0.750000,0.635036,0.635272,0.292200,0.643616,0.292355,0.606584,0.987349,0.946637,0.970580,0.769250,0.616292,0.535345,0.409946,0.341158,0.392160,0.304149,0.456140,0.326353,0.951962,0.560864,0.992243,0.872768,0.983856,0.869699,0.912169,0.848730,0.442366,0.732006,0.433644,0.727825,0.525917,0.772710,0.578010,0.776185,0.287401,0.550245,0.248375,0.244264,0.961923,0.671926,0.983874,0.605129
ENSDARG00000042826_0_6,-0.9000,-1.5440,1.000000,0.735494,0.689807,-18.1000,-20.2261,0.500000,0.583748,0.560653,0.169776,0.639859,0.168477,0.639667,0.812128,0.850837,0.999572,0.982176,0.999419,0.564807,0.992097,0.482792,0.999228,0.461128,0.828150,0.336046,0.276943,0.287210,0.352982,0.632730,0.658347,0.338657,0.655073,0.327161,0.623070,0.457705,0.912220,0.895986,0.910873,0.908978,1.000000,0.970212,0.703583,0.440285,0.529965,0.364049,0.460435,0.113829,0.743802,0.518938
ENSDARG00000042826_0_7,0.0000,-0.1848,1.000000,0.948934,0.943798,-17.8000,-18.9126,0.750000,0.773199,0.609540,0.958909,0.987927,0.990001,0.997995,0.873549,0.988421,0.861592,0.237170,0.911421,0.094061,0.998014,0.083312,0.820209,0.068867,0.980000,0.996301,0.999205,0.993409,0.995377,0.276564,0.996454,0.171917,0.899762,0.109258,0.979745,0.114893,0.888971,0.195608,0.886320,0.959793,0.867212,0.951209,0.978774,0.994628,0.999293,0.996679,0.992222,0.997188,0.998936,0.975595
ENSDARG00000042826_0_8,-0.9000,-1.4722,0.750000,0.779268,0.800475,-17.4000,-19.0314,1.000000,0.856339,0.675618,0.800035,0.453105,0.613039,0.310557,0.673241,0.351248,0.462855,0.751520,0.464184,0.415336,1.000000,0.556471,0.993860,0.500004,1.000000,0.497394,1.000000,0.499479,0.886071,0.441895,0.882073,0.905520,1.000000,0.979132,1.000000,0.964192,0.211750,0.549953,0.213551,0.601708,1.000000,0.998294,0.923212,0.938977,1.000000,0.997753,0.885630,0.875341,1.000000,0.924493
ENSDARG00000042826_0_9,0.0000,-0.4854,1.000000,0.854760,0.870185,-15.8000,-18.5254,0.375000,0.609075,0.729416,0.829414,0.756276,0.880527,0.780347,0.870605,0.770026,0.956149,0.977593,0.995598,0.991616,0.770658,0.749991,0.976751,0.978683,0.741617,0.773160,0.669462,0.693320,0.934598,0.706499,0.993919,0.738478,0.946322,0.799740,0.878021,0.611901,0.539660,0.232616,0.574604,0.269736,0.962968,0.670883,0.997880,0.733602,0.904035,0.767387,0.984615,0.955547,0.996298,0.630926
ENSDARG00000042861_0_2,-3.4000,-3.8002,0.625000,0.683575,0.583828,-20.7000,-23.1359,0.375000,0.562714,0.472968,0.628726,0.882328,0.595778,0.815920,0.891682,0.739738,0.670961,0.690964,0.018601,0.160112,0.338033,0.264040,0.337268,0.387344,0.358307,0.232554,0.673574,0.297793,0.669361,0.186767,0.998336,0.288073,0.027330,0.012019,0.005953,0.708732,0.338036,0.252830,0.343760,0.163664,0.988262,0.337117,0.977278,0.583815,0.926329,0.940903,0.920454,0.788895,0.968528,0.725757
ENSDARG00000042861_0_3,0.0000,-0.6819,1.000000,0.700821,0.756189,-16.4000,-19.0661,0.375000,0.448941,0.508007,0.963263,0.708286,0.981763,0.396018,0.983570,0.353644,0.989123,0.967760,0.725797,0.285825,0.569211,0.263197,0.749538,0.604168,0.605238,0.612646,0.428112,0.253678,0.537077,0.380139,0.994528,0.873645,0.989993,0.869598,0.970321,0.832287,0.966695,0.828123,0.934669,0.818890,0.484822,0.225781,0.430349,0.269536,0.458057,0.168264,0.627881,0.218247,0.733775,0.230401
ENSDARG00000042861_0_4,0.0000,-0.2895,1.000000,0.933334,0.940481,-17.9000,-19.0260,0.625000,0.672539,0.658533,0.925778,0.948829,0.967075,0.921489,1.000000,0.920904,0.838341,0.816673,0.882254,0.941236,0.886258,0.880490,0.951140,0.343557,0.971509,0.315127,0.957386,0.280200,1.000000,0.994024,0.963197,0.227251,1.000000,0.200575,1.000000,0.199093,1.000000,0.200332,0.799343,0.169292,1.000000,0.999609,0.949943,0.985083,1.000000,0.999652,0.809736,0.877296,0.907651,0.949954
ENSDARG00000042861_0_5,-1.0000,-1.8534,0.375000,0.541793,0.642145,-19.4000,-21.4865,0.750000,0.638582,0.599855,0.942484,0.913778,0.947520,0.910849,0.353574,0.963695,0.289230,0.903909,0.285097,0.904140,0.948361,0.824321,0.649968,0.979749,0.827654,0.298876,0.660620,0.076315,0.999256,0.058765,0.835620,0.031069,0.769174,0.022986,0.305528,0.015710,0.986867,0.601033,0.636288,0.992126,1.000000,0.999694,0.114694,0.961746,0.109753,0.958503,0.187773,0.561385,0.993441,0.018457
ENSDARG00000042861_0_6,-2.0000,-2.5510,0.500000,0.579247,0.615944,-19.6000,-20.9284,0.625000,0.584601,0.546316,0.865629,0.377040,0.032863,0.102105,0.040767,0.143220,0.243891,0.301908,0.377015,0.764204,0.618987,0.857323,0.999975,0.978289,0.900716,0.515869,0.861542,0.399367,0.893089,0.509006,0.878400,0.434321,0.972022,0.866859,0.979731,0.947934,0.996502,0.981384,0.192515,0.729001,0.157631,0.716388,0.152112,0.095068,0.158154,0.077816,0.999951,0.999332,0.997380,0.129883
ENSDARG00000042861_0_7,-2.3000,-2.5824,0.625000,0.639215,0.663789,-21.0000,-22.2884,0.875000,0.829925,0.633800,0.725205,0.987617,0.740730,0.994014,0.986931,0.997686,0.999617,0.998192,0.777317,0.921171,0.778268,0.993523,0.061476,0.079563,0.269345,0.006547,0.297162,0.004688,0.986954,0.015813,0.774024,0.012605,0.765020,0.025172,0.076524,0.114702,0.266795,0.798210,0.058197,0.923510,0.764642,0.883488,0.999981,0.954559,0.999969,0.972086,0.947776,0.996728,0.999840,0.996117
ENSDARG00000042861_0_8,-1.3000,-1.8121,0.375000,0.460124,0.558374,-21.2000,-22.7147,0.500000,0.559227,0.421928,0.951900,0.589871,0.827698,0.581340,0.868255,0.912993,0.947053,0.476476,0.425799,0.135633,0.182609,0.073782,0.113809,0.066090,0.097874,0.555405,0.170188,0.540091,0.974372,0.024906,0.961416,0.005107,0.965512,0.003048,0.969755,0.008247,0.175430,0.475802,0.103105,0.955011,0.116483,0.653760,0.181781,0.657735,0.337812,0.772051,0.837654,0.485144,0.958973,0.466064
ENSDARG00000042861_0_9,-2.5000,-2.6249,0.625000,0.627560,0.689956,-19.3000,-20.9158,0.375000,0.420479,0.591444,0.044490,0.393776,0.038276,0.354202,0.038305,0.384277,0.978711,0.980587,0.995908,0.724400,0.997936,0.727538,0.860479,0.633377,0.970500,0.732729,0.969436,0.914185,0.999036,0.963571,0.994855,0.862077,0.890703,0.794325,0.958354,0.895305,0.026895,0.166531,0.031532,0.175290,0.055653,0.304625,0.982416,0.199166,0.983394,0.183655,0.982548,0.689165,0.999685,0.750095
ENSDARG00000042861_0_10,-2.2000,-2.4703,1.000000,0.911336,0.715020,-17.9000,-20.3354,1.000000,0.669597,0.587179,0.245643,0.342844,0.255189,0.158784,0.349968,0.194385,0.865667,0.585011,0.863443,0.585402,0.871503,0.936408,0.986396,0.931192,0.997725,0.975315,0.984844,0.826460,0.262144,0.326026,0.162450,0.259252,0.164737,0.265728,1.000000,0.971336,0.995285,0.757267,0.865234,0.693672,0.766609,0.316549,0.769291,0.508696,0.918606,0.634112,0.990955,0.974311,0.984711,0.500837
ENSDARG00000043130_33_1,-2.1000,-2.2381,1.000000,0.951658,0.793332,-17.7000,-19.3710,1.000000,0.899397,0.768621,0.192826,0.191455,0.162405,0.152233,0.966035,0.952423,0.983881,0.971614,0.908870,0.912460,0.916186,0.919156,0.993453,0.991586,0.945282,0.945844,0.068939,0.068917,0.124597,0.122920,1.000000,0.998023,0.990909,0.950620,0.937759,0.939139,0.939940,0.892444,1.000000,0.948621,0.870334,0.802301,0.870263,0.827395,0.998364,0.968415,0.997141,0.994196,0.999462,0.822666
ENSDARG00000043130_33_2,-0.9000,-1.7871,0.375000,0.667401,0.642715,-17.7000,-19.8730,0.625000,0.618667,0.568891,0.528838,0.344178,0.530387,0.303148,0.610062,0.309812,0.986653,0.995280,0.704682,0.781629,0.556142,0.819690,0.950515,0.912315,0.257793,0.465336,0.334574,0.461785,0.273236,0.460970,0.838368,0.278916,0.943842,0.295432,0.905261,0.251949,0.436314,0.697373,0.529256,0.749480,0.381331,0.705439,0.483906,0.808835,0.734510,0.938577,0.906635,0.405332,0.961997,0.392353
ENSDARG00000043130_33_4,0.0000,-0.6370,1.000000,0.826910,0.854745,-18.2000,-19.9977,0.500000,0.570693,0.492238,0.977610,0.990857,0.968947,0.385335,0.988511,0.247819,0.999848,0.233582,1.000000,0.228396,0.804768,0.207122,0.765210,0.204149,0.817185,0.238966,1.000000,0.993252,0.999892,0.988139,0.611676,0.285163,0.545967,0.276436,0.950264,0.982655,0.999181,0.992133,0.997310,0.990032,0.663399,0.250854,0.613837,0.230874,0.856983,0.903152,0.768613,0.122093,0.765689,0.093753
ENSDARG00000043130_33_5,-3.2000,-3.6082,0.500000,0.542092,0.534040,-20.4000,-21.6625,0.875000,0.812606,0.531889,0.017520,0.857127,0.016297,0.853857,0.024043,0.255245,0.997062,0.344396,0.997350,0.991511,0.131228,0.039593,0.235946,0.040373,0.941227,0.136415,0.997161,0.147355,0.999996,0.163790,0.778286,0.173052,0.207954,0.134222,0.338326,0.213677,0.963766,0.935193,0.999886,0.945311,0.023572,0.816281,0.004538,0.814589,0.007573,0.814472,0.999918,0.999458,0.999160,0.961863
ENSDARG00000043130_33_6,-7.1000,-7.9707,0.125000,0.268884,0.413409,-22.7000,-25.1156,0.125000,0.285519,0.419221,0.002016,0.098564,0.000190,0.018406,0.000219,0.011583,0.003742,0.026207,0.490789,0.572475,0.762854,0.784131,0.695834,0.658664,0.491830,0.486861,0.686888,0.648827,0.999515,0.909151,0.996599,0.897496,0.986630,0.987913,0.548469,0.548793,0.409984,0.433559,0.186239,0.250743,0.003558,0.168118,0.000519,0.089629,0.000385,0.000944,0.001932,0.003099,0.999986,0.789266
ENSDARG00000043130_33_7,0.0000,-0.7141,1.000000,0.797202,0.802968,-16.3000,-18.6615,0.625000,0.659150,0.650790,0.856870,0.760388,0.701461,0.686405,0.772961,0.757735,0.979978,0.756540,0.858708,0.823469,0.851059,0.424961,0.766826,0.364539,0.718341,0.383407,0.999745,0.934402,0.955374,0.585777,0.632656,0.547398,0.587753,0.717579,0.542034,0.308549,0.999935,0.591963,0.947224,0.549248,0.928402,0.910176,0.631678,0.746452,0.679089,0.805730,0.675634,0.625387,0.973621,0.735695
ENSDARG00000043130_33_8,-4.1000,-4.8121,0.625000,0.618105,0.512771,-22.2000,-23.8309,0.250000,0.378156,0.398389,0.216243,0.263631,0.026815,0.034707,0.042221,0.052052,0.012461,0.012742,0.185409,0.035199,0.985642,0.990562,0.823144,0.980899,0.835904,0.989216,0.999874,0.998701,0.285907,0.044380,0.274407,0.039236,0.622550,0.501198,0.803578,0.731404,0.399183,0.530493,0.244072,0.260625,0.252445,0.270246,0.741435,0.986214,0.735457,0.082616,0.768702,0.038016,0.999972,0.125633
ENSDARG00000043130_33_9,-0.4000,-1.5237,0.500000,0.625858,0.635968,-21.5000,-22.8857,0.375000,0.512252,0.294113,0.870343,0.117927,0.771190,0.007593,0.786311,0.006256,0.773214,0.006485,0.784446,0.009418,0.593498,0.428518,0.693214,0.173795,0.489001,0.173120,0.459816,0.225990,0.504212,0.411436,0.448751,0.056257,0.538490,0.167449,0.888920,0.608234,0.740673,0.654404,0.773619,0.994586,0.450349,0.543791,0.368559,0.399096,0.447912,0.401901,0.493684,0.399833,0.843148,0.096176
ENSDARG00000043130_33_10,-2.5000,-3.0406,0.875000,0.801176,0.647484,-20.3000,-21.7345,0.375000,0.545233,0.461859,0.996542,0.784915,0.881796,0.723986,0.456330,0.639667,0.048362,0.289540,0.012976,0.011385,0.081787,0.025042,0.999689,0.725554,0.998351,0.739082,0.999949,0.313267,0.967545,0.320523,0.083884,0.268578,0.013069,0.033785,0.012435,0.035953,0.492612,0.366809,0.912247,0.531258,0.998977,0.978774,0.997568,0.962325,0.997313,0.798165,0.999186,0.555981,0.999068,0.132599
ENSDARG00000043246_3_1,0.0000,-0.5242,1.000000,0.828214,0.841987,-18.5000,-20.1998,0.625000,0.631526,0.585259,0.943180,0.925013,0.927916,0.848163,0.955803,0.839671,0.884396,0.784228,0.876306,0.768094,0.720417,0.831510,0.530107,0.065579,0.526993,0.040625,0.903262,0.193262,0.992628,0.867934,0.998373,0.285437,0.954650,0.203452,0.861855,0.199406,0.889053,0.318449,0.872387,0.197522,0.900970,0.995127,0.711463,0.833735,0.695035,0.827138,0.702727,0.819410,0.992223,0.861420
ENSDARG00000043246_3_2,-6.0000,-6.5307,0.375000,0.478750,0.524174,-24.9000,-26.1707,0.250000,0.302371,0.427991,0.586972,0.195624,0.497562,0.092011,0.601157,0.094980,0.568691,0.088648,0.758369,0.938307,0.295383,0.896873,0.294052,0.895405,0.537943,0.910329,0.526643,0.908945,0.575203,0.912333,0.706426,0.105207,0.705084,0.102199,0.694625,0.041975,0.738877,0.149224,0.331457,0.939272,0.293406,0.939212,0.296681,0.225671,0.295534,0.035914,0.331187,0.019377,0.848233,0.068321
ENSDARG00000043246_3_3,-7.0000,-7.1669,0.250000,0.281479,0.425170,-22.7000,-24.3333,0.250000,0.250962,0.414165,0.926096,0.927548,0.087737,0.106440,0.002195,0.009623,0.079547,0.082275,0.000205,0.002680,0.010919,0.014431,0.149549,0.153109,0.995634,0.993024,0.999818,0.997235,0.999943,0.997138,0.999947,0.996030,0.999974,0.996064,0.070192,0.072421,0.006906,0.010321,0.079084,0.083253,0.000066,0.002933,0.000503,0.001169,0.095083,0.093664,1.000000,0.968191,1.000000,0.775744
ENSDARG00000043246_3_4,-4.1000,-4.4046,0.375000,0.406803,0.449255,-19.7000,-21.7016,0.375000,0.332847,0.443754,0.322593,0.440765,0.241720,0.349370,0.262706,0.366973,0.999952,0.934612,0.075673,0.188641,0.008367,0.091943,0.011086,0.090541,0.756625,0.732223,0.813897,0.815176,0.999888,0.999808,0.995904,0.936923,0.242273,0.265327,0.214525,0.227540,0.068070,0.151927,0.762367,0.586502,0.037096,0.037521,0.035292,0.027655,0.137072,0.106899,0.999998,0.787576,0.999999,0.737152
ENSDARG00000043246_3_5,-2.7000,-2.8098,0.750000,0.746708,0.615306,-19.8000,-20.8139,0.375000,0.458349,0.502233,0.042915,0.044066,0.039755,0.035866,0.043543,0.039544,0.146085,0.142609,0.990046,0.989820,0.977866,0.987531,0.970603,0.989245,0.971557,0.989564,0.963504,0.980592,0.989848,0.989339,0.148693,0.145504,0.048035,0.044194,0.040420,0.036555,0.043450,0.025246,0.997053,0.967526,0.998384,0.916915,0.971927,0.293461,0.970627,0.225022,0.970509,0.270759,0.981292,0.931306
ENSDARG00000043246_3_6,-2.1000,-2.5530,0.375000,0.372134,0.496364,-17.9000,-19.9721,0.750000,0.472663,0.536852,0.962042,0.955282,0.688820,0.768549,0.998636,0.967014,0.152345,0.366131,0.047389,0.291053,0.041497,0.198992,0.045070,0.192536,0.075672,0.210974,0.991149,0.942776,0.982756,0.677790,0.983905,0.683877,0.980927,0.700771,0.085697,0.161159,0.056284,0.143283,0.049779,0.343395,0.041026,0.339660,0.148384,0.417707,0.626724,0.669730,0.982973,0.928935,0.986206,0.777433
ENSDARG00000043246_3_7,0.0000,-0.0102,1.000000,0.998672,0.998220,-15.7000,-17.3160,1.000000,0.926702,0.938733,0.999272,0.976545,0.999926,0.974554,0.989816,0.936123,0.999592,0.964371,0.999667,0.963984,0.997395,0.981603,0.999444,0.980082,0.998480,0.976235,0.996463,0.956235,0.998735,0.883148,0.998702,0.883285,0.997534,0.884885,0.999223,0.894456,0.999788,0.985227,0.992384,0.896196,0.999793,0.920553,0.999432,0.974887,0.999595,0.978147,0.999520,0.978325,0.999641,0.785825
ENSDARG00000043246_3_8,-0.2000,-0.6831,0.625000,0.759386,0.802043,-18.6000,-19.7323,0.625000,0.665304,0.573129,0.906345,0.904046,0.988352,0.944138,0.996193,0.834342,0.416955,0.773789,0.347116,0.036507,0.389051,0.049023,0.997956,0.193915,0.998743,0.197069,0.997494,0.899604,0.972312,0.832999,0.969948,0.231339,0.985303,0.243374,0.967690,0.289167,0.965145,0.277111,0.423808,0.261727,0.414707,0.894259,0.427378,0.928891,0.997970,0.997966,0.991456,0.907234,0.886937,0.766077
ENSDARG00000043246_3_9,-4.3000,-4.5325,0.750000,0.750920,0.520529,-20.9000,-22.8888,0.625000,0.519445,0.427980,0.005430,0.007371,0.004114,0.006049,0.999023,0.998849,0.003173,0.003642,0.002924,0.002945,0.190691,0.190369,0.999999,0.998633,0.999740,0.998571,0.999716,0.998471,0.190776,0.190708,0.002832,0.003056,0.004809,0.005386,0.853804,0.853250,0.007549,0.009084,0.148284,0.149604,0.999947,0.997372,0.999541,0.915299,0.999265,0.697167,0.999255,0.440953,0.999716,0.092827
ENSDARG00000043246_3_10,-1.5000,-1.8431,0.625000,0.694514,0.720797,-16.9000,-18.8925,0.625000,0.682210,0.666588,0.824708,0.671531,0.844457,0.648393,0.963128,0.724555,0.962626,0.744721,0.967133,0.837286,0.882536,0.776317,0.810107,0.821970,0.113204,0.153210,0.180231,0.213872,0.333129,0.343884,0.998616,0.979505,0.979948,0.958838,0.977254,0.966901,0.959556,0.934696,0.999989,0.986690,0.318008,0.326832,0.149792,0.153411,0.153889,0.158158,0.999447,0.995152,0.998181,0.935836
ENSDARG00000044098_0_1,-3.1000,-3.2138,0.500000,0.503186,0.601425,-20.0000,-21.6547,0.500000,0.356251,0.597054,0.917133,0.835036,0.930446,0.657503,0.901001,0.697916,0.970672,0.720998,0.924949,0.585311,0.090087,0.768234,0.117148,0.827491,0.090233,0.721189,0.111283,0.726348,0.970708,0.859615,0.988137,0.856255,0.991223,0.835179,0.990210,0.760180,0.953716,0.735956,0.127369,0.554387,0.040468,0.425509,0.071300,0.097581,0.017854,0.046273,0.911062,0.111001,0.913510,0.119120
ENSDARG00000044098_0_2,-2.1000,-3.1997,0.375000,0.433187,0.542897,-18.7000,-21.3224,0.750000,0.489443,0.520870,0.812030,0.682256,0.702268,0.656951,0.996673,0.714323,0.286636,0.660763,0.201082,0.194204,0.172169,0.123935,0.138534,0.131552,0.493232,0.733144,0.885075,0.526946,0.891738,0.530324,0.902616,0.682809,0.910398,0.864652,0.508190,0.682422,0.194476,0.528087,0.137055,0.586892,0.123525,0.406955,0.160615,0.102084,0.500561,0.382175,0.999793,0.999354,0.841281,0.227579
ENSDARG00000044098_0_3,-7.4000,-7.7405,0.500000,0.500466,0.541830,-23.1000,-24.9195,0.500000,0.464050,0.527277,0.003450,0.013556,0.000051,0.002794,0.000047,0.002198,0.000370,0.002669,0.418430,0.423865,0.999839,0.992056,0.996176,0.988692,0.999939,0.992306,0.999949,0.997990,1.000000,0.999889,0.996005,0.994883,0.418617,0.422236,0.000244,0.007784,0.000026,0.006086,0.000107,0.006801,0.003496,0.004308,0.999869,0.955314,0.999987,0.966676,1.000000,0.968013,0.999997,0.797415
ENSDARG00000044098_0_5,-0.1000,-0.8037,0.250000,0.592600,0.666217,-17.2000,-18.9858,0.250000,0.348141,0.512035,0.539428,0.305073,0.452491,0.290643,0.457114,0.304240,0.893856,0.967814,0.497919,0.383690,0.420509,0.285538,0.386771,0.255197,0.996354,0.968907,0.983325,0.925882,0.980733,0.949415,0.988062,0.931397,0.986984,0.887778,0.998123,0.913771,0.331439,0.120189,0.336476,0.102790,0.431889,0.207420,0.942068,0.806849,0.552257,0.159411,0.548430,0.196795,0.600114,0.277907
ENSDARG00000044098_0_6,-0.5000,-1.3295,0.625000,0.730118,0.748198,-21.2000,-22.7785,0.125000,0.287085,0.577149,0.305704,0.199959,0.307877,0.208504,0.931306,0.999858,0.446270,0.386586,0.971062,0.999872,0.999485,0.999496,0.993656,0.999336,0.958698,0.996689,0.853300,0.980236,0.737155,0.835747,0.866257,0.967197,0.752255,0.672820,0.565903,0.477829,0.456639,0.341998,0.373854,0.405430,0.848370,0.303594,0.833230,0.036363,0.878329,0.002331,0.884620,0.035958,1.000000,0.693172
ENSDARG00000044098_0_7,0.0000,-0.1743,1.000000,0.928770,0.934634,-17.7000,-19.3549,0.625000,0.644127,0.797743,0.943282,0.956638,0.919100,0.939236,0.950293,0.966452,0.962933,0.972891,0.884095,0.906072,0.860520,0.901812,0.921886,0.980652,0.912253,0.863354,0.973956,0.819806,0.969268,0.810214,0.967628,0.848672,0.997312,0.836036,0.992180,0.816567,0.992090,0.880250,0.876744,0.637866,0.890578,0.760896,0.922653,0.893752,0.904777,0.654996,0.906802,0.295349,0.944339,0.213340
ENSDARG00000044098_0_8,-2.7000,-2.7406,1.000000,0.994530,0.706909,-20.2000,-21.8037,0.625000,0.624682,0.484752,0.029534,0.894702,0.027140,0.879753,0.053879,0.204167,0.995718,0.173061,0.997071,0.156163,0.993841,0.151823,0.990880,0.143579,0.999336,0.999544,0.994295,0.157951,0.048974,0.040103,0.022114,0.058391,0.029161,0.838357,0.992315,0.935039,0.998155,0.933517,0.993427,0.933939,0.993612,0.929532,0.994251,0.149184,0.993155,0.147665,0.992033,0.060972,0.999288,0.907607
ENSDARG00000044098_0_9,-0.3000,-1.2696,0.625000,0.740058,0.725767,-19.6000,-21.4096,0.250000,0.297142,0.456577,0.332950,0.811947,0.300044,0.799958,0.910095,0.971360,0.582765,0.879296,0.750504,0.926271,0.902512,0.969074,0.998683,0.352289,0.875588,0.257126,0.765104,0.217139,0.582602,0.165078,0.599920,0.157673,0.994110,0.247185,0.651281,0.152093,0.345628,0.278444,0.449691,0.790559,0.900620,0.306843,0.857044,0.044785,0.852756,0.760661,0.866515,0.016772,0.996928,0.026980
ENSDARG00000044098_0_10,-2.5000,-3.1886,0.625000,0.602369,0.601686,-23.2000,-25.3917,0.625000,0.624345,0.270998,0.912802,0.141064,0.507404,0.032802,0.555615,0.031365,0.936850,0.020105,0.888568,0.039266,0.735740,0.018802,0.804026,0.027765,0.407413,0.020509,0.402895,0.051524,0.418623,0.019754,0.319740,0.009789,0.325099,0.012462,0.996586,0.996561,0.999598,0.998273,0.880650,0.996633,0.892069,0.996748,0.022863,0.010518,0.037084,0.014054,0.148601,0.471804,0.841503,0.510168
ENSDARG00000044671_0_1,-3.4000,-3.5271,0.500000,0.508102,0.599700,-23.5000,-25.1923,0.500000,0.500534,0.429588,0.939952,0.755792,0.972827,0.689094,0.966357,0.726425,0.993451,0.323862,0.941410,0.072786,0.856058,0.044593,0.086900,0.002122,0.027950,0.001002,0.067224,0.002701,0.086694,0.011207,1.000000,0.999608,0.990368,0.958301,0.989055,0.955213,0.959470,0.953837,0.978028,0.953969,0.959211,0.945699,0.025663,0.055836,0.096618,0.047668,0.023261,0.046472,0.033509,0.045579
ENSDARG00000044671_0_2,0.0000,-0.8020,1.000000,0.830211,0.845410,-18.4000,-19.9295,0.500000,0.522056,0.572912,0.957631,0.963587,0.958202,0.963594,0.961030,0.977193,0.959238,0.953044,0.781682,0.944978,0.565847,0.256245,0.929261,0.177370,0.685647,0.171258,0.631182,0.162471,0.979418,0.976588,0.869461,0.521667,0.987926,0.213796,0.997681,0.100094,0.997552,0.059618,0.489975,0.029109,0.387615,0.022793,0.955598,0.990623,0.823743,0.986098,0.992741,0.998123,0.996780,0.989991
ENSDARG00000044671_0_3,-4.5000,-4.5449,0.625000,0.628687,0.597098,-24.2000,-25.0854,0.250000,0.263242,0.450059,0.004204,0.015557,0.001388,0.012716,0.009509,0.017790,0.017163,0.020258,0.999809,0.989089,0.945378,0.937729,0.995413,0.987353,0.995793,0.984313,0.991575,0.979787,0.940812,0.940421,0.999167,0.993662,0.012250,0.016564,0.013850,0.022808,0.014704,0.010671,0.016491,0.012106,0.999991,0.999873,0.994432,0.137347,0.993685,0.018383,0.997061,0.029891,0.999285,0.874856
ENSDARG00000044671_0_4,-0.7000,-1.3076,0.750000,0.826162,0.712138,-17.7000,-19.0506,0.875000,0.840898,0.651032,0.986020,0.938182,0.876921,0.890347,0.453189,0.728539,0.325131,0.294006,0.253177,0.236057,0.303778,0.242781,0.953812,0.940352,0.960870,0.921975,0.985482,0.474319,0.971163,0.393856,0.351929,0.141442,0.211985,0.091597,0.150362,0.063870,0.555456,0.834888,0.957492,0.973597,0.990950,0.976985,0.964845,0.973420,0.997149,0.988974,0.994273,0.993382,0.998767,0.922071
ENSDARG00000044671_0_5,-3.0000,-3.5713,0.500000,0.575718,0.607486,-21.5000,-22.9634,0.375000,0.432038,0.550185,0.753670,0.476675,0.740254,0.284514,0.980885,0.756108,0.992827,0.834971,0.997273,0.932952,0.823454,0.929747,0.773218,0.912229,0.946084,0.767424,0.068872,0.649085,0.009491,0.073403,0.010029,0.110526,0.447910,0.819751,0.998982,0.997679,0.998120,0.992665,0.998965,0.997440,0.994648,0.316993,0.450591,0.139466,0.046609,0.003014,0.045882,0.001676,0.071949,0.007374
ENSDARG00000044671_0_6,-1.7000,-2.3010,0.375000,0.522512,0.599690,-18.7000,-20.4639,0.250000,0.347468,0.545926,0.283605,0.577464,0.185594,0.552700,0.243766,0.859435,0.791525,0.774991,0.852881,0.762153,0.297001,0.695365,0.382078,0.705628,0.950583,0.740710,0.967161,0.857997,0.970405,0.334883,0.988703,0.360767,0.900395,0.916683,0.142412,0.067087,0.435761,0.119971,0.142249,0.820478,0.186505,0.097458,0.331820,0.114098,0.953349,0.224946,0.992686,0.397099,0.995314,0.938608
ENSDARG00000044671_0_7,-4.8000,-4.9922,0.875000,0.840593,0.672441,-21.6000,-22.9374,0.625000,0.679539,0.601624,0.005565,0.022581,0.002014,0.007351,0.009775,0.008904,0.909160,0.940188,0.822607,0.841648,0.980803,0.981762,0.999946,0.965295,0.999993,0.966551,0.827470,0.842453,0.997243,0.907848,0.092846,0.062027,0.076658,0.049568,0.007906,0.004454,0.915570,0.941987,0.922575,0.938521,0.913506,0.799139,0.978391,0.403058,0.988129,0.534204,0.998938,0.991568,0.999724,0.823382
ENSDARG00000044671_0_8,-2.3000,-2.9163,0.625000,0.592675,0.593270,-20.4000,-22.7545,0.500000,0.491572,0.486308,0.493592,0.585136,0.461565,0.086380,0.612152,0.067091,0.612974,0.071699,0.053095,0.036223,0.184941,0.057458,0.514963,0.104696,0.999703,0.978140,0.999522,0.973744,0.996129,0.971452,0.638701,0.923800,0.556671,0.937755,0.513709,0.904000,0.744844,0.910971,0.771556,0.918020,0.285148,0.044094,0.410502,0.044691,0.271541,0.483048,0.803445,0.526392,0.940654,0.101361
ENSDARG00000044671_0_9,-2.7000,-3.2393,0.500000,0.671864,0.612155,-20.0000,-22.0434,0.750000,0.598256,0.469512,0.932495,0.467973,0.536657,0.550674,0.533329,0.154829,0.538982,0.736124,0.584847,0.277065,0.999513,0.516472,0.998857,0.927575,0.998837,0.510708,0.416813,0.205965,0.281115,0.230982,0.029444,0.017298,0.017293,0.008521,0.722372,0.536269,0.659286,0.732645,0.998228,0.995990,0.999342,0.928202,0.475012,0.784460,0.474802,0.498040,0.473853,0.262061,0.572020,0.048380
ENSDARG00000044671_0_10,0.0000,-0.4882,1.000000,0.905660,0.886915,-18.1000,-19.7930,0.750000,0.710323,0.613371,0.931225,0.976081,0.868111,0.930848,0.892642,0.926094,0.959259,0.326137,0.963912,0.285504,0.998661,0.299749,0.892492,0.248113,0.699188,0.192381,0.873467,0.960654,0.983562,0.951844,0.725132,0.245802,0.705372,0.241626,0.986971,0.982207,0.995542,0.988512,0.994493,0.986829,0.864102,0.950203,0.752979,0.275744,0.897302,0.120837,0.878531,0.699040,0.875356,0.679217
ENSDARG00000052232_0_1,0.0000,-0.5215,1.000000,0.788144,0.820202,-16.0000,-18.6535,0.500000,0.620916,0.623483,0.805900,0.765525,0.740044,0.739386,0.743097,0.804979,0.935345,0.902244,0.995184,0.987644,0.488170,0.185479,0.523516,0.193046,0.981532,0.388628,0.983541,0.392288,0.986804,0.453056,0.981084,0.823167,0.934664,0.866896,0.652192,0.490786,0.562766,0.440437,0.817740,0.767169,0.998550,0.961199,0.826258,0.912063,0.746016,0.727952,0.811293,0.424604,0.890334,0.243118
ENSDARG00000052232_0_2,0.0000,-0.0131,1.000000,0.997232,0.997825,-16.8000,-18.5002,0.500000,0.574852,0.794623,0.992352,0.998287,0.997798,0.998797,0.999714,0.995900,0.997769,0.994635,0.999838,0.998060,0.999725,0.997965,0.999514,0.964889,0.994989,0.961764,0.999340,0.996095,0.999751,0.995341,0.999340,0.990848,0.998513,0.401060,0.999820,0.262920,0.999788,0.183842,1.000000,0.171772,0.983546,0.150998,1.000000,0.962281,0.994704,0.908456,1.000000,0.990939,1.000000,0.967610
ENSDARG00000052232_0_3,0.0000,-0.6461,1.000000,0.800287,0.799732,-18.4000,-20.3500,0.375000,0.444304,0.524060,0.920225,0.981756,0.948181,0.978893,0.937635,0.898543,0.825570,0.883825,0.853899,0.894291,0.921642,0.116904,0.941785,0.089107,0.978460,0.121444,0.542874,0.095165,0.445002,0.096720,0.633676,0.888812,0.643397,0.881296,0.929029,0.920138,0.995121,0.350957,0.959808,0.138217,0.952957,0.165425,0.652067,0.126597,0.615469,0.135252,0.621613,0.842406,0.676232,0.875444
ENSDARG00000052232_0_4,-1.7000,-2.5941,0.375000,0.444686,0.485693,-21.5000,-22.8095,0.125000,0.301453,0.521406,0.761560,0.958571,0.898806,0.909831,0.457556,0.824680,0.442214,0.874570,0.307707,0.361218,0.088778,0.355073,0.073061,0.372432,0.120266,0.399616,0.778068,0.908686,0.929849,0.904545,0.975087,0.896085,0.323419,0.251192,0.319864,0.257849,0.294837,0.363269,0.452324,0.433126,0.614068,0.017213,0.120090,0.003378,0.163034,0.052001,0.767149,0.990700,0.826119,0.294087
ENSDARG00000052232_0_5,-1.6000,-1.7866,0.750000,0.767391,0.642017,-18.5000,-19.9516,0.500000,0.577614,0.564452,0.069722,0.195483,0.077516,0.202184,0.999849,0.999058,0.158380,0.254399,0.139369,0.235144,0.990525,0.915295,0.994448,0.919144,0.992984,0.855256,0.999866,0.852663,0.991112,0.868841,0.128640,0.112519,0.158799,0.258148,0.898472,0.868422,0.080303,0.210584,0.171881,0.292923,0.995308,0.988427,0.998147,0.424108,0.998050,0.412396,0.997483,0.755365,0.999482,0.668690
ENSDARG00000052232_0_6,-3.3000,-3.9046,0.500000,0.462095,0.547564,-22.4000,-23.6395,0.500000,0.393168,0.623305,0.243422,0.876795,0.023482,0.869396,0.005175,0.842766,0.005936,0.580947,0.948970,0.671128,0.794980,0.674399,0.706741,0.749256,0.849858,0.905886,0.900269,0.983639,0.998331,0.895736,0.954281,0.671029,0.823074,0.599780,0.572526,0.575516,0.825538,0.652458,0.999950,0.999853,0.012860,0.077148,0.021097,0.810488,0.005472,0.001923,0.260679,0.013737,0.998639,0.014218
ENSDARG00000052232_0_7,-1.1000,-1.2984,0.625000,0.685902,0.743344,-20.4000,-21.2842,0.875000,0.866534,0.560490,0.981035,0.991124,0.997848,0.985514,0.999947,0.074969,0.176340,0.004029,0.149957,0.002347,0.211769,0.005929,0.944894,0.044936,1.000000,0.987136,0.968951,0.991634,0.991490,0.112787,0.983839,0.040347,0.973595,0.036782,0.982398,0.039008,0.242158,0.984004,0.167692,0.980358,0.175472,0.976049,0.978448,0.998175,0.969256,0.990886,0.973525,0.989643,0.998269,0.974146
ENSDARG00000052232_0_8,-0.9000,-1.5584,0.875000,0.812674,0.616231,-20.2000,-21.9653,0.250000,0.323349,0.472694,0.366390,0.589642,0.254924,0.540797,0.374416,0.845199,0.384355,0.807647,0.546498,0.819578,0.882462,0.836946,0.801110,0.570393,0.748930,0.391736,0.447843,0.570169,0.297359,0.616957,0.302992,0.143636,0.415938,0.134383,0.481196,0.140623,0.978724,0.191898,0.815463,0.120814,0.815875,0.195625,0.853653,0.840546,0.792417,0.814238,0.882162,0.143376,0.881906,0.139675
ENSDARG00000052232_0_9,-1.3000,-1.6102,1.000000,0.987367,0.669906,-18.8000,-21.1005,0.375000,0.479455,0.492455,0.353355,0.537311,0.115110,0.281169,0.121621,0.237866,0.162379,0.417762,0.967348,0.985038,0.997263,0.779395,0.993424,0.766089,0.946286,0.707598,0.140149,0.123669,0.171848,0.356315,0.158231,0.326612,0.372175,0.494628,0.993780,0.843791,0.970792,0.327833,0.962230,0.261330,0.990140,0.273507,0.994344,0.268724,0.994970,0.325740,0.995400,0.797189,0.997283,0.737527
ENSDARG00000052232_0_10,-2.9000,-3.4955,0.250000,0.363819,0.486067,-20.1000,-21.4641,0.625000,0.542819,0.465042,0.931483,0.870136,0.390989,0.845640,0.918076,0.463044,0.051396,0.050041,0.069248,0.086498,0.067555,0.052598,0.090536,0.077558,0.392360,0.135727,0.981890,0.285790,0.980238,0.886131,0.986552,0.745898,0.950461,0.459230,0.357081,0.260559,0.096116,0.165067,0.023596,0.128190,0.069317,0.765159,0.065064,0.635848,0.347016,0.667267,0.959482,0.876582,0.992884,0.843884
ENSDARG00000055054_0_1,-0.9000,-1.1404,1.000000,0.988070,0.828313,-16.3000,-18.1738,1.000000,0.927447,0.787997,0.229822,0.326030,0.195357,0.186369,0.896058,0.785330,0.999873,0.901477,0.997863,0.912016,0.996081,0.876473,0.216831,0.252236,0.211600,0.314840,0.999918,0.952370,0.930920,0.896816,0.999880,0.981902,0.987488,0.954503,0.974209,0.927810,0.973213,0.921305,0.999959,0.978623,0.995380,0.956556,0.997675,0.918727,0.977998,0.848189,0.986459,0.937028,0.999667,0.931339
ENSDARG00000055054_0_2,-0.8000,-2.1133,0.750000,0.709855,0.701532,-16.5000,-19.6209,0.750000,0.637152,0.680085,0.516321,0.615106,0.396517,0.497247,0.303626,0.423646,0.437322,0.530966,0.871240,0.869787,0.721561,0.727658,0.821254,0.798138,0.999481,0.923442,0.986199,0.884645,1.000000,0.957562,0.570474,0.607172,0.727802,0.669117,0.047474,0.071661,0.053385,0.083208,0.999989,0.979578,0.636226,0.678700,0.999151,0.867234,0.984350,0.834047,0.972555,0.887807,0.985711,0.694980
ENSDARG00000055054_0_3,0.0000,-0.3793,1.000000,0.906848,0.886239,-17.4000,-18.7708,0.875000,0.820267,0.615281,0.936019,0.970632,0.957226,0.228648,0.794788,0.171573,0.688188,0.154356,0.949723,0.989247,0.651335,0.697226,0.866575,0.869897,0.974974,0.846200,0.991588,0.200390,0.999746,0.153152,0.861316,0.282268,0.798509,0.179887,0.867456,0.933692,0.739979,0.842379,0.706029,0.850462,0.997757,0.986339,0.976699,0.965691,0.988839,0.984790,0.997482,0.896904,0.980544,0.101879
ENSDARG00000055054_0_4,-3.8000,-3.9471,0.750000,0.743456,0.527525,-20.2000,-21.7083,0.625000,0.618212,0.477437,0.045666,0.049378,0.037831,0.043876,0.039039,0.044028,0.075977,0.081243,0.189301,0.197296,0.959852,0.958395,0.958689,0.954564,0.968799,0.962890,0.999596,0.988421,0.207710,0.201831,0.075958,0.070932,0.044432,0.050182,0.015936,0.023505,0.006016,0.017031,0.977275,0.950893,0.976767,0.926952,0.981329,0.902728,0.999584,0.904952,0.995378,0.981767,0.995360,0.237867
ENSDARG00000055054_0_6,-2.1000,-2.7507,0.625000,0.583921,0.667015,-19.8000,-21.2124,0.375000,0.388980,0.581616,0.924307,0.972058,0.926178,0.971359,0.289512,0.773301,0.159340,0.716285,0.194630,0.733566,0.881229,0.953673,0.462912,0.819211,0.833768,0.929852,0.999422,0.582023,0.998349,0.376987,0.999924,0.346234,0.999357,0.345926,0.512771,0.181241,0.018405,0.662863,0.032674,0.023960,0.123822,0.056005,0.999904,0.220446,0.999287,0.294206,0.984704,0.776123,0.999799,0.896997
ENSDARG00000055054_0_7,-2.5000,-2.8899,0.500000,0.509774,0.597627,-21.1000,-22.0062,0.125000,0.236099,0.503194,0.826809,0.884654,0.750091,0.876922,0.999112,0.997554,0.081174,0.140483,0.075755,0.133521,0.097369,0.148113,0.178633,0.224507,0.994534,0.994594,0.997920,0.998243,0.984075,0.984139,0.936797,0.888763,0.952072,0.903601,0.181464,0.229201,0.095800,0.148603,0.075532,0.125512,0.067286,0.087948,0.981439,0.162326,0.683007,0.067327,0.999244,0.997540,0.994420,0.070331
ENSDARG00000055054_0_8,0.0000,-0.4883,1.000000,0.933020,0.872900,-15.7000,-17.8337,1.000000,0.859013,0.824321,0.555790,0.604828,0.648423,0.686325,0.670466,0.699551,0.997399,0.931803,0.994807,0.916091,0.936826,0.875093,0.987544,0.966352,0.895444,0.817143,0.874669,0.869270,0.815018,0.718360,0.797269,0.695344,0.820185,0.834163,0.816857,0.818665,0.814824,0.810890,0.999662,0.987466,0.971896,0.898962,0.940877,0.815810,0.948516,0.866113,0.982299,0.897239,0.989234,0.776961
ENSDARG00000055054_0_9,-5.3000,-5.5698,0.875000,0.832136,0.566800,-20.9000,-22.9599,0.875000,0.623788,0.484547,0.654254,0.675695,0.004343,0.004409,0.001910,0.001970,0.001743,0.002169,0.008291,0.008726,0.999705,0.999821,0.999796,0.999864,0.998817,0.998458,0.997775,0.997385,0.007356,0.007262,0.002316,0.002288,0.002607,0.002580,0.004516,0.004604,0.997953,0.944458,0.659293,0.617548,0.999800,0.979153,0.999571,0.698671,0.999468,0.600124,0.996485,0.602131,1.000000,0.543617
ENSDARG00000055054_0_10,-3.5000,-3.9359,0.625000,0.774132,0.567844,-19.9000,-21.6626,0.500000,0.681182,0.527256,0.103331,0.154906,0.076009,0.127113,0.638666,0.590053,0.674180,0.615133,0.992625,0.935385,0.999946,0.942668,0.416209,0.419494,0.106732,0.159846,0.102971,0.099568,0.024220,0.024426,0.029041,0.030197,0.999888,0.996886,0.999948,0.995979,0.999805,0.995806,0.999769,0.995919,0.377404,0.347226,0.375834,0.377299,0.441818,0.445616,0.998984,0.995387,0.999495,0.296221
ENSDARG00000055132_0_1,-0.6000,-1.0864,0.625000,0.660260,0.732087,-18.2000,-20.2344,0.375000,0.474114,0.419080,0.997344,0.993748,0.994945,0.977445,0.993689,0.394458,0.996467,0.285168,0.986232,0.229364,0.997299,0.189130,0.525208,0.861051,0.349516,0.052071,0.295352,0.040271,0.733786,0.084651,0.698496,0.076937,0.791324,0.404399,0.941478,0.958421,0.987610,0.971122,0.984710,0.970871,0.389531,0.397504,0.264872,0.068689,0.186182,0.040711,0.721250,0.197636,0.806448,0.187955
ENSDARG00000055132_0_2,-1.3000,-1.9006,0.375000,0.535836,0.588145,-19.7000,-21.6460,0.750000,0.765892,0.560502,0.916684,0.969408,0.856108,0.965229,0.689375,0.764561,0.833025,0.995327,0.463850,0.113293,0.463807,0.027444,0.846080,0.045494,0.124830,0.003574,0.094927,0.010626,0.244922,0.953841,0.943418,0.147958,0.999193,0.086138,0.999735,0.155566,0.288694,0.582699,0.280281,0.650286,0.216863,0.860954,0.822163,0.980078,0.276359,0.957742,0.442382,0.961049,0.960208,0.978766
ENSDARG00000055132_0_3,0.0000,-0.1727,1.000000,0.979562,0.971011,-15.8000,-17.9885,0.875000,0.900269,0.815444,0.938643,0.951614,0.971469,0.880205,1.000000,0.886746,0.976812,0.846601,1.000000,0.800879,0.963737,0.893640,0.992824,0.574798,1.000000,0.493121,0.814847,0.371978,0.999862,0.985809,0.931522,0.431250,0.993996,0.990082,0.997792,0.988887,0.999170,0.986920,0.934754,0.947759,0.954317,0.914099,0.999358,0.991058,0.977957,0.983729,0.977635,0.488259,0.995517,0.901441
ENSDARG00000055132_0_4,-0.7000,-1.6115,0.500000,0.567971,0.633695,-17.3000,-19.7257,0.375000,0.529568,0.543532,0.977135,0.669816,0.847749,0.464627,0.842642,0.443531,0.725468,0.785326,0.741792,0.706473,0.739044,0.597960,0.353901,0.457820,0.419491,0.492985,0.422458,0.428662,0.480901,0.477500,0.682262,0.522980,0.897294,0.586412,0.931520,0.719253,0.959354,0.940243,0.968119,0.950255,0.498590,0.705960,0.230399,0.389061,0.211360,0.306685,0.202976,0.132227,0.541447,0.092862
ENSDARG00000055132_0_7,0.0000,-0.5603,1.000000,0.896280,0.840981,-17.9000,-19.0400,0.750000,0.758973,0.783437,0.516524,0.659527,0.510015,0.648109,1.000000,0.962300,0.878061,0.920495,0.865952,0.817923,0.777360,0.799515,0.924815,0.881519,0.931894,0.875135,0.780708,0.631681,0.701225,0.627429,0.890560,0.878074,0.872270,0.895251,0.897851,0.943752,0.929816,0.908926,0.938825,0.965778,0.924812,0.960475,0.704826,0.170493,0.775849,0.196668,0.998942,0.977049,0.999322,0.948641
ENSDARG00000055132_0_8,-1.9000,-2.0490,1.000000,0.978204,0.720621,-19.1000,-20.8099,0.125000,0.323704,0.425429,0.074719,0.097899,0.066273,0.108181,0.180797,0.186940,0.979878,0.954496,0.987830,0.947034,0.981814,0.947788,0.981558,0.976234,0.195333,0.221888,0.091304,0.110243,0.083229,0.091645,0.984965,0.990283,0.979079,0.286309,0.978429,0.156293,0.961798,0.093726,0.966067,0.069893,0.977994,0.188147,0.981482,0.924896,0.976536,0.356547,0.985779,0.333245,0.997551,0.466887
ENSDARG00000055132_0_9,0.0000,-0.2782,1.000000,0.937161,0.934230,-15.6000,-17.9295,1.000000,0.825890,0.804868,0.907015,0.921498,0.993442,0.951479,0.968671,0.953837,0.998791,0.915989,0.818012,0.862624,0.801461,0.802089,0.901975,0.834901,0.999249,0.548971,0.994670,0.514355,0.891254,0.437281,0.999760,0.993600,0.913003,0.753625,0.845048,0.826677,0.736577,0.781182,0.959175,0.780149,0.977630,0.711594,0.997418,0.731897,0.984521,0.923815,0.997666,0.969596,0.999254,0.882208
ENSDARG00000055132_0_10,-1.9000,-2.1042,0.625000,0.693941,0.632134,-17.5000,-19.2023,0.625000,0.665804,0.621267,0.843782,0.841082,0.797349,0.791606,0.950603,0.947056,0.139977,0.145097,0.145726,0.150957,0.170394,0.175546,0.277787,0.284865,0.910500,0.906757,0.904913,0.901054,0.915810,0.916350,0.879654,0.877992,0.154653,0.160552,0.254718,0.262453,0.151147,0.156299,0.150077,0.153377,0.997377,0.958836,0.998423,0.989693,0.999916,0.993146,0.999908,0.996912,0.999963,0.815714
ENSDARG00000056427_0_1,-2.1000,-3.0338,0.375000,0.675452,0.570058,-22.5000,-23.4783,0.500000,0.499662,0.503822,0.517368,0.980448,0.072064,0.967557,0.029553,0.906097,0.309381,0.970470,0.359680,0.981050,0.716533,0.128788,0.715755,0.017195,0.998672,0.029698,0.985058,0.080280,0.697845,0.991954,0.296172,0.014992,0.299462,0.010611,0.287605,0.009534,0.486628,0.014920,0.713826,0.017472,0.714804,0.036945,0.716111,0.989088,0.998847,0.969789,0.730996,0.979757,0.754800,0.979789
ENSDARG00000056427_0_3,-7.5000,-7.5062,0.750000,0.750071,0.600469,-24.2000,-25.7876,0.625000,0.525465,0.462069,0.999795,0.998408,0.995287,0.992321,0.004335,0.034677,0.002577,0.005944,0.000070,0.003789,0.003249,0.446602,1.000000,0.997719,0.999775,0.516872,0.999721,0.515056,1.000000,0.515349,0.003291,0.007759,0.000704,0.003165,0.000371,0.002387,0.001856,0.003571,0.999646,0.814083,0.999942,0.983894,0.999679,0.763826,0.999714,0.769292,0.999366,0.474045,0.999994,0.392623
ENSDARG00000056427_0_4,0.0000,-0.9712,1.000000,0.758400,0.718576,-20.0000,-21.4508,0.500000,0.522228,0.502629,0.336162,0.836002,0.298778,0.815382,0.663702,0.827072,0.969587,0.876739,0.723818,0.490133,0.708359,0.491997,0.462847,0.132776,0.654929,0.213950,0.775476,0.236713,0.925651,0.291312,0.991288,0.392766,0.793732,0.269909,0.623137,0.224414,0.473552,0.224719,0.825347,0.964470,0.581772,0.802482,0.631079,0.764050,0.976353,0.759474,0.971452,0.311388,0.984506,0.126824
ENSDARG00000056427_0_6,-1.6000,-2.1250,0.625000,0.651573,0.714438,-18.7000,-20.4378,0.625000,0.533446,0.650226,0.919809,0.847973,0.910035,0.749533,0.958262,0.807876,0.901268,0.606626,0.906823,0.633283,0.993198,0.782589,0.866361,0.942782,0.853096,0.920940,0.325606,0.553510,0.182592,0.491037,0.287213,0.464955,0.971906,0.935846,0.937408,0.789456,0.962335,0.833591,0.921998,0.817788,0.443016,0.578238,0.066550,0.039915,0.121157,0.054986,0.942865,0.970189,0.817258,0.183409
ENSDARG00000056427_0_7,-4.0000,-4.4343,1.000000,0.918596,0.608347,-20.8000,-22.3018,0.750000,0.754627,0.536961,0.005779,0.008417,0.000938,0.001258,0.003569,0.003473,0.132599,0.100650,0.967559,0.984791,0.976660,0.991191,0.999964,0.998394,0.999238,0.998986,0.131820,0.101699,0.482764,0.464236,0.057830,0.024594,0.059445,0.024511,0.552094,0.534173,0.976422,0.991119,0.973442,0.983299,0.949744,0.812279,0.949272,0.323884,0.949653,0.476807,0.999889,0.991764,0.998254,0.923691
ENSDARG00000056427_0_8,-0.6000,-1.1408,1.000000,0.836068,0.777008,-21.5000,-22.5285,0.500000,0.552546,0.474571,0.973045,0.984806,0.571365,0.990418,0.462547,0.991053,0.926729,0.998252,0.821771,0.016342,0.826518,0.004122,0.979980,0.002579,0.552289,0.001026,0.336816,0.002339,0.795477,0.997719,0.796734,0.062132,0.808335,0.020273,0.991190,0.026863,0.914337,0.023070,0.831168,0.075426,0.731545,0.326268,0.796581,0.973370,0.717355,0.998441,0.716175,0.998951,0.990194,0.997979
ENSDARG00000056427_0_10,-1.0000,-1.5235,0.750000,0.718192,0.772400,-19.1000,-20.5464,0.750000,0.741704,0.487968,0.967218,0.290636,0.989165,0.206647,0.890248,0.187128,0.901257,0.989881,0.888488,0.637596,0.987687,0.219752,0.981980,0.091942,0.999714,0.082453,0.653886,0.059416,0.210805,0.018000,0.249171,0.849994,0.982853,0.192281,0.896186,0.991522,0.893723,0.993390,0.869255,0.990942,0.969250,0.996680,0.999856,0.999815,0.186854,0.034493,0.253423,0.863127,0.676989,0.063666
ENSDARG00000056713_1_1,-2.1000,-2.5674,0.875000,0.756318,0.660905,-20.2000,-21.3256,0.625000,0.634631,0.495677,0.986536,0.319867,0.497414,0.133352,0.500579,0.132606,0.098022,0.060834,0.038431,0.064065,0.512987,0.898711,0.994996,0.940084,0.988106,0.944128,0.991779,0.939858,0.523780,0.159985,0.519192,0.137501,0.515739,0.105507,0.515685,0.103470,0.995508,0.245172,0.506420,0.910402,0.507891,0.894163,0.569754,0.921790,0.973200,0.969717,0.991823,0.956303,0.990263,0.076035
ENSDARG00000056713_1_3,0.0000,-0.1538,1.000000,0.992340,0.976262,-15.7000,-17.9349,1.000000,0.861670,0.809381,0.881178,0.753906,0.970038,0.608873,0.992599,0.547582,0.990652,0.599962,1.000000,0.802784,0.994102,0.787252,0.926430,0.748629,1.000000,0.946910,0.930388,0.833948,1.000000,0.976689,0.922547,0.827318,0.978575,0.860411,1.000000,0.845473,1.000000,0.836369,1.000000,0.849406,0.951542,0.856814,1.000000,0.988996,1.000000,0.996689,1.000000,0.991943,0.987181,0.527671
ENSDARG00000056713_1_4,-1.8000,-2.2620,1.000000,0.925350,0.661464,-18.3000,-20.1983,0.750000,0.780743,0.602146,0.081900,0.073912,0.051398,0.044935,0.280943,0.276559,0.302533,0.298999,0.993278,0.993607,0.980258,0.981368,0.959390,0.967790,0.506325,0.507533,0.298505,0.296367,0.295615,0.287568,0.103414,0.094823,0.972926,0.973518,0.777447,0.775578,0.753830,0.751707,0.970946,0.971078,0.953783,0.959181,0.978158,0.984614,0.972065,0.622280,0.998275,0.998696,0.998295,0.182808
ENSDARG00000056713_1_5,-0.7000,-1.9825,0.625000,0.497565,0.577476,-17.2000,-19.9213,0.500000,0.468908,0.556467,0.813703,0.821872,0.851954,0.834668,0.450989,0.491676,0.184861,0.263780,0.445074,0.495983,0.589878,0.595888,0.356041,0.464730,0.458058,0.544223,0.620888,0.514707,0.995618,0.829393,0.978533,0.817125,0.823408,0.704037,0.605681,0.685898,0.473902,0.559414,0.086518,0.175508,0.208605,0.269662,0.569176,0.584825,0.463407,0.460446,0.766248,0.702852,0.806983,0.312661
ENSDARG00000056713_1_6,0.0000,-0.4670,1.000000,0.812003,0.863635,-16.2000,-18.4240,0.375000,0.537906,0.590879,0.955983,0.945014,0.917333,0.644084,0.919497,0.589882,0.917351,0.413367,0.994672,0.809856,0.805605,0.727826,0.794682,0.546082,0.971698,0.511993,0.665252,0.605545,0.996636,0.579153,0.996623,0.806061,0.841342,0.335476,0.827415,0.329367,0.817459,0.446533,0.821971,0.893993,0.997663,0.985871,0.777615,0.754983,0.613699,0.266491,0.822251,0.458600,0.817949,0.167408
ENSDARG00000056713_1_8,-2.3000,-3.0346,0.125000,0.363690,0.471080,-20.6000,-22.1572,0.125000,0.188683,0.504527,0.213211,0.382828,0.178656,0.368085,0.210592,0.848079,0.316327,0.773960,0.944882,0.901293,0.789695,0.953388,0.414849,0.885712,0.413998,0.868995,0.377168,0.353849,0.805858,0.359938,0.984663,0.917142,0.862182,0.967802,0.417892,0.863857,0.535646,0.270568,0.391915,0.102616,0.092811,0.021940,0.146018,0.033810,0.208220,0.076371,0.191059,0.094750,0.925961,0.045552
ENSDARG00000056713_1_9,-2.4000,-2.8773,0.750000,0.747821,0.587731,-18.4000,-20.3926,0.500000,0.612850,0.534696,0.990694,0.985040,0.029759,0.067669,0.024722,0.054844,0.011961,0.043043,0.166618,0.197160,0.656864,0.661851,0.999893,0.974628,0.999032,0.972476,0.998846,0.967518,0.658172,0.636861,0.194320,0.191236,0.041173,0.038795,0.041673,0.059407,0.027306,0.045657,0.987294,0.932746,0.979047,0.882785,0.982200,0.957624,0.982240,0.983446,0.982939,0.545089,0.999870,0.496046
ENSDARG00000056713_1_10,-2.0000,-2.6674,0.375000,0.489547,0.588046,-17.6000,-19.8973,0.375000,0.504817,0.587722,0.976104,0.865968,0.241471,0.266827,0.255125,0.316860,0.380374,0.546283,0.973808,0.976600,0.447777,0.448670,0.786040,0.704323,0.819492,0.748530,0.399545,0.342974,0.565568,0.579209,0.999766,0.964999,0.999475,0.954666,0.992415,0.947213,0.999718,0.951581,0.118547,0.196676,0.364598,0.356330,0.139921,0.212664,0.047878,0.105789,0.253313,0.382928,0.999983,0.885352
ENSDARG00000057582_0_1,0.0000,-0.2896,1.000000,0.926534,0.923766,-17.1000,-18.6942,1.000000,0.904823,0.656503,0.702130,0.409714,0.743210,0.345964,0.954606,0.371474,0.945415,0.980671,0.994406,0.961767,0.997899,0.841933,0.953128,0.131727,0.909037,0.122625,0.891796,0.112850,1.000000,0.306654,1.000000,0.357346,0.971426,0.948756,0.954419,0.783383,0.764433,0.919879,0.768585,0.951420,0.969055,0.984925,0.978149,0.983902,0.990142,0.997436,0.989473,0.815822,0.998016,0.801814
ENSDARG00000057582_0_2,-0.4000,-0.9758,0.875000,0.892168,0.781910,-17.8000,-19.2326,0.375000,0.501865,0.618977,0.958459,0.942985,0.904959,0.889058,0.487371,0.436208,0.470403,0.429475,0.454839,0.397907,0.935383,0.921892,0.952751,0.935724,0.935861,0.947189,0.883172,0.910725,0.877586,0.932514,0.339013,0.331389,0.301058,0.289557,0.547827,0.515304,0.997261,0.994444,0.979257,0.962911,0.925749,0.940137,0.873091,0.143123,0.882051,0.133163,0.941403,0.136249,0.990707,0.189591
ENSDARG00000057582_0_3,-2.1000,-2.8446,0.750000,0.550059,0.549640,-19.9000,-21.6145,0.375000,0.434703,0.485325,0.634993,0.399066,0.509380,0.126180,0.507894,0.116331,0.589850,0.293401,0.668556,0.838542,0.524380,0.809013,0.504816,0.739572,0.504633,0.739151,0.499100,0.728325,0.538484,0.749654,0.591990,0.399284,0.518253,0.290361,0.517236,0.289212,0.640119,0.465476,0.545170,0.755376,0.509065,0.741763,0.503912,0.414552,0.498806,0.655900,0.517468,0.117675,0.668693,0.037674
ENSDARG00000057582_0_4,-0.7000,-1.4211,0.500000,0.528221,0.588276,-24.1000,-24.7956,0.375000,0.356426,0.726927,0.325839,0.969213,0.109109,0.932718,0.107541,0.925976,0.117090,0.979592,0.995934,0.980555,0.538565,0.977093,0.691608,0.994165,0.999686,0.999822,0.999271,0.999784,0.995360,0.978400,0.995253,0.974761,0.664493,0.975061,0.557712,0.934288,0.989967,0.910845,0.119489,0.991988,0.115864,0.004957,0.114310,0.000165,0.331497,0.002139,0.997622,0.004497,0.999304,0.002528
ENSDARG00000057582_0_5,-2.3000,-2.3752,0.625000,0.634466,0.704056,-18.7000,-20.4176,1.000000,0.835580,0.641690,0.027243,0.797810,0.024720,0.055470,0.045172,0.011751,1.000000,0.206840,0.984975,0.204178,0.999533,0.210190,0.959312,0.930227,0.999912,0.904644,0.998546,0.630097,0.996210,0.767918,0.985728,0.760041,0.984033,0.669987,0.964299,0.728823,0.044607,0.769177,0.026113,0.796960,0.040876,0.800282,0.999969,0.996845,0.999942,0.944732,0.999942,0.898694,0.999984,0.749127
ENSDARG00000057582_0_6,0.0000,-0.4182,1.000000,0.759856,0.804077,-17.6000,-19.5087,0.375000,0.441079,0.355325,0.967768,0.431351,0.936374,0.151510,0.934719,0.116216,0.945093,0.113038,0.997725,0.154289,0.995134,0.988789,0.644122,0.089942,0.610631,0.049991,0.617555,0.053178,0.641982,0.117562,0.734771,0.317237,0.976815,0.994773,0.978376,0.996322,0.999879,0.999178,0.928299,0.985426,0.747513,0.313428,0.671748,0.145778,0.573994,0.029448,0.573448,0.023030,0.605594,0.036022
ENSDARG00000057582_0_7,-1.3000,-2.0352,1.000000,0.816332,0.696096,-20.2000,-21.9947,0.500000,0.527571,0.528021,0.229240,0.350028,0.145040,0.293485,0.595205,0.701260,0.632519,0.956510,0.700565,0.958042,0.759760,0.868350,0.942600,0.855127,0.426851,0.172449,0.385365,0.238320,0.719732,0.443567,0.980498,0.275018,0.873886,0.227686,0.723739,0.238787,0.687402,0.506142,0.697024,0.486764,0.988480,0.288996,0.730938,0.485154,0.716023,0.479492,0.988072,0.996181,0.998979,0.739052
ENSDARG00000057582_0_8,-0.9000,-1.3766,0.500000,0.628219,0.682738,-20.3000,-22.0719,0.500000,0.506718,0.485585,0.878942,0.956998,0.962423,0.842509,0.954322,0.825262,0.983729,0.854016,0.997792,0.988623,0.976276,0.975407,0.998262,0.148484,0.920323,0.013736,0.391071,0.002034,0.159133,0.000683,0.163554,0.006143,0.243189,0.044055,0.994707,0.998530,0.976045,0.998467,0.957305,0.999011,0.945851,0.998415,0.227958,0.044057,0.230836,0.008324,0.218803,0.003024,0.474245,0.003915
ENSDARG00000057582_0_9,-2.1000,-2.4552,1.000000,0.995939,0.656200,-23.5000,-24.4773,0.500000,0.503067,0.458071,0.119469,0.115275,0.026788,0.022090,0.076436,0.072154,0.362148,0.361295,0.994878,0.999243,0.994171,0.998399,0.999533,0.999128,0.283495,0.279427,0.029453,0.024880,0.026559,0.021552,0.249224,0.244624,0.994337,0.998819,0.994208,0.998424,0.999174,0.998336,0.999305,0.998409,0.996884,0.008631,0.997284,0.009123,0.991061,0.997969,0.992119,0.010569,0.997475,0.003076
ENSDARG00000057582_0_10,-3.2000,-3.5472,0.500000,0.533570,0.457080,-20.9000,-22.4260,0.375000,0.423726,0.453307,0.112841,0.942474,0.005931,0.558635,0.006698,0.487146,0.999355,0.510762,0.132350,0.678117,0.036429,0.931142,0.278084,0.948924,0.999151,0.355953,0.999988,0.118152,0.999919,0.095032,0.269638,0.039405,0.032665,0.010592,0.148357,0.131686,0.997430,0.984444,0.006670,0.014393,0.004768,0.007362,0.116516,0.033061,0.999395,0.981720,0.995468,0.292725,0.999951,0.944413
ENSDARG00000058089_0_1,-3.6000,-3.8604,0.875000,0.855624,0.602611,-21.4000,-22.3440,0.500000,0.569234,0.492952,0.895210,0.973448,0.892781,0.970909,0.222181,0.216649,0.052221,0.022679,0.019563,0.017717,0.056562,0.054962,0.967587,0.985712,0.968871,0.985310,0.964894,0.984952,0.065960,0.052956,0.048885,0.017953,0.052523,0.021926,0.215620,0.216803,0.962472,0.992935,0.980040,0.994291,0.955807,0.130891,0.874072,0.115739,0.861142,0.151059,0.996209,0.988684,0.999628,0.963474
ENSDARG00000058089_0_2,-5.5000,-5.6267,0.375000,0.395991,0.516514,-22.1000,-23.8571,0.250000,0.383039,0.610893,0.991747,0.957169,0.984477,0.957330,0.992267,0.964093,0.012133,0.477123,0.003042,0.463592,0.007698,0.481521,0.007931,0.436689,0.171017,0.546768,0.996043,0.975792,0.999055,0.930473,0.998256,0.979027,0.998693,0.983971,0.996304,0.984635,0.997654,0.983444,0.167887,0.533270,0.008478,0.449054,0.000995,0.004800,0.000231,0.000238,0.004403,0.003000,0.991974,0.105871
ENSDARG00000058089_0_3,-5.7000,-5.7135,0.625000,0.625359,0.598783,-21.7000,-23.4054,0.375000,0.478485,0.533372,0.002192,0.120657,0.000652,0.119872,0.002828,0.067621,0.008844,0.083706,0.988775,0.989394,0.985575,0.876665,0.999088,0.880643,0.999984,0.881638,0.999983,0.890060,0.998432,0.997813,0.984628,0.897099,0.001811,0.034395,0.001066,0.035622,0.000264,0.011986,0.001717,0.087562,0.999983,0.960746,0.999942,0.810555,0.999958,0.930816,0.999953,0.507672,0.999989,0.482924
ENSDARG00000058089_0_4,-4.7000,-4.8220,0.250000,0.273767,0.418937,-20.4000,-21.9263,0.250000,0.262098,0.417035,0.997242,0.995529,0.008330,0.022543,0.004366,0.019661,0.005418,0.018689,0.003952,0.013995,0.008809,0.019127,0.170700,0.180351,0.999563,0.997228,0.999998,0.998765,0.996784,0.992758,0.996678,0.992757,0.996759,0.992512,0.998128,0.997982,0.172118,0.182992,0.009793,0.022152,0.003956,0.016187,0.002014,0.004934,0.001212,0.003444,0.002955,0.005198,0.999961,0.863893
ENSDARG00000058089_0_5,0.0000,-0.7602,1.000000,0.740770,0.781776,-16.1000,-18.3766,0.375000,0.564004,0.748146,0.875152,0.911354,0.829036,0.870849,0.815555,0.851974,0.851498,0.916224,0.955235,0.971585,0.837554,0.877998,0.617226,0.784304,0.508530,0.736150,0.593743,0.777226,0.920529,0.943935,0.947775,0.895033,0.957530,0.914261,0.836374,0.880658,0.841709,0.558323,0.317498,0.174662,0.394009,0.204476,0.668995,0.338612,0.912379,0.506581,0.960020,0.973682,0.995172,0.875038
ENSDARG00000058089_0_6,-2.5000,-3.0470,0.625000,0.648386,0.613510,-20.2000,-22.1270,0.250000,0.392850,0.520959,0.903437,0.980769,0.797800,0.925245,0.973457,0.987359,0.770386,0.730181,0.049914,0.038903,0.047443,0.042597,0.286182,0.328282,0.378768,0.416705,0.961219,0.967983,0.959972,0.966539,0.771397,0.725418,0.183139,0.166387,0.096692,0.087134,0.294353,0.329495,0.245878,0.295514,0.944481,0.738785,0.964590,0.967025,0.764656,0.563966,0.890308,0.125750,0.986130,0.035132
ENSDARG00000058089_0_7,-1.9000,-2.7343,1.000000,0.849161,0.672649,-17.9000,-20.3265,0.750000,0.726749,0.620855,0.440261,0.456887,0.016029,0.057229,0.055426,0.096777,0.220907,0.254669,0.999991,0.953380,0.997027,0.943805,0.996402,0.979974,0.738326,0.737791,0.446650,0.461701,0.374143,0.355911,0.376527,0.357154,0.997999,0.947828,0.663335,0.687424,0.639461,0.635173,0.637979,0.634781,0.999994,0.998044,0.858551,0.821826,0.998417,0.958528,0.998098,0.620483,0.997458,0.457733
ENSDARG00000058089_0_8,-0.8000,-1.7191,0.750000,0.613401,0.669406,-18.6000,-20.0638,0.500000,0.566443,0.640524,0.926632,0.786455,0.652789,0.733707,0.643454,0.821683,0.669212,0.859420,0.991697,0.929237,0.730029,0.823996,0.729615,0.830900,0.750562,0.780521,0.207304,0.597545,0.276647,0.194878,0.981513,0.464779,0.921466,0.455815,0.916425,0.490087,0.921353,0.476337,0.229753,0.740721,0.229029,0.598308,0.677575,0.321119,0.457027,0.456002,0.506043,0.674167,0.970004,0.774802
ENSDARG00000058089_0_9,-2.1000,-2.2824,0.625000,0.658261,0.541179,-20.7000,-21.9808,0.250000,0.341020,0.572069,0.942217,0.993954,0.147067,0.957995,0.064419,0.949464,0.035094,0.939493,0.110118,0.900488,0.117332,0.871531,0.998707,0.993981,0.999237,0.992067,0.999446,0.989193,0.980296,0.116249,0.137445,0.007405,0.026118,0.001394,0.033404,0.010499,0.066596,0.013820,0.168666,0.022746,0.999865,0.064450,0.998608,0.178353,0.999403,0.481631,0.999868,0.993287,0.999674,0.963377
ENSDARG00000058089_0_10,-3.6000,-4.0033,1.000000,0.780445,0.550920,-19.2000,-21.1891,1.000000,0.740773,0.536391,0.008096,0.117037,0.003126,0.096630,0.004690,0.053468,0.038395,0.095743,0.566383,0.556815,0.890201,0.797952,0.999929,0.894319,0.999980,0.943134,0.477034,0.495675,0.334489,0.318067,0.385970,0.366667,0.066559,0.066117,0.560050,0.510591,0.560461,0.551057,0.561096,0.590629,0.563675,0.594283,0.999870,0.992256,0.999295,0.953003,0.999277,0.951510,0.999833,0.782856
ENSDARG00000059961_3_1,-0.4000,-0.8433,0.375000,0.609843,0.616784,-20.6000,-22.0909,0.625000,0.645698,0.462713,0.936753,0.988947,0.932044,0.894859,0.429487,0.855026,0.370136,0.229380,0.360697,0.037714,0.355823,0.016266,0.369672,0.008502,0.445436,0.011331,0.975438,0.009027,0.996542,0.956943,0.928856,0.070604,0.356050,0.010076,0.387050,0.838992,0.356858,0.290923,0.355948,0.123414,0.380051,0.164529,0.431890,0.806983,0.986234,0.995898,0.985998,0.994313,0.994716,0.950528
ENSDARG00000059961_3_2,-1.6000,-1.9061,1.000000,0.871067,0.682890,-21.8000,-22.8896,0.000000,0.063524,0.348100,0.298933,0.107418,0.216256,0.104522,0.218139,0.106093,0.998926,0.999116,0.711675,0.985424,0.694198,0.982567,0.696300,0.970741,0.376829,0.105307,0.382062,0.103922,0.381664,0.111243,0.998902,0.956596,0.715391,0.920854,0.758905,0.282181,0.773242,0.079452,0.896660,0.095412,0.999572,0.023983,0.818223,0.004920,0.824247,0.007573,0.903129,0.007746,0.994557,0.006929
ENSDARG00000059961_3_4,-2.1000,-2.3070,0.750000,0.755870,0.545016,-17.7000,-19.4644,0.750000,0.718645,0.533402,0.050910,0.076613,0.048159,0.051811,0.997886,0.930552,0.051591,0.118328,0.078552,0.143213,0.269762,0.269491,0.987351,0.938844,0.983560,0.935271,0.982201,0.923794,0.275791,0.302572,0.076025,0.124532,0.051578,0.103858,0.053014,0.110795,0.049091,0.108378,0.998232,0.986464,0.981894,0.926957,0.986005,0.953210,0.987425,0.947619,0.992210,0.928583,0.999084,0.787157
ENSDARG00000059961_3_5,-1.6000,-2.5413,0.500000,0.406535,0.522635,-17.6000,-19.8817,0.250000,0.368468,0.495902,0.988404,0.928174,0.986978,0.982201,0.660522,0.546914,0.318522,0.266620,0.998338,0.998014,0.124380,0.125855,0.039817,0.041986,0.041608,0.042645,0.070436,0.069757,0.995161,0.991284,0.987908,0.987841,0.988346,0.989005,0.989607,0.988727,0.061830,0.064301,0.041312,0.044229,0.034721,0.035870,0.127269,0.119144,0.731708,0.785654,0.432484,0.400941,0.833352,0.508874
ENSDARG00000059961_3_6,-1.4000,-2.2589,0.250000,0.346010,0.463022,-20.1000,-21.5284,0.500000,0.446313,0.601352,0.957202,0.736625,0.246770,0.706373,0.144872,0.611493,0.114550,0.723670,0.334903,0.858161,0.710467,0.731084,0.181212,0.677612,0.241670,0.812253,0.714142,0.819570,0.976255,0.749334,0.947881,0.654139,0.922432,0.376217,0.982478,0.665035,0.638630,0.659400,0.259152,0.818694,0.218423,0.187665,0.084824,0.161051,0.112780,0.170174,0.185475,0.852726,0.286313,0.055756
ENSDARG00000059961_3_7,-0.7000,-1.1695,0.375000,0.538320,0.630647,-17.5000,-19.3562,0.500000,0.508085,0.656720,0.997489,0.947141,0.980925,0.972625,0.479453,0.715118,0.237290,0.735016,0.212331,0.665672,0.994714,0.704478,0.184435,0.471790,0.230925,0.429289,0.998787,0.984512,0.995272,0.982644,0.996768,0.979203,0.997988,0.482235,0.998918,0.443710,0.998425,0.435908,0.215095,0.152677,0.157592,0.103635,0.999543,0.980008,0.206833,0.662246,0.231663,0.615789,0.498488,0.670705
ENSDARG00000059961_3_8,0.0000,-1.3158,1.000000,0.494965,0.589884,-19.9000,-21.7379,0.750000,0.647921,0.489393,0.640606,0.989540,0.611990,0.989809,0.978404,0.989607,0.295820,0.225685,0.258288,0.047182,0.507875,0.028815,0.682101,0.024245,0.420153,0.013779,0.639495,0.020362,0.957994,0.031106,0.942270,0.621076,0.902967,0.623279,0.582012,0.987322,0.508402,0.989353,0.205264,0.979337,0.204201,0.617394,0.243195,0.594940,0.972632,0.994825,0.544832,0.014955,0.699186,0.005246
ENSDARG00000059961_3_9,-2.0000,-2.3741,0.500000,0.571080,0.641555,-20.2000,-21.3132,0.375000,0.423985,0.559545,0.989416,0.981843,0.906708,0.432891,0.918730,0.435409,0.884493,0.333253,0.886935,0.349559,0.948268,0.873695,0.992128,0.996481,0.298188,0.887102,0.142235,0.862999,0.137727,0.824474,0.235711,0.395812,0.921925,0.425506,0.886056,0.299405,0.881016,0.284858,0.269841,0.774702,0.143255,0.023047,0.119719,0.015975,0.303982,0.907193,0.992128,0.997960,0.972642,0.088742
ENSDARG00000059961_3_10,-0.5000,-1.3279,1.000000,0.911503,0.778289,-21.7000,-23.0682,0.625000,0.585672,0.400194,0.608216,0.234710,0.339511,0.138552,0.510765,0.115749,0.976343,0.124049,0.983959,0.019101,0.959196,0.002360,0.671484,0.001336,0.694530,0.001537,0.402376,0.106048,0.410978,0.581307,0.977922,0.999004,0.738469,0.994752,0.950291,0.999543,0.999677,0.999963,0.990778,0.999970,0.908981,0.578242,0.999935,0.999985,0.821124,0.105332,0.771188,0.001111,0.850053,0.001233
ENSDARG00000060073_17_1,-4.8000,-4.8932,0.750000,0.737085,0.690092,-20.7000,-22.6219,0.125000,0.385501,0.551272,0.038749,0.040010,0.001386,0.002126,0.001254,0.001865,0.866752,0.905677,0.993173,0.993494,0.999955,0.998910,0.999996,0.999994,0.999939,0.999027,0.999944,0.998953,0.992787,0.993984,0.999999,0.999611,0.011236,0.007773,0.000660,0.001596,0.004238,0.005681,0.897942,0.544283,0.995544,0.460476,0.999741,0.405930,0.998880,0.409074,0.999808,0.827966,0.999863,0.429004
ENSDARG00000060073_17_2,-3.8000,-3.9607,0.375000,0.413638,0.530561,-21.2000,-22.9153,0.500000,0.370574,0.578343,0.985352,0.847778,0.986147,0.857562,0.986364,0.963661,0.987324,0.788365,0.031884,0.378453,0.013139,0.464659,0.020928,0.541560,0.996640,0.983863,0.161497,0.642959,0.136148,0.487232,0.997946,0.790348,0.998750,0.855836,0.994395,0.785626,0.987565,0.684513,0.989198,0.769192,0.116055,0.555020,0.179280,0.136886,0.009792,0.005942,0.004522,0.011048,0.028298,0.016363
ENSDARG00000060073_17_3,-1.1000,-1.3954,0.875000,0.880472,0.739610,-18.8000,-20.8316,0.500000,0.572038,0.594846,0.271955,0.378801,0.241649,0.336721,0.165404,0.278550,0.988111,0.979431,0.937168,0.828592,0.974754,0.897660,0.981938,0.896201,0.999354,0.855368,0.987140,0.845990,0.875197,0.705481,0.206860,0.232150,0.118900,0.085672,0.261270,0.274012,0.977807,0.878732,0.998105,0.887881,0.991265,0.643832,0.959720,0.532789,0.942250,0.614086,0.943335,0.386169,0.970026,0.358800
ENSDARG00000060073_17_4,-3.9000,-4.2359,0.375000,0.432235,0.510059,-21.2000,-23.3789,0.375000,0.381171,0.368698,0.871427,0.640576,0.874041,0.236237,0.999590,0.191014,0.880776,0.207447,0.882949,0.980713,0.036123,0.007299,0.135705,0.021685,0.136817,0.028315,0.133872,0.026580,0.030857,0.020803,0.886519,0.983928,0.874619,0.980003,0.984508,0.994480,0.930159,0.986544,0.614559,0.696397,0.086412,0.017622,0.259436,0.151732,0.270897,0.154858,0.139918,0.021617,0.171989,0.026114
ENSDARG00000060073_17_5,-3.0000,-3.3969,1.000000,0.821291,0.637702,-22.3000,-23.1506,0.500000,0.523453,0.517080,0.043491,0.024883,0.041814,0.022716,0.053681,0.027116,0.746782,0.941427,0.983899,0.998678,0.965637,0.994708,0.271185,0.080082,0.278585,0.067726,0.295192,0.072013,0.999462,0.999871,0.914361,0.993018,0.589623,0.931746,0.617283,0.931040,0.950265,0.995257,0.744260,0.896388,0.720002,0.119982,0.932190,0.127616,0.856559,0.130576,0.861274,0.924515,0.888496,0.062249
ENSDARG00000060073_17_6,-2.5000,-2.5628,0.875000,0.876890,0.613444,-19.8000,-21.6183,0.375000,0.473772,0.489080,0.049944,0.784319,0.039103,0.313261,0.022165,0.210307,0.045272,0.211351,0.993422,0.518642,0.996161,0.959509,0.996181,0.951250,0.996147,0.950122,0.977399,0.224981,0.056374,0.066176,0.044018,0.777674,0.037569,0.023827,0.048048,0.058676,0.989181,0.230493,0.993398,0.236959,0.994305,0.237637,0.998670,0.335359,0.992722,0.919660,0.999316,0.963880,0.999481,0.807511
ENSDARG00000060073_17_7,-3.8000,-4.0428,0.375000,0.404038,0.522097,-20.2000,-21.7978,0.250000,0.340666,0.509817,0.213076,0.263305,0.097084,0.173982,0.971212,0.984964,0.022690,0.124515,0.015424,0.108056,0.093552,0.176857,0.808377,0.808500,0.999883,0.994025,0.995332,0.924838,0.994922,0.927546,0.998395,0.994945,0.999677,0.989479,0.314464,0.387902,0.045832,0.129029,0.014612,0.096610,0.780747,0.771218,0.026397,0.030975,0.105106,0.096145,0.971086,0.984332,0.974065,0.229116
ENSDARG00000060073_17_8,-1.0000,-1.6228,0.375000,0.547953,0.628587,-19.7000,-21.2958,0.625000,0.572923,0.440047,0.990407,0.248943,0.327597,0.077255,0.309975,0.022152,0.987702,0.109393,0.984574,0.925654,0.992059,0.909975,0.151339,0.481673,0.125782,0.855469,0.399772,0.161082,0.986542,0.147582,0.968597,0.136013,0.963781,0.142366,0.554640,0.117704,0.366760,0.743450,0.359751,0.920881,0.982874,0.996608,0.967534,0.988686,0.789389,0.766335,0.172636,0.037921,0.190036,0.011797
ENSDARG00000060073_17_9,0.0000,-0.3913,1.000000,0.917523,0.856317,-19.4000,-20.8727,0.750000,0.734395,0.583564,0.958608,0.982494,0.961650,0.979294,0.661726,0.658052,0.610175,0.682262,0.604825,0.676915,0.835065,0.524093,0.977519,0.428192,0.974987,0.802630,0.968089,0.041970,0.711850,0.004588,0.727550,0.005774,0.794113,0.009860,0.998408,0.011314,0.832144,0.036213,0.826809,0.956654,0.832080,0.930455,0.856072,0.985537,0.996908,0.984083,0.998652,0.989696,0.999107,0.981203
ENSDARG00000060073_17_10,-4.9000,-4.9672,1.000000,0.997399,0.609721,-21.8000,-23.8940,0.125000,0.244564,0.307742,0.008295,0.008751,0.004765,0.002099,0.005139,0.001821,0.098088,0.094556,0.999996,0.996769,0.999998,0.999851,0.995656,0.996827,0.995141,0.996606,0.094294,0.094351,0.000831,0.000852,0.004832,0.001191,0.008204,0.004649,0.998489,0.278002,0.999764,0.175970,1.000000,0.165529,0.995677,0.067929,0.995665,0.065257,0.995463,0.072423,0.995060,0.165150,0.999070,0.966250
ENSDARG00000060697_9_1,-1.7000,-1.8397,1.000000,0.953441,0.718584,-17.6000,-19.7115,0.625000,0.692307,0.596161,0.174272,0.432701,0.191347,0.431307,0.190696,0.413501,0.999967,0.895963,0.999921,0.885700,0.999550,0.829794,0.999995,0.628468,0.973348,0.720945,0.989778,0.834368,0.076473,0.180200,0.071166,0.066186,0.077640,0.065638,0.999963,0.941692,0.997700,0.913623,0.998168,0.911075,0.990482,0.906085,0.999977,0.983723,0.878207,0.297710,0.880071,0.319634,0.882957,0.264915
ENSDARG00000060697_9_2,-1.6000,-2.2561,0.375000,0.485919,0.513105,-22.5000,-24.5215,0.250000,0.392251,0.372254,0.463458,0.999318,0.261202,0.999198,0.861436,0.997500,0.096366,0.152097,0.119320,0.009032,0.224785,0.008912,0.324658,0.044225,0.824400,0.998549,0.867800,0.094202,0.956825,0.002396,0.958295,0.000409,0.416211,0.001228,0.136371,0.001411,0.123903,0.001852,0.131839,0.019878,0.864182,0.995534,0.210831,0.568095,0.443458,0.236217,0.999476,0.332202,0.977289,0.982815
ENSDARG00000060697_9_3,0.0000,-0.2283,1.000000,0.900175,0.890700,-15.6000,-17.4340,1.000000,0.858812,0.858651,0.998334,0.994223,0.764108,0.797145,0.719698,0.761724,0.708950,0.738711,0.749019,0.773714,0.993056,0.976543,0.986880,0.974622,0.991467,0.917219,0.998615,0.910554,0.997533,0.902825,0.977855,0.888440,0.727071,0.666792,0.737616,0.737104,0.724377,0.710264,0.746598,0.722800,0.999804,0.956148,0.995983,0.971672,0.999290,0.983710,0.998760,0.991431,0.998976,0.797370
ENSDARG00000060697_9_5,-1.1000,-1.2867,0.625000,0.688406,0.749966,-20.1000,-21.4865,0.625000,0.561389,0.563717,0.242234,0.416903,0.155884,0.355331,0.156636,0.363589,0.997892,0.518399,0.996698,0.552399,0.994993,0.673765,0.992040,0.701329,0.995488,0.886927,0.997031,0.462895,0.999019,0.448601,0.983930,0.603509,0.980219,0.799579,0.995716,0.470879,0.989842,0.393790,0.998448,0.801355,0.155055,0.646118,0.157780,0.644382,0.240193,0.646509,0.976788,0.431755,0.993427,0.456327
ENSDARG00000060697_9_6,0.0000,-0.8551,1.000000,0.693529,0.732893,-17.0000,-19.1310,0.750000,0.601239,0.669447,0.515630,0.552099,0.893901,0.696353,0.943392,0.957731,0.412267,0.419503,0.447284,0.432438,0.968498,0.956523,0.429895,0.666720,0.768485,0.740231,0.998678,0.866456,0.997479,0.974199,0.999084,0.733816,0.735029,0.582949,0.568487,0.476920,0.736275,0.583425,0.483838,0.721094,0.503200,0.737859,0.994179,0.994459,0.955279,0.987845,0.419329,0.211818,0.887643,0.096492
ENSDARG00000060697_9_7,0.0000,-0.6823,1.000000,0.924753,0.841866,-17.0000,-19.1316,0.500000,0.648252,0.717446,0.887741,0.870578,0.542178,0.761279,0.606263,0.866701,0.598547,0.854713,0.999165,0.989669,0.999646,0.990539,0.896761,0.859061,0.970767,0.965473,0.841452,0.822498,0.900114,0.619203,0.633021,0.495056,0.563649,0.068136,0.605657,0.081595,0.982648,0.498094,0.999938,0.498835,0.999408,0.471161,0.912598,0.955017,0.899591,0.957259,0.998670,0.979551,0.999515,0.744504
ENSDARG00000060697_9_8,-3.3000,-4.0163,0.625000,0.506561,0.544216,-20.2000,-21.7399,0.500000,0.465670,0.514062,0.968568,0.975767,0.703417,0.808184,0.999294,0.927424,0.370482,0.211863,0.046196,0.127929,0.025111,0.036629,0.037362,0.053645,0.644764,0.831367,0.647308,0.830947,0.999843,0.974244,0.999305,0.601924,0.390185,0.175958,0.366084,0.155422,0.357917,0.151451,0.008407,0.009108,0.335779,0.655299,0.647985,0.853970,0.658672,0.860534,0.677742,0.702340,0.999903,0.337231
ENSDARG00000060697_9_9,-1.0000,-2.3748,0.875000,0.434348,0.498523,-21.7000,-23.2656,0.375000,0.420857,0.519018,0.640504,0.410451,0.361179,0.907383,0.066951,0.213321,0.081483,0.231028,0.475486,0.353180,0.400252,0.942464,0.450744,0.932860,0.510313,0.940935,0.885246,0.536860,0.842627,0.362761,0.845792,0.371765,0.935100,0.810504,0.803129,0.231201,0.453270,0.742817,0.248738,0.930199,0.255717,0.943245,0.495103,0.494961,0.246308,0.009031,0.299943,0.005429,0.672577,0.009969
ENSDARG00000060697_9_10,-5.6000,-5.6568,0.250000,0.254376,0.403092,-22.0000,-23.3280,0.125000,0.174102,0.372122,0.996857,0.971743,0.971161,0.952233,0.993650,0.960310,0.002452,0.009306,0.001731,0.031393,0.003746,0.036259,0.004787,0.038367,0.006615,0.041232,0.049661,0.077199,0.999838,0.996451,0.998391,0.967906,0.997951,0.967227,0.047907,0.051252,0.005511,0.017384,0.005149,0.037853,0.003970,0.037241,0.001994,0.003255,0.003881,0.004306,0.999999,0.999151,0.966593,0.242377
ENSDARG00000060785_7_1,-0.7000,-1.3555,0.500000,0.662797,0.748132,-22.1000,-23.3988,0.500000,0.519007,0.433208,0.860457,0.999094,0.929710,0.990422,0.969208,0.987623,0.998365,0.074710,0.784875,0.002719,0.789284,0.001583,0.813640,0.010350,0.734328,0.004093,0.925390,0.477169,0.902467,0.914990,0.477256,0.016385,0.475283,0.032963,0.484702,0.046961,0.908337,0.994231,0.854791,0.999030,0.940486,0.998738,0.823733,0.994194,0.407412,0.051564,0.327319,0.019422,0.555598,0.047913
ENSDARG00000060785_7_3,-2.4000,-2.7998,0.500000,0.502317,0.601152,-18.6000,-20.7471,0.625000,0.496249,0.555679,0.997360,0.803274,0.994740,0.520275,0.996560,0.502334,0.999720,0.997570,0.257096,0.205859,0.018639,0.141385,0.018490,0.145765,0.019114,0.144580,0.999098,0.998089,0.706957,0.716708,0.996848,0.969469,0.999892,0.998281,0.999921,0.998112,0.999958,0.998075,0.808682,0.828250,0.897899,0.785296,0.018376,0.011558,0.017423,0.010395,0.018814,0.144930,0.257462,0.193378
ENSDARG00000060785_7_4,-4.1000,-4.4482,0.500000,0.449049,0.558026,-19.7000,-21.5653,0.625000,0.444150,0.591468,0.004281,0.200549,0.000908,0.189309,0.001266,0.180451,0.005575,0.198016,0.997378,0.986743,0.576416,0.649279,0.995338,0.988088,0.999630,0.963961,0.999309,0.975672,0.998311,0.984731,0.989746,0.978610,0.999961,0.980746,0.581079,0.652383,0.999349,0.985227,0.005281,0.189233,0.001344,0.191955,0.001018,0.005754,0.004399,0.015670,0.999939,0.654022,0.999986,0.858958
ENSDARG00000060785_7_5,-2.5000,-3.0438,0.375000,0.429337,0.519238,-19.5000,-21.6431,0.375000,0.415199,0.485694,0.547479,0.741840,0.061839,0.407670,0.068408,0.110980,0.770128,0.568612,0.996809,0.608587,0.245907,0.066243,0.243903,0.410748,0.264691,0.448570,0.999576,0.735976,0.985772,0.980705,0.991167,0.681745,0.774379,0.630618,0.778964,0.955875,0.044504,0.051356,0.113410,0.055713,0.220081,0.050092,0.977640,0.594589,0.742206,0.763130,0.268846,0.425036,0.289045,0.425800
ENSDARG00000060785_7_6,0.0000,-0.6360,1.000000,0.973458,0.866300,-16.1000,-18.0621,0.500000,0.824284,0.716570,0.430981,0.338451,0.436983,0.304207,0.999599,0.649710,0.948087,0.604870,0.946520,0.604924,0.953261,0.648473,0.796724,0.836928,0.439779,0.642545,0.618835,0.743002,0.993313,0.956451,0.988001,0.704387,0.986251,0.703193,0.993920,0.781148,0.953968,0.926987,0.948085,0.929304,0.926348,0.891010,0.992388,0.942977,0.985233,0.765413,0.991974,0.742652,0.995747,0.614778
ENSDARG00000060785_7_7,0.0000,-0.6371,1.000000,0.807490,0.819235,-18.8000,-20.1159,0.750000,0.718775,0.549036,0.890508,0.477591,0.694553,0.384851,0.364627,0.089876,0.371583,0.106054,0.999607,0.769510,0.998712,0.770467,0.873826,0.247346,0.999942,0.423520,0.998684,0.397067,0.901748,0.370992,0.899878,0.383129,0.931114,0.810117,0.930631,0.259891,0.981754,0.837383,0.893818,0.852278,0.956225,0.971766,0.865010,0.942287,0.563052,0.810889,0.687115,0.851941,0.582316,0.223768
ENSDARG00000060785_7_8,-1.0000,-1.4084,0.750000,0.745372,0.789182,-18.5000,-20.3489,0.750000,0.694851,0.565520,0.897899,0.958283,0.922830,0.269047,0.990035,0.245191,0.998131,0.221001,0.406324,0.149770,0.383167,0.161012,0.998543,0.949154,0.929962,0.464782,0.735609,0.102118,0.789522,0.612618,0.790234,0.627980,0.978413,0.990638,0.410856,0.929363,0.391603,0.927838,0.999964,0.996479,0.999557,0.992288,0.999117,0.989359,0.813473,0.643903,0.664666,0.033647,0.683740,0.045930
ENSDARG00000060785_7_9,-1.2000,-1.6039,0.500000,0.531197,0.625201,-18.7000,-20.2107,0.125000,0.271932,0.538114,0.825678,0.847293,0.921898,0.936993,0.958991,0.962571,0.957036,0.958025,0.218204,0.324817,0.147207,0.264229,0.124605,0.241769,0.119211,0.235799,0.982571,0.969450,0.999386,0.933916,0.999675,0.929195,0.999982,0.982761,0.080894,0.114876,0.081954,0.095417,0.106922,0.111634,0.208933,0.207485,0.999930,0.923262,0.998946,0.302143,0.998690,0.289301,0.773306,0.131339
ENSDARG00000060785_7_10,-1.3000,-1.9153,0.750000,0.758015,0.678521,-18.8000,-21.5262,0.375000,0.406423,0.463030,0.762950,0.956080,0.548867,0.922012,0.520385,0.897306,0.521953,0.907293,0.626234,0.932467,0.675394,0.368139,0.527660,0.156003,0.588575,0.106087,0.887854,0.098526,0.667197,0.111594,0.631820,0.126831,0.547405,0.426867,0.704902,0.924727,0.683852,0.846036,0.464059,0.073125,0.425621,0.058576,0.850883,0.072126,0.967400,0.939524,0.973416,0.097443,0.993984,0.239826
ENSDARG00000060862_1_1,-3.4000,-3.6700,0.375000,0.388378,0.436972,-20.7000,-22.0254,0.125000,0.219274,0.416391,0.073063,0.726161,0.937583,0.975117,0.032037,0.100657,0.024392,0.061522,0.031225,0.103938,0.070922,0.152137,0.265862,0.328717,0.990947,0.943689,0.991112,0.940485,0.978608,0.973740,0.976282,0.934411,0.260373,0.333062,0.069167,0.152254,0.029083,0.114544,0.020809,0.097688,0.018425,0.125238,0.978383,0.396972,0.047590,0.012958,0.943905,0.149839,0.999664,0.704696
ENSDARG00000060862_1_2,-0.2000,-0.8314,0.750000,0.768182,0.717007,-18.6000,-19.9387,0.250000,0.350250,0.663297,0.436014,0.938419,0.789562,0.947833,0.406193,0.911992,0.998562,0.925885,0.520658,0.853666,0.487300,0.823281,0.983355,0.983846,0.888106,0.760794,0.884733,0.715204,0.876356,0.887993,0.416054,0.846022,0.507802,0.869005,0.962648,0.980621,0.591894,0.222296,0.816461,0.178331,0.289565,0.036452,0.702056,0.068381,0.891049,0.875132,0.892426,0.113510,0.999356,0.327277
ENSDARG00000060862_1_3,0.0000,-0.7187,1.000000,0.835640,0.832190,-18.5000,-20.1189,0.750000,0.729968,0.528405,0.744708,0.955893,0.790740,0.961477,0.673670,0.219361,0.897362,0.148674,0.867621,0.122214,0.944621,0.083383,0.971984,0.078349,0.885366,0.070818,0.887582,0.942613,0.794498,0.126257,0.766009,0.116049,0.734514,0.903267,0.576718,0.880604,0.979474,0.992274,0.863985,0.971186,0.931922,0.963929,0.779271,0.851736,0.665742,0.046577,0.913670,0.182827,0.974336,0.950610
ENSDARG00000060862_1_5,-2.4000,-2.6744,0.500000,0.549501,0.628954,-18.9000,-20.3076,0.625000,0.554529,0.641753,0.941549,0.619068,0.869182,0.574995,0.913879,0.850876,0.988168,0.925846,0.148831,0.606694,0.076408,0.494468,0.069335,0.483664,0.284359,0.672672,0.957457,0.649363,0.957061,0.647496,0.997478,0.981667,0.979370,0.892022,0.981894,0.902083,0.999861,0.988432,0.272332,0.587894,0.068719,0.502357,0.095527,0.084782,0.083441,0.047567,0.894238,0.391769,0.999991,0.931351
ENSDARG00000060862_1_6,0.0000,-0.2208,1.000000,0.948480,0.946670,-16.5000,-18.5451,0.750000,0.669538,0.689035,0.911530,0.940562,0.969360,0.965364,0.974236,0.980859,0.963673,0.979241,0.952584,0.702806,0.941638,0.535722,0.932462,0.661005,0.998893,0.677206,0.883419,0.643730,0.832676,0.530819,0.999385,0.578398,0.985710,0.228672,0.950368,0.189463,0.981145,0.193705,0.966669,0.988473,0.827926,0.909724,0.866309,0.607600,0.999436,0.688476,0.999769,0.794299,0.996215,0.984567
ENSDARG00000060862_1_7,-2.5000,-2.9708,0.375000,0.538563,0.575095,-20.7000,-21.6923,0.875000,0.837345,0.561331,0.997961,0.996617,0.966038,0.991291,0.995002,0.184456,0.353209,0.036859,0.012182,0.002785,0.032958,0.011255,0.678189,0.922673,0.209502,0.055661,0.505297,0.213184,0.998606,0.948058,0.872183,0.108091,0.572272,0.056941,0.037682,0.017835,0.171013,0.930136,0.682069,0.951687,0.481328,0.936748,0.476535,0.939369,0.460022,0.950889,0.999864,0.993035,0.999995,0.979058
ENSDARG00000060862_1_8,0.0000,-0.6381,1.000000,0.731404,0.778525,-18.8000,-20.6590,1.000000,0.800739,0.574161,0.932512,0.685504,0.968975,0.543603,0.903234,0.111171,0.586056,0.066128,0.541729,0.064107,0.407070,0.050687,0.471626,0.506092,0.990078,0.426544,0.999151,0.548144,0.988261,0.433100,0.988755,0.661394,0.941812,0.980835,0.482706,0.755209,0.423041,0.965271,0.935208,0.958891,0.597282,0.847257,0.556012,0.776272,0.973874,0.960845,0.884847,0.642390,0.998264,0.499774
ENSDARG00000061308_30_1,0.0000,-0.1996,1.000000,0.918037,0.931020,-22.4000,-23.4294,0.125000,0.141619,0.626454,0.937108,0.998384,0.942572,0.987437,0.945623,0.982477,0.946363,0.981570,0.991433,0.991777,0.816056,0.998454,0.808978,0.837529,0.986859,0.785299,0.974173,0.962854,0.970471,0.911280,0.975364,0.963417,0.981102,0.995656,0.983467,0.092760,0.762831,0.002090,0.786298,0.002441,0.982401,0.002772,0.956964,0.002348,0.973576,0.983321,0.945998,0.025612,0.952762,0.021608
ENSDARG00000061308_30_2,-2.5000,-2.7013,1.000000,0.965928,0.698583,-17.9000,-19.6721,1.000000,0.910401,0.676656,0.829658,0.828075,0.054042,0.057925,0.055002,0.058459,0.125355,0.130718,0.961886,0.958028,0.965658,0.961531,0.998911,0.995790,1.000000,0.998474,0.124946,0.128688,0.060191,0.063562,0.068596,0.071935,1.000000,0.996724,0.810478,0.806576,0.928357,0.921323,0.999823,0.989230,0.994551,0.955661,0.999970,0.856649,0.994709,0.850249,0.999991,0.993617,0.999544,0.909902
ENSDARG00000061308_30_3,-1.9000,-2.6513,0.875000,0.829244,0.646733,-18.1000,-20.3156,1.000000,0.716478,0.574006,0.739228,0.661559,0.702544,0.493508,0.453395,0.348179,0.129168,0.220117,0.220538,0.532400,0.223838,0.507254,1.000000,0.814254,0.854276,0.413562,0.818923,0.371069,0.815985,0.399281,0.202435,0.614482,0.140382,0.372640,0.455382,0.480833,0.821859,0.598360,0.653069,0.522999,0.999964,0.659432,0.704562,0.547979,0.999128,0.999224,0.999987,0.999230,0.999997,0.923766
ENSDARG00000061308_30_4,-1.7000,-2.4544,0.875000,0.838566,0.674526,-17.1000,-19.4668,0.875000,0.808811,0.659657,0.684853,0.718393,0.516639,0.493318,0.784952,0.719973,0.291602,0.383850,0.229549,0.329885,0.238615,0.332478,0.999618,0.990396,0.939431,0.856759,0.931490,0.841439,1.000000,0.893762,0.083610,0.086426,0.081626,0.075973,0.153148,0.151801,1.000000,0.972217,0.590632,0.608339,1.000000,0.942184,0.999983,0.951123,0.965218,0.880618,0.999971,0.998159,0.999575,0.966051
ENSDARG00000061308_30_5,-1.0000,-1.7737,0.500000,0.654965,0.679355,-20.1000,-22.3734,0.500000,0.504379,0.612429,0.870522,0.950561,0.857787,0.945260,0.828244,0.939106,0.804181,0.957367,0.535619,0.972091,0.635560,0.984224,0.534508,0.961282,0.950380,0.993824,0.490898,0.345495,0.633152,0.085605,0.552257,0.034108,0.654277,0.044634,0.983661,0.128543,0.909623,0.986239,0.646669,0.996294,0.678438,0.886466,0.309944,0.864238,0.190798,0.004376,0.542572,0.006066,0.978018,0.162808
ENSDARG00000061308_30_6,-0.3000,-1.2031,0.625000,0.741549,0.734957,-22.8000,-23.9113,0.500000,0.478390,0.668786,0.616096,0.903055,0.844358,0.578580,0.518867,0.556451,0.550295,0.652457,0.983094,0.999016,0.729239,0.939310,0.997966,0.998260,0.989220,0.997176,0.896501,0.710264,0.619727,0.656702,0.549141,0.592237,0.472240,0.965101,0.967251,0.933244,0.629558,0.880936,0.668085,0.988208,0.972399,0.006524,0.356091,0.001275,0.658058,0.999145,0.704299,0.015109,0.976653,0.002675
ENSDARG00000061308_30_7,-2.3000,-2.7704,0.500000,0.524894,0.608756,-19.9000,-21.9045,0.500000,0.524329,0.455676,0.947401,0.948537,0.993198,0.409393,0.972647,0.370252,0.972775,0.397167,0.998625,0.408250,0.552185,0.192646,0.565666,0.585653,0.567710,0.629333,0.047704,0.122688,0.435954,0.249652,0.472886,0.362350,0.449211,0.242962,0.995630,0.848272,0.998679,0.854092,0.980937,0.866574,0.999246,0.981046,0.041941,0.160678,0.041961,0.139122,0.049951,0.164182,0.090808,0.180670
ENSDARG00000061308_30_8,0.0000,-0.7249,1.000000,0.858003,0.811359,-15.8000,-18.3896,0.500000,0.716421,0.678722,0.826547,0.773455,0.707920,0.695191,0.688856,0.676095,0.983144,0.970143,0.959312,0.883127,0.990505,0.647689,0.710866,0.428860,0.611248,0.345827,0.978054,0.977942,0.527300,0.412908,0.674355,0.571815,0.705054,0.460026,0.996174,0.816791,0.972869,0.811628,1.000000,0.826535,0.965789,0.847658,0.709352,0.608129,0.621823,0.496365,0.611374,0.493374,0.986645,0.830886
ENSDARG00000061308_30_9,-2.7000,-3.1079,0.500000,0.463735,0.566307,-19.6000,-21.5630,0.500000,0.510338,0.565310,0.978359,0.794273,0.974957,0.717714,0.046439,0.017212,0.034368,0.037967,0.036449,0.029600,0.149588,0.370488,0.996686,0.985039,0.668002,0.655756,0.780985,0.740169,0.999349,0.964854,0.974871,0.953224,0.976201,0.957209,0.757401,0.758663,0.666256,0.695316,0.996004,0.988517,1.000000,0.998413,0.148205,0.328143,0.034253,0.253434,0.033857,0.043317,0.073908,0.016900
ENSDARG00000061308_30_10,-5.5000,-5.5146,0.500000,0.501018,0.599708,-22.6000,-23.4065,0.250000,0.302160,0.519620,0.006709,0.017030,0.000267,0.009935,0.001092,0.009342,0.001007,0.009446,0.989315,0.979929,0.999557,0.990187,0.999328,0.990038,0.999792,0.990312,1.000000,0.999036,0.999990,0.997681,0.989449,0.989074,0.999520,0.993121,0.000366,0.001207,0.000919,0.001482,0.003463,0.001972,0.010098,0.016923,0.994678,0.207741,0.998627,0.194424,0.999998,0.999715,0.999993,0.993813
ENSDARG00000061685_0_1,0.0000,-0.5577,1.000000,0.836376,0.857809,-16.8000,-18.5948,0.625000,0.709737,0.769135,0.973925,0.975467,0.995965,0.986523,0.978451,0.976969,0.955245,0.914852,0.521566,0.401095,0.613948,0.475205,0.515143,0.380889,0.998916,0.994404,0.997862,0.985555,0.979313,0.883901,0.997678,0.886272,0.937150,0.843664,0.998268,0.884554,0.926914,0.931576,0.998697,0.981538,0.997994,0.987857,0.997017,0.841114,0.563210,0.353142,0.562926,0.266964,0.645983,0.431154
ENSDARG00000061685_0_2,-0.7000,-1.6408,0.750000,0.647572,0.661432,-20.2000,-21.4538,0.625000,0.612789,0.402206,0.524833,0.250889,0.504789,0.050110,0.599059,0.040781,0.854329,0.032281,0.633478,0.040866,0.519097,0.039634,0.584094,0.247042,0.506017,0.042163,0.892597,0.134703,0.938054,0.988332,0.890732,0.988901,0.600975,0.286112,0.272195,0.385413,0.102876,0.730398,0.472365,0.755428,0.750464,0.966310,0.825984,0.774397,0.918487,0.233323,0.854029,0.301733,0.984176,0.755307
ENSDARG00000061685_0_3,-3.8000,-4.0695,0.625000,0.565753,0.639415,-23.3000,-25.0069,0.625000,0.615899,0.464858,0.752769,0.351175,0.750240,0.058734,0.775744,0.022247,0.709905,0.004283,0.869572,0.002605,0.151001,0.000520,0.154536,0.000488,0.231545,0.007433,0.999554,0.999995,0.998998,0.999993,0.998190,0.971820,0.870222,0.950663,0.870997,0.999676,0.820832,0.999319,0.820276,0.981959,0.773141,0.985639,0.030517,0.889909,0.063809,0.027557,0.241698,0.020917,0.904758,0.022220
ENSDARG00000061685_0_4,-4.5000,-4.8083,0.500000,0.548893,0.544434,-23.9000,-25.6954,0.500000,0.500203,0.414107,0.068277,0.086994,0.052518,0.045315,0.967086,0.981564,0.990434,0.760780,0.997445,0.762552,0.999974,0.954787,0.063049,0.277451,0.063146,0.277579,0.992210,0.126983,0.966975,0.005414,0.317522,0.001013,0.018902,0.000093,0.033895,0.000407,0.996398,0.999973,0.998086,0.999963,0.998491,0.999975,0.968596,0.999857,0.021040,0.000406,0.028506,0.000131,0.346136,0.000910
ENSDARG00000061685_0_5,-6.8000,-6.8366,0.375000,0.377585,0.499985,-23.2000,-24.5082,0.250000,0.288576,0.460948,0.999035,0.987436,0.990936,0.964841,0.991060,0.977614,0.985432,0.965522,0.979213,0.977124,0.006519,0.007227,0.000376,0.001068,0.011173,0.014213,0.010813,0.013845,0.025140,0.027973,0.989828,0.986969,0.989497,0.986509,0.989712,0.986744,0.024824,0.027489,0.001451,0.001654,0.002664,0.002982,0.010762,0.011267,0.017276,0.019802,1.000000,0.997805,0.973988,0.260867
ENSDARG00000061685_0_6,-2.3000,-2.5212,0.500000,0.527259,0.626514,-19.8000,-21.4364,0.500000,0.491127,0.641392,0.974007,0.966870,0.965176,0.746767,0.966548,0.711245,0.999912,0.687431,0.999844,0.757706,0.998415,0.933677,0.244672,0.554220,0.075309,0.548132,0.108607,0.555489,0.949198,0.935326,0.078480,0.530385,0.952033,0.971579,0.917639,0.922471,0.964484,0.936860,0.999978,0.986771,0.125264,0.546575,0.952955,0.473085,0.026660,0.020839,0.021798,0.009895,0.209291,0.032520
ENSDARG00000061685_0_7,-1.1000,-1.8079,0.500000,0.615006,0.631429,-21.0000,-22.4205,0.375000,0.423433,0.375345,0.443743,0.923140,0.853571,0.706330,0.683033,0.766736,0.131145,0.229354,0.992077,0.434601,0.411238,0.422517,0.213910,0.399315,0.604002,0.185275,0.999022,0.037799,0.881174,0.008612,0.852997,0.003009,0.642611,0.002746,0.400646,0.004920,0.232848,0.189333,0.807207,0.996852,0.449240,0.995818,0.999271,0.997707,0.795503,0.192246,0.240774,0.004726,0.994558,0.005865
ENSDARG00000061685_0_8,-0.5000,-1.0929,0.750000,0.752622,0.759545,-16.9000,-19.1049,0.625000,0.583081,0.657774,0.603220,0.599120,0.559155,0.558291,0.448723,0.443964,0.742876,0.771198,0.986145,0.956127,0.658487,0.621199,0.646892,0.571057,0.991704,0.848474,0.992752,0.815201,0.986601,0.843590,0.997050,0.907409,0.556312,0.555197,0.180357,0.208579,0.247579,0.288849,0.997229,0.979949,0.751395,0.769939,0.903354,0.892783,0.976406,0.693014,0.983863,0.641109,0.980791,0.190428
ENSDARG00000061685_0_9,-1.9000,-2.3106,0.375000,0.526272,0.580219,-23.7000,-25.1051,0.625000,0.603443,0.353368,0.278574,0.996896,0.043393,0.147075,0.025266,0.002151,0.228457,0.001421,0.231091,0.001257,0.997618,0.001545,0.998937,0.002993,0.999954,0.002808,0.998530,0.004569,0.998305,0.018590,0.794719,0.065631,0.799350,0.994875,0.800853,0.006313,0.999281,0.003890,0.233814,0.007925,0.228172,0.948057,0.226768,0.878513,0.245341,0.995284,0.476481,0.992791,0.999467,0.994773
ENSDARG00000061685_0_10,-2.7000,-2.8815,0.500000,0.531745,0.624917,-19.6000,-21.0976,0.625000,0.528802,0.632661,0.991025,0.897867,0.971915,0.882250,0.973439,0.808861,0.974113,0.795249,0.975405,0.783954,0.998357,0.795350,0.993396,0.968614,0.994179,0.793529,0.246191,0.505262,0.043030,0.398843,0.041271,0.392641,0.042050,0.400386,0.997470,0.993737,0.973564,0.934016,0.972964,0.934940,0.969547,0.610753,0.013982,0.016286,0.041212,0.404419,0.035825,0.282569,0.249399,0.053695
ENSDARG00000061976_0_1,-0.6000,-1.1707,1.000000,0.957841,0.796629,-17.1000,-19.5388,0.875000,0.718473,0.603325,0.327405,0.497136,0.332161,0.249818,0.749829,0.296761,0.999082,0.510838,0.974853,0.801177,0.826732,0.441003,0.589745,0.462645,0.672472,0.452594,0.749498,0.769799,0.999893,0.707683,0.522256,0.564316,0.525921,0.564938,0.977550,0.944618,0.958318,0.929757,0.944871,0.723496,0.897999,0.523279,0.912927,0.610369,0.977986,0.803249,0.999990,0.992045,0.993088,0.220973
ENSDARG00000061976_0_2,0.0000,-0.1750,1.000000,0.917600,0.925657,-15.6000,-17.4582,1.000000,0.780798,0.859717,0.993618,0.979166,0.954449,0.936531,0.952146,0.935284,0.913456,0.900607,0.919523,0.925650,0.909838,0.893973,0.993609,0.968992,0.881469,0.863178,0.872719,0.836149,0.869068,0.800552,0.993047,0.983676,0.919390,0.924189,0.921607,0.784038,0.950145,0.811014,0.842658,0.705837,0.815568,0.650121,0.827029,0.659287,0.988908,0.950344,0.997101,0.956278,0.997785,0.729463
ENSDARG00000061976_0_4,0.0000,-0.8878,1.000000,0.723001,0.775289,-15.9000,-18.4545,0.500000,0.629340,0.661717,0.978851,0.825404,0.997338,0.646452,0.992826,0.608280,0.999535,0.974567,0.697176,0.433731,0.503426,0.331045,0.426585,0.659028,0.249134,0.171977,0.896412,0.614388,0.987571,0.978490,0.999599,0.990055,0.993325,0.966200,0.992618,0.969314,0.982147,0.962684,0.418280,0.668733,0.309833,0.267939,0.492433,0.309407,0.733725,0.817853,0.896952,0.544391,0.958022,0.494401
ENSDARG00000061976_0_7,-8.1000,-8.1954,0.250000,0.266544,0.413235,-25.2000,-26.6414,0.250000,0.251170,0.401743,0.120716,0.012846,0.014210,0.005194,0.000201,0.002660,0.000012,0.002594,0.000046,0.002707,0.010920,0.013577,0.996296,0.996282,0.991072,0.991081,0.998887,0.998878,0.999992,0.999960,0.999998,0.999921,0.999999,0.999811,0.986350,0.986058,1.000000,0.999981,0.010815,0.011240,0.000047,0.000093,0.000012,0.000020,0.000101,0.000042,0.015318,0.003322,0.119706,0.008602
ENSDARG00000061976_0_8,-3.4000,-3.7780,0.500000,0.603101,0.604565,-19.9000,-22.0735,0.250000,0.417392,0.479665,0.826783,0.675519,0.786941,0.666537,0.730430,0.410798,0.101312,0.229266,0.148408,0.374777,0.127349,0.360713,0.966549,0.929271,0.371617,0.639197,0.917527,0.765909,0.771515,0.405019,0.770355,0.396968,0.747700,0.400193,0.244627,0.350657,0.972571,0.877093,0.226957,0.618753,0.225431,0.311360,0.231944,0.123101,0.973397,0.375274,0.949897,0.276379,0.999985,0.406515
ENSDARG00000061976_0_9,-2.7000,-2.7448,0.750000,0.743545,0.703982,-22.8000,-23.9576,0.375000,0.403975,0.455111,0.055176,0.301763,0.051649,0.266709,0.057139,0.301352,0.994063,0.983576,0.987829,0.539004,0.988116,0.471737,0.998291,0.471229,0.980845,0.519417,0.981124,0.991698,0.980927,0.520062,0.998209,0.481319,0.057918,0.022544,0.034428,0.006285,0.038949,0.008481,0.980699,0.576038,0.977239,0.543425,0.976866,0.535042,0.996379,0.545405,0.968552,0.555769,0.975245,0.461359
ENSDARG00000062646_0_1,-0.1000,-1.0817,0.750000,0.793879,0.740629,-20.4000,-22.4824,0.125000,0.195717,0.450140,0.654615,0.960714,0.607103,0.964178,0.568335,0.953299,0.565190,0.980809,0.789714,0.987951,0.772245,0.921961,0.685044,0.261714,0.699886,0.151842,0.958260,0.174696,0.989309,0.869858,0.725567,0.117105,0.446274,0.092941,0.429029,0.026350,0.539096,0.022888,0.787828,0.084666,0.830996,0.109385,0.889728,0.890017,0.917501,0.234841,0.965372,0.076819,0.991482,0.120768
ENSDARG00000062646_0_2,-5.6000,-5.6909,0.750000,0.738853,0.604363,-22.6000,-23.6594,0.500000,0.539711,0.522850,0.002125,0.001981,0.000149,0.000184,0.000527,0.000552,0.133185,0.113785,0.936261,0.954833,0.999960,0.999943,0.981077,0.987683,0.992131,0.990588,0.999951,0.999904,0.999207,0.999129,0.094313,0.073924,0.037550,0.016811,0.032134,0.015633,0.036306,0.016851,0.966320,0.984553,0.992132,0.987643,0.966413,0.421921,0.961782,0.261308,0.961213,0.744605,0.994521,0.885173
ENSDARG00000062646_0_4,-2.0000,-2.0597,1.000000,0.998334,0.715226,-21.7000,-23.3431,0.750000,0.755588,0.504811,0.041151,0.567053,0.039980,0.814674,0.081924,0.501618,0.999294,0.985605,0.999396,0.979770,0.999988,0.102512,0.999837,0.038769,0.996294,0.011713,0.086431,0.003482,0.039378,0.000113,0.039312,0.000124,0.994871,0.046088,0.999352,0.999332,0.998897,0.999872,0.999677,0.999958,0.999958,0.999963,0.997699,0.999481,0.999309,0.999986,0.993950,0.045009,0.997827,0.001100
ENSDARG00000062646_0_5,-0.9000,-1.4523,0.250000,0.421457,0.535482,-17.4000,-20.0087,0.750000,0.532359,0.600280,0.450311,0.674396,0.267652,0.379001,0.297481,0.356729,0.999366,0.498830,0.237557,0.297049,0.182333,0.271230,0.158151,0.708979,0.833126,0.729541,0.959033,0.923181,0.969089,0.960459,0.994680,0.977890,0.989205,0.969435,0.860605,0.904182,0.921155,0.851677,0.247878,0.673875,0.195343,0.581190,0.192601,0.464030,0.240295,0.594793,0.223572,0.139608,0.490206,0.049518
ENSDARG00000062646_0_6,-2.8000,-3.0393,0.625000,0.604854,0.593931,-18.5000,-20.3139,0.625000,0.581604,0.571600,0.787192,0.768969,0.982375,0.898093,0.018366,0.049096,0.016662,0.058983,0.038617,0.110056,0.113023,0.130412,0.993048,0.908685,0.993958,0.897054,0.999456,0.997681,0.995010,0.912007,0.994002,0.908719,0.108075,0.139421,0.036465,0.140513,0.033626,0.136649,0.025771,0.134959,0.979922,0.932547,0.996279,0.926791,0.770772,0.671434,0.996246,0.910188,0.999751,0.799753
ENSDARG00000062646_0_7,-3.7000,-4.3242,0.375000,0.388540,0.420979,-19.3000,-21.6146,0.375000,0.403509,0.414955,0.018864,0.105498,0.008478,0.041066,0.463826,0.348189,0.177204,0.152045,0.105963,0.118739,0.178289,0.215604,0.301764,0.439453,0.968380,0.939743,0.995928,0.902840,0.998196,0.900395,0.996722,0.789873,0.097652,0.117578,0.013835,0.041805,0.011267,0.202805,0.062988,0.251436,0.684257,0.715758,0.019353,0.079595,0.319909,0.280972,0.996719,0.859352,0.999989,0.796349
ENSDARG00000062646_0_8,-2.8000,-4.0344,0.125000,0.279834,0.421442,-19.1000,-21.6105,0.125000,0.284391,0.415561,0.982057,0.785358,0.793413,0.795085,0.405708,0.341014,0.329948,0.258168,0.011407,0.038939,0.042088,0.142808,0.212566,0.294635,0.150393,0.296124,0.331997,0.391830,0.947052,0.834665,0.991542,0.931276,0.991992,0.926186,0.357698,0.391974,0.252130,0.316031,0.048191,0.114391,0.243923,0.380092,0.243343,0.264208,0.362985,0.321792,0.139361,0.074062,0.591039,0.412581
ENSDARG00000062646_0_9,0.0000,-0.2879,1.000000,0.952202,0.944931,-16.0000,-17.9542,0.375000,0.689254,0.775865,0.960228,0.963643,0.922236,0.922722,0.945393,0.930244,0.992928,0.941760,0.981841,0.918214,0.996481,0.943716,0.998758,0.832581,0.905711,0.784746,0.646929,0.579469,0.941681,0.692984,0.990051,0.570784,0.998776,0.922413,0.985284,0.490169,0.900738,0.840814,0.835260,0.471577,0.926264,0.613550,0.984744,0.654366,0.996813,0.697931,0.991398,0.985114,0.997117,0.760507
ENSDARG00000062646_0_10,-0.6000,-1.3644,1.000000,0.636896,0.649590,-21.8000,-22.6949,0.500000,0.485193,0.652709,0.700936,0.339271,0.500564,0.339092,0.756647,0.996649,0.812534,0.992888,0.508914,0.996160,0.551825,0.993256,0.757832,0.998915,0.162182,0.267751,0.218320,0.261871,0.963728,0.997966,0.965422,0.994308,0.997715,0.994497,0.701168,0.926691,0.554591,0.925313,0.996874,0.996107,0.512066,0.011459,0.467946,0.010542,0.730041,0.996497,0.520214,0.011619,0.612271,0.003320
ENSDARG00000062976_8_1,-4.1000,-4.2653,0.375000,0.423384,0.530001,-19.7000,-21.5044,0.375000,0.452031,0.505707,0.991789,0.845053,0.159541,0.162228,0.108365,0.119914,0.007260,0.063701,0.051974,0.186496,0.021753,0.053640,0.960487,0.805351,0.999798,0.863525,0.999628,0.998172,0.999367,0.828153,0.960425,0.789238,0.952560,0.782424,0.068905,0.220363,0.001935,0.173972,0.002928,0.175749,0.945070,0.940779,0.163266,0.291750,0.206454,0.335936,0.998691,0.824244,0.999819,0.653454
ENSDARG00000062976_8_2,-5.6000,-6.0670,0.375000,0.489979,0.402144,-22.4000,-23.9050,0.250000,0.339772,0.382154,0.457385,0.855686,0.456747,0.848836,0.003641,0.006694,0.000846,0.006685,0.000851,0.006884,0.005225,0.006325,0.097304,0.097473,0.999776,0.994365,0.999500,0.995272,0.999659,0.999117,0.097109,0.101493,0.004998,0.006085,0.000730,0.002246,0.000906,0.002352,0.004031,0.010662,0.999940,0.991638,0.468845,0.527360,0.458879,0.121904,0.988782,0.221426,0.997722,0.840584
ENSDARG00000062976_8_3,-1.7000,-1.8980,1.000000,0.967672,0.722940,-25.8000,-26.6954,0.875000,0.887066,0.367060,0.967850,0.111115,0.106786,0.001461,0.101466,0.000094,0.218531,0.000675,0.958209,0.002421,0.973094,0.004005,0.981074,0.004656,0.964219,0.002897,0.228768,0.002289,0.131239,0.001081,0.125621,0.000404,0.960573,0.113567,0.959087,0.991694,0.961832,0.999894,0.993427,0.999894,0.938588,0.999967,0.914927,0.994485,0.985999,1.000000,0.988548,1.000000,0.998966,0.110596
ENSDARG00000062976_8_4,-1.3000,-1.8659,0.250000,0.386767,0.506380,-17.5000,-19.9116,0.250000,0.423033,0.581255,0.986447,0.890354,0.977439,0.923055,0.350069,0.574990,0.124246,0.460500,0.100364,0.401865,0.090363,0.370890,0.096930,0.362290,0.384591,0.518620,0.954979,0.916900,0.998036,0.987059,0.986826,0.926981,0.983164,0.907323,0.983116,0.920175,0.998179,0.974584,0.371284,0.497812,0.065622,0.278579,0.090558,0.252331,0.102322,0.264991,0.122440,0.109269,0.360618,0.086526
ENSDARG00000062976_8_5,-0.8000,-1.5877,0.250000,0.512145,0.594608,-23.1000,-24.1400,0.000000,0.043124,0.516588,0.260541,0.971180,0.129227,0.975047,0.237453,0.997505,0.935751,0.999187,0.991852,0.998252,0.555984,0.982546,0.369958,0.952842,0.492340,0.990226,0.998914,0.996743,0.998636,0.996744,0.918002,0.124336,0.906345,0.002167,0.432312,0.002119,0.383228,0.002511,0.564269,0.001664,0.199730,0.000797,0.191852,0.004634,0.371899,0.004530,0.973775,0.032610,0.980095,0.296129
ENSDARG00000062976_8_6,-2.1000,-2.5630,0.625000,0.569488,0.683637,-18.9000,-21.4152,0.625000,0.562861,0.544346,0.905733,0.930995,0.994517,0.961376,0.917243,0.988256,0.890501,0.825794,0.972347,0.663708,0.999986,0.353065,0.999974,0.281152,0.999933,0.504561,0.991912,0.651379,0.198653,0.024156,0.131038,0.179581,0.114998,0.019999,0.655080,0.527902,0.999258,0.999426,1.000000,0.999793,0.899575,0.984943,0.575749,0.674042,0.139928,0.177734,0.056468,0.015087,0.229845,0.123963
ENSDARG00000062976_8_7,-2.4000,-2.7329,0.500000,0.477325,0.561684,-17.8000,-19.9128,0.500000,0.466011,0.558114,0.049510,0.274081,0.025600,0.229543,0.058281,0.407158,0.846339,0.844250,0.910683,0.791069,0.095443,0.110206,0.805475,0.540141,0.828484,0.626240,0.999569,0.939146,0.990406,0.955987,0.896151,0.881822,0.909141,0.834558,0.800214,0.559868,0.153295,0.148419,0.695683,0.471670,0.999584,0.990116,0.077991,0.379202,0.062838,0.347549,0.049629,0.166800,0.979364,0.664464
ENSDARG00000062976_8_8,-0.7000,-1.5467,1.000000,0.753446,0.697498,-19.5000,-21.2958,0.625000,0.511540,0.605709,0.198449,0.274892,0.176850,0.245490,0.773804,0.677167,0.758840,0.718471,0.961519,0.970946,0.653239,0.885700,0.374476,0.472963,0.682587,0.574140,0.825845,0.873814,0.937004,0.934467,0.805238,0.721759,0.774552,0.672050,0.693982,0.642581,0.776360,0.701389,0.605931,0.821316,0.621373,0.814835,0.935629,0.977877,0.690207,0.060789,0.706484,0.049225,0.997600,0.024309
ENSDARG00000062976_8_9,-6.4000,-6.4441,0.875000,0.864489,0.505287,-23.0000,-24.1955,0.625000,0.692361,0.458051,0.045782,0.153448,0.029423,0.131674,0.028712,0.130475,0.027808,0.135576,0.041554,0.148362,0.999912,0.998178,0.974338,0.864030,0.973055,0.859664,0.016832,0.015004,0.000316,0.000742,0.014912,0.110371,0.037183,0.074612,0.047498,0.083048,0.994089,0.915345,0.999068,0.924504,0.986940,0.939671,0.970660,0.455127,0.971035,0.473657,0.972548,0.909313,0.974078,0.838219
ENSDARG00000062976_8_10,0.0000,-0.2074,1.000000,0.950595,0.929099,-16.6000,-18.3734,0.375000,0.547210,0.727320,0.836789,0.838822,0.825170,0.803955,0.898830,0.803553,0.967789,0.871320,0.972236,0.904238,0.990652,0.924346,0.893194,0.840001,0.879531,0.848078,0.840124,0.801437,0.972221,0.963217,0.954025,0.841743,0.946650,0.728020,0.930277,0.694164,0.964874,0.457013,0.948908,0.434029,0.934495,0.452535,0.994506,0.974654,0.963269,0.917451,0.921914,0.216077,0.946515,0.231756
ENSDARG00000063150_6_1,-0.3000,-0.9665,0.875000,0.863099,0.732211,-16.7000,-18.9269,0.750000,0.727227,0.672456,0.895757,0.916797,0.351726,0.385079,0.352993,0.395198,0.441594,0.399969,0.653324,0.583131,0.896456,0.836168,0.912601,0.855519,0.953275,0.877971,0.954656,0.952998,0.611186,0.634015,0.390326,0.425598,0.325542,0.368863,0.380964,0.405669,0.993151,0.986357,0.918839,0.943104,0.926091,0.863825,0.844708,0.608498,0.914179,0.930196,0.960743,0.890337,0.966112,0.189834
ENSDARG00000063150_6_2,-3.4000,-4.2596,0.375000,0.428948,0.540902,-20.8000,-22.6908,0.500000,0.444582,0.623540,0.980770,0.896430,0.820703,0.764185,0.706160,0.728464,0.454789,0.809793,0.197290,0.626219,0.051444,0.506942,0.291389,0.504823,0.312132,0.565246,0.615456,0.682118,0.979594,0.976962,0.999312,0.990412,0.977420,0.862552,0.999992,0.992845,0.999990,0.994219,0.999999,0.999818,0.004000,0.310605,0.004527,0.190473,0.002901,0.010203,0.057291,0.024254,0.362881,0.034239
ENSDARG00000063150_6_3,-3.1000,-3.2617,0.750000,0.743008,0.615151,-20.6000,-22.3780,0.375000,0.426913,0.451177,0.968385,0.977106,0.972740,0.983089,0.106141,0.111369,0.051586,0.055651,0.052436,0.264533,0.149478,0.104764,0.990237,0.750370,0.991241,0.756850,0.985941,0.770386,0.977453,0.745941,0.104478,0.080770,0.008844,0.007406,0.008963,0.010919,0.109992,0.282250,0.999468,0.969227,0.967685,0.953527,0.959553,0.469321,0.959271,0.477231,0.960794,0.160618,0.978335,0.092213
ENSDARG00000063150_6_4,-4.5000,-5.3037,0.875000,0.727857,0.563334,-24.0000,-25.4286,0.500000,0.534634,0.396388,0.272300,0.929560,0.258951,0.231358,0.358011,0.203427,0.470108,0.235292,0.709754,0.252045,0.985796,0.098103,0.687641,0.391548,0.663196,0.392364,0.562129,0.575568,0.255650,0.182268,0.114881,0.053267,0.105405,0.105891,0.374360,0.604561,0.884170,0.959065,0.999997,0.999977,0.655774,0.406847,0.729475,0.471172,0.638026,0.360795,0.776888,0.430771,0.764163,0.043880
ENSDARG00000063150_6_5,-1.4000,-2.0670,0.375000,0.547152,0.607768,-19.9000,-21.6134,0.500000,0.491728,0.515591,0.997047,0.580508,0.785758,0.416924,0.363598,0.808733,0.126905,0.258507,0.116962,0.310969,0.380182,0.834910,0.973726,0.921817,0.877492,0.653184,0.614992,0.591163,0.988832,0.324416,0.773989,0.195289,0.778656,0.481567,0.918517,0.182297,0.162645,0.034281,0.997275,0.541296,0.998852,0.996060,0.379200,0.861795,0.347443,0.831736,0.281317,0.474340,0.291965,0.012021
ENSDARG00000063150_6_6,-1.4000,-2.1505,0.500000,0.560045,0.615519,-18.5000,-20.7998,0.500000,0.553085,0.547072,0.111284,0.367284,0.095929,0.145467,0.113569,0.032707,0.849763,0.406553,0.456116,0.316417,0.564837,0.191394,0.985775,0.989313,0.989847,0.657090,0.984756,0.665830,0.844597,0.926746,0.835428,0.857365,0.998116,0.960589,0.823075,0.942221,0.999335,0.996061,0.300628,0.655124,0.990726,0.672358,0.671063,0.599598,0.118671,0.500654,0.117484,0.020826,0.459376,0.037841
ENSDARG00000063150_6_7,-3.9000,-4.1257,0.625000,0.701074,0.677290,-19.5000,-21.4998,0.625000,0.580275,0.581682,0.781138,0.607544,0.081602,0.099531,0.110721,0.150165,0.054580,0.099084,0.983092,0.941087,0.931109,0.886456,0.925461,0.889826,0.741341,0.579193,0.778347,0.603769,0.884293,0.755927,0.783059,0.582997,0.882462,0.795870,0.290507,0.293293,0.296540,0.265744,0.226889,0.184666,0.924545,0.862552,0.930856,0.895790,0.991233,0.736304,0.948547,0.713157,0.999477,0.690695
ENSDARG00000063150_6_8,-3.0000,-3.3273,0.500000,0.459273,0.567222,-18.7000,-20.5636,0.500000,0.438476,0.551836,0.997947,0.979321,0.995878,0.957817,0.983331,0.952702,0.996904,0.988557,0.976113,0.968945,0.608823,0.511531,0.019175,0.039182,0.038572,0.051615,0.020696,0.032842,0.038474,0.064668,0.996991,0.994015,0.997353,0.987713,0.999133,0.985301,0.983774,0.955742,0.996384,0.965295,0.008890,0.012099,0.010101,0.043537,0.013471,0.028223,0.026084,0.036369,0.636347,0.481245
ENSDARG00000063150_6_9,-0.2000,-1.0468,0.875000,0.876182,0.772883,-21.5000,-23.3075,0.625000,0.650183,0.428868,0.283805,0.994724,0.199822,0.992092,0.316620,0.147498,1.000000,0.009462,0.981345,0.008605,0.949287,0.008659,0.997806,0.008790,0.994114,0.010869,0.982891,0.011073,0.834283,0.048580,0.649408,0.150926,0.258832,0.984613,0.335735,0.842621,0.799421,0.399419,0.988788,0.399174,0.964690,0.445681,0.979598,0.977998,0.967632,0.800108,0.973890,0.713001,0.999703,0.623459
ENSDARG00000063150_6_10,-8.2000,-8.2995,0.625000,0.632209,0.409020,-23.9000,-25.6319,0.625000,0.584015,0.401861,0.026072,0.138675,0.024808,0.129610,0.018422,0.029452,0.000940,0.011404,0.000325,0.002753,0.020898,0.031239,0.999405,0.989361,1.000000,0.999726,0.999542,0.985202,0.031188,0.030863,0.000468,0.002014,0.000668,0.014804,0.007673,0.027851,1.000000,0.992307,0.104283,0.145871,0.038213,0.033095,0.907718,0.702890,0.999994,0.981249,0.999918,0.967011,0.999873,0.821848
ENSDARG00000063258_0_1,-3.5000,-3.9333,0.500000,0.514768,0.611579,-22.2000,-24.5266,0.375000,0.378633,0.386187,0.998533,0.603992,0.998633,0.056876,0.936837,0.005331,0.777246,0.004323,0.300856,0.016548,0.103709,0.015397,0.018994,0.022417,0.020126,0.002625,0.984108,0.977317,0.986893,0.994793,0.987502,0.995074,0.999987,0.999993,0.999745,0.999960,0.999768,0.999961,0.006999,0.003403,0.004002,0.001514,0.048958,0.233802,0.259928,0.484998,0.937837,0.302487,0.860907,0.002936
ENSDARG00000063258_0_3,-3.0000,-3.5772,0.250000,0.450263,0.474334,-20.0000,-22.0702,0.250000,0.326306,0.428010,0.823765,0.888290,0.207839,0.304751,0.052003,0.051892,0.689141,0.598112,0.022302,0.075365,0.090111,0.181752,0.318057,0.400085,0.548461,0.588437,0.993055,0.986191,0.764477,0.691574,0.687599,0.601160,0.687758,0.582135,0.249319,0.221287,0.999741,0.983857,0.129544,0.153598,0.218029,0.120203,0.301218,0.084166,0.988389,0.617995,0.351390,0.126416,0.364476,0.302925
ENSDARG00000063258_0_4,-0.9000,-1.5752,0.750000,0.747960,0.796590,-17.7000,-19.3031,0.500000,0.638641,0.680209,0.988748,0.908161,0.995442,0.877002,1.000000,0.759541,0.612322,0.602679,0.417575,0.493578,0.960086,0.669769,0.546592,0.459222,0.443387,0.321245,1.000000,0.991427,0.991413,0.925721,0.992546,0.930678,1.000000,0.556032,0.945798,0.522531,0.949375,0.523929,0.160545,0.206067,0.104935,0.109295,1.000000,0.984459,0.867176,0.877781,0.955854,0.963651,1.000000,0.921416
ENSDARG00000063258_0_5,0.0000,-0.1312,1.000000,0.934283,0.933934,-15.6000,-17.9806,1.000000,0.701616,0.690368,0.998173,0.933891,0.859886,0.840805,0.844284,0.717131,0.840695,0.612904,0.850890,0.537615,0.994520,0.836017,0.985173,0.699929,0.993017,0.608996,0.974467,0.591252,0.957479,0.832583,0.953496,0.498165,0.952330,0.485153,0.996576,0.765788,0.990322,0.706563,0.881983,0.624126,0.874562,0.622078,0.865304,0.650882,0.876622,0.737647,0.995201,0.855265,0.993696,0.650576
ENSDARG00000063258_0_7,0.0000,-0.4267,1.000000,0.915359,0.893579,-15.7000,-18.0113,0.500000,0.719343,0.780561,0.800997,0.860015,0.737849,0.782898,0.912018,0.876977,0.963801,0.835764,0.844633,0.750168,0.955202,0.856506,0.997993,0.907269,0.999733,0.975398,0.799566,0.655803,0.714987,0.597324,0.930500,0.896046,0.891419,0.862294,0.999914,0.871148,0.999847,0.858476,0.787252,0.560806,0.742561,0.508317,0.907710,0.686624,0.944116,0.682871,0.965317,0.860213,0.976156,0.726293
ENSDARG00000063258_0_8,-2.3000,-2.8692,0.500000,0.500646,0.555997,-22.9000,-24.1817,0.750000,0.732773,0.483892,0.987526,0.996387,0.165239,0.994336,0.103753,0.011591,0.133783,0.003320,0.145619,0.003181,0.631142,0.005037,0.579746,0.004060,0.870403,0.996061,0.891607,0.489852,0.978985,0.226325,0.986926,0.065180,0.640044,0.020325,0.998962,0.018297,0.587433,0.057397,0.987252,0.947843,0.133982,0.907318,0.131293,0.997057,0.087631,0.997234,0.129668,0.988815,0.948948,0.948227
ENSDARG00000063258_0_9,-2.3000,-2.7344,0.500000,0.596713,0.578224,-19.7000,-21.7240,0.750000,0.612270,0.614966,0.448314,0.907946,0.956520,0.891450,0.250887,0.756957,0.984589,0.887765,0.102136,0.909642,0.083673,0.907378,0.147563,0.920282,0.940657,0.479098,0.891760,0.439552,0.935082,0.234621,0.957869,0.060083,0.091725,0.006390,0.110305,0.037081,0.067299,0.038309,0.938578,0.848419,0.243232,0.591931,0.993578,0.553901,0.429609,0.929478,0.997065,0.965891,0.994041,0.933153
ENSDARG00000063258_0_10,0.0000,-0.0924,1.000000,0.990075,0.983091,-19.7000,-21.1829,0.625000,0.624707,0.476572,0.908402,0.992172,0.994607,0.139279,0.994050,0.084834,0.999104,0.063585,0.999335,0.058915,0.885461,0.050885,0.993984,0.059138,0.990142,0.064997,0.984845,0.073004,0.997680,0.999349,0.994328,0.948456,0.999276,0.999177,0.996445,0.999150,0.995754,0.999098,0.978974,0.994898,0.996240,0.919205,0.999357,0.993083,0.987559,0.074318,0.979238,0.013511,0.987034,0.004392
ENSDARG00000063332_1_1,-1.7000,-2.3649,0.500000,0.537914,0.609993,-19.2000,-20.9517,0.500000,0.466458,0.565106,0.079997,0.655066,0.036735,0.545946,0.077252,0.825557,0.244781,0.496535,0.773918,0.606238,0.999753,0.997827,0.967316,0.958133,0.960303,0.950744,0.963980,0.487876,0.883250,0.456685,0.911770,0.458910,0.997486,0.130934,0.188349,0.026342,0.240021,0.025240,0.456154,0.123850,0.051451,0.504841,0.369621,0.933397,0.997948,0.774906,0.999897,0.797813,0.999869,0.545277
ENSDARG00000063332_1_2,-5.3000,-5.6167,0.250000,0.358875,0.447102,-23.7000,-25.0737,0.250000,0.367039,0.360963,0.117693,0.263853,0.012189,0.115058,0.015676,0.079062,0.992133,0.592572,0.020292,0.382844,0.017725,0.452985,0.318614,0.662913,0.997812,0.577987,0.997093,0.556881,0.985267,0.540197,0.798247,0.029833,0.798299,0.028766,0.314076,0.819852,0.019676,0.433002,0.023839,0.376227,0.830753,0.447327,0.200579,0.155162,0.196918,0.091083,0.286697,0.100648,0.998464,0.513013
ENSDARG00000063332_1_3,-2.4000,-2.8690,1.000000,0.857945,0.653885,-19.5000,-21.4888,0.500000,0.543276,0.486717,0.173289,0.412515,0.033528,0.356873,0.125590,0.296327,0.896313,0.708457,0.852753,0.883886,0.848074,0.731911,0.352808,0.315767,0.232994,0.374259,0.242361,0.280138,0.767406,0.654764,0.818651,0.215766,0.870385,0.157475,0.884670,0.136886,0.803615,0.121865,0.988666,0.195472,0.709005,0.954883,0.670428,0.945966,0.895010,0.979233,0.947144,0.903360,0.965021,0.108544
ENSDARG00000063332_1_4,-6.3000,-6.3160,0.375000,0.377924,0.402909,-22.5000,-23.7595,0.125000,0.221407,0.340407,0.009186,0.011495,0.002319,0.004466,0.000815,0.001565,0.005834,0.006224,0.999176,0.997419,0.005733,0.007547,0.006357,0.008441,0.999985,0.998806,0.999915,0.999655,0.999855,0.997709,0.999859,0.997709,0.005747,0.005855,0.005595,0.006886,0.999981,0.999918,0.005815,0.008021,0.000737,0.003015,0.002893,0.004481,0.008555,0.008777,0.999932,0.375558,0.999882,0.364603
ENSDARG00000063332_1_5,-7.4000,-7.4157,0.500000,0.503471,0.403366,-23.0000,-24.5085,0.500000,0.474396,0.391960,0.013228,0.014923,0.005642,0.006871,0.008438,0.009707,0.003333,0.003406,0.000058,0.000304,0.002974,0.003182,0.999997,0.999991,0.999995,0.999984,0.999995,0.999983,0.999996,0.999750,0.005830,0.005854,0.000059,0.000072,0.000478,0.000503,0.999999,0.999649,0.003779,0.004171,0.008375,0.008593,0.015143,0.015587,0.999999,0.993990,0.999996,0.992091,1.000000,0.780586
ENSDARG00000063332_1_6,0.0000,-0.5331,1.000000,0.874728,0.861652,-17.5000,-19.3295,0.625000,0.617456,0.665363,0.984048,0.925450,0.996643,0.923869,0.754997,0.673930,0.899956,0.767552,0.455824,0.405981,0.595363,0.501860,0.995084,0.726497,0.996291,0.705904,0.993031,0.713067,0.973192,0.928841,0.954212,0.660211,0.636572,0.434447,0.692584,0.776754,0.957376,0.961485,0.604837,0.706361,0.889605,0.899576,0.996865,0.968077,0.994490,0.430459,0.942781,0.134744,0.919286,0.062189
ENSDARG00000063332_1_7,-0.2000,-0.9368,0.625000,0.751124,0.792935,-21.0000,-22.3652,0.375000,0.412742,0.379797,0.980185,0.961575,0.940734,0.941696,0.953031,0.067637,0.960099,0.010219,0.870671,0.010756,0.968178,0.204923,0.597412,0.275707,0.291436,0.569886,0.315205,0.941937,0.990298,0.167966,0.991606,0.074129,0.990850,0.067574,0.996527,0.066550,0.995855,0.068935,0.962170,0.092517,0.286684,0.074810,0.302843,0.942332,0.588248,0.956841,0.962501,0.999034,0.914168,0.100913
ENSDARG00000063332_1_8,-2.3000,-2.4867,0.625000,0.631065,0.536107,-18.6000,-20.3787,0.375000,0.472888,0.492373,0.233949,0.393802,0.123761,0.315594,0.123384,0.145372,0.982382,0.789818,0.061764,0.075993,0.055674,0.072973,0.939669,0.968035,0.942819,0.965885,0.897800,0.935531,0.163599,0.291294,0.153280,0.318411,0.995531,0.791645,0.146312,0.114640,0.036864,0.026450,0.118107,0.119596,0.895557,0.717621,0.897087,0.725410,0.979922,0.990011,0.976670,0.634694,0.998001,0.454684
ENSDARG00000063332_1_9,-1.0000,-1.5883,0.500000,0.503722,0.593071,-17.9000,-20.3233,0.500000,0.518986,0.524294,0.987890,0.793649,0.868390,0.660949,0.873263,0.632328,0.778674,0.626462,0.720885,0.631346,0.704727,0.531760,0.213424,0.299807,0.188310,0.214226,0.168428,0.178169,0.495387,0.310340,0.913073,0.714199,0.919196,0.740756,0.918019,0.757564,0.637285,0.699517,0.637853,0.796008,0.573408,0.730758,0.267199,0.432778,0.245511,0.254797,0.322870,0.268611,0.427630,0.211854
ENSDARG00000063332_1_10,0.0000,-0.5831,1.000000,0.855004,0.836700,-20.5000,-22.0357,0.625000,0.508843,0.717726,0.767068,0.809632,0.755897,0.814984,0.747358,0.809532,0.941453,0.973529,0.899108,0.969889,0.957093,0.999753,0.972396,0.996809,0.867670,0.836884,0.550858,0.592752,0.477717,0.507151,0.979429,0.984758,0.977918,0.988111,0.973619,0.999154,0.972782,0.997665,0.678785,0.751839,0.699919,0.754025,0.896256,0.539307,0.836897,0.009705,0.834872,0.007406,0.946900,0.011642
ENSDARG00000063719_8_1,-4.0000,-4.2756,0.500000,0.458736,0.566782,-22.9000,-23.9580,0.500000,0.386879,0.675097,0.010526,0.647934,0.005007,0.625198,0.011586,0.730918,0.005227,0.685966,0.987808,0.938115,0.653613,0.851766,0.999935,0.966452,0.999259,0.990140,0.994798,0.984686,0.997991,0.986737,0.999996,0.999453,0.999998,0.999547,0.999999,0.999629,0.658864,0.790131,0.005599,0.554485,0.001986,0.667266,0.002342,0.019793,0.008398,0.002349,0.993997,0.049119,0.998706,0.012256
ENSDARG00000063719_8_2,-1.5000,-1.8408,0.625000,0.704922,0.728155,-18.7000,-20.1964,0.375000,0.675139,0.626531,0.805379,0.606199,0.075996,0.187980,0.231326,0.260685,0.411209,0.645013,0.881665,0.832471,0.885726,0.650619,0.982546,0.541194,0.999570,0.540380,0.824938,0.432560,0.825374,0.433380,1.000000,0.999606,1.000000,0.999428,0.294010,0.596032,0.252063,0.570989,0.371019,0.623180,1.000000,0.992362,0.871471,0.587494,0.853221,0.549733,0.998219,0.969004,0.999373,0.512317
ENSDARG00000063719_8_3,-4.2000,-4.2358,0.500000,0.511894,0.607190,-20.4000,-21.8764,0.375000,0.487312,0.630600,0.048071,0.573117,0.047050,0.562562,0.028179,0.049163,0.024809,0.056888,0.999233,0.998557,0.990912,0.980024,0.989543,0.978845,0.989328,0.978360,0.985402,0.992087,0.973063,0.773806,0.973182,0.771966,0.999870,0.998135,0.039785,0.278921,0.039116,0.280977,1.000000,0.997791,0.020045,0.031751,0.024266,0.013200,0.974596,0.406231,0.997342,0.989803,1.000000,0.899822
ENSDARG00000063719_8_4,-0.4000,-1.2121,1.000000,0.848610,0.814006,-17.8000,-19.9797,0.625000,0.643980,0.609052,0.993240,0.644378,0.685694,0.422100,0.429202,0.271974,0.468975,0.575161,0.655218,0.604840,1.000000,0.857420,0.980938,0.664126,0.967652,0.581797,1.000000,0.635577,0.665992,0.393055,0.644328,0.380935,1.000000,0.997830,0.491135,0.550558,0.491878,0.697007,1.000000,0.993195,0.917353,0.945293,1.000000,0.993930,1.000000,0.528316,0.946179,0.300447,0.942338,0.143095
ENSDARG00000063719_8_5,-0.9000,-1.0626,1.000000,0.989336,0.835047,-17.1000,-19.0353,0.750000,0.691156,0.694124,0.206851,0.215113,0.214876,0.217740,1.000000,0.991640,0.988159,0.985325,1.000000,0.996716,0.977894,0.974114,0.196713,0.199076,0.211825,0.211784,1.000000,0.991432,0.990066,0.971191,0.999933,0.974967,0.999940,0.624133,0.999725,0.577180,0.972250,0.544879,0.978975,0.550633,0.980089,0.531028,0.999983,0.996781,0.986111,0.891307,0.999715,0.724606,0.997842,0.712837
ENSDARG00000063719_8_6,-5.5000,-5.5263,0.625000,0.628466,0.503391,-21.5000,-23.1205,0.375000,0.500925,0.447185,0.023945,0.083431,0.008465,0.017077,0.001472,0.004094,0.005985,0.008401,0.002732,0.009648,0.998220,0.952745,0.997150,0.913629,0.997712,0.882064,0.998572,0.872201,0.990029,0.927612,0.009086,0.130777,0.006721,0.134628,0.008795,0.161969,0.010492,0.072117,0.021488,0.068822,0.992219,0.842608,0.998354,0.756221,0.999521,0.610758,0.997830,0.800188,0.999028,0.694715
ENSDARG00000063719_8_7,-0.2000,-1.0952,0.875000,0.729182,0.698075,-20.3000,-21.5422,0.500000,0.516389,0.632027,0.619585,0.446867,0.946646,0.907272,0.629926,0.431302,0.308126,0.411718,0.497668,0.842536,0.580816,0.924951,0.902857,0.954983,0.974613,0.979591,0.728053,0.881962,0.785056,0.895695,0.555730,0.413986,0.598977,0.418573,0.914931,0.900849,0.654371,0.411928,0.853137,0.868008,0.740407,0.055808,0.740630,0.013580,0.665318,0.047849,0.624037,0.917488,0.640623,0.915599
ENSDARG00000063719_8_8,-4.3000,-4.5200,0.125000,0.165601,0.332393,-20.4000,-22.1513,0.125000,0.144574,0.336706,0.286133,0.405601,0.010730,0.042295,0.004802,0.034189,0.003506,0.032231,0.003798,0.031876,0.007340,0.031716,0.012939,0.036605,0.998744,0.996751,0.996809,0.987040,0.998563,0.989156,0.999833,0.994757,0.999859,0.995306,0.999959,0.988923,0.012352,0.034535,0.004173,0.008592,0.007134,0.012704,0.005401,0.011815,0.005787,0.012326,0.008728,0.012238,0.281272,0.075461
ENSDARG00000063719_8_9,-1.8000,-2.4195,0.125000,0.343159,0.416259,-17.7000,-19.9206,0.375000,0.364501,0.445089,0.711132,0.615493,0.224091,0.365189,0.149002,0.268761,0.030118,0.095737,0.065631,0.125454,0.716877,0.609184,0.356968,0.525971,0.375592,0.536248,0.539893,0.660422,0.993223,0.982149,0.722549,0.618498,0.694834,0.582664,0.685232,0.556273,0.540226,0.645946,0.155783,0.258202,0.043379,0.048777,0.181233,0.225823,0.343083,0.486432,0.358229,0.510083,0.438109,0.184472
ENSDARG00000063719_8_10,-1.2000,-1.6531,0.875000,0.908859,0.743571,-20.6000,-22.1804,0.875000,0.744095,0.537775,0.228994,0.208432,0.080399,0.104121,0.143818,0.134150,0.999825,0.203986,0.999753,0.221429,0.997431,0.993299,0.999679,0.417027,0.936249,0.350731,0.936811,0.374804,0.994505,0.851037,0.136913,0.353753,0.146166,0.589961,0.514863,0.693265,0.780079,0.908990,0.997939,0.963258,0.990776,0.945109,0.995972,0.956701,0.998054,0.624517,0.997377,0.789050,0.995813,0.071871
ENSDARG00000067966_0_1,-4.8000,-4.8534,0.750000,0.754125,0.606748,-21.6000,-22.6277,0.500000,0.582399,0.537877,0.035960,0.042764,0.989624,0.985921,0.001472,0.003311,0.000926,0.002854,0.043532,0.049166,0.998505,0.998381,0.998716,0.993491,0.999483,0.993499,0.992358,0.986039,0.988657,0.982634,0.039859,0.045386,0.012872,0.014905,0.002095,0.003895,0.998259,0.994923,0.034513,0.037515,0.999517,0.416891,0.999377,0.934058,0.999532,0.351572,0.999719,0.996099,0.999989,0.924239
ENSDARG00000067966_0_2,-2.8000,-3.2142,0.500000,0.467664,0.574000,-19.8000,-21.5835,0.500000,0.460102,0.558886,0.986779,0.988418,0.925591,0.937015,0.927047,0.921878,0.956211,0.909267,0.043832,0.024141,0.010814,0.008448,0.080103,0.068160,0.277629,0.219573,0.680323,0.661982,0.853110,0.814321,0.997841,0.969797,0.999411,0.973904,0.946167,0.954855,0.848605,0.869151,0.735924,0.745490,0.825121,0.875481,0.073395,0.113067,0.014623,0.045319,0.141639,0.051726,0.155840,0.025731
ENSDARG00000067966_0_3,-4.3000,-4.7006,0.250000,0.319727,0.452747,-22.1000,-24.2381,0.375000,0.319135,0.388471,0.984052,0.786179,0.958311,0.712450,0.957846,0.773847,0.990213,0.151283,0.056485,0.053962,0.061547,0.147589,0.028729,0.147097,0.017743,0.129304,0.025355,0.040764,0.429433,0.398264,0.998621,0.997898,0.988794,0.877714,0.989020,0.878698,0.965741,0.873776,0.426532,0.500771,0.013761,0.003026,0.012586,0.000830,0.038573,0.010359,0.051544,0.145339,0.060060,0.140279
ENSDARG00000067966_0_4,-3.6000,-3.7125,1.000000,0.958452,0.609401,-23.8000,-24.4932,0.625000,0.629067,0.462194,0.080496,0.006783,0.080906,0.005552,0.088863,0.020683,0.150018,0.076773,0.925582,0.998723,0.921220,0.997627,0.921085,0.997334,0.104285,0.086558,0.083618,0.009050,0.080097,0.005193,0.086937,0.007105,0.997291,0.999959,0.938524,0.998288,0.923184,0.997779,0.924769,0.997911,0.918967,0.010749,0.988143,0.008090,0.991442,0.998625,0.992599,0.998119,0.989988,0.022973
ENSDARG00000067966_0_6,-4.4000,-4.8227,0.250000,0.330303,0.461082,-20.0000,-21.9208,0.250000,0.316507,0.461456,0.008722,0.057540,0.001366,0.045288,0.003594,0.086922,0.010437,0.069251,0.952337,0.916095,0.685039,0.715573,0.477565,0.527085,0.473188,0.486676,0.996647,0.953944,0.988552,0.966302,0.981764,0.944094,0.999998,0.928288,0.120581,0.114222,0.458412,0.416188,0.970489,0.875168,0.022730,0.023525,0.012280,0.019391,0.027377,0.106587,0.030553,0.116105,1.000000,0.860868
ENSDARG00000067966_0_7,-2.5000,-3.0902,0.625000,0.559641,0.641078,-19.4000,-21.3244,0.625000,0.574265,0.606592,0.953379,0.975571,0.991842,0.886346,0.846737,0.844870,0.450774,0.557433,0.124548,0.284049,0.041256,0.179789,0.069622,0.455006,0.993630,0.779337,0.998670,0.942743,0.946643,0.444857,0.944939,0.416962,0.982390,0.770764,0.918058,0.931825,0.917140,0.933884,0.151587,0.742264,0.045045,0.049192,0.029805,0.041799,0.543351,0.868818,0.874381,0.362533,0.997759,0.663801
ENSDARG00000067966_0_8,-1.9000,-2.6479,0.625000,0.622153,0.572906,-19.1000,-21.4309,0.875000,0.676688,0.542584,0.588539,0.946779,0.407403,0.864100,0.795084,0.903274,0.997248,0.727297,0.051672,0.252938,0.023231,0.201484,0.156607,0.165079,0.720231,0.447209,0.994111,0.259095,0.993853,0.207842,0.438666,0.107751,0.314246,0.355335,0.036878,0.354214,0.710035,0.930892,0.709127,0.913347,0.176837,0.565317,0.356761,0.573657,0.997197,0.900792,0.990780,0.591726,0.999610,0.583562
ENSDARG00000067966_0_10,-2.4000,-2.7166,0.875000,0.790168,0.677279,-19.9000,-21.2412,0.500000,0.459720,0.543918,0.270341,0.265551,0.277123,0.274031,0.099993,0.099046,0.892492,0.891912,0.753096,0.756206,0.742730,0.746796,0.754870,0.754662,0.992431,0.988760,0.882800,0.881688,0.925496,0.922737,0.356783,0.349979,0.276090,0.269238,0.046920,0.046051,0.748113,0.752239,0.761441,0.762874,0.995737,0.988638,0.822386,0.818083,0.990155,0.152659,0.985426,0.088601,0.971164,0.068616
ENSDARG00000068397_9_1,-0.2000,-0.8750,0.625000,0.746739,0.796902,-19.5000,-20.4251,0.625000,0.605509,0.733723,0.995741,0.990818,0.998150,0.822917,0.996866,0.807006,0.995619,0.811637,0.984613,0.805944,0.834514,0.730313,0.814049,0.797976,0.885421,0.904025,0.365638,0.671935,0.553890,0.789166,0.554355,0.745107,0.985268,0.953547,0.997290,0.896572,0.999334,0.893542,0.836219,0.881309,0.464723,0.077929,0.250333,0.057710,0.482158,0.792915,0.979675,0.995675,0.964178,0.248423
ENSDARG00000068397_9_2,-2.4000,-2.7954,0.250000,0.345044,0.463147,-21.7000,-23.5586,0.625000,0.627645,0.470698,0.326814,0.989338,0.242334,0.989941,0.988627,0.995861,0.051781,0.081056,0.056814,0.072096,0.020083,0.092622,0.096378,0.897379,0.850484,0.098870,0.992047,0.027180,0.995135,0.024307,0.996531,0.043212,0.885555,0.080935,0.939779,0.102826,0.188930,0.097019,0.053680,0.188372,0.021348,0.927836,0.023112,0.910636,0.217805,0.906359,0.320812,0.907476,0.994886,0.980636
ENSDARG00000068397_9_3,-6.5000,-6.7056,0.250000,0.284788,0.330792,-23.8000,-25.6280,0.250000,0.182540,0.350412,0.246044,0.497552,0.006350,0.278265,0.009221,0.234724,0.999934,0.997145,0.003648,0.021368,0.001775,0.033313,0.005211,0.413864,0.037451,0.441440,0.998321,0.997141,0.999952,0.999124,0.995473,0.603376,0.034153,0.030618,0.007385,0.416802,0.001517,0.007156,0.003435,0.007733,0.993922,0.620699,0.012275,0.314001,0.008646,0.006713,0.252500,0.045836,0.998627,0.041378
ENSDARG00000068397_9_4,-1.4000,-2.0408,0.750000,0.734946,0.726222,-19.1000,-20.5987,0.750000,0.739120,0.573848,0.925129,0.986038,0.839127,0.186286,0.833101,0.136543,0.952088,0.128266,0.304482,0.049208,0.288125,0.044899,0.522822,0.952663,0.768028,0.099719,0.747198,0.078462,0.976807,0.978701,0.986282,0.975055,0.501685,0.948164,0.311383,0.913548,0.301010,0.912392,0.999926,0.997909,0.841742,0.965331,0.837624,0.964931,0.793260,0.087450,0.794801,0.095998,0.999818,0.975397
ENSDARG00000068397_9_5,-2.5000,-3.0369,0.625000,0.513825,0.607901,-20.7000,-22.0445,0.250000,0.297349,0.564036,0.143464,0.044544,0.011591,0.017507,0.024384,0.041070,0.483299,0.943634,0.654171,0.963556,0.981971,0.972253,0.986445,0.986604,0.945202,0.993535,0.853552,0.982602,0.991681,0.987730,0.986611,0.982942,0.985057,0.985952,0.550325,0.100844,0.478982,0.069238,0.479807,0.087143,0.534413,0.928048,0.472559,0.907979,0.465001,0.123709,0.468367,0.124970,0.661141,0.036859
ENSDARG00000068397_9_6,-1.2000,-1.6269,0.625000,0.632074,0.575736,-16.9000,-18.8878,0.625000,0.598121,0.560398,0.900723,0.912460,0.396183,0.374731,0.346952,0.326982,0.149850,0.165898,0.118666,0.139844,0.123972,0.146071,0.759521,0.787069,0.995503,0.979293,0.995448,0.978940,0.999255,0.986587,0.345672,0.325797,0.326391,0.299329,0.340433,0.309780,0.348340,0.317651,0.399596,0.370887,0.760082,0.800361,0.644767,0.564933,0.759347,0.784534,0.806083,0.819850,0.997944,0.816971
ENSDARG00000068397_9_7,-2.0000,-2.3784,0.375000,0.458768,0.478507,-17.7000,-19.7768,0.375000,0.474726,0.506562,0.346912,0.509500,0.073791,0.285659,0.048710,0.260515,0.996598,0.994628,0.083509,0.305197,0.081335,0.299190,0.163787,0.304926,0.995634,0.953808,0.995631,0.784428,0.999822,0.756558,0.999062,0.754388,0.115199,0.124634,0.024054,0.021110,0.035143,0.036334,0.996885,0.968226,0.104259,0.352340,0.123795,0.383456,0.389579,0.541351,0.996764,0.927540,0.999666,0.567451
ENSDARG00000068397_9_8,0.0000,-0.3076,1.000000,0.984046,0.929864,-20.1000,-21.0096,0.375000,0.383912,0.549334,0.960337,0.987157,0.958795,0.983058,0.761153,0.981789,0.707851,0.867961,0.940728,0.996529,0.998802,0.993224,0.996966,0.072629,0.759050,0.010266,0.705470,0.009759,1.000000,0.999465,1.000000,0.999383,0.935769,0.014163,0.933049,0.007748,1.000000,0.008941,1.000000,0.010617,0.999925,0.014486,0.949554,0.031608,0.992890,0.998593,0.997386,0.999883,0.999563,0.999423
ENSDARG00000068397_9_9,-1.5000,-2.0997,0.500000,0.492452,0.591978,-18.3000,-20.5872,0.250000,0.328003,0.338835,0.990680,0.663018,0.608282,0.197470,0.523585,0.125809,0.498488,0.114350,0.534808,0.170821,0.920902,0.852687,0.515486,0.250976,0.480718,0.123857,0.584954,0.162574,0.599761,0.192451,0.652056,0.304046,0.990222,0.994614,0.980930,0.986519,0.555066,0.900365,0.134967,0.184910,0.082159,0.057893,0.114861,0.033951,0.519932,0.144422,0.556690,0.091800,0.995014,0.224167
ENSDARG00000068397_9_10,-1.7000,-2.0957,0.625000,0.664894,0.685282,-19.3000,-20.7802,0.375000,0.512521,0.525653,0.827621,0.630775,0.800048,0.484293,0.801536,0.448977,0.838193,0.496238,0.837698,0.437552,0.996980,0.725201,0.963779,0.693846,0.877220,0.657180,0.350385,0.597998,0.207124,0.544964,0.047138,0.122468,0.838777,0.573388,0.841346,0.441266,0.845678,0.442380,0.894329,0.587170,0.219071,0.194724,0.213374,0.152964,0.369648,0.833276,0.984973,0.761484,0.950733,0.686907
ENSDARG00000068406_1_1,-2.9000,-3.4448,0.250000,0.283288,0.424881,-21.7000,-22.8273,0.875000,0.859566,0.474145,0.042943,0.117552,0.019101,0.007048,0.518463,0.014600,0.523505,0.021291,0.042632,0.015395,0.033502,0.276585,0.077172,0.037287,0.988263,0.032283,0.988679,0.030809,0.998260,0.065658,0.998802,0.994498,0.999989,0.993370,0.073492,0.976929,0.036455,0.975635,0.018303,0.971569,0.071274,0.965653,0.590934,0.974427,0.049231,0.971805,0.435445,0.972289,0.991170,0.068221
ENSDARG00000068406_1_2,-1.3000,-2.1602,0.750000,0.650716,0.681043,-25.0000,-25.8489,0.500000,0.500760,0.367691,0.661831,0.998747,0.717902,0.996607,0.988121,0.119357,0.670845,0.060079,0.677272,0.062476,0.681057,0.084108,0.988637,0.997403,0.919063,0.006389,0.924617,0.002541,0.411710,0.005997,0.385253,0.010679,0.388816,0.003353,0.686283,0.002121,0.667932,0.001488,0.930479,0.004550,0.986321,0.999986,0.128106,0.998224,0.178374,0.998064,0.703526,0.998105,0.924707,0.003539
ENSDARG00000068406_1_3,-0.6000,-1.1417,0.625000,0.694126,0.748187,-19.4000,-20.8920,0.750000,0.651809,0.465471,0.976091,0.363859,0.977062,0.950006,0.719180,0.098993,0.683079,0.038323,0.690951,0.033650,0.943563,0.106008,0.964687,0.949773,0.977453,0.362462,0.526504,0.205752,0.454191,0.013043,0.509059,0.022373,0.988903,0.950699,0.934216,0.687046,0.824126,0.840259,0.805273,0.832291,0.829247,0.834818,0.372075,0.586784,0.370887,0.866982,0.434211,0.253514,0.982976,0.312776
ENSDARG00000068406_1_4,-5.3000,-5.5012,0.125000,0.166839,0.332728,-21.9000,-23.7344,0.000000,0.195582,0.383288,0.027647,0.473323,0.004203,0.151195,0.002990,0.081669,0.025488,0.082638,0.903224,0.837319,0.140584,0.440099,0.109085,0.372899,0.114547,0.391184,0.999508,0.888545,0.999663,0.909427,0.999899,0.881907,0.993016,0.590900,0.013534,0.019494,0.006161,0.015532,0.187104,0.424353,0.080176,0.529156,0.009395,0.152360,0.013307,0.144620,0.026991,0.148611,0.998045,0.130530
ENSDARG00000068406_1_5,-0.4000,-1.4211,0.125000,0.415541,0.525157,-17.1000,-19.5122,0.125000,0.417573,0.588355,0.791002,0.846996,0.477043,0.754001,0.658098,0.873381,0.992273,0.982089,0.379795,0.595749,0.256568,0.474272,0.235387,0.449762,0.171053,0.299633,0.334588,0.435616,0.983659,0.931891,0.957131,0.934976,0.942216,0.848153,0.350489,0.398467,0.224056,0.443133,0.228374,0.319442,0.249628,0.336214,0.387041,0.454231,0.996609,0.986260,0.372492,0.284987,0.515641,0.117851
ENSDARG00000068406_1_6,0.0000,-0.7422,1.000000,0.746564,0.790455,-15.7000,-18.2651,1.000000,0.680617,0.659680,0.943837,0.620980,0.981470,0.563696,0.798565,0.464868,0.780959,0.465782,0.958642,0.673856,0.713357,0.738080,0.476233,0.521349,0.605647,0.481792,0.586793,0.474127,0.996254,0.932573,0.998160,0.923704,0.996674,0.887857,0.773117,0.773892,0.703687,0.701258,0.744413,0.758260,0.446495,0.390456,0.666543,0.501406,0.679235,0.610796,0.988819,0.980476,0.970205,0.728395
ENSDARG00000068406_1_7,-2.1000,-2.7426,0.375000,0.489539,0.593998,-19.7000,-21.2292,0.500000,0.475518,0.631494,0.408678,0.757607,0.109433,0.688711,0.163989,0.689285,0.252825,0.646915,0.260089,0.601196,0.999985,0.871202,0.999987,0.797079,0.999347,0.787020,0.987539,0.913487,0.939839,0.687547,0.926595,0.626436,0.915342,0.759247,0.479249,0.677827,0.487996,0.734469,0.748158,0.931552,0.085213,0.254568,0.023307,0.076503,0.211157,0.131609,0.935609,0.799515,0.945624,0.198099
ENSDARG00000068406_1_8,0.0000,-0.1177,1.000000,0.950230,0.954423,-15.6000,-17.7670,1.000000,0.776014,0.724222,0.993417,0.983791,0.990862,0.717991,0.983537,0.696534,0.958421,0.687758,0.944018,0.687040,0.897614,0.540734,0.927280,0.520283,0.979423,0.759819,0.925567,0.590210,0.944082,0.587177,0.970197,0.775515,0.972199,0.729472,0.960459,0.916715,0.953453,0.817694,0.924035,0.742575,0.927283,0.708949,0.959422,0.671093,0.959929,0.844869,0.935901,0.894236,0.981359,0.611981
ENSDARG00000068406_1_9,-1.7000,-1.8616,0.375000,0.426649,0.541201,-18.7000,-20.2331,0.375000,0.402586,0.521428,0.997180,0.986229,0.090863,0.035884,0.067146,0.031469,0.075349,0.049300,0.096295,0.070567,0.168703,0.149999,0.990291,0.979628,0.978754,0.974135,0.980649,0.976786,0.981820,0.977490,0.984017,0.978199,0.999761,0.998190,0.999622,0.993973,0.999989,0.989972,0.982985,0.980990,0.152690,0.128422,0.072149,0.043903,0.057326,0.025720,0.069749,0.034202,0.078682,0.023505
ENSDARG00000068406_1_10,-1.9000,-2.3744,0.625000,0.640666,0.654557,-17.6000,-19.6357,0.625000,0.595708,0.627708,0.049093,0.152078,0.023032,0.095013,0.041564,0.079269,0.911685,0.787320,0.928884,0.827787,0.993465,0.956281,0.598549,0.634462,0.994369,0.987864,0.994041,0.979462,0.993400,0.981853,0.929560,0.836162,0.508163,0.470943,0.915898,0.797863,0.917110,0.791954,0.936528,0.823845,0.130491,0.260528,0.111983,0.139568,0.113532,0.162225,0.999909,0.968580,0.999876,0.821102
ENSDARG00000068650_6_1,-5.5000,-5.6340,0.500000,0.480440,0.387821,-22.0000,-23.5253,0.250000,0.464170,0.393943,0.828525,0.904557,0.006039,0.331069,0.004117,0.005340,0.003237,0.002713,0.006866,0.008088,0.009481,0.010196,0.020721,0.135933,0.999897,0.972732,0.999658,0.600065,0.999675,0.606561,0.022912,0.144493,0.011767,0.443754,0.008450,0.442854,0.004662,0.124636,0.001557,0.076658,0.015533,0.153567,0.998525,0.983647,0.845343,0.548172,0.969706,0.574597,0.999743,0.809225
ENSDARG00000068650_6_2,-1.0000,-1.4563,1.000000,0.937530,0.741000,-18.4000,-20.5347,0.750000,0.614345,0.513366,0.255875,0.400423,0.228391,0.300305,0.346373,0.642674,0.888704,0.408429,0.999034,0.432480,0.946348,0.416209,0.500508,0.331894,0.279521,0.244840,0.270876,0.216772,0.983602,0.561679,0.774175,0.643652,0.846344,0.753202,0.998171,0.881319,0.896596,0.847906,0.874354,0.928776,0.947651,0.891423,0.928363,0.553174,0.995746,0.524603,0.926330,0.164256,0.933031,0.123300
ENSDARG00000068650_6_3,-3.7000,-3.8179,0.375000,0.405167,0.516295,-21.7000,-24.2854,0.000000,0.136490,0.342555,0.030749,0.221589,0.008448,0.158976,0.017820,0.778039,0.889582,0.838879,0.085718,0.925759,0.132084,0.963392,0.988914,0.332565,0.989995,0.344639,0.999978,0.448174,0.995009,0.320064,0.990418,0.265621,0.955848,0.161493,0.025424,0.033980,0.021136,0.042630,0.888776,0.068407,0.029686,0.817293,0.139663,0.031881,0.148118,0.029143,0.988729,0.032873,0.999804,0.035712
ENSDARG00000068650_6_4,-7.8000,-7.9221,0.500000,0.500247,0.417323,-23.2000,-24.8571,0.500000,0.464240,0.402951,0.001570,0.001776,0.000082,0.000213,0.000376,0.000491,0.014354,0.014427,0.001499,0.001524,0.164850,0.164861,0.991036,0.991022,0.999460,0.999445,1.000000,0.999994,1.000000,0.999996,0.169572,0.169615,0.001677,0.001728,0.000539,0.000551,0.999482,0.999390,0.000303,0.000410,0.000065,0.000111,0.001591,0.001699,1.000000,0.998362,0.999999,0.855498,0.999998,0.857900
ENSDARG00000068650_6_5,-6.3000,-6.5611,0.625000,0.581174,0.481292,-25.6000,-26.3424,0.250000,0.266445,0.360988,0.742107,0.948410,0.059978,0.009170,0.016019,0.005396,0.041380,0.037728,0.062703,0.003261,0.043896,0.043309,0.940501,0.996629,0.939988,0.996380,0.972244,0.998052,0.975010,0.972710,0.096817,0.040522,0.085806,0.036633,0.125516,0.007626,0.006090,0.000836,0.018679,0.003442,0.948989,0.997827,0.727218,0.033903,0.829559,0.028553,0.994082,0.999019,0.999258,0.060359
ENSDARG00000068650_6_7,0.0000,-0.9833,1.000000,0.828700,0.735246,-19.0000,-21.6931,0.375000,0.367840,0.455945,0.755772,0.976736,0.722013,0.962655,0.770660,0.617649,0.493646,0.456177,0.329846,0.441464,0.640436,0.240639,0.805409,0.353215,0.938408,0.274544,0.702470,0.730569,0.632165,0.636242,0.597527,0.278617,0.686966,0.207675,0.699755,0.973921,0.712677,0.019280,0.734509,0.012782,0.788349,0.056557,0.901953,0.072068,0.928706,0.173029,0.904468,0.686552,0.959183,0.948533
ENSDARG00000068650_6_8,-0.9000,-1.5618,0.625000,0.768720,0.636477,-20.0000,-21.2708,0.625000,0.770405,0.450627,0.471598,0.174930,0.164149,0.056022,0.131118,0.047760,0.576485,0.992447,0.572593,0.060960,0.589294,0.042898,0.943766,0.043860,0.972053,0.045398,0.670882,0.019637,0.323091,0.011720,0.586750,0.989297,0.578009,0.364365,0.977394,0.459699,0.463279,0.977385,0.439549,0.976291,0.415172,0.965242,0.969738,0.971735,0.935504,0.446058,0.959853,0.376658,0.989271,0.990170
ENSDARG00000068650_6_9,-3.1000,-3.1861,0.125000,0.156722,0.324483,-20.2000,-21.6810,0.125000,0.144393,0.314870,0.033577,0.005460,0.010224,0.003766,0.020647,0.009162,0.066260,0.054014,0.989507,0.988930,0.057868,0.045879,0.033433,0.021584,0.033225,0.021364,0.998461,0.997388,0.998375,0.997970,0.999564,0.998499,0.994738,0.998239,0.994813,0.998894,0.023184,0.013928,0.025612,0.015967,0.057939,0.046834,0.073438,0.062128,0.019736,0.007884,0.016815,0.004118,0.042239,0.005395
ENSDARG00000068650_6_10,-3.5000,-3.8796,0.500000,0.560421,0.641842,-19.6000,-22.0552,0.500000,0.543384,0.458447,0.966102,0.917314,0.965995,0.904760,0.999200,0.627430,0.999375,0.345075,0.995502,0.190453,0.999358,0.190709,0.993026,0.547842,0.852442,0.606778,0.024551,0.027730,0.010833,0.022310,0.121746,0.057564,0.425347,0.383907,0.998656,0.994774,0.997445,0.992783,0.998087,0.983215,0.425944,0.373584,0.014315,0.023759,0.009928,0.005868,0.042502,0.014196,0.996494,0.958892
ENSDARG00000068912_1_1,0.0000,-0.4531,1.000000,0.909427,0.890526,-16.9000,-18.3282,0.750000,0.732512,0.821118,0.778754,0.767965,0.874698,0.877974,0.872277,0.863755,0.863826,0.842275,0.963566,0.951870,0.887944,0.878925,0.998099,0.995325,0.950742,0.949220,0.850839,0.866972,0.687528,0.733658,0.882370,0.923147,0.924467,0.911176,0.815313,0.795781,0.970451,0.958657,0.904306,0.796030,0.944390,0.800685,0.919979,0.797698,0.882089,0.419977,0.864114,0.389994,0.974771,0.901272
ENSDARG00000068912_1_2,-3.1000,-3.4294,0.500000,0.599127,0.641815,-20.3000,-21.6599,0.750000,0.694901,0.560030,0.991156,0.979064,0.996326,0.975360,0.998696,0.358493,0.034549,0.036187,0.004429,0.004853,0.008004,0.012815,0.385136,0.859292,0.999991,0.976401,0.999995,0.546781,0.999153,0.411432,0.998625,0.336470,0.627215,0.144251,0.623374,0.574339,0.008613,0.025847,0.382405,0.890546,0.382396,0.789257,0.397100,0.779865,0.999617,0.987526,0.999536,0.979092,0.999976,0.532735
ENSDARG00000068912_1_3,0.0000,-0.0212,1.000000,0.995887,0.995143,-15.7000,-17.4781,1.000000,0.912139,0.886146,0.998691,0.973805,0.999709,0.946589,0.998412,0.938803,0.983420,0.918852,0.999842,0.810629,0.979033,0.738978,1.000000,0.992285,0.998671,0.992210,0.988979,0.746952,0.999322,0.808453,0.998230,0.785323,0.991456,0.772935,0.998340,0.784849,0.987860,0.926351,0.996965,0.961962,0.993871,0.890681,0.997824,0.964501,0.994979,0.978315,0.998292,0.927381,0.998967,0.863077
ENSDARG00000068912_1_4,-4.5000,-4.6238,0.750000,0.729539,0.602958,-22.0000,-23.2699,0.375000,0.399659,0.470129,0.045460,0.040268,0.043423,0.037103,0.048301,0.034378,0.958621,0.961112,0.100824,0.101075,0.999749,0.995548,0.957933,0.961129,0.958106,0.961348,0.958093,0.961649,0.135535,0.139421,0.967708,0.967096,0.049092,0.045192,0.043809,0.040070,0.004793,0.008414,0.957912,0.965025,0.957912,0.962676,0.957691,0.792168,0.999570,0.136376,0.956906,0.232012,0.957720,0.060531
ENSDARG00000068912_1_5,-1.7000,-2.3266,1.000000,0.867751,0.750841,-21.1000,-22.6457,0.875000,0.771863,0.487301,0.980811,0.242091,0.486724,0.046110,0.446597,0.037402,0.420642,0.817199,0.558560,0.435703,0.764230,0.848762,0.889602,0.198934,0.990959,0.209556,0.992612,0.203994,0.267377,0.145113,0.277153,0.157438,0.999531,0.228810,0.958130,0.824730,0.999904,0.981457,0.999931,0.981420,0.804974,0.920170,0.895809,0.886696,0.740333,0.670534,0.757952,0.844319,0.784978,0.065583
ENSDARG00000068912_1_6,-5.0000,-5.1510,0.875000,0.873269,0.523870,-26.6000,-27.3746,0.500000,0.501204,0.372509,0.006896,0.006792,0.000448,0.000306,0.000651,0.000431,0.024012,0.015134,0.207393,0.200126,0.999953,0.999682,0.999889,0.999990,0.999966,0.999677,0.207197,0.200135,0.024045,0.015154,0.009172,0.000408,0.011634,0.002711,0.018359,0.009630,0.995536,0.995546,0.999419,0.999496,0.990980,0.003227,0.991028,0.000963,0.991146,0.001624,0.999682,0.999382,1.000000,0.999767
ENSDARG00000068912_1_7,-3.9000,-4.4984,0.375000,0.296663,0.437051,-22.3000,-24.4067,0.750000,0.393761,0.362930,0.853794,0.705329,0.828209,0.324138,0.995418,0.245040,0.614773,0.300298,0.997743,0.766987,0.035519,0.012124,0.006510,0.001010,0.005595,0.000701,0.007425,0.002032,0.023935,0.014080,0.999601,0.738030,0.999187,0.998748,0.998225,0.990201,0.022438,0.056805,0.007157,0.046308,0.002106,0.231804,0.083861,0.392870,0.019797,0.287521,0.474089,0.863309,0.765630,0.281270
ENSDARG00000068912_1_8,-1.0000,-1.5072,0.375000,0.478918,0.580653,-20.3000,-22.2587,0.375000,0.313027,0.605189,0.291347,0.928419,0.242583,0.753197,0.245599,0.763922,0.302266,0.772316,0.363323,0.937605,0.986144,0.947516,0.776177,0.929660,0.998381,0.929823,0.956581,0.721057,0.947560,0.518507,0.814508,0.487252,0.857249,0.910286,0.667755,0.904520,0.369039,0.599183,0.325459,0.591621,0.332513,0.224905,0.300833,0.102745,0.164011,0.001877,0.805341,0.008509,0.866395,0.070853
ENSDARG00000068912_1_9,-2.6000,-2.9664,0.625000,0.639603,0.527048,-24.5000,-26.1539,0.500000,0.534380,0.298190,0.085172,0.213083,0.083268,0.945170,0.166905,0.047632,0.998365,0.022585,0.416688,0.075863,0.411137,0.066995,0.752383,0.029364,0.692194,0.005049,0.644926,0.003817,0.889135,0.004958,0.127963,0.000701,0.155994,0.273540,0.810376,0.996032,0.413804,0.999909,0.390565,0.999849,0.392648,0.999846,0.919682,0.277459,0.707216,0.000717,0.710166,0.001009,0.772370,0.000223
ENSDARG00000068912_1_10,-3.5000,-3.7882,0.375000,0.429308,0.541282,-20.3000,-22.5843,0.375000,0.456626,0.458732,0.987706,0.741795,0.990339,0.380690,0.999775,0.431185,0.999996,0.595118,0.999993,0.713313,0.037314,0.109290,0.015319,0.117613,0.012245,0.101981,0.008051,0.027793,0.341078,0.328075,0.999983,0.992735,0.999374,0.982037,0.999605,0.979547,0.999889,0.997944,0.354683,0.416756,0.999616,0.971952,0.013190,0.028709,0.012231,0.009321,0.015165,0.015560,0.040085,0.233217
ENSDARG00000069467_1_1,-4.3000,-4.4876,1.000000,0.874756,0.650786,-23.3000,-24.8927,0.375000,0.382120,0.369975,0.002906,0.002935,0.001387,0.001320,0.004678,0.004182,1.000000,0.999943,0.999797,0.999864,1.000000,0.999915,0.999966,0.999523,0.004656,0.004657,0.001498,0.002035,0.002799,0.003563,0.999999,0.278168,0.999992,0.046425,0.790282,0.006457,0.751646,0.004303,0.956994,0.023461,0.999977,0.999979,0.999260,0.999850,1.000000,0.999938,0.746033,0.019640,0.753857,0.003334
ENSDARG00000069467_1_3,-0.4000,-1.1723,0.750000,0.737901,0.713553,-16.0000,-18.4405,0.500000,0.669054,0.702270,0.975315,0.970001,0.648536,0.690015,0.366737,0.447826,0.688070,0.718580,0.603332,0.634762,0.513370,0.567413,0.508171,0.581488,0.849689,0.854186,0.986300,0.963666,0.957594,0.915084,0.615080,0.631271,0.655648,0.718682,0.987733,0.973866,0.712021,0.743437,0.207330,0.195158,0.251088,0.232756,0.855984,0.707551,0.899773,0.748678,0.992771,0.960084,0.996512,0.790899
ENSDARG00000069467_1_4,-3.3000,-3.8948,0.500000,0.554004,0.478436,-23.2000,-24.4188,1.000000,0.894011,0.479539,0.437453,0.116063,0.978325,0.009586,0.007174,0.000338,0.005706,0.000399,0.003769,0.000112,0.025385,0.002709,0.327312,0.008873,0.998681,0.034151,0.998748,0.148205,0.998539,0.736081,0.326361,0.632137,0.029228,0.750032,0.009616,0.976373,0.009445,0.979196,0.018267,0.984271,0.985646,0.995005,0.417423,0.756847,0.996924,0.752378,0.997244,0.746675,0.997467,0.961343
ENSDARG00000069467_1_5,-6.8000,-6.9709,0.250000,0.276981,0.323657,-25.0000,-26.1512,0.125000,0.198566,0.394495,0.989904,0.957344,0.025902,0.104802,0.009072,0.108100,0.007101,0.071774,0.142907,0.124100,0.020569,0.665112,0.014195,0.653746,0.028116,0.655702,0.999724,0.989107,0.999826,0.986224,0.999333,0.952333,0.020645,0.033021,0.006358,0.047724,0.013479,0.013207,0.990505,0.394916,0.975184,0.989673,0.175557,0.109651,0.014220,0.010167,0.008948,0.009073,0.031596,0.014116
ENSDARG00000069467_1_6,-1.8000,-2.0653,1.000000,0.867368,0.741722,-18.2000,-20.2932,0.375000,0.442904,0.472941,0.128341,0.319277,0.064544,0.059308,0.932046,0.724752,0.993590,0.774305,0.988035,0.837773,0.990772,0.980542,0.997314,0.949818,0.062396,0.269621,0.065821,0.272588,1.000000,0.351680,0.916202,0.258356,0.756432,0.117571,0.768054,0.099555,0.855975,0.134901,0.999914,0.976851,0.993874,0.973785,0.913532,0.973838,0.755880,0.135208,0.784474,0.123078,0.867240,0.126017
ENSDARG00000069467_1_7,0.0000,-0.3468,1.000000,0.900546,0.902928,-19.4000,-21.1860,0.750000,0.696233,0.519054,0.956570,0.995185,0.954067,0.996143,0.954728,0.992841,0.956740,0.144416,0.990560,0.081083,0.997680,0.022254,0.754507,0.008699,0.587029,0.003142,0.755728,0.004443,0.950331,0.012375,0.999000,0.947764,0.997245,0.602866,0.871231,0.997812,0.840189,0.956361,0.848578,0.954937,0.895288,0.997019,0.887609,0.594461,0.931505,0.998639,0.934244,0.063507,0.995721,0.007125
ENSDARG00000069467_1_8,0.0000,-0.6433,1.000000,0.794338,0.819115,-16.9000,-18.7370,0.750000,0.785428,0.676084,0.917033,0.561526,0.900806,0.504641,0.857772,0.421275,0.805081,0.378044,0.808493,0.384014,0.925715,0.964202,0.667751,0.586198,0.992352,0.586158,0.668610,0.595640,0.648221,0.687398,0.898150,0.790207,0.937618,0.778954,0.954178,0.779061,0.827579,0.776392,0.549811,0.748023,0.657168,0.777327,0.904981,0.752025,0.488703,0.571682,0.974211,0.924817,0.998072,0.954094
ENSDARG00000069467_1_9,-1.6000,-1.9874,0.875000,0.877084,0.805466,-17.2000,-19.1307,0.875000,0.830729,0.786185,0.931756,0.931778,0.933044,0.931696,0.985184,0.981796,0.448745,0.449759,0.181988,0.184635,0.663713,0.661887,0.944541,0.943154,0.998214,0.993483,0.999622,0.998755,0.961122,0.957612,1.000000,0.996133,0.044725,0.047176,0.050602,0.056691,0.999679,0.989631,0.999538,0.985615,0.999705,0.964430,0.983153,0.904636,0.987699,0.925865,0.996468,0.992383,0.999828,0.826578
ENSDARG00000069467_1_10,-4.0000,-4.2415,0.500000,0.532088,0.620751,-19.6000,-21.3414,0.500000,0.509242,0.608115,0.940886,0.930796,0.940906,0.935678,0.922978,0.905230,0.953963,0.932950,0.244638,0.235237,0.133683,0.154328,0.135496,0.156020,0.086114,0.083281,0.925626,0.902622,0.924642,0.901624,0.998257,0.997835,0.951127,0.952761,0.950733,0.952781,0.975187,0.974587,0.111311,0.133675,0.001292,0.001738,0.001757,0.004000,0.237102,0.229053,0.991842,0.990946,0.987483,0.787157
ENSDARG00000070029_0_1,-3.6000,-3.7201,0.750000,0.729530,0.603915,-23.8000,-24.8202,0.750000,0.748472,0.369320,0.102995,0.111234,0.854690,0.002688,0.009676,0.000221,0.017394,0.000779,0.129285,0.006236,0.926558,0.998365,1.000000,0.160985,0.999998,0.049834,0.999645,0.027393,0.999581,0.010536,0.071052,0.001732,0.131184,0.028624,0.018769,0.967944,0.861445,0.977863,0.022064,0.977315,0.999776,0.999988,0.935382,0.991146,0.999593,0.999890,0.999432,0.050262,0.999776,0.023368
ENSDARG00000070029_0_2,0.0000,-0.4014,1.000000,0.862896,0.859877,-17.3000,-19.3398,0.375000,0.524824,0.650945,0.980200,0.990402,0.984689,0.979153,0.989576,0.977365,0.827450,0.926328,0.807831,0.876177,0.805980,0.879962,0.996957,0.799243,0.999198,0.820979,0.988089,0.810075,0.815581,0.344299,0.539641,0.225585,0.559184,0.190740,0.698335,0.265888,0.999768,0.577224,0.998593,0.424399,0.996373,0.311396,0.853632,0.279853,0.759852,0.730597,0.783092,0.868048,0.813523,0.741189
ENSDARG00000070029_0_3,-2.1000,-2.6259,0.875000,0.856052,0.633950,-20.2000,-21.8540,0.625000,0.678617,0.443585,0.710173,0.249881,0.156586,0.041234,0.044795,0.015963,0.076013,0.034450,0.384446,0.102092,0.994814,0.380446,0.978087,0.909154,0.981939,0.954697,0.909056,0.376174,0.349065,0.155036,0.070671,0.070935,0.174946,0.152710,0.063428,0.105148,0.999001,0.963515,0.855094,0.321237,0.960886,0.803544,0.996049,0.975170,0.996436,0.976755,0.989840,0.918693,0.987679,0.364875
ENSDARG00000070029_0_6,-2.9000,-3.0607,0.750000,0.749714,0.524001,-18.3000,-20.0815,0.750000,0.697332,0.507952,0.976858,0.972260,0.020393,0.054476,0.016571,0.054575,0.016545,0.043219,0.016883,0.042398,0.207346,0.215294,0.997174,0.969382,0.995233,0.965515,0.994632,0.959674,0.201372,0.214936,0.019018,0.039627,0.020286,0.049024,0.015867,0.047787,0.014498,0.036664,0.996324,0.974834,0.997161,0.973239,0.980146,0.904354,0.997396,0.976174,0.998144,0.828631,0.998176,0.836973
ENSDARG00000070029_0_8,-2.6000,-3.6481,0.375000,0.409479,0.456288,-20.9000,-22.6873,0.125000,0.221834,0.441652,0.121064,0.744822,0.110217,0.335290,0.966035,0.389995,0.183687,0.341995,0.131895,0.439504,0.121866,0.356401,0.219290,0.285396,0.995108,0.979933,0.998998,0.991170,0.947862,0.969325,0.914148,0.935612,0.139764,0.288921,0.336408,0.124021,0.341983,0.154111,0.336040,0.194503,0.276427,0.292397,0.925649,0.046477,0.051629,0.004914,0.059140,0.008421,0.948560,0.949826
ENSDARG00000070029_0_9,-2.3000,-2.6012,0.250000,0.312065,0.423964,-21.8000,-23.1176,0.125000,0.134407,0.444848,0.959115,0.577865,0.132647,0.589736,0.076497,0.987437,0.060812,0.990461,0.056438,0.984071,0.047744,0.805301,0.102083,0.814116,0.805010,0.851105,0.983421,0.590098,0.970141,0.599991,0.983849,0.020173,0.805000,0.011345,0.095003,0.002922,0.054960,0.001101,0.053803,0.002125,0.057594,0.003717,0.076207,0.004613,0.162576,0.013376,0.999157,0.055327,0.997222,0.992072
ENSDARG00000070419_0_1,0.0000,-0.3324,1.000000,0.911916,0.922926,-17.6000,-19.3687,0.875000,0.806703,0.644848,0.938465,0.949068,0.974092,0.948295,0.972251,0.995705,0.999418,0.995680,0.998910,0.940847,0.990493,0.921045,0.982371,0.157492,0.999663,0.100239,0.999650,0.149162,0.992553,0.147969,0.662889,0.042518,0.652442,0.095309,1.000000,0.979745,0.924058,0.736135,0.992140,0.998386,0.989873,0.995323,0.999662,0.997541,0.739355,0.915229,0.682247,0.655870,0.967990,0.175399
ENSDARG00000070419_0_2,0.0000,-0.8400,1.000000,0.758701,0.759557,-20.8000,-22.7218,0.375000,0.527982,0.393283,0.791933,0.421976,0.723913,0.347384,0.763407,0.301244,0.792417,0.285664,0.823252,0.040763,0.856394,0.037890,0.820135,0.074336,0.845307,0.574579,0.709649,0.557235,0.651886,0.577897,0.594752,0.181193,0.748489,0.241638,0.729460,0.124559,0.834070,0.171757,0.907708,0.476449,0.723543,0.872010,0.725434,0.830530,0.682022,0.885561,0.672377,0.517268,0.794994,0.345725
ENSDARG00000070419_0_3,-3.9000,-4.0169,0.500000,0.523190,0.618352,-19.5000,-21.1277,0.500000,0.485697,0.603307,0.999994,0.999571,0.999085,0.998693,0.126547,0.127109,0.002132,0.002563,0.002550,0.003172,0.053507,0.053544,0.999943,0.999667,0.999895,0.999637,0.999868,0.999464,0.999999,0.999640,0.998986,0.998725,0.999015,0.998774,0.052291,0.051980,0.010163,0.010178,0.010750,0.010744,0.134779,0.134709,0.991971,0.930037,0.992283,0.937449,0.993298,0.990883,0.999984,0.819595
ENSDARG00000070419_0_4,-1.4000,-1.5209,1.000000,0.985512,0.730485,-21.9000,-22.7746,0.500000,0.509633,0.537063,0.978329,0.981337,0.133068,0.120592,0.132897,0.122358,0.132162,0.121515,0.984781,0.987042,0.997711,0.999747,0.979080,0.990569,0.992138,0.999858,0.151113,0.131233,0.130151,0.105422,0.125146,0.104838,0.989039,0.999681,0.985914,0.998946,0.996933,0.999556,0.988982,0.998757,0.987036,0.012119,0.978108,0.003629,0.974921,0.014509,0.977352,0.057151,0.994846,0.992398
ENSDARG00000070419_0_5,0.0000,-0.9358,1.000000,0.610412,0.659310,-18.0000,-19.7283,0.500000,0.462990,0.573127,0.920609,0.797524,0.778088,0.494817,0.786742,0.491944,0.572602,0.818512,0.481194,0.474978,0.440780,0.454915,0.525830,0.536755,0.634160,0.775496,0.411969,0.363720,0.802951,0.654845,0.984542,0.956012,0.963443,0.939112,0.997204,0.996858,0.778344,0.919011,0.750387,0.595744,0.524218,0.137028,0.550149,0.465145,0.413500,0.121842,0.410153,0.080722,0.459343,0.387569
ENSDARG00000070419_0_7,-3.1000,-3.3305,0.250000,0.314191,0.429099,-21.2000,-23.2611,0.625000,0.599013,0.418735,0.997761,0.444929,0.149065,0.300391,0.008991,0.301131,0.008683,0.648748,0.011330,0.134089,0.034595,0.094335,0.175100,0.178210,0.906124,0.560608,0.999914,0.268157,0.999460,0.266376,0.897722,0.240976,0.879713,0.144638,0.785009,0.065194,0.819937,0.073711,0.210316,0.932838,0.165429,0.931491,0.129225,0.928452,0.129203,0.928596,0.127642,0.926749,0.146763,0.005077
ENSDARG00000070419_0_8,-0.8000,-1.5716,1.000000,0.748242,0.674381,-19.6000,-20.7376,0.625000,0.647859,0.382133,0.523481,0.264344,0.234757,0.260663,0.283316,0.149573,0.515500,0.176738,0.520589,0.216542,0.753967,0.088301,0.686385,0.041466,0.608604,0.026924,0.608052,0.025873,0.958062,0.111734,0.885237,0.103604,0.923734,0.994024,0.936837,0.994072,0.782459,0.988507,0.843869,0.994032,0.597116,0.985295,0.602912,0.095901,0.644862,0.104191,0.581988,0.982990,0.995890,0.037881
ENSDARG00000070419_0_9,-3.7000,-3.8009,1.000000,0.969072,0.691373,-21.9000,-23.5767,0.750000,0.725138,0.507247,0.038391,0.239190,0.028463,0.179850,0.027708,0.152424,0.979491,0.569123,1.000000,0.840258,0.996590,0.791348,0.988829,0.914540,1.000000,0.381903,0.026983,0.013131,0.023728,0.005139,0.024719,0.005097,0.939976,0.251828,0.946274,0.995672,0.981906,0.997301,1.000000,0.998678,0.981286,0.996400,1.000000,0.783669,0.975705,0.767126,0.869254,0.017847,0.998154,0.244408
ENSDARG00000070419_0_10,0.0000,-0.1021,1.000000,0.980535,0.984428,-17.4000,-18.7965,0.625000,0.615417,0.823112,0.988905,0.990217,0.991500,0.986752,0.989877,0.984029,0.998348,0.988689,1.000000,0.978932,0.980581,0.953592,0.992403,0.963323,1.000000,0.986687,0.910256,0.916904,0.994519,0.985944,1.000000,0.994811,0.997894,0.809014,1.000000,0.798340,1.000000,0.792814,1.000000,0.791662,0.851129,0.664901,1.000000,0.900967,1.000000,0.327088,1.000000,0.385635,0.993154,0.261934
ENSDARG00000071150_18_1,-6.1000,-6.1671,0.625000,0.621500,0.497463,-21.7000,-23.4905,0.625000,0.592863,0.470826,0.034434,0.114090,0.928546,0.721041,0.008219,0.055557,0.000712,0.269066,0.000762,0.269102,0.002157,0.269749,0.999840,0.763307,0.999986,0.743425,0.999994,0.733762,0.999917,0.731798,0.002072,0.001926,0.000631,0.000802,0.000647,0.001383,0.032957,0.294954,0.975357,0.968932,0.027024,0.287267,0.936043,0.916652,0.999991,0.976956,0.999983,0.719915,0.999998,0.576847
ENSDARG00000071150_18_2,-0.8000,-1.0272,0.750000,0.809391,0.835965,-16.2000,-18.2504,0.750000,0.719727,0.776268,0.925990,0.878313,0.946079,0.833605,0.970539,0.896844,0.998299,0.991007,0.999238,0.997380,0.970874,0.961301,0.259694,0.372264,0.250076,0.351374,0.999962,0.995104,0.987472,0.821032,0.972921,0.800998,0.963038,0.868331,0.257626,0.261458,0.259009,0.268478,0.999881,0.958797,0.999942,0.950321,0.998287,0.900745,0.999942,0.915087,0.980320,0.759250,0.980122,0.743676
ENSDARG00000071150_18_3,-0.7000,-1.4697,1.000000,0.705476,0.694953,-20.6000,-21.7485,0.500000,0.494498,0.637976,0.318155,0.286726,0.267850,0.280533,0.857540,0.951734,0.452638,0.872041,0.473781,0.900279,0.643396,0.943205,0.944415,0.948949,0.946593,0.994119,0.706440,0.383181,0.702565,0.376816,0.972910,0.938990,0.968957,0.926972,0.841003,0.909382,0.820534,0.899619,0.807420,0.937310,0.629680,0.127423,0.609553,0.235046,0.496821,0.036922,0.618021,0.756959,0.820777,0.053319
ENSDARG00000071150_18_6,0.0000,-0.2761,1.000000,0.957691,0.950071,-17.5000,-19.0965,0.625000,0.608070,0.765982,0.817281,0.846558,0.902485,0.869060,0.925928,0.899085,0.998969,0.967209,0.999707,0.967911,0.900341,0.849161,1.000000,0.953157,1.000000,0.950277,0.994111,0.916735,1.000000,0.819391,0.857363,0.754962,0.943707,0.661572,0.999915,0.808045,0.876509,0.638456,0.992019,0.806919,0.878067,0.856698,0.959840,0.958271,0.998576,0.423862,0.962285,0.287984,0.994320,0.084325
ENSDARG00000071150_18_7,-2.2000,-2.6285,0.625000,0.604824,0.677639,-20.8000,-22.3817,0.625000,0.632565,0.476742,0.967812,0.993396,0.969114,0.983902,0.999967,0.946166,0.999158,0.125350,0.999910,0.064859,0.998941,0.086543,0.498918,0.089041,0.027755,0.000893,0.018099,0.010284,0.594336,0.887651,0.988079,0.230332,0.652089,0.055895,0.998347,0.996268,0.998623,0.999683,1.000000,0.999749,0.151190,0.900353,0.436591,0.139807,0.079821,0.104662,0.580896,0.889615,0.593128,0.030381
ENSDARG00000071150_18_8,-2.3000,-2.8467,0.500000,0.457180,0.470664,-23.6000,-24.5390,0.000000,0.033269,0.548876,0.560661,0.998021,0.103798,0.996522,0.029307,0.971781,0.872734,0.987934,0.036472,0.935152,0.057228,0.946352,0.062734,0.978044,0.989433,0.936535,0.997717,0.958659,0.996089,0.997078,0.989080,0.994888,0.060581,0.010410,0.051474,0.002684,0.117065,0.001795,0.920525,0.004016,0.025153,0.002602,0.085725,0.001343,0.533885,0.004314,0.923916,0.047746,0.999699,0.201649
ENSDARG00000071150_18_9,-2.3000,-2.3529,0.750000,0.757584,0.710254,-17.7000,-20.6222,0.750000,0.434744,0.481034,0.977386,0.678164,0.034774,0.571554,0.045650,0.864818,0.072726,0.887230,0.999354,0.981575,0.985011,0.687378,0.984008,0.696535,0.992607,0.294647,0.990918,0.156976,0.989783,0.142451,0.998592,0.145675,0.073599,0.035728,0.045886,0.007805,0.048286,0.009978,0.988322,0.670485,0.987609,0.500911,0.992363,0.280949,0.999564,0.323080,0.999923,0.897267,0.998722,0.787474
ENSDARG00000071150_18_10,-3.0000,-3.5014,0.500000,0.501733,0.567863,-20.6000,-22.6263,0.500000,0.463731,0.427492,0.244591,0.223206,0.243515,0.778659,0.910236,0.230985,0.234693,0.041217,0.239831,0.046961,0.997312,0.287665,0.485781,0.865997,0.978064,0.636239,0.974720,0.664897,0.998627,0.729738,0.753707,0.241919,0.282310,0.092510,0.702859,0.192926,0.240439,0.776632,0.261109,0.819893,0.989989,0.980272,0.101899,0.522779,0.026586,0.012004,0.721568,0.107568,0.969415,0.297777
ENSDARG00000071497_2_1,-3.6000,-3.6854,0.875000,0.877440,0.696938,-19.3000,-21.0061,0.875000,0.794123,0.665636,0.038194,0.061179,0.014790,0.036767,0.030554,0.054257,0.946938,0.946307,0.952213,0.950582,0.988307,0.984303,1.000000,0.994265,0.999208,0.997874,0.922548,0.923188,1.000000,0.979900,0.023052,0.026586,0.003438,0.004529,0.021133,0.024391,0.999992,0.974698,0.999981,0.969143,0.999941,0.927937,0.999969,0.826018,0.998782,0.824556,0.999969,0.979772,0.999749,0.826471
ENSDARG00000071497_2_2,0.0000,-0.2286,1.000000,0.967791,0.935646,-18.0000,-19.2507,0.750000,0.779475,0.603760,0.861911,0.905795,0.840447,0.216263,0.906695,0.142473,0.994646,0.150950,0.955779,0.213796,0.955942,0.424880,0.926586,0.879493,0.880729,0.873881,0.922091,0.868605,0.919328,0.427291,0.878538,0.382030,0.927904,0.353946,0.899411,0.900933,0.954608,0.911963,0.996589,0.938654,0.998558,0.980480,0.959906,0.980813,0.999523,0.989295,0.966329,0.390007,0.967406,0.143655
ENSDARG00000071497_2_3,-0.4000,-1.0238,0.375000,0.562679,0.644143,-17.4000,-18.6535,0.750000,0.625508,0.737614,0.301154,0.684175,0.983118,0.965304,0.280686,0.618838,0.243908,0.573121,0.258237,0.601849,0.550769,0.734673,0.925534,0.911860,0.962250,0.938580,0.960959,0.968504,0.990690,0.935505,0.992469,0.939365,0.931652,0.876437,0.554436,0.704219,0.251646,0.557179,0.247678,0.590054,0.284790,0.600924,0.964711,0.505678,0.228176,0.178770,0.970534,0.974232,0.999461,0.893007
ENSDARG00000071497_2_4,-2.6000,-3.1833,0.375000,0.503239,0.576400,-19.5000,-21.3141,1.000000,0.657710,0.575855,0.858328,0.921089,0.539508,0.245973,0.655408,0.262842,0.615852,0.245300,0.332453,0.144421,0.339368,0.148499,0.441148,0.598373,0.414057,0.573467,0.408589,0.577912,0.999912,0.823646,0.959303,0.799809,0.938153,0.914085,0.124836,0.443523,0.164120,0.480224,0.580876,0.670057,0.130857,0.602979,0.489156,0.765587,0.553448,0.804485,0.982642,0.741615,0.999978,0.753212
ENSDARG00000071497_2_5,-3.3000,-3.6885,0.625000,0.588990,0.659203,-19.3000,-21.1242,0.500000,0.565324,0.633175,0.905609,0.889967,0.890503,0.816483,0.904880,0.844219,0.947327,0.939486,0.935303,0.934078,0.999283,0.995723,0.654729,0.482135,0.086652,0.070964,0.084237,0.074260,0.126534,0.166303,0.989947,0.978738,0.947144,0.948557,0.937148,0.941588,0.964562,0.957927,0.934356,0.939646,0.914402,0.875602,0.070466,0.076201,0.113363,0.162295,0.115089,0.155727,0.662532,0.413607
ENSDARG00000071497_2_7,-2.2000,-2.2633,0.750000,0.757085,0.617763,-19.8000,-21.0659,0.625000,0.599154,0.603314,0.077495,0.861562,0.062136,0.862084,0.060929,0.860216,0.062089,0.853726,0.979205,0.995218,0.983268,0.993916,0.977304,0.969681,0.994207,0.464930,0.991539,0.196499,0.990575,0.158668,0.061391,0.040285,0.058441,0.016267,0.066325,0.013250,0.061196,0.011518,0.977234,0.175162,0.985781,0.975075,0.987968,0.866541,0.982609,0.969924,0.997358,0.891000,0.998207,0.890765
ENSDARG00000071497_2_8,-1.1000,-1.4361,0.750000,0.813278,0.734272,-16.7000,-18.7205,0.750000,0.776253,0.708109,0.933955,0.949452,0.929631,0.836685,0.955513,0.850903,0.871526,0.735782,0.184440,0.173246,0.150552,0.141792,0.319236,0.444539,0.998401,0.985079,0.980728,0.920916,0.874340,0.847924,0.831974,0.829577,0.148912,0.236258,0.303491,0.430987,0.311656,0.410553,0.995561,0.962844,0.999510,0.951295,0.978422,0.815334,0.918896,0.809937,0.999222,0.977857,0.999468,0.851216
ENSDARG00000071497_2_9,-1.6000,-1.8253,0.625000,0.617750,0.696596,-21.1000,-22.4081,0.125000,0.267896,0.527768,0.832595,0.957759,0.865370,0.797725,0.998391,0.821307,0.999678,0.818929,0.999879,0.817930,0.130956,0.100690,0.139327,0.107169,0.140990,0.110724,0.970583,0.992244,0.964437,0.989049,0.999850,0.998619,0.947856,0.900047,0.923898,0.887803,0.119015,0.251697,0.137588,0.269949,0.144239,0.278110,0.954368,0.216453,0.956249,0.174194,0.813455,0.012142,0.893189,0.052818
ENSDARG00000071497_2_10,-0.4000,-1.0165,0.750000,0.794358,0.740990,-21.1000,-23.1854,0.625000,0.519963,0.387729,0.607232,0.349067,0.556309,0.055643,0.989214,0.018481,0.997836,0.007858,0.517479,0.002913,0.454545,0.003208,0.866745,0.004556,0.825091,0.030835,0.871816,0.594078,0.823547,0.545998,0.431017,0.987249,0.524097,0.994992,0.983262,0.995095,0.989797,0.999781,0.435492,0.505807,0.499109,0.600468,0.997364,0.996573,0.766044,0.051273,0.753963,0.005370,0.929830,0.005333
ENSDARG00000073801_2_1,-0.9000,-1.1754,1.000000,0.992550,0.828393,-19.2000,-20.7960,0.500000,0.593155,0.665971,0.157824,0.159146,0.159565,0.160977,0.983655,0.988390,1.000000,0.998990,0.992161,0.994191,0.993441,0.995712,0.356104,0.350283,0.352054,0.346143,0.999334,0.999519,0.820135,0.808876,0.821792,0.820581,0.991386,0.951366,0.993601,0.946872,0.993820,0.942411,0.983206,0.906231,0.982638,0.822054,0.990227,0.528390,0.998794,0.335215,0.998506,0.163789,0.999607,0.100274
ENSDARG00000073801_2_2,-5.3000,-6.0582,0.375000,0.427322,0.530066,-21.0000,-23.2849,0.375000,0.383080,0.512229,0.998589,0.994312,0.994834,0.991008,0.989443,0.987098,0.004492,0.005734,0.001429,0.002728,0.000222,0.000477,0.000573,0.000864,0.458086,0.477010,0.852981,0.869770,0.999802,0.999603,0.999904,0.999588,0.882393,0.851752,0.690806,0.610928,0.544625,0.481879,0.267294,0.237230,0.007530,0.008342,0.303430,0.296733,0.292805,0.262748,0.312383,0.369808,0.999706,0.796973
ENSDARG00000073801_2_4,-2.8000,-3.2122,0.375000,0.514416,0.573534,-21.6000,-23.0173,0.750000,0.741758,0.447705,0.330824,0.315263,0.053612,0.185895,0.668051,0.155624,0.059716,0.611499,0.380524,0.939783,0.460372,0.379703,0.927466,0.080472,0.927214,0.078676,0.961455,0.098729,0.962563,0.069344,0.997287,0.063962,0.626268,0.041077,0.084769,0.867552,0.052466,0.024899,0.384587,0.987241,0.302010,0.947434,0.338046,0.955216,0.974581,0.998082,0.985756,0.996997,0.993114,0.156644
ENSDARG00000073801_2_5,-2.1000,-2.4946,0.625000,0.673479,0.725300,-20.7000,-21.9884,0.375000,0.504477,0.670845,0.967671,0.911818,0.788522,0.507118,0.801136,0.568976,0.999474,0.986945,0.933951,0.995262,0.988573,0.990225,0.384691,0.949530,0.131436,0.268800,0.134884,0.271015,0.999997,0.998632,0.999899,0.998416,0.987927,0.934340,0.986383,0.933179,0.721217,0.524054,0.787845,0.526575,0.179758,0.013879,0.248383,0.016677,0.465864,0.961655,0.999156,0.999777,0.999221,0.060023
ENSDARG00000073801_2_6,-0.6000,-1.3007,0.500000,0.675878,0.710923,-17.6000,-20.1010,0.500000,0.550157,0.498650,0.965975,0.832270,0.852431,0.594137,0.914096,0.529184,0.949270,0.554580,0.820321,0.698344,0.915267,0.448855,0.994796,0.419536,0.663683,0.209505,0.384158,0.135926,0.291943,0.217658,0.207566,0.092859,0.851932,0.838896,0.985115,0.891975,0.884918,0.844192,0.838976,0.846433,0.988481,0.920702,0.348664,0.207674,0.314814,0.125846,0.373995,0.248660,0.672064,0.315771
ENSDARG00000073801_2_7,-2.5000,-3.5213,0.625000,0.525644,0.527549,-19.5000,-21.4170,1.000000,0.806232,0.570908,0.312340,0.507181,0.143990,0.416455,0.354477,0.493528,0.406431,0.766092,0.164995,0.158210,0.228819,0.099309,0.698072,0.267637,0.999970,0.393444,0.993096,0.968822,0.699103,0.412568,0.652847,0.232897,0.691683,0.252169,0.389789,0.761799,0.564305,0.825537,0.124338,0.693126,0.018985,0.610240,0.125360,0.676487,0.990833,0.978042,0.995458,0.980034,0.996083,0.924591
ENSDARG00000073801_2_8,-12.0000,-12.0230,0.375000,0.378541,0.402891,-27.7000,-29.4114,0.375000,0.350407,0.367842,0.029512,0.189669,0.991183,0.779266,0.007472,0.014557,0.000032,0.000700,0.000020,0.000029,0.000021,0.000019,0.000679,0.000537,0.999996,0.773023,0.999999,0.986740,0.999997,0.778746,0.999819,0.802080,0.000757,0.228225,0.000076,0.227703,0.000073,0.227703,0.000028,0.013934,0.007439,0.018803,0.999999,0.912971,0.020721,0.014961,0.999996,0.761130,0.999996,0.626047
ENSDARG00000073801_2_9,0.0000,-0.0669,1.000000,0.992923,0.984207,-19.7000,-21.4001,0.750000,0.740713,0.564606,0.980093,0.350012,0.997847,0.057054,0.998923,0.019612,0.964309,0.008931,0.957297,0.005138,0.958397,0.005435,0.990113,0.050175,0.997012,0.984769,0.990096,0.896935,0.995866,0.999417,0.954066,0.999270,0.956746,0.989664,0.996880,0.995677,0.987889,0.995308,0.999428,0.992566,0.999052,0.963600,0.999053,0.964698,0.994516,0.966951,0.979538,0.041380,0.987027,0.005521
ENSDARG00000073801_2_10,-0.2000,-0.8003,1.000000,0.954491,0.832104,-17.6000,-19.3711,0.375000,0.638834,0.504689,0.970545,0.777362,0.600243,0.628560,0.499459,0.614758,0.774260,0.236983,0.708972,0.164682,0.769710,0.366110,0.997009,0.254780,0.616923,0.193214,0.607629,0.195269,0.990634,0.975792,0.731752,0.316246,0.739021,0.259364,0.731947,0.251635,0.958474,0.287689,0.978334,0.344070,0.982678,0.634767,0.999552,0.992814,0.995689,0.991046,0.994640,0.988353,0.994613,0.620294
ENSDARG00000073817_2_1,-2.1000,-2.5544,0.500000,0.666780,0.612005,-18.1000,-20.1120,0.375000,0.551098,0.528340,0.542498,0.295890,0.530936,0.279107,0.581800,0.310085,0.580977,0.303647,0.996484,0.994853,0.983886,0.979572,0.470135,0.742012,0.470407,0.740024,0.482438,0.745206,0.063892,0.060640,0.576416,0.308506,0.625997,0.398472,0.581014,0.330936,0.928606,0.886880,0.472961,0.665000,0.481444,0.429643,0.479125,0.348203,0.459803,0.284365,0.944440,0.859677,0.986846,0.604081
ENSDARG00000073817_2_2,-2.9000,-3.0015,1.000000,0.984323,0.707035,-19.9000,-21.3820,0.750000,0.786695,0.627132,0.954402,0.953848,0.043167,0.040740,0.041585,0.036936,0.123477,0.124535,0.999617,0.998945,0.970048,0.971246,0.969677,0.971209,0.920091,0.920694,0.074042,0.073116,0.093281,0.089058,0.076802,0.072274,0.999917,0.996473,0.995166,0.983805,0.954871,0.946011,0.971601,0.965131,0.968443,0.926487,0.997296,0.955484,0.999053,0.995498,0.990977,0.429888,0.997177,0.091255
ENSDARG00000073817_2_3,-3.1000,-3.1907,0.625000,0.625968,0.601475,-19.1000,-20.6473,0.375000,0.510626,0.559415,0.979915,0.977125,0.944210,0.938735,0.983499,0.973637,0.056430,0.084786,0.012170,0.039041,0.016721,0.054436,0.025256,0.064518,0.999094,0.991309,0.998977,0.988233,0.995782,0.982944,0.992139,0.981423,0.017562,0.027114,0.010053,0.019381,0.015604,0.025854,0.056444,0.067402,0.999176,0.988258,0.936591,0.914221,0.999223,0.989257,0.990815,0.565458,0.999840,0.515174
ENSDARG00000073817_2_4,-0.4000,-1.3689,0.625000,0.664748,0.677454,-16.8000,-19.1924,0.500000,0.544167,0.630535,0.601962,0.562885,0.601316,0.582276,0.815766,0.846127,0.414643,0.436864,0.364816,0.388924,0.854206,0.845975,0.999971,0.996919,0.538566,0.568784,0.585218,0.616613,0.912855,0.904516,0.876167,0.863546,0.665600,0.643942,0.781635,0.764610,0.143706,0.154093,0.123646,0.135806,0.943874,0.940366,0.958474,0.952858,0.762006,0.613561,0.789777,0.620514,0.814871,0.171528
ENSDARG00000073817_2_5,-1.5000,-2.1888,0.750000,0.701189,0.674665,-19.4000,-20.5301,0.375000,0.452601,0.532296,0.536081,0.239818,0.800721,0.899243,0.336422,0.140827,0.940645,0.969788,0.405585,0.185551,0.619604,0.318314,0.967110,0.961104,0.999318,0.991927,0.999242,0.992291,0.709997,0.950690,0.338578,0.276161,0.230490,0.099406,0.994754,0.979834,0.585596,0.233042,0.957756,0.908018,0.336220,0.128745,0.672466,0.186609,0.558453,0.119981,0.504943,0.086448,0.999325,0.978129
ENSDARG00000073817_2_6,-2.3000,-2.5224,0.500000,0.493448,0.591593,-21.0000,-22.4380,0.375000,0.348840,0.626703,0.989554,0.797607,0.049782,0.510397,0.023766,0.526036,0.034651,0.901483,0.045568,0.911371,0.992238,0.988383,0.999809,0.994429,0.783390,0.973913,0.999748,0.994669,0.981974,0.577918,0.983802,0.567586,0.999993,0.999547,0.927219,0.790787,0.998340,0.999466,0.848877,0.829252,0.999024,0.161154,0.037875,0.002216,0.034761,0.000423,0.037957,0.001047,0.063534,0.006377
ENSDARG00000073817_2_7,-0.1000,-0.9506,0.500000,0.705415,0.748791,-16.8000,-18.7202,0.750000,0.608676,0.679876,0.941229,0.928850,0.892691,0.866751,0.863868,0.791216,0.950300,0.859952,0.944027,0.764232,0.646794,0.655794,0.657239,0.791799,0.969323,0.807879,0.683786,0.867486,0.415304,0.363412,0.604425,0.417234,0.763518,0.613494,0.748803,0.617903,0.724422,0.850275,0.571566,0.730358,0.975477,0.718095,0.511039,0.543446,0.490577,0.220906,0.781350,0.612820,0.840089,0.575607
ENSDARG00000073817_2_8,-2.7000,-3.1987,0.625000,0.639471,0.530669,-20.4000,-21.3663,0.375000,0.443103,0.459722,0.037255,0.069212,0.046623,0.073059,1.000000,0.999968,0.959356,0.944061,0.042306,0.055757,0.055388,0.094009,0.178382,0.208028,0.999730,0.998198,0.999238,0.997457,0.986030,0.978011,0.164699,0.187797,0.028607,0.044066,0.029449,0.050851,0.596946,0.187306,0.590973,0.176213,0.987422,0.997534,0.452326,0.088290,0.458667,0.079678,0.999988,0.999799,0.999997,0.965148
ENSDARG00000073817_2_9,-4.4000,-4.6744,0.375000,0.403433,0.522283,-23.8000,-25.1340,0.875000,0.736575,0.344158,0.842069,0.142870,0.663602,0.034420,0.649949,0.032723,0.650848,0.010929,0.653489,0.011568,0.353924,0.012809,0.352354,0.012950,0.353966,0.015627,0.350883,0.012767,0.349896,0.012657,0.999491,0.107678,0.997722,0.583573,0.655444,0.702091,0.650718,0.943845,0.002657,0.975571,0.018550,0.978135,0.201856,0.741689,0.350485,0.553667,0.348345,0.529219,0.999410,0.468381
ENSDARG00000073817_2_10,-0.1000,-0.7321,1.000000,0.996457,0.862081,-18.7000,-20.6767,0.250000,0.291978,0.570529,0.315613,0.326203,0.318415,0.329100,0.999967,0.999609,0.998932,0.999053,0.996365,0.998943,0.995986,0.998926,0.998151,0.997712,0.686356,0.673734,0.331146,0.338103,0.632515,0.592979,0.997364,0.916929,0.999163,0.903472,0.995409,0.886382,0.990130,0.955588,0.997912,0.271980,0.999756,0.091174,0.999792,0.042797,0.999776,0.038745,0.997011,0.028545,0.991869,0.020614
ENSDARG00000074184_0_1,-3.9000,-4.0479,0.375000,0.414529,0.522389,-22.5000,-24.2885,0.375000,0.380065,0.434346,0.964232,0.910491,0.966282,0.891838,0.980359,0.907002,0.986619,0.908840,0.991999,0.916385,0.923440,0.052057,0.071574,0.020286,0.022719,0.001210,0.062992,0.000867,0.109003,0.046518,0.099527,0.034168,0.952799,0.956741,0.993183,0.999757,0.998136,0.999982,0.941698,0.999318,0.051958,0.033896,0.024145,0.002938,0.079286,0.000945,0.091926,0.002246,0.135901,0.001442
ENSDARG00000074184_0_2,-1.6000,-2.0392,0.375000,0.458842,0.507101,-23.6000,-24.4999,0.500000,0.513404,0.549489,0.159312,0.978585,0.049769,0.977863,0.054139,0.956006,0.079767,0.992832,0.990993,0.976437,0.347506,0.962333,0.417423,0.005681,0.963045,0.000886,0.995667,0.000861,0.996990,0.000614,0.997301,0.030742,0.419375,0.999702,0.307577,0.094167,0.999662,0.004500,0.983279,0.003499,0.062766,0.006620,0.074234,0.999822,0.068888,0.999497,0.174341,0.999495,0.999988,0.999631
ENSDARG00000074184_0_3,0.0000,-0.5123,1.000000,0.854476,0.839791,-17.2000,-18.9566,0.625000,0.628712,0.702718,0.839406,0.757963,0.799366,0.686375,0.767238,0.659445,0.994438,0.994156,0.764794,0.671216,0.612401,0.530233,0.745731,0.636627,0.999833,0.834416,0.854730,0.712935,1.000000,0.993608,0.885784,0.844225,0.696299,0.703470,0.662310,0.670967,0.876703,0.866797,0.932082,0.941828,0.999843,0.994370,0.694285,0.725183,0.999538,0.422642,0.833777,0.178509,0.837267,0.229404
ENSDARG00000074184_0_4,-4.9000,-5.3600,0.750000,0.699308,0.523576,-24.2000,-25.2844,0.375000,0.367142,0.375367,0.727207,0.850441,0.004939,0.005529,0.004841,0.005230,0.016258,0.002495,0.101205,0.005105,0.419907,0.346787,0.985464,0.999798,0.976497,0.999694,0.999905,0.999894,0.419897,0.346818,0.114629,0.004564,0.106306,0.003846,0.119749,0.001381,0.131318,0.003885,0.881530,0.998943,0.742586,0.844740,0.858043,0.038760,0.861952,0.017588,0.999519,0.042235,0.999770,0.989606
ENSDARG00000074184_0_5,-2.1000,-2.3301,0.625000,0.659757,0.717857,-23.4000,-24.6080,0.500000,0.463039,0.387423,0.870163,0.344029,0.883209,0.343739,0.882523,0.302170,0.964472,0.910121,0.988293,0.224766,0.998237,0.209551,0.992736,0.210219,0.967364,0.156703,0.285593,0.155873,0.131748,0.161561,0.133160,0.107959,0.981592,0.917463,0.899934,0.193954,0.894637,0.244756,0.899084,0.800685,0.989844,0.796908,0.995973,0.794023,0.147825,0.045830,0.148290,0.038365,0.302468,0.789794
ENSDARG00000074184_0_6,-1.9000,-2.0886,1.000000,0.890038,0.609490,-21.5000,-22.6886,0.500000,0.503254,0.421713,0.975616,0.976782,0.217248,0.061420,0.215197,0.058043,0.229420,0.085278,0.233810,0.061998,0.888603,0.960293,0.878707,0.959667,0.833952,0.959886,0.195357,0.099971,0.073269,0.048442,0.095643,0.051649,0.232679,0.084802,0.999604,0.999893,0.997085,0.998709,0.898147,0.966747,0.874099,0.960879,0.922117,0.059465,0.799742,0.016280,0.794883,0.010822,0.834626,0.013233
ENSDARG00000074184_0_7,-3.7000,-3.7392,0.750000,0.752819,0.604627,-19.4000,-20.9625,0.750000,0.699799,0.594266,0.046447,0.161406,0.976971,0.968315,0.020726,0.135860,0.994475,0.991242,0.011472,0.124752,0.009525,0.114220,0.993535,0.885318,0.994580,0.877072,0.997135,0.883675,0.999754,0.998966,0.011352,0.108834,0.014024,0.037264,0.992865,0.875628,0.039326,0.041691,0.975849,0.884593,0.019300,0.023493,0.995454,0.994966,0.999950,0.998350,0.999876,0.975519,0.999930,0.804149
ENSDARG00000074184_0_8,-0.8000,-1.0837,0.750000,0.818851,0.834564,-17.6000,-19.0964,0.750000,0.816258,0.759363,0.969504,0.967153,0.994058,0.987342,1.000000,0.916287,1.000000,0.906812,1.000000,0.753253,0.274128,0.463811,0.257303,0.417770,1.000000,0.782557,0.998978,0.747398,1.000000,0.738142,0.824803,0.495006,0.821700,0.481673,1.000000,0.976015,1.000000,0.973276,0.998176,0.966335,0.285991,0.332445,0.266637,0.325128,1.000000,0.999653,1.000000,0.999410,1.000000,0.957801
ENSDARG00000074184_0_9,-0.1000,-1.1919,0.750000,0.846935,0.786448,-16.0000,-18.5609,0.500000,0.721765,0.738034,0.849030,0.785330,0.890157,0.801424,0.855396,0.868851,1.000000,0.963199,0.503074,0.622985,0.175872,0.310159,0.439314,0.494767,1.000000,0.978818,0.995962,0.972746,1.000000,0.993137,0.703014,0.769226,0.541668,0.425915,1.000000,0.723109,0.492487,0.343562,0.541884,0.368804,0.746224,0.520873,1.000000,0.975107,0.994886,0.966422,1.000000,0.996078,1.000000,0.880165
ENSDARG00000074184_0_10,-4.6000,-4.6310,0.875000,0.868563,0.505831,-22.7000,-23.4815,0.500000,0.528664,0.365137,0.032421,0.016461,0.025021,0.007952,0.023281,0.005862,0.019155,0.005147,0.033424,0.019123,0.997964,0.999560,0.996270,0.995964,0.996353,0.996037,0.019226,0.016285,0.004921,0.001504,0.006469,0.003104,0.013606,0.006433,0.028463,0.015947,0.997466,0.999121,0.996843,0.997163,0.986865,0.993950,0.982448,0.121613,0.978421,0.056763,0.978314,0.055871,0.999687,0.988883
ENSDARG00000074397_1_1,-3.3000,-3.7021,0.250000,0.346650,0.476959,-20.0000,-21.7181,0.125000,0.255356,0.510815,0.985003,0.985082,0.985608,0.993488,0.236607,0.819106,0.191833,0.806568,0.994072,0.989243,0.053706,0.214520,0.005103,0.030122,0.005276,0.028337,0.312200,0.330802,0.999591,0.996200,0.998603,0.993497,0.998382,0.986483,0.998799,0.989874,0.309420,0.313479,0.006008,0.031902,0.004135,0.024460,0.055797,0.224070,0.183090,0.081521,0.215991,0.054025,0.999958,0.323515
ENSDARG00000074397_1_2,-0.8000,-1.3728,0.875000,0.823497,0.745652,-19.4000,-20.7778,0.500000,0.559269,0.627498,0.871859,0.778845,0.549783,0.760127,0.260092,0.437990,0.586928,0.473595,0.570212,0.475735,0.734665,0.974821,0.986254,0.976534,0.936456,0.990587,0.892122,0.813743,0.871992,0.783452,0.548377,0.289728,0.516326,0.320642,0.587930,0.331930,0.764914,0.837154,0.980325,0.847475,0.992604,0.845403,0.652170,0.213766,0.648128,0.190452,0.977084,0.993204,0.984818,0.214769
ENSDARG00000074397_1_3,-5.2000,-5.6658,0.250000,0.360023,0.446785,-24.9000,-25.8648,0.375000,0.369405,0.365060,0.242620,0.134092,0.046005,0.016844,0.020406,0.015831,0.022366,0.031610,0.998661,0.995234,0.757214,0.992253,0.136437,0.991376,0.276170,0.035162,0.927543,0.019841,0.927479,0.013738,0.933987,0.121218,0.766635,0.978766,0.090183,0.871152,0.358363,0.995279,0.973816,0.995044,0.054925,0.059889,0.065900,0.012317,0.042827,0.000317,0.314238,0.003459,0.979930,0.017779
ENSDARG00000074397_1_4,-1.9000,-2.1175,0.500000,0.532176,0.622634,-19.5000,-21.0558,0.250000,0.366073,0.532852,0.056367,0.672155,0.050767,0.670863,0.992178,0.992604,0.191880,0.625071,0.201124,0.599704,0.996563,0.746666,0.867646,0.404168,0.861554,0.330252,0.991933,0.355249,0.989211,0.415829,0.998252,0.949413,0.997790,0.966477,0.074101,0.058926,0.087179,0.038586,0.246282,0.037218,0.240990,0.045278,0.977138,0.992869,0.816245,0.706692,0.816077,0.704934,0.999393,0.344078
ENSDARG00000074397_1_6,0.0000,-0.3456,1.000000,0.950217,0.930873,-16.9000,-18.6501,0.875000,0.859134,0.714905,0.848751,0.961506,0.988016,0.981642,0.999458,0.414386,0.930223,0.293274,0.971988,0.247511,0.880541,0.217131,0.726128,0.179442,0.936966,0.986143,0.999738,0.997879,0.860811,0.215124,1.000000,0.998637,0.873105,0.932352,0.808190,0.930094,0.915903,0.945977,0.990345,0.957309,0.913601,0.897486,0.999848,0.974230,0.989357,0.236535,0.986061,0.972271,0.998430,0.959171
ENSDARG00000074397_1_7,-1.9000,-2.4255,1.000000,0.783635,0.696591,-19.3000,-21.3887,0.500000,0.528252,0.558087,0.515982,0.412910,0.535740,0.374068,0.414649,0.316691,0.861972,0.842473,0.861779,0.914311,0.998602,0.908292,0.976539,0.928262,0.598570,0.627312,0.595913,0.627232,0.168047,0.113569,0.564933,0.411101,0.570013,0.459503,0.993287,0.865729,0.991942,0.860505,0.476981,0.537695,0.477460,0.590112,0.467533,0.304179,0.962829,0.659667,0.919741,0.247476,0.979306,0.160655
ENSDARG00000074397_1_8,0.0000,-0.0983,1.000000,0.990061,0.974894,-15.4000,-17.1300,1.000000,0.943478,0.918973,0.922707,0.922705,0.985288,0.950963,0.967960,0.933475,0.960391,0.920825,0.956239,0.942466,0.967091,0.949246,0.995359,0.816212,0.915724,0.743477,0.999280,0.825616,0.978095,0.955309,0.967209,0.945786,0.962037,0.925562,0.961564,0.948877,0.991552,0.981607,0.987418,0.953561,0.996273,0.959004,0.994057,0.951220,0.994041,0.958290,0.996723,0.986942,0.998863,0.808323
ENSDARG00000074397_1_9,-6.7000,-6.7258,0.375000,0.380919,0.504727,-22.4000,-23.8939,0.375000,0.355005,0.493628,0.999887,0.999370,0.991552,0.984186,0.011240,0.016209,0.000061,0.001199,0.000053,0.000482,0.009146,0.013053,0.035455,0.040128,0.999922,0.992666,0.999953,0.993247,0.999974,0.993297,0.999969,0.999167,0.999968,0.999512,0.035341,0.045384,0.002493,0.011428,0.000175,0.009142,0.006740,0.014827,0.002664,0.009999,0.999980,0.993496,0.999979,0.971681,0.999980,0.784081
ENSDARG00000074397_1_10,-3.9000,-3.9746,0.875000,0.839985,0.685968,-21.5000,-23.4826,0.375000,0.446687,0.446615,0.096076,0.153015,0.057127,0.102588,0.018337,0.075691,0.957191,0.979228,0.941469,0.682453,0.960757,0.848689,0.995507,0.982697,0.955029,0.505042,0.957003,0.493161,0.959175,0.490000,0.053547,0.024336,0.048269,0.021891,0.014952,0.013897,0.955800,0.980496,0.955540,0.974306,0.956369,0.933795,0.956654,0.279464,0.951958,0.274489,0.953862,0.075533,0.974743,0.041519
ENSDARG00000074474_8_1,-6.0000,-6.1428,0.250000,0.279691,0.423732,-22.6000,-24.1841,0.125000,0.159408,0.402971,0.995818,0.963561,0.989038,0.901214,0.994593,0.887546,0.004972,0.216032,0.006260,0.206528,0.004504,0.223763,0.002372,0.221174,0.055097,0.276192,0.187870,0.361755,0.996873,0.928948,0.999801,0.804469,0.999918,0.792962,0.996626,0.785328,0.190066,0.172363,0.054070,0.068056,0.000913,0.004290,0.002396,0.012645,0.000859,0.024464,0.002755,0.005799,0.989840,0.202321
ENSDARG00000074474_8_2,-2.7000,-3.4709,0.625000,0.521827,0.497668,-20.2000,-21.8914,0.250000,0.326335,0.565352,0.361639,0.839716,0.272599,0.767554,0.498362,0.724430,0.695972,0.925792,0.205677,0.607919,0.265379,0.553001,0.629055,0.635355,0.539540,0.671011,0.794648,0.897452,0.793617,0.852173,0.476509,0.724970,0.245739,0.496992,0.707805,0.292772,0.223509,0.107596,0.144541,0.093613,0.278212,0.099893,0.702682,0.126682,0.622600,0.167906,0.590107,0.898069,0.905161,0.824148
ENSDARG00000074474_8_3,-6.4000,-6.6680,0.500000,0.488290,0.551822,-27.4000,-28.4121,0.375000,0.384332,0.273226,0.007860,0.997296,0.000443,0.062228,0.000617,0.001836,0.008137,0.000105,0.997115,0.000816,0.805765,0.000459,0.807299,0.003272,0.903843,0.019373,0.987995,0.163628,0.999095,0.999871,0.842297,0.135050,0.769663,0.005938,0.903619,0.000858,0.988074,0.003320,0.005553,0.034221,0.015935,0.999398,0.010026,0.999405,0.016311,0.999472,0.966848,0.034750,0.999953,0.003230
ENSDARG00000074474_8_4,-4.3000,-4.5145,0.875000,0.846650,0.681744,-21.9000,-23.0210,0.625000,0.595963,0.582088,0.739169,0.759368,0.104149,0.104506,0.002737,0.002359,0.007846,0.006246,0.999552,0.999583,0.999984,0.999522,0.994568,0.992097,0.991569,0.980606,0.994547,0.980922,0.904246,0.898372,0.019352,0.031610,0.103949,0.118854,0.016858,0.030599,0.994728,0.871080,0.810827,0.670255,0.988531,0.803584,0.995434,0.272921,0.990636,0.205819,0.993092,0.987575,0.983097,0.925872
ENSDARG00000074474_8_5,-1.5000,-2.0221,0.375000,0.493616,0.566296,-18.6000,-20.5571,0.500000,0.455350,0.512095,0.919207,0.925770,0.301126,0.411334,0.273520,0.380029,0.259801,0.391719,0.218089,0.122941,0.336308,0.234668,0.995387,0.734209,0.803016,0.866649,0.592325,0.455612,0.726099,0.525865,0.979497,0.885886,0.972618,0.664423,0.880239,0.661106,0.931299,0.724615,0.863714,0.683185,0.211040,0.170574,0.223277,0.394747,0.242094,0.382246,0.295355,0.340343,0.301907,0.285987
ENSDARG00000074474_8_6,0.0000,-0.5137,1.000000,0.876652,0.866161,-16.5000,-18.7924,0.625000,0.669346,0.666205,0.729212,0.747998,0.764651,0.692079,0.999426,0.818640,0.979754,0.652121,0.988469,0.613095,0.961329,0.591349,0.993675,0.863076,0.765595,0.391188,0.728588,0.354305,0.702935,0.392118,0.853228,0.927641,0.843148,0.925714,0.887603,0.941881,0.932917,0.800569,0.997250,0.816454,0.996435,0.825559,0.763920,0.495599,0.693633,0.380015,0.741971,0.445643,0.999483,0.649049
ENSDARG00000074474_8_7,0.0000,-0.3089,1.000000,0.922372,0.891852,-17.4000,-19.2571,0.750000,0.756375,0.640547,0.678428,0.960347,0.657410,0.960494,0.714470,0.962488,0.940357,0.986819,0.948931,0.993711,0.991836,0.400833,0.973874,0.321319,0.992722,0.124094,0.929196,0.082824,0.964992,0.092062,0.912400,0.431765,0.753439,0.443183,0.792131,0.270253,0.817911,0.281726,0.900639,0.979556,0.896205,0.948894,0.998650,0.803144,0.998708,0.870710,0.986260,0.950723,0.988473,0.945991
ENSDARG00000074474_8_8,0.0000,-0.1711,1.000000,0.977891,0.956985,-16.1000,-18.3470,0.875000,0.796698,0.715398,0.998910,0.649906,0.996728,0.944677,0.835941,0.501144,0.787541,0.499584,0.992558,0.892464,0.998722,0.707302,0.993175,0.585256,0.987859,0.516630,0.982154,0.559121,0.966881,0.749723,0.876724,0.536800,0.899381,0.791764,0.957371,0.847111,0.956578,0.918058,0.981323,0.973881,0.994128,0.876817,0.996029,0.944984,0.973553,0.687389,0.991330,0.850563,0.972816,0.274779
ENSDARG00000074474_8_9,-5.3000,-5.8230,0.500000,0.419938,0.535378,-20.9000,-22.9096,0.500000,0.408319,0.527902,0.980762,0.980549,0.024534,0.044528,0.034530,0.053890,0.027773,0.049021,0.021771,0.048888,0.981259,0.977820,0.484170,0.473007,0.825549,0.800922,0.973353,0.944324,0.999968,0.974467,0.999817,0.974396,0.994563,0.969684,0.478810,0.470689,0.831010,0.831609,0.014664,0.040811,0.014558,0.041048,0.000403,0.025645,0.020757,0.046206,0.999317,0.998422,0.999986,0.812122
ENSDARG00000074474_8_10,-2.6000,-3.2018,0.250000,0.409836,0.527829,-19.5000,-21.4200,0.250000,0.458906,0.464966,0.999548,0.996104,0.998953,0.994022,0.724451,0.663790,0.527679,0.506676,0.046442,0.014692,0.030326,0.012856,0.479993,0.091799,0.423496,0.083059,0.461659,0.115083,0.585767,0.238155,0.999916,0.998871,0.999654,0.912968,0.956022,0.966750,0.948130,0.984443,0.572745,0.605100,0.046883,0.102690,0.007774,0.033029,0.006492,0.020266,0.220229,0.468978,0.520412,0.489988
ENSDARG00000074739_1_1,0.0000,-0.1546,1.000000,0.977840,0.966282,-23.7000,-24.5040,0.625000,0.639899,0.408190,0.874512,0.931643,0.954442,0.924008,0.991087,0.012819,0.987105,0.006812,0.999929,0.010476,0.989350,0.003951,1.000000,0.893083,0.908638,0.001326,0.902608,0.001024,0.898041,0.002172,0.999410,0.142194,0.997807,0.115101,0.998805,0.111357,0.999646,0.109660,0.975346,0.112670,0.999488,0.999939,0.999476,0.999957,0.965478,0.999982,0.916849,0.892806,0.967632,0.892818
ENSDARG00000074739_1_2,-1.3000,-1.7484,0.250000,0.413236,0.529272,-18.3000,-20.1143,0.250000,0.323214,0.486007,0.826947,0.904490,0.151254,0.188490,0.116647,0.184373,0.955045,0.962569,0.124687,0.191287,0.292429,0.263018,0.983963,0.930394,0.441472,0.360125,0.404018,0.311866,0.988370,0.985307,0.996029,0.933523,0.998697,0.918975,0.842114,0.845696,0.413823,0.401129,0.260593,0.242706,0.094823,0.059223,0.111068,0.068038,0.983352,0.773200,0.281715,0.114222,0.318400,0.081503
ENSDARG00000074739_1_3,-0.4000,-1.0642,0.375000,0.547659,0.615367,-18.5000,-20.5218,0.000000,0.307517,0.519378,0.424431,0.610247,0.248647,0.421583,0.247153,0.426025,0.255664,0.379657,0.341682,0.392130,0.981062,0.890837,0.765076,0.727785,0.998192,0.900638,0.958639,0.850389,0.956918,0.824910,0.968769,0.828798,0.779836,0.674419,0.344524,0.349465,0.258453,0.311281,0.220450,0.399818,0.194858,0.360760,0.389391,0.413005,0.993406,0.468938,0.988501,0.121092,0.991693,0.035774
ENSDARG00000074739_1_4,-3.8000,-3.9482,0.250000,0.320244,0.436598,-20.8000,-22.3625,0.250000,0.269352,0.406624,0.979277,0.892790,0.996106,0.985498,0.068797,0.021179,0.045498,0.018968,0.928874,0.965674,0.117023,0.070460,0.082547,0.036458,0.071632,0.026010,0.089153,0.044499,0.921045,0.960470,0.933177,0.977782,0.936879,0.977877,0.999579,0.990376,0.099861,0.051794,0.047797,0.010597,0.072994,0.027172,0.111551,0.059078,0.995717,0.981087,0.106490,0.016250,0.127965,0.018464
ENSDARG00000074739_1_5,-1.6000,-2.5670,0.500000,0.559820,0.642334,-23.5000,-25.0137,0.625000,0.625702,0.463541,0.948960,0.989188,0.909506,0.991781,0.917678,0.990077,0.932909,0.222803,0.655513,0.041110,0.992996,0.016004,0.286858,0.004245,0.209801,0.000744,0.204600,0.001236,0.451076,0.001434,0.858213,0.007023,1.000000,0.999554,0.978916,0.999505,0.995444,0.999602,0.581337,0.999290,0.291934,0.999561,0.275813,0.998673,0.028440,0.006004,0.399156,0.000685,0.927518,0.002298
ENSDARG00000074739_1_6,-3.5000,-3.6146,0.875000,0.845062,0.610655,-20.6000,-22.7497,0.500000,0.554427,0.487995,0.973048,0.763523,0.095374,0.680529,0.090214,0.600705,0.098988,0.853476,0.130803,0.827443,0.991516,0.934856,0.972866,0.169764,0.973091,0.101404,0.967231,0.100995,0.068834,0.006824,0.039391,0.004513,0.051255,0.280446,0.104838,0.904150,0.977512,0.997262,0.972403,0.995683,0.994454,0.998864,0.938211,0.372121,0.901428,0.037470,0.898857,0.034246,0.972796,0.095618
ENSDARG00000074739_1_7,-2.5000,-2.8396,0.500000,0.498841,0.594356,-19.5000,-21.0268,0.250000,0.289459,0.584841,0.958730,0.982707,0.790502,0.951775,0.962476,0.980769,0.969353,0.974836,0.133391,0.622457,0.029893,0.558055,0.032149,0.559426,0.074589,0.602314,0.994482,0.992781,0.998281,0.658977,0.999825,0.601312,0.952716,0.895741,0.030687,0.151130,0.031347,0.028753,0.032920,0.017583,0.136427,0.069556,0.999943,0.319245,0.999950,0.355487,0.759461,0.541279,0.999994,0.832634
ENSDARG00000074739_1_9,0.0000,-0.6769,1.000000,0.857806,0.810946,-20.4000,-21.5955,1.000000,0.897177,0.482017,0.444281,0.141497,0.374178,0.036128,0.661837,0.044186,1.000000,0.999476,0.897580,0.095896,0.829013,0.995955,0.926802,0.034405,1.000000,0.026917,0.991518,0.028579,0.712894,0.019112,0.904537,0.022877,0.613829,0.017890,0.639757,0.823183,0.894895,0.800754,0.777210,0.990772,0.778437,0.992317,0.940834,0.998231,0.998176,0.981495,0.914028,0.612454,0.919113,0.978209
ENSDARG00000074919_0_1,0.0000,-0.2226,1.000000,0.916931,0.934266,-18.8000,-19.5827,0.625000,0.646170,0.817767,0.987022,0.990729,0.989608,0.993763,0.938639,0.908499,0.981584,0.903142,0.853658,0.894559,0.867790,0.893270,0.967581,0.886391,0.973412,0.984107,0.918255,0.874409,0.956871,0.990330,0.944313,0.895740,0.971142,0.971041,0.972908,0.981490,0.981902,0.980001,0.978430,0.981125,0.984970,0.154193,0.798860,0.142922,0.715765,0.046499,0.953580,0.996689,0.949030,0.886438
ENSDARG00000074919_0_2,-3.5000,-3.7403,0.375000,0.399693,0.517504,-20.5000,-22.4428,0.125000,0.249553,0.376476,0.945106,0.792982,0.927100,0.522959,0.987419,0.508938,0.994510,0.538047,0.249242,0.152443,0.021045,0.017065,0.022788,0.018506,0.006202,0.005165,0.005712,0.004463,0.997476,0.986667,0.998263,0.987466,0.997671,0.998387,0.997744,0.994864,0.017575,0.022161,0.018683,0.023102,0.022521,0.027155,0.018560,0.021202,0.249559,0.157119,0.925864,0.691839,0.947040,0.058982
ENSDARG00000074919_0_4,-1.6000,-1.8468,0.500000,0.542025,0.624467,-20.1000,-21.5582,0.625000,0.617881,0.616478,0.151541,0.859498,0.830078,0.860826,0.214192,0.745720,0.213995,0.374929,0.085656,0.289816,0.861461,0.546655,0.961415,0.569418,0.999330,0.579778,0.976135,0.577732,0.955146,0.518007,0.960954,0.921904,0.943240,0.542236,0.107985,0.773034,0.100727,0.637706,0.224077,0.796942,0.992106,0.458436,0.099426,0.413037,0.816818,0.294344,0.997183,0.969956,0.997880,0.599590
ENSDARG00000074919_0_5,-2.0000,-2.1197,0.500000,0.539269,0.631306,-18.2000,-20.0370,0.750000,0.609753,0.657634,0.980525,0.982631,0.990016,0.959045,0.972343,0.721599,0.146945,0.513190,0.097719,0.365610,0.962258,0.852911,0.954364,0.837187,0.080147,0.496326,0.129975,0.692827,0.999072,0.640712,0.999306,0.605613,0.999302,0.606999,0.948633,0.497501,0.056060,0.178281,0.122037,0.717777,0.998639,0.997304,0.968119,0.662732,0.152753,0.461803,0.079136,0.422267,0.988774,0.940356
ENSDARG00000074919_0_6,-2.3000,-3.3212,0.625000,0.437675,0.544212,-20.0000,-22.1975,0.375000,0.373422,0.540662,0.932731,0.638132,0.918500,0.487295,0.308631,0.367897,0.354485,0.637620,0.463077,0.567350,0.334718,0.563782,0.101470,0.469279,0.150372,0.578359,0.973975,0.969749,0.970978,0.966655,0.933174,0.766696,0.940733,0.813049,0.625580,0.630449,0.709666,0.343638,0.760400,0.440498,0.169450,0.063949,0.436583,0.201971,0.124124,0.592951,0.315861,0.099675,0.359732,0.614249
ENSDARG00000074919_0_7,-4.7000,-5.2958,0.250000,0.360914,0.488730,-21.8000,-23.6658,0.250000,0.275715,0.442712,0.362888,0.189164,0.008514,0.010771,0.002248,0.009609,0.282337,0.186653,0.004175,0.007015,0.227182,0.262038,1.000000,0.997049,1.000000,0.996654,1.000000,0.996626,0.999983,0.996620,0.999962,0.996537,1.000000,0.999777,0.659266,0.750136,0.261249,0.299688,0.999999,0.999127,0.031783,0.038448,0.002633,0.005712,0.281280,0.039231,0.287232,0.028495,0.363868,0.044884
ENSDARG00000074919_0_8,-0.4000,-0.9915,1.000000,0.905142,0.794204,-17.9000,-19.5473,0.625000,0.694133,0.683247,0.348297,0.496234,0.365021,0.510725,1.000000,0.996851,0.986760,0.791593,1.000000,0.785661,1.000000,0.779164,1.000000,0.779297,0.358076,0.296229,0.346261,0.481287,1.000000,0.985074,0.631040,0.618650,0.607497,0.591103,1.000000,0.993217,0.995644,0.987011,1.000000,0.989133,1.000000,0.984959,0.990763,0.971594,1.000000,0.472715,0.624518,0.075486,0.630210,0.078944
ENSDARG00000074919_0_9,-1.2000,-1.9052,0.625000,0.597871,0.648575,-21.4000,-22.4642,0.625000,0.592641,0.685185,0.515864,0.279420,0.408427,0.272442,0.555644,0.982932,0.981835,0.989866,0.535223,0.984581,0.563559,0.983736,0.643611,0.978555,0.638973,0.973083,0.502888,0.260797,0.848352,0.273648,0.997635,0.986611,0.996527,0.996893,0.995498,0.996013,0.566110,0.980577,0.564409,0.974709,0.643185,0.800835,0.199475,0.952795,0.198268,0.017266,0.643813,0.011486,0.972213,0.007450
ENSDARG00000074919_0_10,-2.5000,-2.8503,0.500000,0.483379,0.582102,-19.7000,-20.8492,0.875000,0.739087,0.594359,0.995885,0.992116,0.107012,0.108888,0.015899,0.032193,0.015621,0.024528,0.180093,0.069143,0.805040,0.254330,0.702119,0.892314,0.999952,0.931901,0.999787,0.961489,0.999778,0.950498,0.995952,0.389278,0.957873,0.367806,0.701396,0.261043,0.034838,0.714143,0.013331,0.701886,0.013598,0.692796,0.105708,0.727094,0.999344,0.977336,0.999370,0.971380,0.999445,0.867019
ENSDARG00000075281_0_1,-0.4000,-1.0513,0.750000,0.738269,0.712720,-18.7000,-19.6611,0.875000,0.855000,0.569217,0.995006,0.972730,0.862787,0.959402,0.382748,0.889458,0.452931,0.072666,0.293727,0.053634,0.783547,0.078768,0.772239,0.075640,0.772876,0.078192,0.814006,0.118245,0.895261,0.130653,0.883729,0.986368,0.439395,0.128588,0.238338,0.059960,0.449733,0.942087,0.790782,0.970326,0.798013,0.969944,0.811553,0.961388,0.966387,0.976559,0.860515,0.978166,0.990834,0.981570
ENSDARG00000075281_0_2,-3.7000,-4.4395,0.375000,0.400637,0.516859,-20.4000,-22.8176,0.500000,0.407733,0.452494,0.985982,0.663443,0.985475,0.538627,0.988818,0.605138,0.115074,0.144061,0.107249,0.147801,0.360347,0.346680,0.319857,0.241711,0.008560,0.015792,0.275418,0.184636,0.990822,0.992476,0.997104,0.990212,0.997380,0.917430,0.997570,0.895793,0.989878,0.883358,0.999179,0.890101,0.019382,0.129661,0.014747,0.126007,0.019715,0.015983,0.048577,0.022512,0.116052,0.298448
ENSDARG00000075281_0_3,-2.7000,-2.8094,0.625000,0.606115,0.597742,-18.3000,-19.9445,0.625000,0.564047,0.582390,0.153251,0.172741,0.136227,0.146450,0.097508,0.103680,0.048261,0.062352,0.874528,0.875400,0.879700,0.881623,0.883671,0.885077,0.905426,0.903139,0.998646,0.986762,0.999677,0.994155,0.996525,0.988718,0.132509,0.135328,0.044144,0.064315,0.024855,0.046575,0.032127,0.044554,0.880824,0.824502,0.905530,0.832500,0.962993,0.929690,0.998586,0.983529,0.999861,0.786707
ENSDARG00000075281_0_4,-0.3000,-1.2884,0.625000,0.524195,0.619040,-16.8000,-19.3768,0.750000,0.560298,0.561214,0.997712,0.911351,0.998605,0.700156,0.997187,0.869292,0.328791,0.489511,0.190268,0.164476,0.129551,0.091093,0.358697,0.247950,0.468774,0.601101,0.732483,0.559739,0.989248,0.697671,0.997803,0.702408,0.998114,0.707155,0.777206,0.651642,0.781422,0.852141,0.517745,0.655226,0.426364,0.566797,0.360885,0.505686,0.381640,0.514684,0.421050,0.559096,0.527246,0.177114
ENSDARG00000075281_0_5,-0.6000,-1.0423,0.375000,0.538206,0.629437,-16.0000,-18.6089,0.375000,0.681832,0.577974,0.991671,0.939290,0.991878,0.742649,0.964154,0.619874,0.999936,0.965748,0.468395,0.372705,0.243133,0.173478,0.215163,0.151971,0.206094,0.275174,0.214578,0.125443,0.999641,0.527431,0.999623,0.568579,0.988818,0.642480,0.999271,0.951940,0.998999,0.859090,0.210632,0.464617,0.213337,0.570761,0.214436,0.566730,0.241525,0.578498,0.465318,0.672291,0.962133,0.790731
ENSDARG00000075281_0_6,0.0000,-0.4544,1.000000,0.812594,0.832536,-18.0000,-19.6621,1.000000,0.689997,0.517671,0.972578,0.929080,0.953696,0.970556,0.913798,0.417758,0.608642,0.348832,0.561375,0.390819,0.575009,0.915056,0.839249,0.095029,0.972950,0.068282,0.974247,0.065925,0.977487,0.123212,0.979711,0.089529,0.821225,0.419371,0.810759,0.576196,0.747018,0.528207,0.536423,0.445562,0.719972,0.527350,0.810945,0.940290,0.918367,0.853368,0.970499,0.871664,0.986771,0.777338
ENSDARG00000075281_0_7,-2.8000,-3.3674,0.250000,0.222250,0.376989,-19.8000,-22.0404,0.250000,0.299911,0.367983,0.996760,0.887129,0.046270,0.269220,0.013120,0.384276,0.007138,0.056831,0.004707,0.004246,0.027952,0.024642,0.131597,0.454978,0.560373,0.414599,0.983415,0.610204,0.998882,0.617879,0.999782,0.618677,0.991775,0.617682,0.989692,0.642733,0.535795,0.409599,0.132646,0.458476,0.024901,0.391029,0.015680,0.384794,0.016372,0.080734,0.018581,0.029136,0.044334,0.002791
ENSDARG00000075281_0_8,-2.7000,-3.0638,0.500000,0.449142,0.559139,-21.8000,-23.4370,0.500000,0.566804,0.358531,0.779252,0.160886,0.657865,0.053577,0.847836,0.027071,0.185672,0.007157,0.014607,0.000257,0.067930,0.006462,0.043807,0.030964,0.996727,0.060783,0.999858,0.210830,0.999040,0.692380,0.999304,0.887025,0.997742,0.498788,0.993587,0.264386,0.989141,0.288508,0.036768,0.711680,0.017018,0.742329,0.014859,0.936204,0.100234,0.929460,0.763141,0.497867,0.678390,0.164000
ENSDARG00000075281_0_9,-3.0000,-3.4806,0.500000,0.547982,0.578109,-20.0000,-21.7640,0.750000,0.714783,0.615904,0.893160,0.926116,0.159715,0.642015,0.192121,0.685360,0.273107,0.838385,0.989988,0.953050,0.999415,0.995865,0.259086,0.868745,0.162711,0.094900,0.852341,0.157786,0.999680,0.181980,0.999775,0.178423,0.397221,0.077185,0.261831,0.058996,1.000000,0.999944,1.000000,0.999938,1.000000,0.999937,0.055124,0.844034,0.032372,0.828229,0.034539,0.829666,0.999986,0.157523
ENSDARG00000075281_0_10,-1.8000,-2.1383,0.500000,0.572531,0.709009,-19.3000,-21.6453,0.500000,0.507616,0.546247,0.877148,0.906981,0.870023,0.947339,0.880364,0.961425,0.987630,0.835688,0.987560,0.640529,0.992344,0.521287,1.000000,0.548465,0.882011,0.781483,1.000000,0.368253,0.849765,0.285877,0.171855,0.026566,0.101226,0.040128,0.086219,0.035453,0.999989,0.999912,0.999978,0.999824,0.980407,0.996073,0.982782,0.965815,0.099852,0.007491,0.100236,0.006207,0.330783,0.050151
ENSDARG00000075593_0_1,0.0000,-0.1991,1.000000,0.963847,0.955734,-19.4000,-20.8525,0.500000,0.469359,0.745459,0.741900,0.766946,0.842557,0.859336,0.999952,0.982031,0.998803,0.983852,0.997466,0.986268,0.919834,0.920678,0.995743,0.994329,0.997242,0.993151,0.973008,0.967676,0.954472,0.950455,0.997433,0.995204,0.985492,0.754393,0.994089,0.766964,0.873837,0.903034,0.871911,0.903660,0.997917,0.995805,0.996560,0.129974,0.997184,0.026326,0.992196,0.009109,0.987081,0.019996
ENSDARG00000075593_0_3,-0.2000,-0.9052,0.500000,0.704379,0.749503,-16.3000,-18.7022,0.875000,0.680145,0.664449,0.981524,0.977910,0.895951,0.907506,0.532329,0.488916,0.991831,0.610228,0.414391,0.331652,0.396263,0.324791,0.474393,0.367977,0.881798,0.504102,0.901139,0.932242,0.992270,0.820214,0.955739,0.786264,0.937406,0.796020,0.946689,0.932295,0.533894,0.780410,0.376863,0.657351,0.284345,0.593968,0.911754,0.690553,0.601267,0.524881,0.985323,0.785681,0.994895,0.476020
ENSDARG00000075593_0_4,-2.5000,-2.7303,1.000000,0.905013,0.680404,-18.1000,-20.2106,1.000000,0.782104,0.588282,0.186363,0.253576,0.183315,0.228002,0.162887,0.194568,0.999024,0.997093,0.963757,0.833803,0.963612,0.794406,0.171819,0.206985,0.054634,0.219339,0.054794,0.059295,0.840324,0.529354,0.903251,0.595508,0.884194,0.596881,0.998209,0.946666,0.999495,0.943855,0.975445,0.938315,0.964752,0.957607,0.846764,0.880762,0.797450,0.582316,0.729754,0.496422,0.928234,0.510887
ENSDARG00000075593_0_5,-1.8000,-1.9726,1.000000,0.961658,0.717325,-18.3000,-19.8157,0.625000,0.762081,0.630791,0.125218,0.095347,0.120595,0.076200,0.233228,0.186921,0.928210,0.931534,0.923148,0.927503,0.923511,0.926420,0.925728,0.968358,0.234390,0.227084,0.126357,0.117099,0.128831,0.113501,0.992682,0.970025,0.991340,0.979183,0.999334,0.983077,0.998843,0.978263,0.999284,0.976287,0.927231,0.974495,0.922235,0.643043,0.918506,0.608748,0.927982,0.328879,0.999852,0.603857
ENSDARG00000075593_0_6,-2.0000,-2.4664,0.875000,0.720949,0.609062,-18.9000,-21.1280,0.750000,0.714919,0.611684,0.761625,0.927922,0.041091,0.787586,0.140655,0.830852,0.494260,0.613661,0.164928,0.648686,0.619615,0.856802,0.916673,0.402534,0.955779,0.203497,0.918613,0.166946,0.438801,0.058338,0.497083,0.157037,0.464528,0.860465,0.407383,0.861034,0.942039,0.911134,0.673064,0.877593,0.639251,0.800217,0.858179,0.900008,0.633082,0.883449,0.616910,0.230440,0.997684,0.255478
ENSDARG00000075593_0_7,-0.8000,-1.1570,0.625000,0.699096,0.620306,-19.5000,-21.2227,0.250000,0.394758,0.444317,0.218774,0.864330,0.199899,0.859756,0.196109,0.598895,0.987994,0.693424,0.298274,0.875418,0.323860,0.165970,0.998504,0.196201,0.993716,0.181004,0.984412,0.176933,0.374766,0.074241,0.337567,0.076975,0.899471,0.965122,0.201647,0.065704,0.212542,0.064634,0.231826,0.083885,0.994022,0.579866,0.991862,0.329910,0.980260,0.399211,0.987697,0.823960,0.992916,0.810895
ENSDARG00000075593_0_8,-2.9000,-3.5044,0.500000,0.572811,0.525635,-22.6000,-23.7935,0.375000,0.432354,0.514804,0.262217,0.815891,0.216310,0.799143,0.087846,0.239812,0.073383,0.175705,0.128882,0.175659,0.590045,0.557892,0.941192,0.754905,0.946837,0.753581,0.973543,0.839886,0.975745,0.860132,0.631149,0.671216,0.103058,0.193425,0.139232,0.260969,0.103973,0.260806,0.969902,0.998230,0.924246,0.128853,0.224795,0.062513,0.232592,0.021619,0.992368,0.863840,0.995379,0.862003
ENSDARG00000075593_0_9,-0.1000,-0.6778,1.000000,0.963364,0.865636,-17.5000,-19.6504,0.500000,0.638963,0.736569,0.359150,0.353322,0.370652,0.367454,0.992252,0.995761,0.987339,0.987746,0.994887,0.996318,0.997934,0.997818,0.996136,0.997418,0.986071,0.986348,0.584084,0.581883,0.578045,0.576472,0.984318,0.996180,0.774938,0.782957,0.787719,0.784289,0.999463,0.994144,0.994521,0.975282,0.998868,0.997521,0.997185,0.584014,0.961450,0.520721,0.971318,0.169288,0.996389,0.086443
ENSDARG00000075593_0_10,0.0000,-0.4631,1.000000,0.765484,0.815023,-17.5000,-19.4274,0.375000,0.412396,0.693612,0.914430,0.991362,0.991437,0.995164,0.684804,0.980853,0.672420,0.974986,0.727234,0.980852,0.772583,0.969540,0.581616,0.935706,0.853677,0.915679,0.992099,0.881738,0.998936,0.887143,0.995067,0.838027,0.992275,0.222026,0.544750,0.049237,0.529468,0.062250,0.865879,0.247958,0.681122,0.231556,0.802518,0.934061,0.722468,0.799662,0.981987,0.832462,0.995684,0.141986
ENSDARG00000075849_6_1,0.0000,-0.3349,1.000000,0.876737,0.896698,-18.7000,-19.4327,0.625000,0.635946,0.841397,0.936076,0.921448,0.952472,0.991726,0.968146,0.992512,0.998898,0.992794,0.995488,0.992424,0.726844,0.980851,0.609191,0.888982,0.739497,0.987718,0.999303,0.999393,0.998008,0.999073,0.996591,0.995873,0.999556,0.997588,0.967239,0.990319,1.000000,0.995422,0.732083,0.981909,0.686546,0.049116,0.687685,0.038740,0.941432,0.049032,0.999728,0.999852,0.999179,0.983175
ENSDARG00000075849_6_2,0.0000,-0.6922,1.000000,0.820096,0.841594,-17.1000,-18.8771,0.625000,0.672587,0.591418,0.815450,0.682938,0.961703,0.662274,0.959366,0.851380,0.984839,0.822283,0.792340,0.928339,0.569849,0.205182,0.638316,0.169123,0.994846,0.304952,1.000000,0.298623,0.999539,0.305863,0.853277,0.964744,0.701582,0.251952,0.822860,0.264193,0.529542,0.906252,0.782309,0.963707,0.999567,0.995216,0.998972,0.996297,0.823891,0.966851,0.614963,0.123532,0.988661,0.164652
ENSDARG00000075849_6_3,0.0000,-0.5317,1.000000,0.805505,0.837203,-16.5000,-18.7423,0.375000,0.604560,0.679447,0.936353,0.946976,0.988217,0.949340,0.989285,0.926598,0.972750,0.675044,0.642151,0.519218,0.623876,0.528432,0.763271,0.729189,0.657632,0.571245,0.879533,0.812728,0.883822,0.491993,0.990677,0.651503,0.972457,0.950198,0.819118,0.558903,0.873375,0.514996,0.604317,0.399956,0.657243,0.553990,0.655155,0.790434,0.878433,0.887488,0.981626,0.864559,0.974773,0.266155
ENSDARG00000075849_6_4,0.0000,-0.7600,1.000000,0.646762,0.650359,-21.0000,-22.1195,0.500000,0.603501,0.397594,0.703927,0.999451,0.384781,0.997017,0.364077,0.066109,0.401327,0.003789,0.610975,0.004418,0.387747,0.003708,0.659780,0.007392,0.998564,0.999866,0.991752,0.027894,0.990730,0.005592,0.990852,0.004736,0.348565,0.003890,0.329703,0.003583,0.570356,0.032850,0.399740,0.398221,0.373636,0.997596,0.509600,0.998991,0.992753,0.999771,0.999297,0.998125,0.999010,0.398871
ENSDARG00000075849_6_5,-5.7000,-5.7502,0.625000,0.626183,0.603986,-22.4000,-23.7034,0.375000,0.481569,0.481971,0.957299,0.778719,0.028796,0.027045,0.000231,0.005423,0.000350,0.194976,0.055299,0.082083,0.998365,0.792623,0.999576,0.780590,0.999957,0.776899,0.999952,0.774496,0.998963,0.773086,0.999692,0.774081,0.031773,0.026859,0.000544,0.149029,0.023347,0.241489,0.003139,0.228690,0.999884,0.913967,0.999789,0.406040,0.983086,0.309185,0.999981,0.999567,0.999698,0.604582
ENSDARG00000075849_6_6,-0.9000,-1.5845,0.375000,0.506389,0.573897,-16.6000,-18.9862,0.375000,0.447670,0.578972,0.479341,0.630173,0.884561,0.871674,0.082698,0.257811,0.111897,0.299098,0.173273,0.357472,0.200811,0.356059,0.807989,0.844785,0.996091,0.957861,0.996747,0.961382,0.994844,0.902343,0.975705,0.952273,0.722878,0.607140,0.137394,0.189273,0.101085,0.136391,0.124173,0.158933,0.194962,0.335335,0.983291,0.874126,0.511235,0.394213,0.999096,0.800102,0.999871,0.692990
ENSDARG00000075849_6_7,-1.7000,-1.9061,0.875000,0.867474,0.639359,-21.1000,-22.3257,0.875000,0.806678,0.495772,0.111633,0.244321,0.953265,0.950213,0.056429,0.036229,0.053048,0.002655,0.226153,0.005464,0.999997,0.025905,0.995478,0.054991,0.999982,0.123677,0.264111,0.129531,0.095805,0.894753,0.100680,0.129819,0.990816,0.864464,0.092509,0.658093,0.999792,0.878653,0.999828,0.998616,0.999850,0.998948,0.962051,0.997386,0.959356,0.806420,0.960950,0.999708,0.965455,0.115602
ENSDARG00000075849_6_8,-3.8000,-3.9925,0.750000,0.763168,0.533738,-19.5000,-21.3490,0.750000,0.671534,0.506717,0.121618,0.168919,0.015435,0.065294,0.015796,0.071160,0.040206,0.097574,0.176881,0.209324,0.993543,0.975937,0.993146,0.965730,0.996326,0.972164,0.999877,0.995970,0.177784,0.184580,0.036726,0.049295,0.002076,0.006123,0.002241,0.002392,0.119579,0.121887,0.999281,0.988899,0.999825,0.987610,0.998689,0.803355,0.994111,0.773820,0.994283,0.913807,0.997334,0.780506
ENSDARG00000075849_6_10,0.0000,-0.7233,1.000000,0.953626,0.851771,-18.0000,-19.2741,1.000000,0.902214,0.615233,0.999737,0.453391,0.973428,0.380456,0.552315,0.316207,0.340891,0.055866,0.740107,0.115067,0.914704,0.149671,0.999127,0.184730,0.897056,0.416981,0.576517,0.424660,0.674350,0.903833,0.871755,0.912395,0.866433,0.773681,0.999102,0.765763,0.988099,0.807472,0.980606,0.833997,0.955113,0.945586,0.884400,0.923983,0.911079,0.981252,0.910635,0.981271,0.999971,0.978389
ENSDARG00000076177_24_1,-0.1000,-0.7232,0.750000,0.850406,0.836879,-17.0000,-18.8611,0.875000,0.879119,0.713091,0.415648,0.793279,0.394980,0.775920,0.801324,0.820233,0.948530,0.945025,0.918300,0.970162,0.995470,0.987027,0.965340,0.274276,0.941391,0.173616,0.921354,0.170379,0.992468,0.197888,0.808841,0.178995,0.830690,0.942064,0.394128,0.855577,0.520279,0.319386,0.987577,0.986615,0.991347,0.985646,0.994286,0.989316,0.955544,0.970958,0.960356,0.973393,0.999731,0.952064
ENSDARG00000076177_24_2,-5.8000,-6.3776,0.250000,0.190093,0.346660,-21.4000,-23.4858,0.250000,0.224677,0.354460,0.001611,0.082115,0.000088,0.081179,0.001356,0.082667,0.004798,0.087119,0.021951,0.064502,0.316908,0.316751,0.701865,0.656000,0.407236,0.362403,0.988007,0.874336,0.988157,0.879854,0.984604,0.886802,0.995880,0.918047,0.417004,0.405207,0.026349,0.125976,0.023066,0.123712,0.016100,0.103390,0.013175,0.099437,0.011871,0.092522,0.013274,0.063283,0.999907,0.783891
ENSDARG00000076177_24_3,0.0000,-0.4170,1.000000,0.977285,0.911488,-20.2000,-21.4516,0.625000,0.550018,0.727292,0.591990,0.660012,0.679136,0.757325,0.996052,0.988741,0.999253,0.988312,0.984113,0.986238,0.987258,0.980358,0.997584,0.995300,0.862051,0.882311,0.969151,0.989132,0.707307,0.771739,0.674515,0.470761,0.963070,0.675465,0.970684,0.698566,0.991271,0.708765,0.999085,0.845885,0.970755,0.176296,0.982055,0.016875,0.954272,0.141857,0.962662,0.845990,0.987497,0.965912
ENSDARG00000076177_24_4,0.0000,-0.2140,1.000000,0.991721,0.928125,-17.7000,-19.4405,0.625000,0.708099,0.742111,0.755435,0.803320,0.730966,0.636954,0.801279,0.669887,0.999032,0.812385,0.998293,0.815560,0.998925,0.821480,0.911537,0.923573,0.897823,0.734097,0.873004,0.710476,0.887030,0.877103,0.861837,0.665708,0.913564,0.706882,0.973625,0.751815,0.995239,0.773629,0.986168,0.978910,0.983551,0.934860,0.997985,0.931550,0.998283,0.697424,0.999190,0.340440,0.999728,0.256165
ENSDARG00000076177_24_5,0.0000,-0.0527,1.000000,0.977681,0.980904,-17.3000,-19.0525,0.750000,0.650315,0.826430,0.998664,0.997223,0.983982,0.985031,0.981381,0.983047,0.997147,0.994848,0.993567,0.967355,0.979935,0.940298,0.994810,0.920339,0.951770,0.857191,0.950405,0.849339,0.980105,0.923345,0.992921,0.964682,0.991950,0.943381,0.985343,0.935871,0.974653,0.930230,0.992933,0.979938,0.966181,0.864836,0.974196,0.598754,0.987455,0.551678,0.966757,0.213227,0.973928,0.127988
ENSDARG00000076177_24_6,-0.5000,-1.0619,1.000000,0.984653,0.837402,-20.3000,-21.5094,0.625000,0.624862,0.692259,0.193981,0.198631,0.219319,0.224688,1.000000,0.999995,0.991447,0.999800,1.000000,0.999995,0.966036,0.978066,1.000000,0.999998,0.908195,0.908083,0.663632,0.651252,0.342313,0.315983,0.585931,0.569864,0.999962,0.999928,0.993224,0.993255,0.999927,0.999924,0.976485,0.992812,0.995335,0.993689,0.989011,0.010048,0.971973,0.006760,0.962206,0.013957,0.989064,0.988454
ENSDARG00000076177_24_7,0.0000,-0.0221,1.000000,0.994043,0.994468,-16.4000,-18.2634,0.875000,0.819097,0.806499,0.998847,0.950334,0.999574,0.946931,0.996229,0.946236,0.999854,0.942704,0.998900,0.978731,0.987069,0.971226,0.984057,0.656064,0.998009,0.634442,0.998119,0.641762,0.999690,0.645168,0.992941,0.636951,0.983735,0.626656,0.998749,0.736580,0.988871,0.986157,0.984394,0.977088,0.998813,0.892428,0.997620,0.991010,0.998067,0.883064,0.993331,0.871091,0.992495,0.215355
ENSDARG00000076177_24_8,0.0000,-0.0438,1.000000,0.984246,0.986161,-15.6000,-17.3371,1.000000,0.925795,0.907230,0.996455,0.928628,0.999154,0.917141,0.989187,0.907095,0.998543,0.990494,0.985137,0.985498,0.957958,0.865139,0.997918,0.980247,0.965741,0.828214,0.969672,0.828547,0.997456,0.846429,0.998189,0.835249,0.993831,0.825563,0.998185,0.934068,0.995602,0.929755,0.982331,0.966724,0.948720,0.920238,0.968392,0.921854,0.998755,0.938969,0.982776,0.975045,0.999209,0.819711
ENSDARG00000076177_24_9,0.0000,-0.3353,1.000000,0.963133,0.898227,-20.1000,-21.6097,0.500000,0.609872,0.548884,0.974026,0.985694,0.804577,0.984443,0.788888,0.960848,0.764600,0.995712,0.969695,0.999067,0.969251,0.998257,0.992470,0.114514,0.996458,0.015124,0.892336,0.003634,0.597780,0.002324,0.740736,0.006658,0.768657,0.032428,0.997834,0.947502,0.997027,0.400037,0.986851,0.066894,0.982312,0.125592,0.984819,0.345233,0.992497,0.999071,0.873597,0.998806,0.890130,0.995839
ENSDARG00000076177_24_10,0.0000,-0.3732,1.000000,0.959636,0.899086,-16.8000,-18.8152,0.625000,0.727177,0.658630,0.955057,0.930526,0.750601,0.860263,0.711304,0.767972,0.977499,0.918278,0.907343,0.977367,0.999537,0.952246,0.924579,0.941403,0.916349,0.401643,0.805216,0.176387,0.955487,0.175419,0.757845,0.136394,0.643820,0.117296,0.994830,0.915973,0.926439,0.892171,0.919974,0.887217,0.914173,0.414306,0.989960,0.440223,0.970252,0.506790,0.962753,0.795934,0.998707,0.964800
ENSDARG00000076292_19_1,-2.9000,-2.9759,0.375000,0.396634,0.516947,-18.6000,-20.2434,0.375000,0.441381,0.572402,0.996819,0.984383,0.101328,0.294907,0.031877,0.202220,0.012300,0.194164,0.012339,0.186583,0.021696,0.200162,0.999613,0.984971,0.998297,0.983924,0.999251,0.973587,0.998206,0.972810,0.998011,0.974008,0.996119,0.965278,0.997204,0.978587,0.997298,0.988398,0.021678,0.204683,0.014976,0.034615,0.009246,0.017571,0.033560,0.225432,0.099982,0.245971,0.999128,0.835794
ENSDARG00000076292_19_2,-3.2000,-3.4194,0.625000,0.641693,0.523090,-20.6000,-22.7235,0.625000,0.485460,0.432429,0.117530,0.932636,0.007220,0.146792,0.004994,0.013818,0.014354,0.014492,0.152761,0.052748,0.935090,0.127691,0.999539,0.978254,0.999901,0.654862,0.995925,0.795855,0.932595,0.793122,0.149937,0.042692,0.018417,0.211935,0.008851,0.210569,0.008922,0.007864,0.117920,0.034871,0.998937,0.709933,0.999393,0.561741,0.999841,0.444556,0.999786,0.965308,0.999893,0.948836
ENSDARG00000076292_19_3,-1.2000,-1.4975,1.000000,0.868499,0.696877,-21.5000,-22.3200,0.500000,0.498054,0.543928,0.150146,0.162667,0.126834,0.150910,0.202551,0.162632,0.926140,0.998235,0.926615,0.998094,0.998131,0.999498,0.999226,0.999788,0.863490,0.963350,0.185119,0.128595,0.320775,0.162409,0.326078,0.168879,0.964432,0.999071,0.949145,0.998350,0.788204,0.969863,0.797607,0.960338,0.992489,0.014868,0.926026,0.024993,0.769071,0.002765,0.837339,0.032228,0.888113,0.981025
ENSDARG00000076292_19_4,0.0000,-0.5291,1.000000,0.832563,0.858175,-19.1000,-20.3779,0.375000,0.489760,0.601912,0.934533,0.958264,0.966948,0.966915,0.974402,0.970679,0.995333,0.975949,0.977258,0.942530,0.976297,0.938936,0.770987,0.218959,0.633864,0.161520,0.574350,0.145429,0.930206,0.221083,0.914751,0.843597,0.854065,0.776299,0.920181,0.255294,0.988246,0.259359,0.988176,0.349221,0.989506,0.360975,0.933330,0.380342,0.528523,0.892431,0.544351,0.700084,0.768188,0.720370
ENSDARG00000076292_19_6,-3.6000,-4.0798,0.375000,0.445328,0.551428,-24.0000,-25.6743,0.375000,0.383238,0.326133,0.959488,0.732344,0.656893,0.652497,0.656588,0.712991,0.997948,0.254246,0.651864,0.022895,0.612095,0.001900,0.478581,0.006752,0.356505,0.003469,0.353338,0.003562,0.351714,0.003567,0.390928,0.065109,0.999999,0.997424,0.653416,0.994720,0.652029,0.994665,0.997962,0.997185,0.053431,0.062724,0.015806,0.003211,0.357010,0.006484,0.355978,0.006013,0.476994,0.000902
ENSDARG00000076292_19_7,0.0000,-0.5019,1.000000,0.926926,0.887696,-16.8000,-18.8070,0.625000,0.749304,0.696317,0.975992,0.937376,0.999049,0.976612,0.992897,0.993647,0.453032,0.228484,0.464398,0.230741,0.999620,0.492914,0.999967,0.491947,0.998966,0.738067,0.998298,0.823786,0.764578,0.743744,0.727514,0.569656,0.964208,0.704931,0.872086,0.482693,0.749809,0.721019,0.858096,0.726070,0.983434,0.913763,0.999549,0.994045,0.969582,0.810911,0.992902,0.983732,0.989952,0.362195
ENSDARG00000076292_19_8,-1.0000,-1.6676,0.375000,0.564992,0.645727,-21.1000,-22.3752,0.875000,0.693059,0.466281,0.962911,0.993835,0.955603,0.986634,0.963810,0.078769,0.993715,0.020262,0.582959,0.019175,0.999643,0.999976,0.297929,0.016965,0.106369,0.008949,0.117481,0.031853,0.440561,0.038776,0.999839,0.032060,0.973781,0.553896,0.964964,0.511962,0.413787,0.050508,0.433630,0.996354,0.274609,0.994063,0.398154,0.994765,0.701615,0.989084,0.446083,0.503142,0.887096,0.504593
ENSDARG00000076292_19_9,-9.8000,-9.8741,0.250000,0.264038,0.311554,-25.5000,-27.1098,0.250000,0.239442,0.331896,0.109155,0.299174,0.001504,0.208307,0.001384,0.206681,0.000426,0.001634,0.000705,0.000895,0.000316,0.000351,0.002923,0.003000,0.999683,0.999583,0.999724,0.999666,0.999719,0.999655,0.999995,0.999995,0.003240,0.003452,0.000365,0.000578,0.000704,0.000968,0.000424,0.001622,0.001094,0.002135,0.000873,0.000776,0.109195,0.086451,0.999681,0.997165,0.999971,0.825841
ENSDARG00000076292_19_10,-2.7000,-2.7159,0.750000,0.754134,0.704787,-19.1000,-20.5620,0.750000,0.736848,0.603589,0.999224,0.595345,0.999356,0.545786,0.019884,0.212909,0.016664,0.662463,0.016005,0.660700,0.999140,0.993452,0.999790,0.944393,0.999635,0.410241,0.999997,0.368918,0.999204,0.385045,1.000000,0.392384,0.013778,0.005373,0.014211,0.025197,0.023714,0.662572,0.997395,0.990596,0.999711,0.973988,0.999998,0.991623,0.999959,0.996935,0.999034,0.948519,0.999048,0.305351
ENSDARG00000076485_12_1,0.0000,-0.1036,1.000000,0.975870,0.970120,-16.9000,-18.4869,0.250000,0.432540,0.681172,0.979751,0.994403,0.974215,0.993340,0.980117,0.991405,0.974513,0.986673,0.963400,0.969375,0.969713,0.957347,0.990915,0.967756,0.987435,0.905719,0.946472,0.824132,0.954782,0.958405,0.938334,0.431332,0.935784,0.183235,0.996825,0.157225,0.998253,0.163966,0.906633,0.151716,0.963503,0.983668,0.978208,0.980936,0.973971,0.273373,0.993059,0.298505,0.996506,0.450931
ENSDARG00000076485_12_2,-2.8000,-2.9443,0.500000,0.522478,0.525849,-21.6000,-22.7750,0.750000,0.749180,0.477710,0.138747,0.984125,0.035905,0.978655,0.981868,0.080766,0.988705,0.021604,0.017830,0.001982,0.023619,0.005375,0.080383,0.030019,0.996204,0.960760,0.999591,0.345715,0.997809,0.040479,0.992151,0.032268,0.084354,0.079011,0.028157,0.867278,0.023409,0.139027,0.995517,0.998293,0.999119,0.998660,0.020197,0.978788,0.128646,0.981919,0.996956,0.989993,0.987820,0.039486
ENSDARG00000076485_12_3,-2.2000,-2.6649,0.750000,0.693390,0.634025,-17.9000,-19.9984,0.750000,0.679980,0.604432,0.985548,0.894130,0.163708,0.212001,0.142430,0.151161,0.185154,0.284365,0.556819,0.589107,0.527543,0.501926,0.788667,0.770221,0.999909,0.858103,0.992808,0.842152,0.998427,0.848291,0.735886,0.634906,0.056492,0.062438,0.298120,0.412756,0.028762,0.121878,0.709208,0.761025,0.654847,0.712872,0.931110,0.942416,0.930179,0.868938,0.998336,0.877771,0.996554,0.742181
ENSDARG00000076485_12_4,-0.1000,-1.0083,1.000000,0.867813,0.736619,-17.1000,-19.4983,0.750000,0.641583,0.500016,0.674438,0.950183,0.562153,0.305950,0.557418,0.157063,0.625754,0.148939,0.998384,0.193939,0.756866,0.141938,0.864224,0.186019,0.736287,0.251835,0.379284,0.381305,0.317621,0.335697,0.586016,0.890577,0.731426,0.924217,0.911053,0.956119,0.872584,0.925843,0.733871,0.451538,0.783066,0.461043,0.822678,0.669004,0.994463,0.973839,0.849378,0.518198,0.975412,0.177076
ENSDARG00000076485_12_5,-0.9000,-1.5492,0.625000,0.617963,0.687971,-22.8000,-24.9348,0.125000,0.215145,0.444132,0.879200,0.696111,0.876138,0.943775,0.916445,0.456100,0.646101,0.515250,0.936079,0.425915,0.268534,0.900928,0.181860,0.848200,0.177624,0.261431,0.967701,0.267578,0.985600,0.745936,0.990185,0.901534,0.990243,0.198718,0.158823,0.002209,0.141987,0.000422,0.262357,0.014787,0.620751,0.091388,0.856763,0.094444,0.938562,0.136394,0.978743,0.461608,0.985718,0.919907
ENSDARG00000076485_12_6,-1.1000,-1.7432,0.500000,0.630038,0.610971,-17.9000,-20.2170,0.375000,0.617580,0.588819,0.595119,0.852153,0.950690,0.970046,0.973216,0.874881,0.308818,0.450057,0.107075,0.393055,0.080835,0.285255,0.145855,0.480802,0.976756,0.646010,0.975585,0.618506,0.997034,0.616105,0.963673,0.584373,0.104452,0.064498,0.151304,0.169026,0.136561,0.485392,0.314291,0.626229,0.999707,0.973251,0.986802,0.974238,0.978074,0.994231,0.540999,0.587029,0.932570,0.131247
ENSDARG00000076485_12_7,0.0000,-0.4944,1.000000,0.782887,0.827656,-17.0000,-18.8892,0.750000,0.691647,0.758732,0.953032,0.955015,0.932500,0.933151,0.812138,0.881779,0.728717,0.782008,0.910514,0.789430,0.746586,0.746386,0.694952,0.810966,0.730095,0.631309,0.905208,0.701021,0.947081,0.728734,0.993029,0.767983,0.936182,0.913681,0.887565,0.932076,0.820387,0.856990,0.594516,0.731176,0.738122,0.861104,0.733624,0.806355,0.961004,0.977027,0.721448,0.292295,0.806429,0.076152
ENSDARG00000076485_12_8,-1.8000,-2.0187,0.625000,0.677285,0.729400,-19.2000,-21.0217,0.125000,0.363796,0.593102,0.933108,0.905484,0.950402,0.909311,0.927216,0.883195,0.100300,0.094469,0.126851,0.119891,0.281967,0.276350,0.984822,0.947340,0.982674,0.944650,0.989503,0.983102,0.999831,0.999308,0.958977,0.956451,0.934076,0.932112,0.232889,0.263794,0.127050,0.159616,0.104868,0.139580,0.999866,0.994861,0.989069,0.553231,0.985194,0.501635,0.983631,0.189872,0.995710,0.107783
ENSDARG00000076485_12_9,-0.7000,-1.0125,1.000000,0.991905,0.822188,-18.1000,-20.0036,0.500000,0.651667,0.685248,0.374948,0.368850,0.378062,0.374182,0.841214,0.846067,0.832187,0.835871,0.845326,0.846078,0.988120,0.988036,0.983245,0.983731,0.990498,0.994782,0.373897,0.371652,0.222700,0.218540,0.836445,0.841101,0.841868,0.822728,0.998067,0.967353,0.986224,0.956156,0.985305,0.951652,0.998461,0.994842,0.997877,0.587264,0.986635,0.507517,0.987255,0.163662,0.995419,0.084887
ENSDARG00000076485_12_10,0.0000,-0.7445,1.000000,0.745565,0.793540,-17.3000,-19.4406,0.750000,0.555407,0.726241,0.902455,0.915210,0.930497,0.935549,0.777284,0.778928,0.724438,0.737432,0.751436,0.748977,0.819431,0.837609,0.746872,0.806956,0.850410,0.871530,0.773956,0.799949,0.671903,0.719242,0.975161,0.960988,0.982429,0.969188,0.764619,0.768687,0.747968,0.741227,0.606164,0.615005,0.743464,0.794258,0.458962,0.396810,0.698702,0.772368,0.974440,0.284172,0.970200,0.070732
ENSDARG00000076638_0_1,-2.1000,-2.4757,0.375000,0.502158,0.588078,-17.7000,-19.6216,0.375000,0.508244,0.570196,0.915098,0.841110,0.253981,0.363719,0.311788,0.326316,0.273663,0.294278,0.999387,0.978950,0.413358,0.507388,0.427566,0.375089,0.952081,0.804607,0.999928,0.998689,0.716037,0.601298,0.763628,0.643255,0.717776,0.603273,0.936437,0.941256,0.424342,0.519183,0.407607,0.505364,0.988056,0.987551,0.087107,0.079751,0.086459,0.080229,0.087705,0.078924,0.999553,0.873698
ENSDARG00000076638_0_2,-4.2000,-4.3453,0.500000,0.531182,0.620941,-19.9000,-21.5759,0.500000,0.524482,0.600654,0.985427,0.911492,0.985029,0.902914,0.990440,0.921835,0.996947,0.922308,0.999759,0.942123,0.999878,0.956792,0.201608,0.242947,0.008032,0.035372,0.008147,0.027214,0.011409,0.027732,0.988732,0.960030,0.993951,0.966460,0.999085,0.996401,0.999647,0.998557,0.999455,0.994824,0.019173,0.067385,0.014766,0.033496,0.015667,0.026697,0.202345,0.246499,0.999320,0.832001
ENSDARG00000076638_0_3,-3.8000,-3.8708,1.000000,0.986984,0.693933,-22.0000,-22.9121,0.500000,0.523408,0.508806,0.006265,0.006013,0.002726,0.002638,0.023861,0.023814,0.999248,0.999448,0.999886,0.999869,0.999995,0.999960,0.999853,0.999899,0.016851,0.016681,0.003267,0.003046,0.013412,0.013118,0.924381,0.928992,0.993050,0.995372,0.997423,0.996562,0.995385,0.993550,0.996693,0.993702,0.930029,0.923751,0.999632,0.132874,0.997608,0.041826,0.991032,0.035788,0.988074,0.069210
ENSDARG00000076638_0_4,-3.9000,-3.9289,0.875000,0.874095,0.696751,-22.7000,-23.9057,0.375000,0.436596,0.521519,0.006382,0.003502,0.004420,0.001915,0.005863,0.003109,0.996785,0.999384,0.960586,0.962653,0.997581,0.999836,0.997028,0.999745,0.999008,0.999446,0.985903,0.985842,0.976902,0.976906,0.006438,0.003201,0.005361,0.002079,0.006981,0.003619,0.999266,0.977744,0.999199,0.261649,0.997198,0.251727,0.996894,0.305877,0.996801,0.939343,0.996911,0.620902,0.999508,0.131902
ENSDARG00000076638_0_5,0.0000,-0.2049,1.000000,0.959488,0.943524,-15.7000,-17.8882,0.375000,0.648665,0.682555,0.957646,0.952230,0.931849,0.938314,0.936706,0.952038,0.890068,0.927677,0.928062,0.957627,0.933673,0.958571,0.959960,0.602508,0.929464,0.486478,0.994826,0.464441,0.994011,0.445451,0.878264,0.391277,0.860049,0.385175,0.885130,0.410828,0.997859,0.579229,0.830940,0.918940,0.996158,0.984600,0.993673,0.933436,0.980857,0.510059,0.994486,0.467678,0.996801,0.384548
ENSDARG00000076638_0_6,-12.2000,-12.3170,0.250000,0.255621,0.404406,-27.9000,-29.4111,0.250000,0.238509,0.397569,0.885880,0.885841,0.003800,0.003979,0.002207,0.002235,0.002227,0.002228,0.107742,0.107732,0.000367,0.000367,0.051990,0.051990,1.000000,0.999999,0.989845,0.989844,1.000000,1.000000,0.999964,0.999962,0.999126,0.999124,0.887378,0.887386,0.048959,0.048961,0.106775,0.106767,0.000048,0.000049,0.000020,0.000021,0.000028,0.000029,0.001760,0.001761,1.000000,0.863100
ENSDARG00000076638_0_7,-3.8000,-4.1937,0.625000,0.624123,0.574378,-22.1000,-23.2799,0.625000,0.667089,0.394006,0.977800,0.180861,0.011467,0.017881,0.006756,0.018178,0.005800,0.923027,0.326361,0.022076,0.417900,0.038057,0.999220,0.069239,0.999898,0.076025,1.000000,0.081642,0.458673,0.066642,0.292056,0.941920,0.998649,0.107853,0.002711,0.760598,0.003454,0.372298,0.007071,0.939985,0.999889,0.996026,0.999435,0.979400,0.981246,0.210055,0.999517,0.855881,0.999663,0.222469
ENSDARG00000076638_0_8,-0.9000,-1.2972,0.625000,0.692995,0.737009,-19.7000,-21.1843,0.375000,0.424487,0.409735,0.852904,0.970572,0.281305,0.949750,0.284187,0.080901,0.454627,0.023986,0.978210,0.058084,0.887259,0.057665,0.882082,0.029457,0.975983,0.187316,0.907996,0.900823,0.872998,0.335747,0.999018,0.374339,0.819658,0.830168,0.267678,0.098106,0.340618,0.110776,0.286592,0.189110,0.891290,0.964853,0.999035,0.998732,0.890792,0.859635,0.880457,0.067993,0.987498,0.106687
ENSDARG00000076638_0_9,-5.3000,-5.6823,0.375000,0.381412,0.367887,-20.9000,-22.8704,0.375000,0.341393,0.356051,0.029599,0.084248,0.023424,0.048564,0.030691,0.041130,0.018518,0.017861,0.018465,0.019067,0.019267,0.019052,0.564769,0.550423,0.991713,0.983309,0.984831,0.966888,0.998199,0.997646,0.596714,0.604745,0.030250,0.056947,0.040660,0.062392,0.026492,0.048138,0.016337,0.035286,0.017334,0.017177,0.015501,0.020340,0.959683,0.796046,0.983722,0.962097,0.991569,0.789672
ENSDARG00000076638_0_10,-2.1000,-2.6814,0.375000,0.400994,0.519044,-19.9000,-21.5862,0.625000,0.473688,0.623678,0.043342,0.339173,0.017414,0.281967,0.062147,0.431835,0.315195,0.638712,0.432945,0.678036,0.744311,0.826618,0.575002,0.752328,0.999890,0.998655,0.992708,0.877159,0.992299,0.873223,0.997995,0.992756,0.999678,0.993596,0.931214,0.959254,0.887334,0.913679,0.191130,0.553657,0.092017,0.406396,0.994261,0.895435,0.029721,0.020662,0.029456,0.018115,0.052822,0.022302
ENSDARG00000076657_0_1,-2.3000,-2.7778,0.375000,0.397685,0.496267,-23.0000,-24.3519,0.625000,0.608589,0.446540,0.929221,0.995741,0.117998,0.994727,0.019681,0.012316,0.096671,0.004468,0.097610,0.005616,0.104553,0.005476,0.998721,0.990258,0.540106,0.988114,0.917361,0.003121,0.925482,0.023704,0.996631,0.017812,0.999834,0.020730,0.997537,0.044016,0.617930,0.414524,0.998655,0.221835,0.102796,0.611539,0.094499,0.996679,0.091738,0.997226,0.090071,0.991354,0.188252,0.591543
ENSDARG00000076657_0_2,-1.0000,-1.4906,0.750000,0.748636,0.785190,-17.6000,-19.9492,0.375000,0.531225,0.602639,0.955634,0.831738,0.786841,0.706553,0.778869,0.606071,0.879847,0.820841,0.972391,0.942387,0.892505,0.552638,0.969353,0.576121,0.917001,0.549236,0.401321,0.412102,0.328782,0.371797,0.985398,0.972517,0.846779,0.460978,0.792666,0.369496,0.747288,0.372090,0.741230,0.721820,0.932180,0.769396,0.461791,0.716050,0.363577,0.158932,0.965044,0.583621,0.985311,0.558393
ENSDARG00000076657_0_3,0.0000,-0.3273,1.000000,0.867770,0.920048,-18.2000,-19.7719,0.750000,0.725481,0.667743,0.988386,0.979253,0.993530,0.979624,0.998839,0.999212,0.951480,0.981026,0.950690,0.978010,0.997061,0.951864,0.991059,0.940309,0.991422,0.202489,0.999246,0.147937,0.999713,0.187792,0.999892,0.184620,0.597488,0.018880,0.610552,0.038248,1.000000,0.913154,0.992440,0.905576,0.998765,0.989700,0.997862,0.991341,0.690905,0.931119,0.669265,0.926944,0.982369,0.107767
ENSDARG00000076657_0_4,-1.3000,-1.7136,0.625000,0.625451,0.696270,-18.7000,-20.5259,0.500000,0.373890,0.617712,0.817066,0.870784,0.708279,0.798920,0.852460,0.867352,0.889892,0.794381,0.994277,0.851548,0.313662,0.526218,0.289810,0.477893,0.283175,0.470039,0.889968,0.871243,0.892431,0.868023,0.992576,0.974372,0.998192,0.992346,0.198324,0.443634,0.302543,0.489960,0.092588,0.073314,0.750657,0.326675,0.936760,0.337597,0.854778,0.361449,0.872570,0.521908,0.995389,0.436584
ENSDARG00000076657_0_5,-3.8000,-4.1753,0.500000,0.458296,0.566497,-19.7000,-21.9561,0.625000,0.534389,0.537408,0.999024,0.760376,0.999706,0.474901,0.996180,0.428747,0.587269,0.229191,0.018520,0.014544,0.017577,0.554167,0.989333,0.466396,0.007658,0.020266,0.049866,0.536329,0.999254,0.993356,0.999463,0.996303,0.999733,0.998467,0.995696,0.987036,0.995936,0.987513,0.045383,0.517398,0.018569,0.529147,0.988555,0.473309,0.006143,0.004347,0.028470,0.573078,0.587614,0.203284
ENSDARG00000076657_0_6,-1.9000,-2.2275,0.875000,0.859358,0.644866,-20.2000,-21.9580,0.875000,0.730131,0.491923,0.970766,0.995939,0.964334,0.116274,0.050423,0.014693,0.061618,0.020911,0.083438,0.369219,0.357630,0.393957,0.946849,0.270958,0.968688,0.289055,0.971999,0.995963,0.405973,0.191340,0.143379,0.045613,0.097355,0.293497,0.122343,0.008277,0.940640,0.634490,0.935169,0.987997,0.943162,0.974193,0.941209,0.973899,0.999805,0.999062,0.994883,0.614495,0.997651,0.648634
ENSDARG00000076657_0_7,-2.2000,-2.4794,1.000000,0.886448,0.697122,-22.0000,-24.5068,0.500000,0.571684,0.362276,0.360310,0.995846,0.259123,0.147248,0.217861,0.002519,0.941248,0.002623,0.976420,0.003587,0.889491,0.006440,0.817767,0.496919,0.065276,0.998223,0.045895,0.009367,0.337767,0.002382,0.961768,0.002822,0.977930,0.004075,0.978075,0.047434,0.956287,0.998758,0.957443,0.572439,0.802325,0.867560,0.785672,0.302314,0.790181,0.263992,0.836099,0.523858,0.985500,0.997115
ENSDARG00000076657_0_8,-3.7000,-3.7593,0.500000,0.514228,0.512882,-19.7000,-21.2310,0.250000,0.429721,0.481338,0.005047,0.020415,0.003313,0.045307,0.039703,0.052091,0.983732,0.949109,0.034656,0.107448,0.064095,0.135204,0.998633,0.998345,0.986361,0.924837,0.983216,0.915025,0.982700,0.912883,0.999769,0.997554,0.062597,0.130771,0.044019,0.108243,0.990148,0.981827,0.037303,0.104279,0.020495,0.066840,0.022530,0.068476,0.999786,0.998226,0.999783,0.599655,0.999758,0.510219
ENSDARG00000076657_0_9,-0.4000,-1.0505,1.000000,0.970163,0.792971,-19.3000,-20.6131,0.625000,0.645476,0.654447,0.192431,0.209756,0.196437,0.216764,0.644856,0.609290,0.901465,0.920070,0.999896,0.999865,0.995966,0.995514,0.643019,0.609001,0.534871,0.484181,0.403435,0.338478,0.735188,0.706409,0.855086,0.839422,0.995465,0.996383,0.995762,0.998813,0.996056,0.998762,0.995126,0.996859,0.948407,0.954144,0.900886,0.064705,0.931275,0.085194,0.996357,0.999777,0.997434,0.065556
ENSDARG00000076657_0_10,0.0000,-0.3483,1.000000,0.932382,0.890780,-16.5000,-18.5885,0.625000,0.730255,0.776770,0.750066,0.800839,0.749086,0.809893,0.771815,0.809578,0.992114,0.971809,0.998506,0.993939,0.984867,0.775329,0.900396,0.747226,0.875890,0.717216,0.712791,0.552393,0.817024,0.787492,0.850699,0.808078,0.953293,0.919576,0.933583,0.930390,0.988837,0.951277,0.874325,0.885129,0.886590,0.900283,0.899437,0.775882,0.936014,0.439635,0.966744,0.787719,0.973528,0.171722
ENSDARG00000077293_7_1,-1.8000,-2.1701,1.000000,0.967366,0.656855,-20.8000,-22.3313,1.000000,0.788589,0.486416,0.320018,0.390486,0.135214,0.216117,0.112627,0.201618,0.239839,0.098653,0.994650,0.199111,0.995800,0.213410,0.997992,0.757823,0.903918,0.544880,0.163942,0.098130,0.068535,0.049845,0.115025,0.024083,0.350617,0.625444,0.995610,0.744947,0.986489,0.713049,0.994662,0.748579,0.995773,0.751713,0.923828,0.717237,0.925112,0.896918,0.919548,0.866777,0.997903,0.869496
ENSDARG00000077293_7_2,-0.5000,-0.9344,0.750000,0.786637,0.816605,-19.9000,-21.5171,1.000000,0.691677,0.585269,0.851178,0.503719,0.322082,0.192542,0.432668,0.188173,0.911203,0.428964,0.946467,0.965156,0.885308,0.448921,0.981524,0.409225,0.916973,0.388344,0.943621,0.422900,0.908645,0.912917,0.949294,0.677148,0.990041,0.633953,0.335248,0.506825,0.418969,0.510055,0.902255,0.955701,0.940668,0.942853,0.823844,0.754455,0.877120,0.553754,0.996057,0.546776,0.998931,0.762996
ENSDARG00000077293_7_5,-1.8000,-2.7604,0.250000,0.361886,0.471295,-21.0000,-22.4669,0.500000,0.428711,0.412753,0.413032,0.286506,0.232578,0.229526,0.405301,0.261245,0.428878,0.536107,0.499033,0.506930,0.500173,0.533730,0.119223,0.372792,0.119582,0.367591,0.998959,0.567152,0.999500,0.570556,0.916872,0.287263,0.897691,0.305971,0.033478,0.088615,0.122702,0.759754,0.999595,0.998260,0.500060,0.863389,0.189446,0.132950,0.223494,0.098916,0.318519,0.445601,0.507791,0.042207
ENSDARG00000077293_7_6,-5.1000,-5.2115,1.000000,0.994078,0.612760,-24.6000,-26.2289,0.875000,0.700657,0.347795,0.004022,0.113217,0.001269,0.004441,0.001719,0.002760,0.145587,0.005650,0.998034,0.068532,0.999999,0.738238,0.998896,0.124652,0.999071,0.010969,0.146844,0.004415,0.002576,0.276310,0.001557,0.000162,0.003000,0.001296,0.999443,0.794096,0.979869,0.649220,0.998832,0.999986,0.998272,0.999161,0.998277,0.999230,0.997833,0.792620,0.982548,0.359241,0.997550,0.011706
ENSDARG00000077293_7_8,-2.1000,-2.6930,1.000000,0.806129,0.657578,-19.4000,-21.3665,0.750000,0.649003,0.602801,0.354914,0.303357,0.224984,0.259485,0.231856,0.286576,0.456719,0.564669,0.782174,0.750602,0.999951,0.999789,0.761364,0.912680,0.764797,0.921033,0.998409,0.995920,0.607921,0.504202,0.465114,0.326642,0.054320,0.039044,0.431708,0.531685,0.883420,0.865644,0.997228,0.993476,0.962667,0.964285,0.689797,0.589923,0.781227,0.947554,0.791242,0.245977,0.911740,0.053477
ENSDARG00000077293_7_10,-2.0000,-2.4234,0.625000,0.585270,0.665492,-23.3000,-24.5701,0.125000,0.345605,0.629676,0.026661,0.380820,0.021051,0.339133,0.041728,0.568068,0.959276,0.995539,0.688039,0.997317,0.976713,0.998777,0.957193,0.932062,0.970038,0.786739,0.988324,0.848520,0.999708,0.994828,0.999214,0.991497,0.999747,0.995386,0.543309,0.560221,0.973617,0.560158,0.976598,0.609162,0.063904,0.003706,0.060896,0.000709,0.063995,0.000391,0.999888,0.031180,0.999952,0.999315
ENSDARG00000077353_15_2,-3.5000,-3.5515,0.500000,0.503041,0.602394,-19.7000,-21.4422,0.250000,0.423424,0.587600,0.997513,0.991784,0.997268,0.990692,0.973051,0.983339,0.996635,0.963645,0.014194,0.286722,0.003911,0.103872,0.005531,0.107875,0.036511,0.161251,0.999791,0.861804,0.999887,0.985324,0.999664,0.969923,0.999605,0.958369,0.992799,0.838124,0.990277,0.841470,0.039048,0.315913,0.012886,0.326654,0.010025,0.171866,0.011803,0.032105,0.969552,0.304980,0.997935,0.556282
ENSDARG00000077353_15_3,-1.5000,-2.1611,0.625000,0.578962,0.651546,-24.1000,-25.1086,0.250000,0.304912,0.572103,0.774624,0.333778,0.868178,0.966788,0.899848,0.322749,0.571927,0.262716,0.731701,0.951270,0.550420,0.954590,0.581727,0.936046,0.626557,0.982874,0.997046,0.999838,0.652428,0.999969,0.613586,0.969561,0.531185,0.322584,0.838223,0.260279,0.883492,0.907203,0.494950,0.252331,0.620105,0.002954,0.263090,0.000438,0.362894,0.000243,0.402649,0.017575,0.766289,0.998275
ENSDARG00000077353_15_4,-2.5000,-3.4985,0.500000,0.500715,0.581406,-20.3000,-22.1812,0.500000,0.493418,0.392049,0.796063,0.817988,0.561404,0.808920,0.650364,0.365171,0.771333,0.192009,0.455475,0.094050,0.377805,0.075958,0.369076,0.075133,0.202630,0.056222,0.813288,0.142161,0.821566,0.984582,0.991673,0.172171,0.811716,0.109273,0.189678,0.032266,0.190269,0.857764,0.377711,0.906500,0.309956,0.905125,0.453857,0.052541,0.519783,0.040393,0.973602,0.171666,0.990861,0.981092
ENSDARG00000077353_15_5,-5.8000,-5.8604,0.375000,0.386255,0.504485,-22.2000,-23.6453,0.250000,0.354696,0.486844,0.979020,0.810796,0.976291,0.809475,0.040078,0.067348,0.047817,0.233462,0.980699,0.986890,0.035839,0.203500,0.002498,0.011709,0.008236,0.009240,0.947992,0.791591,0.994525,0.992664,0.994940,0.992736,0.991732,0.989905,0.054376,0.219106,0.029003,0.200643,0.062688,0.220963,0.951304,0.882429,0.035591,0.108339,0.012360,0.011129,0.976394,0.983364,0.968321,0.211599
ENSDARG00000077353_15_6,-0.2000,-0.8216,0.625000,0.726915,0.778036,-22.6000,-23.4758,0.500000,0.619062,0.753586,0.325270,0.972198,0.328767,0.985314,0.999630,0.999146,0.998508,0.999323,0.606989,0.980903,0.796092,0.722306,0.821528,0.740758,0.956361,0.746202,0.960768,0.748107,0.982085,0.744263,0.998954,0.748185,0.970458,0.732521,0.950710,0.974215,0.575824,0.963884,0.841453,0.997915,0.827654,0.255886,0.322397,0.252144,0.312853,0.235053,0.985094,0.981908,0.999339,0.291494
ENSDARG00000077353_15_7,-8.0000,-8.0725,0.375000,0.388158,0.410948,-23.7000,-25.2537,0.375000,0.354255,0.397922,0.986712,0.986263,0.095397,0.102058,0.003532,0.008409,0.000874,0.005133,0.000131,0.002189,0.010409,0.012991,0.013088,0.014858,0.999339,0.996470,0.999994,0.996614,0.999939,0.996507,1.000000,0.998342,0.004277,0.004565,0.001122,0.003186,0.000046,0.003010,0.000507,0.002573,0.000818,0.003075,0.102776,0.104211,0.999999,0.966556,0.999999,0.966789,0.999999,0.784641
ENSDARG00000077353_15_8,-0.9000,-1.1962,0.875000,0.879163,0.815849,-17.9000,-20.0676,0.750000,0.603934,0.495444,0.918871,0.985306,0.923792,0.494747,0.941811,0.455054,0.967349,0.450260,0.958817,0.184710,0.372621,0.625537,0.321978,0.073057,0.967258,0.453751,0.866123,0.127293,0.807638,0.242409,0.863556,0.355158,0.373860,0.630126,0.341940,0.820155,0.993784,0.843804,0.915354,0.476393,0.923296,0.537973,0.956993,0.758983,0.979162,0.632895,0.957252,0.380311,0.965518,0.380957
ENSDARG00000077353_15_9,-1.8000,-2.1626,0.750000,0.764806,0.774627,-18.7000,-20.0415,0.750000,0.723895,0.670702,0.991718,0.995458,0.995269,0.994731,0.666541,0.386354,0.632445,0.280370,0.417488,0.179994,0.045351,0.023011,0.997778,0.998719,0.998348,0.996765,0.999673,0.993634,0.997574,0.974940,0.998056,0.502449,0.633844,0.296468,0.407065,0.188891,0.036800,0.024506,0.695943,0.870454,0.985327,0.974062,0.995537,0.914166,0.998792,0.910735,0.999094,0.988577,0.999888,0.919767
ENSDARG00000077353_15_10,-0.2000,-1.1609,0.625000,0.696896,0.718816,-18.2000,-20.2994,0.125000,0.332157,0.485732,0.781794,0.890376,0.752212,0.873244,0.865141,0.892979,0.738665,0.854714,0.764694,0.851129,0.999056,0.946017,0.886997,0.410055,0.497427,0.263084,0.329408,0.193103,0.300147,0.169209,0.888234,0.281251,0.997371,0.432220,0.880348,0.914237,0.882005,0.297627,0.996614,0.347743,0.433511,0.071453,0.441361,0.082069,0.509685,0.167316,0.655139,0.422844,0.776503,0.353964
ENSDARG00000077489_1_1,-2.7000,-3.7066,0.500000,0.398852,0.512941,-19.5000,-21.9967,0.750000,0.468901,0.468607,0.457398,0.482057,0.399720,0.437472,0.973234,0.664821,0.189263,0.535260,0.177845,0.503989,0.954900,0.875000,0.362547,0.185456,0.328675,0.059617,0.631799,0.163220,0.828134,0.376097,0.834068,0.381163,0.930418,0.956771,0.621342,0.464148,0.696576,0.750946,0.102172,0.600362,0.160932,0.662273,0.680108,0.690402,0.151755,0.475407,0.026571,0.020120,0.751363,0.087554
ENSDARG00000077489_1_2,-1.7000,-2.2791,0.250000,0.457114,0.472970,-19.3000,-20.8737,0.625000,0.424552,0.505005,0.183305,0.454633,0.077688,0.149963,0.078699,0.142067,0.293892,0.434818,0.298664,0.452048,0.459603,0.919226,0.476961,0.883063,0.886057,0.930471,0.908286,0.723065,0.891776,0.686010,0.820413,0.477537,0.427155,0.450783,0.479331,0.926964,0.300501,0.465979,0.210205,0.421928,0.730018,0.459199,0.309048,0.055138,0.316723,0.047293,0.316861,0.043621,0.994222,0.976298
ENSDARG00000077489_1_3,-0.8000,-1.3787,0.500000,0.552603,0.647441,-16.7000,-18.8406,0.375000,0.544695,0.594825,0.879864,0.790296,0.879239,0.844590,0.651319,0.417954,0.323796,0.308751,0.270720,0.279758,0.265863,0.189734,0.994635,0.906336,0.381694,0.363605,0.981044,0.904050,0.978687,0.838160,0.983178,0.900815,0.937952,0.794897,0.903184,0.776789,0.975949,0.969745,0.317059,0.373124,0.999033,0.986430,0.214402,0.336529,0.123002,0.191531,0.117165,0.172519,0.771030,0.550890
ENSDARG00000077489_1_4,-0.2000,-0.9158,0.750000,0.809448,0.819788,-18.9000,-20.6905,0.500000,0.586556,0.629842,0.963433,0.975975,0.993356,0.981211,0.926374,0.978286,0.872703,0.932896,0.941199,0.940481,0.995051,0.809535,0.999905,0.722755,0.976932,0.600798,0.684715,0.674028,0.245201,0.010079,0.590804,0.017995,0.730501,0.260354,1.000000,0.243773,0.982593,0.232400,0.685355,0.219094,0.361875,0.212420,0.722356,0.993398,0.723967,0.993276,0.999631,0.998854,0.999807,0.799231
ENSDARG00000077489_1_5,-4.9000,-4.9128,0.500000,0.502619,0.502734,-20.6000,-22.0868,0.500000,0.470505,0.490518,0.996947,0.995756,0.008292,0.011929,0.003628,0.007619,0.005128,0.009147,0.999991,0.999312,0.004881,0.006931,0.008154,0.010113,0.999999,0.999978,0.999981,0.999280,0.999903,0.999111,0.999893,0.998576,0.006921,0.008573,0.007178,0.008423,0.004833,0.005941,0.004067,0.005157,0.005671,0.006152,0.999558,0.947438,0.999658,0.996958,0.999997,0.978396,0.999993,0.815576
ENSDARG00000077489_1_6,-1.6000,-2.0725,1.000000,0.844630,0.669966,-25.0000,-25.9148,0.375000,0.378753,0.318012,0.169665,0.147096,0.092470,0.041676,0.209981,0.043281,0.925876,0.999878,0.871051,0.018054,0.856221,0.005964,0.988288,0.015535,0.294103,0.069742,0.278489,0.978256,0.288971,0.978952,0.789693,0.028480,0.877477,0.003295,0.733163,0.000158,0.629244,0.000142,0.867638,0.014974,0.976618,0.999972,0.987003,0.999973,0.975532,0.999975,0.782510,0.014698,0.805334,0.000132
ENSDARG00000077489_1_7,-3.0000,-3.5856,0.500000,0.483122,0.574919,-20.4000,-21.7413,0.875000,0.668965,0.533206,0.956870,0.839468,0.938831,0.772475,0.999657,0.490817,0.056125,0.168798,0.014700,0.024778,0.125535,0.190729,0.188332,0.365850,0.852800,0.949330,0.644054,0.483970,0.942391,0.354903,0.960480,0.347697,0.953620,0.323590,0.911195,0.185195,0.567856,0.709690,0.997994,0.997894,0.117112,0.847375,0.094313,0.571620,0.087742,0.533736,0.088767,0.540074,0.999998,0.966134
ENSDARG00000077489_1_8,-3.8000,-4.0199,0.875000,0.867041,0.624294,-21.0000,-22.3180,0.500000,0.537555,0.492458,0.083035,0.091812,0.960749,0.954372,1.000000,0.992611,0.013062,0.018033,0.010128,0.014335,0.188956,0.190123,0.995242,0.983336,0.992694,0.984966,0.994769,0.989103,0.273415,0.277683,0.016816,0.025112,0.020680,0.027233,0.900478,0.895663,0.999994,0.993142,0.079842,0.081625,0.999950,0.999644,0.965692,0.921344,0.997355,0.191970,0.995224,0.106189,0.997797,0.110862
ENSDARG00000077489_1_9,-2.0000,-2.9423,0.500000,0.578717,0.619373,-20.9000,-22.8165,0.375000,0.404706,0.313948,0.845026,0.375208,0.850781,0.116039,0.861428,0.086235,0.998473,0.122946,0.999402,0.111523,0.695061,0.123114,0.390234,0.083752,0.359127,0.078407,0.563576,0.664360,0.022135,0.016479,0.189237,0.273204,0.983235,0.990041,0.995805,0.991667,0.997721,0.993468,0.999821,0.990581,0.164198,0.062417,0.156963,0.040530,0.231563,0.057480,0.391755,0.040611,0.691915,0.060890
ENSDARG00000077489_1_10,-0.6000,-1.6113,0.625000,0.651317,0.716866,-19.8000,-21.6840,0.500000,0.504244,0.581944,0.550844,0.968199,0.549047,0.956787,0.996406,0.979700,0.616273,0.951532,0.981126,0.922440,1.000000,0.998820,0.600430,0.257835,0.536859,0.156058,0.548731,0.980784,1.000000,0.348723,0.748196,0.043980,0.998877,0.040075,0.648446,0.025686,0.801236,0.024853,0.614329,0.028502,0.549745,0.978188,0.449793,0.971317,0.543138,0.983695,0.607524,0.984449,0.996328,0.037260
ENSDARG00000077842_7_2,-1.3000,-1.8437,0.625000,0.643154,0.706566,-18.9000,-21.1057,0.625000,0.630415,0.453751,0.956745,0.964844,0.893990,0.946406,0.853521,0.243497,0.961962,0.195045,0.485690,0.115510,0.986392,0.121545,0.999485,0.119774,0.461954,0.174591,0.456737,0.396675,0.670418,0.300580,0.620865,0.080333,0.638341,0.372892,0.994616,0.998299,0.418510,0.966974,0.480297,0.969498,0.999620,0.999147,0.964967,0.690876,0.112500,0.032047,0.576404,0.368904,0.598314,0.017575
ENSDARG00000077842_7_3,-2.9000,-2.9623,1.000000,0.992846,0.703340,-20.6000,-21.8980,0.500000,0.512267,0.510724,0.015739,0.016085,0.010681,0.010767,0.033866,0.034404,0.999599,0.999463,0.980738,0.980719,0.998299,0.998659,0.998156,0.998307,0.999687,0.999763,0.971910,0.971356,0.057897,0.052912,0.030415,0.026957,0.027038,0.026946,0.974596,0.797925,0.975540,0.801479,0.999995,0.999523,0.999717,0.998590,0.999655,0.367165,0.999459,0.065228,0.995216,0.034367,0.998592,0.033857
ENSDARG00000077842_7_4,-0.8000,-1.0996,0.625000,0.700362,0.690316,-17.8000,-19.6204,0.250000,0.451050,0.580876,0.987166,0.959334,0.995913,0.955049,0.274300,0.304582,0.200854,0.200881,0.171599,0.178349,0.283961,0.297776,0.992398,0.950530,0.999673,0.955869,0.998243,0.955289,0.993429,0.975383,0.995627,0.959063,0.310249,0.317010,0.214922,0.239042,0.225523,0.252415,0.243721,0.279308,0.964906,0.656768,0.978632,0.624287,0.980837,0.387326,0.998463,0.981551,0.995895,0.187702
ENSDARG00000077842_7_5,-1.8000,-2.1281,0.750000,0.730909,0.566092,-18.7000,-20.8922,0.125000,0.385002,0.397788,0.312807,0.195369,0.230113,0.110408,0.232926,0.092676,0.242796,0.102556,0.335070,0.195382,0.963748,0.970992,0.871205,0.955424,0.832449,0.952482,0.848213,0.905314,0.178322,0.198813,0.207022,0.104015,0.219902,0.092312,0.224682,0.068875,0.300961,0.165482,0.998826,0.954769,0.838715,0.615021,0.805185,0.279943,0.815208,0.266172,0.865379,0.279000,0.998316,0.450750
ENSDARG00000077842_7_6,-3.3000,-3.9533,0.625000,0.505599,0.599723,-20.3000,-22.1595,0.250000,0.350007,0.564631,0.489938,0.408719,0.465199,0.304823,0.603158,0.349415,0.602565,0.765586,0.560739,0.782402,0.757289,0.814392,0.652747,0.784238,0.579802,0.734421,0.626276,0.762519,0.859871,0.926959,0.844818,0.907293,0.907270,0.951798,0.975173,0.956984,0.183219,0.150357,0.101785,0.095284,0.017296,0.040520,0.467383,0.221062,0.539654,0.267005,0.875889,0.876085,0.884392,0.192757
ENSDARG00000077842_7_7,-2.1000,-2.9940,0.500000,0.673123,0.599202,-25.3000,-26.1203,0.875000,0.874323,0.406685,0.559153,0.997434,0.743471,0.062497,0.117186,0.001884,0.108584,0.000099,0.501334,0.000452,0.531006,0.001317,0.631605,0.050784,0.998760,0.008249,0.775179,0.004827,0.635980,0.002069,0.626259,0.000208,0.370548,0.009297,0.412629,0.996101,0.416443,0.999944,0.560066,0.999557,0.741139,0.998608,0.294228,0.994738,0.985352,0.997351,0.979542,0.995194,0.995584,0.013088
ENSDARG00000077842_7_8,0.0000,-0.2675,1.000000,0.978244,0.935379,-18.3000,-19.5644,1.000000,0.872634,0.619711,0.978599,0.424363,0.839392,0.321287,0.721581,0.283259,0.864107,0.945156,0.993664,0.977123,1.000000,0.990834,0.984741,0.287875,0.989269,0.261972,0.998454,0.266503,0.996110,0.257555,0.847053,0.219165,0.668662,0.178054,0.881106,0.969383,0.993069,0.859728,0.993902,0.979439,0.998230,0.997213,0.998701,0.998090,0.996573,0.793519,0.985562,0.776149,0.978807,0.607552
ENSDARG00000077842_7_9,-2.1000,-2.5675,1.000000,0.900078,0.725919,-22.8000,-23.9220,0.750000,0.750938,0.486662,0.140507,0.991038,0.102333,0.063212,0.865164,0.009155,0.932135,0.007801,0.991708,0.008876,0.983941,0.013408,0.976111,0.998488,1.000000,0.600138,0.116938,0.983273,0.113784,0.030910,0.556472,0.009004,0.538670,0.010437,0.998431,0.997842,0.993700,0.996836,0.999330,0.997356,0.991790,0.996932,0.999986,0.999989,0.993981,0.995031,0.609288,0.012590,0.614116,0.010929
ENSDARG00000077842_7_10,0.0000,-0.5598,1.000000,0.830029,0.852958,-18.1000,-20.1068,0.625000,0.629606,0.611409,0.958792,0.684598,0.779489,0.330724,0.744928,0.276864,0.493360,0.198089,0.978059,0.274097,0.973035,0.272812,0.576704,0.203661,0.999857,0.994435,0.986326,0.990010,0.997027,0.996618,0.948784,0.977110,0.982564,0.992307,0.996729,0.996131,0.730125,0.947589,0.908594,0.993176,0.999968,0.998687,0.825418,0.860113,0.719883,0.167646,0.705775,0.049522,0.753741,0.023986
ENSDARG00000077860_5_1,-5.2000,-5.5404,0.750000,0.749798,0.658156,-24.1000,-25.0969,0.625000,0.624505,0.467265,0.005516,0.961670,0.003282,0.943314,0.006083,0.951357,0.997712,0.045062,0.579264,0.017450,0.997657,0.029563,0.999401,0.050113,0.998491,0.114506,0.998041,0.994651,0.579224,0.189602,0.996165,0.034738,0.003897,0.017230,0.002151,0.000360,0.004969,0.001858,0.999986,0.999945,0.997825,0.997921,0.997678,0.996700,0.998117,0.999525,0.998367,0.977780,0.999293,0.021947
ENSDARG00000077860_5_2,-7.1000,-7.1153,0.625000,0.625197,0.502486,-24.5000,-25.8097,0.250000,0.331901,0.385169,0.001567,0.001607,0.000032,0.000034,0.000036,0.000038,0.003453,0.003455,0.022403,0.022401,0.997475,0.997472,0.999959,0.999955,0.999992,0.999989,0.999992,0.999989,0.999942,0.999939,0.019807,0.019808,0.003491,0.003492,0.000071,0.000074,0.000063,0.000064,0.001588,0.001571,0.999947,0.999460,0.999974,0.203791,0.999995,0.222738,0.999995,0.952950,0.999946,0.274559
ENSDARG00000077860_5_3,-3.2000,-3.7576,0.750000,0.740791,0.659480,-23.2000,-24.4631,0.250000,0.260445,0.467140,0.110552,0.109018,0.109442,0.107504,0.071906,0.070553,0.709675,0.710075,0.603928,0.604493,0.992907,0.993469,0.999333,0.999799,0.999328,0.999919,0.998231,0.999022,0.514116,0.513668,0.904596,0.904415,0.249256,0.247305,0.006072,0.004791,0.007752,0.006333,0.918835,0.919447,0.999419,0.110415,0.998629,0.960769,0.997645,0.061661,0.998440,0.014957,0.999535,0.005185
ENSDARG00000077860_5_4,-2.1000,-2.1923,0.625000,0.648324,0.714753,-17.8000,-19.5751,0.625000,0.599567,0.690921,0.985255,0.926010,0.984369,0.894621,0.134687,0.257463,0.083654,0.202512,0.047632,0.154893,0.984035,0.981088,0.980271,0.971184,0.965114,0.903438,0.983760,0.882288,0.994807,0.949941,0.980966,0.946482,0.983918,0.951965,0.998809,0.869640,0.088560,0.209269,0.034155,0.032575,0.084775,0.075967,0.994122,0.929068,0.999916,0.950489,0.986813,0.924987,0.999438,0.804537
ENSDARG00000077860_5_5,-1.7000,-2.2400,0.500000,0.501999,0.597992,-18.4000,-19.9317,0.250000,0.455862,0.553563,0.872934,0.860429,0.356377,0.436957,0.249805,0.204614,0.164082,0.157713,0.199061,0.171549,0.948162,0.817897,0.889066,0.917890,0.750501,0.819289,0.748919,0.671775,0.818888,0.714665,0.988175,0.840871,0.957869,0.810711,0.982440,0.840210,0.305815,0.362040,0.068583,0.180510,0.153337,0.218961,0.235438,0.328355,0.742264,0.458630,0.589638,0.380548,0.938477,0.877639
ENSDARG00000077860_5_6,-1.8000,-2.3756,0.625000,0.631843,0.499141,-19.0000,-21.3238,0.500000,0.537392,0.395858,0.506548,0.956907,0.291249,0.934593,0.253660,0.459407,0.223248,0.238067,0.209319,0.210655,0.279306,0.175461,0.766648,0.271157,0.802042,0.055391,0.804526,0.052896,0.248185,0.025805,0.272530,0.105932,0.270826,0.131746,0.274598,0.925752,0.296162,0.201794,0.308968,0.055096,0.761152,0.098886,0.757980,0.188972,0.766604,0.893605,0.890061,0.988718,0.999216,0.946315
ENSDARG00000077860_5_7,-0.2000,-1.1698,0.500000,0.711436,0.695169,-20.7000,-22.0944,0.375000,0.464245,0.543240,0.569791,0.808666,0.537614,0.788209,0.754374,0.806562,0.581192,0.809844,0.449500,0.418980,0.753558,0.469457,0.670325,0.472071,0.733706,0.874796,0.964105,0.960531,0.764044,0.342293,0.750676,0.223461,0.683003,0.175965,0.794984,0.245756,0.670179,0.394137,0.709049,0.894401,0.987636,0.149448,0.494826,0.091835,0.552046,0.124577,0.728403,0.904763,0.754362,0.909043
ENSDARG00000077860_5_8,-3.7000,-3.9594,0.625000,0.600852,0.613769,-19.3000,-21.2257,0.625000,0.554499,0.623901,0.039632,0.215489,0.036641,0.214051,0.007803,0.183311,0.969798,0.947538,0.966211,0.931226,0.152133,0.256425,0.999888,0.999106,0.986498,0.944714,0.979978,0.931393,0.992637,0.989320,0.999574,0.995195,0.337777,0.434268,0.841127,0.837905,0.977628,0.907871,0.007806,0.120370,0.023543,0.029284,0.019100,0.047890,0.968639,0.759251,0.969307,0.933543,0.999666,0.799874
ENSDARG00000077860_5_9,-0.2000,-0.9606,1.000000,0.818446,0.758694,-17.5000,-19.7572,0.500000,0.505326,0.579133,0.654430,0.863925,0.644426,0.852370,0.639913,0.535757,0.928801,0.526490,0.922672,0.437289,0.862921,0.425618,0.663213,0.459867,0.626652,0.768044,0.694147,0.935840,0.694210,0.789249,0.651489,0.748131,0.643444,0.197479,0.990207,0.153964,0.975788,0.144977,0.698929,0.140707,0.621309,0.146427,0.629519,0.802270,0.762387,0.848276,0.924020,0.900727,0.945408,0.905261
ENSDARG00000077860_5_10,-1.5000,-1.9973,0.500000,0.542679,0.632357,-18.3000,-19.8957,0.500000,0.543079,0.607475,0.969477,0.848223,0.977214,0.905362,0.083478,0.031777,0.067995,0.033320,0.539827,0.851463,0.101417,0.095898,0.586854,0.230844,0.999744,0.954170,0.998082,0.949780,0.996497,0.955180,0.985269,0.972219,0.999849,0.976621,0.952542,0.960224,0.926956,0.956129,0.511931,0.848201,0.074180,0.103286,0.126843,0.120397,0.546507,0.860968,0.592071,0.270489,0.610400,0.224942
ENSDARG00000078199_0_1,-3.9000,-4.2877,0.250000,0.410722,0.473644,-23.4000,-24.4597,0.875000,0.696299,0.527617,0.816664,0.852800,0.783287,0.820471,0.770508,0.827598,0.092837,0.173329,0.081805,0.106871,0.096789,0.126594,0.327080,0.922703,0.334033,0.325029,0.446642,0.310030,0.991540,0.335786,0.763379,0.148852,0.682545,0.031883,0.677657,0.025411,0.383815,0.872025,0.334757,0.974420,0.335496,0.939060,0.314101,0.750942,0.183610,0.685216,0.166945,0.655862,0.889395,0.667459
ENSDARG00000078199_0_2,-4.8000,-5.5674,0.375000,0.366286,0.492789,-21.7000,-24.1941,0.250000,0.313809,0.335957,0.998443,0.757978,0.995451,0.383573,0.778622,0.272125,0.390980,0.058531,0.579951,0.272812,0.025679,0.079631,0.009632,0.003119,0.187740,0.053322,0.425285,0.089949,0.535172,0.240379,0.999266,0.998696,0.999270,0.998563,0.583844,0.927047,0.133474,0.300872,0.248294,0.045245,0.005112,0.005399,0.184497,0.030518,0.194613,0.043200,0.773450,0.922529,0.807002,0.235659
ENSDARG00000078199_0_3,0.0000,-0.6749,1.000000,0.767199,0.807039,-17.9000,-19.1834,0.875000,0.833919,0.602899,0.999417,0.387907,0.999609,0.943894,0.485535,0.123232,0.342001,0.055086,0.401064,0.065558,0.999609,0.240551,0.844908,0.939438,0.999937,0.315829,0.997288,0.292281,0.995725,0.966224,0.996878,0.182641,0.941207,0.873998,0.940491,0.871599,0.990386,0.870957,0.531261,0.829516,0.644330,0.949664,0.487629,0.932465,0.749198,0.962253,0.826937,0.974796,0.967363,0.280099
ENSDARG00000078199_0_4,-3.8000,-3.8370,0.500000,0.502450,0.601599,-20.6000,-22.3886,0.500000,0.499855,0.537876,0.998443,0.791646,0.996507,0.510369,0.997719,0.491074,1.000000,0.994127,0.029732,0.014318,0.005522,0.003550,0.006271,0.002509,0.008400,0.007531,0.975915,0.975299,1.000000,0.993511,0.993870,0.984651,0.999993,0.990097,0.999959,0.990131,0.977561,0.976988,0.992427,0.984638,0.999414,0.999826,0.007360,0.013037,0.006953,0.014217,0.006325,0.012126,0.029602,0.007876
ENSDARG00000078199_0_5,-5.2000,-5.5204,0.500000,0.458515,0.566503,-23.3000,-24.8927,0.125000,0.155713,0.469937,0.654101,0.837870,0.953393,0.941008,0.015199,0.237017,0.006757,0.054246,0.003474,0.052688,0.038556,0.084312,0.996789,0.998296,0.996970,0.998413,0.999882,0.998890,0.999873,0.998648,0.999996,0.999961,0.996942,0.951689,0.033682,0.054301,0.000391,0.003697,0.002252,0.031588,0.042135,0.023484,0.976158,0.792673,0.636178,0.229878,0.978076,0.087800,0.999249,0.022281
ENSDARG00000078199_0_6,-1.5000,-1.8609,0.875000,0.781723,0.686105,-20.1000,-21.5152,0.125000,0.170861,0.553613,0.297450,0.855872,0.719033,0.923942,0.132791,0.880922,0.101724,0.801820,0.851090,0.983051,0.916740,0.980718,0.932869,0.894941,0.947722,0.992470,0.943595,0.854378,0.998630,0.961398,0.356883,0.272990,0.269798,0.302864,0.912565,0.030424,0.114032,0.032219,0.714859,0.021634,0.738629,0.024095,0.790388,0.027508,0.994332,0.069064,0.994957,0.198065,0.994021,0.963880
ENSDARG00000078199_0_7,-2.4000,-2.6324,0.625000,0.611484,0.617958,-19.7000,-21.3546,0.250000,0.348375,0.567953,0.204245,0.816156,0.185351,0.551334,0.149063,0.460223,0.999130,0.932874,0.150285,0.711276,0.833265,0.912164,0.831293,0.950437,0.833729,0.934255,0.995221,0.957168,0.994118,0.960725,0.296968,0.133404,0.994624,0.252048,0.191983,0.826313,0.030147,0.029674,0.031865,0.022102,0.826958,0.180468,0.859582,0.197050,0.960881,0.260243,0.999190,0.458033,0.991263,0.813114
ENSDARG00000078199_0_8,-1.0000,-1.7884,1.000000,0.875174,0.733063,-19.6000,-21.3314,0.625000,0.600571,0.600670,0.309994,0.100926,0.322452,0.109573,0.999121,0.998522,0.468359,0.537380,0.593180,0.701590,0.806273,0.983598,0.999556,0.997911,0.943286,0.981340,0.783556,0.713166,0.658155,0.617130,0.383501,0.261562,0.392448,0.206131,0.951456,0.988190,0.877998,0.835924,0.877938,0.838874,0.749064,0.516267,0.747267,0.515655,0.804977,0.046189,0.999809,0.999887,0.992880,0.063581
ENSDARG00000078199_0_9,-2.5000,-2.8073,0.625000,0.609630,0.683425,-18.3000,-20.4490,0.875000,0.645659,0.630427,0.995555,0.935187,0.995105,0.859002,0.999988,0.667582,0.995613,0.644485,1.000000,0.814408,0.310208,0.483586,0.015956,0.042395,0.074461,0.161411,0.684907,0.517677,1.000000,0.842891,0.760240,0.715127,0.959431,0.759514,0.920267,0.684720,0.963331,0.935462,0.355062,0.670959,0.126202,0.310794,0.063330,0.277741,0.723401,0.738338,0.725453,0.723169,0.999998,0.824085
ENSDARG00000078199_0_10,-4.7000,-5.1202,0.250000,0.370278,0.454892,-21.0000,-22.6652,0.625000,0.446272,0.500908,0.069416,0.343034,0.066585,0.168838,0.072028,0.373835,0.074387,0.327583,0.801660,0.642404,0.700713,0.599423,0.994504,0.992848,0.410382,0.514408,0.421302,0.501431,0.932582,0.724994,0.801068,0.622539,0.790996,0.636648,0.342990,0.430598,0.412152,0.544327,0.999463,0.992885,0.154403,0.619001,0.008830,0.014749,0.005485,0.007004,0.038926,0.027775,0.999978,0.933840
ENSDARG00000078251_0_1,-2.8000,-3.5054,0.625000,0.528167,0.614758,-22.5000,-24.3606,0.375000,0.377967,0.384668,0.996207,0.600907,0.953616,0.053785,0.930892,0.003568,0.542029,0.001706,0.337505,0.003091,0.768855,0.996090,0.056850,0.005309,0.282049,0.005462,0.280913,0.005399,0.960892,0.996506,0.964149,0.998811,0.995857,0.998992,0.952861,0.999530,0.953751,0.996710,0.995084,0.999987,0.049629,0.002656,0.049780,0.002435,0.057877,0.006661,0.440173,0.008814,0.726183,0.006944
ENSDARG00000078251_0_2,-0.5000,-1.1684,0.625000,0.718551,0.688869,-17.5000,-19.3353,0.625000,0.615129,0.614049,0.198958,0.379455,0.206062,0.351512,0.911241,0.664225,0.507568,0.558619,0.347960,0.478504,0.652585,0.670286,0.910287,0.851170,0.999879,0.743247,0.988944,0.690788,0.844507,0.663342,0.886642,0.798561,0.574331,0.510243,0.293841,0.435559,0.884472,0.794096,0.442171,0.671840,0.313653,0.538174,0.836376,0.391990,0.978753,0.406212,0.999995,0.965187,0.999150,0.717973
ENSDARG00000078251_0_3,-1.0000,-1.2433,0.625000,0.701909,0.744715,-21.7000,-22.8801,0.250000,0.282662,0.565300,0.956840,0.980056,0.896764,0.886572,0.167980,0.850733,0.262653,0.986472,0.263509,0.964576,0.990693,0.943633,0.964739,0.981519,0.984611,0.983002,0.989016,0.976419,0.973187,0.252650,0.926331,0.184829,0.902714,0.054233,0.936074,0.020202,0.244025,0.018385,0.254535,0.019855,0.285875,0.028648,0.994964,0.071805,0.991387,0.347396,0.957278,0.973753,0.951133,0.781254
ENSDARG00000078251_0_4,0.0000,-0.0161,1.000000,0.996326,0.996706,-15.7000,-17.4489,0.625000,0.856898,0.897625,0.999523,0.996973,0.999797,0.993887,0.999024,0.988908,0.998093,0.980985,0.999330,0.983429,0.994495,0.979223,0.997314,0.978221,0.999451,0.983731,0.994611,0.969167,0.998380,0.759031,0.995603,0.755328,0.987879,0.728424,0.998226,0.985323,0.999816,0.988840,0.990855,0.739541,0.999881,0.752253,0.995785,0.756533,0.988323,0.907941,0.998036,0.928903,0.999691,0.795852
ENSDARG00000078251_0_5,-3.5000,-3.6040,0.625000,0.613266,0.595308,-20.1000,-21.6042,0.500000,0.536280,0.593794,0.082008,0.445771,0.043973,0.427839,0.908111,0.913945,0.941651,0.946076,0.992084,0.917404,0.015507,0.084515,0.014008,0.075479,0.954324,0.866491,0.997336,0.965741,0.995532,0.920000,0.995662,0.922183,0.059846,0.100210,0.057790,0.102959,0.952946,0.883296,0.906406,0.935641,0.941356,0.957743,0.077166,0.133937,0.043018,0.115732,0.961328,0.987167,0.966118,0.173761
ENSDARG00000078251_0_6,-2.0000,-2.6560,0.625000,0.502480,0.562260,-22.9000,-23.8435,0.125000,0.119989,0.599037,0.985632,0.922466,0.982448,0.860103,0.494388,0.886397,0.072805,0.930326,0.038582,0.949141,0.563703,0.995527,0.178180,0.871796,0.858370,0.839350,0.694566,0.848657,0.749385,0.979390,0.978222,0.989332,0.629084,0.948354,0.464167,0.921639,0.462213,0.012889,0.245463,0.005263,0.567910,0.004864,0.560442,0.001979,0.562007,0.004363,0.561373,0.004285,0.596261,0.004627
ENSDARG00000078251_0_7,-1.1000,-1.5732,0.375000,0.496935,0.589809,-23.4000,-24.6506,0.125000,0.125944,0.508448,0.912353,0.959716,0.857189,0.978368,0.997706,0.997888,0.375618,0.999562,0.163875,0.971551,0.131988,0.362162,0.171634,0.383509,0.284753,0.390854,0.996657,0.420226,0.992459,0.974739,0.966278,0.965917,0.970181,0.756924,0.925503,0.925435,0.911504,0.076020,0.305992,0.002417,0.171818,0.000736,0.166202,0.000046,0.190976,0.001000,0.374279,0.001213,0.929206,0.000685
ENSDARG00000078251_0_8,0.0000,-0.4192,1.000000,0.801353,0.837635,-22.6000,-23.4431,0.750000,0.757373,0.460599,0.991396,0.996511,0.995291,0.091053,0.998477,0.024808,0.994370,0.989731,0.632120,0.007398,0.517547,0.000117,0.574549,0.001136,0.670156,0.004558,0.996817,0.003229,0.996999,0.003626,0.985624,0.030992,0.988535,0.999835,0.970905,0.029930,0.938114,0.999445,0.948210,0.999494,0.681230,0.999844,0.608568,0.999881,0.603972,0.999551,0.660810,0.997033,0.999011,0.033809
ENSDARG00000078251_0_9,-3.8000,-3.8205,1.000000,0.998050,0.702821,-24.6000,-25.6572,0.500000,0.548729,0.522192,0.005821,0.005784,0.002247,0.002245,0.023275,0.023312,0.999314,0.999326,0.999995,0.999995,0.999144,0.999940,0.999461,0.999969,0.021225,0.018996,0.007245,0.004987,0.017342,0.015105,0.998266,0.998689,0.998696,0.985654,0.998357,0.981368,0.997324,0.979013,0.997987,0.981392,0.996045,0.946542,0.997681,0.467841,0.997861,0.008100,0.999829,0.004251,0.999314,0.021329
ENSDARG00000078251_0_10,-1.0000,-1.8659,0.875000,0.742945,0.639468,-17.4000,-19.8942,0.625000,0.655327,0.562801,0.545086,0.638390,0.507483,0.603026,0.637161,0.644912,0.073415,0.320905,0.160788,0.156892,0.491115,0.297924,0.997646,0.537741,0.999174,0.608456,0.743267,0.533964,0.458346,0.369624,0.781987,0.671418,0.450324,0.630157,0.473533,0.671945,0.640760,0.731432,0.634162,0.748880,0.597101,0.600744,0.626290,0.611237,0.990727,0.779374,0.981216,0.690564,0.999772,0.408439
ENSDARG00000078355_0_1,-3.0000,-3.0948,0.875000,0.846409,0.697163,-25.3000,-26.3592,0.500000,0.500789,0.328298,0.096304,0.147901,0.086129,0.042982,0.069816,0.044013,0.966990,0.999958,0.996564,0.012819,0.934477,0.007457,0.924245,0.023380,0.923701,0.163180,0.986786,0.979762,0.998102,0.132567,0.091342,0.005558,0.097532,0.000058,0.024040,0.000037,0.886380,0.003359,0.936864,0.999992,0.999229,0.999963,0.996927,0.999955,0.979880,0.999949,0.957248,0.002990,0.990705,0.000071
ENSDARG00000078355_0_2,-3.5000,-3.6354,0.375000,0.383729,0.500825,-20.4000,-21.5633,0.625000,0.438788,0.632474,0.121827,0.608167,0.007516,0.546327,0.007099,0.493394,0.007979,0.524789,0.009588,0.523456,0.999002,0.931189,0.925795,0.958500,0.943090,0.907054,0.995922,0.921590,0.996485,0.910908,0.993111,0.920652,0.939255,0.893146,0.932052,0.904610,0.016725,0.523551,0.015256,0.538530,0.013499,0.094454,0.004022,0.006716,0.111260,0.049538,0.988501,0.696695,0.988519,0.696206
ENSDARG00000078355_0_3,-4.0000,-4.3345,0.625000,0.733469,0.659236,-20.2000,-22.1181,0.625000,0.606864,0.564387,0.996293,0.928199,0.677331,0.464583,0.629842,0.357235,0.637089,0.500531,0.667523,0.567507,0.993585,0.986149,0.343306,0.427023,0.326808,0.416407,0.021171,0.028425,0.671652,0.582658,0.674967,0.585855,0.677395,0.588259,0.998146,0.986649,0.996887,0.971432,0.996611,0.958297,0.325921,0.380640,0.326486,0.225731,0.337681,0.254585,0.935102,0.453939,0.950921,0.623640
ENSDARG00000078355_0_4,-5.3000,-5.6526,0.375000,0.341156,0.472486,-21.0000,-22.8133,0.375000,0.317962,0.463004,0.998034,0.993230,0.998005,0.992121,0.635316,0.642351,0.066108,0.076167,0.002868,0.006966,0.002168,0.005529,0.005607,0.020844,0.018229,0.031951,0.997169,0.979872,0.999028,0.984394,0.998654,0.984229,0.999288,0.998731,0.018253,0.034942,0.006304,0.022972,0.002367,0.019223,0.001665,0.002268,0.064722,0.064135,0.643538,0.627487,0.992984,0.966908,0.999416,0.805763
ENSDARG00000078355_0_5,-1.9000,-2.1334,0.875000,0.761812,0.595120,-18.3000,-19.9550,0.750000,0.644958,0.544816,0.300260,0.249229,0.993973,0.989393,0.094509,0.095327,0.067068,0.075914,0.048749,0.060011,0.760186,0.796657,0.763146,0.797404,0.996032,0.989221,0.963923,0.960444,0.260415,0.234360,0.278882,0.242593,0.280767,0.246101,0.995718,0.990451,0.260894,0.233553,0.968158,0.970157,0.763379,0.799191,0.758259,0.736424,0.758663,0.614174,0.781025,0.647986,0.808395,0.167730
ENSDARG00000078355_0_6,-1.4000,-2.0812,0.625000,0.612731,0.672492,-20.6000,-22.3610,0.500000,0.501871,0.392877,0.912535,0.988568,0.898653,0.431962,0.997346,0.159711,0.656838,0.097990,0.999886,0.134033,0.312804,0.978272,0.174721,0.015134,0.050705,0.009314,0.849483,0.007418,0.846586,0.007726,0.849761,0.012523,0.998677,0.999925,0.262895,0.994855,0.258391,0.994859,0.314650,0.995165,0.998094,0.999608,0.490625,0.009705,0.851100,0.008136,0.854446,0.007567,0.871651,0.005071
ENSDARG00000078355_0_7,-3.4000,-3.7609,0.500000,0.481446,0.524703,-21.4000,-22.7035,0.875000,0.641595,0.487025,0.295910,0.198357,0.022486,0.011110,0.002987,0.001781,0.007716,0.008271,0.711084,0.875970,0.406004,0.167933,0.983899,0.366287,0.950715,0.390932,0.931126,0.967718,0.921328,0.441090,0.983789,0.423241,0.425454,0.755047,0.985049,0.931292,0.237524,0.712635,0.203713,0.725844,0.226286,0.730050,0.021834,0.641276,0.723805,0.687604,0.723605,0.666274,0.729749,0.037788
ENSDARG00000078355_0_8,-0.4000,-1.4227,0.500000,0.504162,0.601109,-19.2000,-20.5674,1.000000,0.748815,0.492023,0.934390,0.250721,0.932221,0.073235,0.422532,0.040642,0.607657,0.060873,0.226184,0.053831,0.318477,0.230788,0.281295,0.798552,0.284018,0.819215,0.996456,0.449071,0.991291,0.380946,0.994954,0.457694,0.999411,0.234370,0.155770,0.640406,0.153680,0.640471,0.151424,0.607768,0.364719,0.623614,0.871515,0.681529,0.577208,0.945348,0.764828,0.933553,0.994149,0.917832
ENSDARG00000078355_0_9,0.0000,-0.3281,1.000000,0.949332,0.937655,-16.8000,-18.1561,0.750000,0.812857,0.853470,0.834813,0.847193,0.989851,0.980132,0.999530,0.989685,0.784248,0.799266,0.986475,0.977739,0.999646,0.989122,0.933082,0.831391,0.996074,0.855736,0.999701,0.857282,0.939178,0.832691,0.696145,0.620524,0.999705,0.985772,0.999812,0.981583,0.747722,0.707503,1.000000,0.998672,0.934735,0.493206,0.932686,0.490887,1.000000,0.994906,0.982844,0.921154,0.996856,0.914945
ENSDARG00000078355_0_10,-3.4000,-3.6622,0.375000,0.381944,0.502733,-19.1000,-20.8484,0.375000,0.354226,0.499001,0.996529,0.995703,0.100196,0.146356,0.008044,0.047357,0.005762,0.040568,0.005646,0.039793,0.175675,0.205032,0.920677,0.920979,0.821620,0.822030,0.997545,0.993931,0.997838,0.994721,0.996628,0.980180,0.972940,0.959559,0.849037,0.836174,0.097441,0.110242,0.005997,0.040842,0.003918,0.039128,0.003686,0.005891,0.096545,0.093648,0.999046,0.943649,0.999884,0.764232
ENSDARG00000078578_0_2,-5.4000,-5.5899,0.500000,0.500143,0.575733,-21.1000,-22.8004,0.500000,0.445859,0.554262,0.982804,0.983530,0.010399,0.012119,0.007995,0.009637,0.006594,0.008144,0.002873,0.004451,0.991831,0.991714,0.755255,0.755491,0.999795,0.999415,0.999789,0.999696,0.999650,0.999157,0.756676,0.756680,0.999849,0.998335,0.005990,0.006084,0.001318,0.001473,0.000335,0.000640,0.002797,0.004364,0.999943,0.998614,0.990765,0.904397,0.999995,0.915478,0.999998,0.735820
ENSDARG00000078578_0_3,0.0000,-0.3114,1.000000,0.887448,0.908273,-17.2000,-18.8230,0.625000,0.691604,0.624322,0.975046,0.971431,0.868034,0.957875,0.870988,0.786033,0.954513,0.797506,0.912498,0.469067,0.863677,0.298723,0.850341,0.440078,0.916736,0.455201,0.965957,0.458890,0.957024,0.465599,0.952973,0.476958,0.978081,0.376249,0.802127,0.327217,0.667783,0.271279,0.877759,0.960097,0.922805,0.832820,0.960687,0.842132,0.976840,0.987914,0.923595,0.961943,0.967988,0.349432
ENSDARG00000078578_0_5,-3.1000,-3.1824,0.750000,0.747336,0.519812,-22.5000,-23.5145,0.500000,0.492899,0.419788,0.054675,0.877532,0.048709,0.876874,0.995567,0.843538,0.037606,0.918420,0.046665,0.237432,0.087478,0.181588,0.998264,0.209001,0.998074,0.216925,0.995434,0.058670,0.088612,0.007026,0.039840,0.008541,0.026628,0.017014,0.041623,0.029456,0.049577,0.952317,0.978676,0.959179,0.983422,0.955416,0.997838,0.955608,0.971539,0.018297,0.971203,0.024305,0.984810,0.048610
ENSDARG00000078578_0_6,-0.3000,-1.0219,1.000000,0.818204,0.736349,-23.0000,-23.9261,0.500000,0.508616,0.370318,0.572562,0.142974,0.432249,0.037365,0.435347,0.039010,0.990837,0.991780,0.946339,0.025941,0.988162,0.029960,0.304300,0.080135,0.294173,0.977721,0.616829,0.978558,0.875582,0.028974,0.884688,0.003950,0.840273,0.001065,0.822157,0.002118,0.859722,0.034196,0.988616,0.999458,0.742304,0.999237,0.773396,0.999171,0.850854,0.999278,0.729643,0.033678,0.778939,0.001788
ENSDARG00000078578_0_7,-1.0000,-1.8459,0.500000,0.635203,0.682926,-18.3000,-20.5618,0.500000,0.557925,0.594946,0.717420,0.622023,0.497442,0.457955,0.147641,0.236276,1.000000,0.960420,0.966223,0.931048,0.520624,0.404992,0.571280,0.476864,0.593798,0.479166,0.572322,0.603922,0.993874,0.733999,0.997156,0.705899,0.999122,0.822963,0.626013,0.421917,0.208167,0.166955,0.583086,0.745153,0.972705,0.979664,0.998499,0.949096,0.661387,0.574106,0.651258,0.439732,0.380511,0.186777
ENSDARG00000078578_0_8,-0.9000,-1.4881,0.750000,0.871406,0.810432,-17.6000,-19.9708,0.750000,0.765782,0.621043,0.567157,0.896827,0.577795,0.883058,0.999608,0.417486,0.986569,0.297362,0.998258,0.243822,0.979203,0.231290,0.889832,0.254322,0.131880,0.063605,0.212415,0.676744,0.995948,0.875534,0.934754,0.481548,0.963960,0.973010,0.994447,0.995487,0.992349,0.992295,0.999838,0.996447,0.536969,0.600728,0.544544,0.649754,0.999587,0.996492,0.943084,0.771750,0.960431,0.123305
ENSDARG00000078578_0_9,0.0000,-0.9899,1.000000,0.735223,0.748834,-25.0000,-25.8635,0.750000,0.753371,0.410601,0.799246,0.112723,0.637811,0.003074,0.795347,0.001690,0.925309,0.000471,0.786951,0.000065,0.662228,0.003278,0.561081,0.030530,0.367195,0.996902,0.632906,0.039132,0.977201,0.036012,0.955505,0.002262,0.994114,0.958923,0.802974,0.996835,0.865413,0.999704,0.534661,0.999262,0.825690,0.999731,0.552679,0.992460,0.700480,0.998268,0.687848,0.036529,0.912038,0.004176
ENSDARG00000078578_0_10,-5.2000,-5.6242,0.625000,0.600228,0.540363,-22.6000,-24.2934,0.250000,0.369981,0.433166,0.127024,0.296972,0.998189,0.997346,0.007349,0.215721,0.000755,0.138486,0.002294,0.198467,0.485068,0.400125,0.891761,0.715124,0.893858,0.711262,0.999564,0.784644,0.995418,0.781136,0.488284,0.378489,0.115862,0.085698,0.115164,0.092618,0.119382,0.292142,0.892699,0.722635,0.016028,0.023425,0.999457,0.906923,0.885817,0.300285,0.885236,0.359626,0.888043,0.262194
ENSDARG00000078582_31_1,-0.9000,-1.4763,0.375000,0.543465,0.617875,-21.2000,-22.8569,0.250000,0.300806,0.342069,0.526558,0.998460,0.313301,0.996061,0.251396,0.165003,0.162010,0.023626,0.202127,0.029511,0.902552,0.167366,0.819913,0.994575,0.988418,0.998623,0.988009,0.038723,0.989016,0.012285,0.981239,0.006838,0.885242,0.003865,0.238076,0.001596,0.170965,0.997314,0.164447,0.004968,0.341036,0.004211,0.530952,0.006021,0.955626,0.031617,0.950532,0.362004,0.996084,0.998718
ENSDARG00000078582_31_2,-1.8000,-2.1169,0.625000,0.626881,0.686171,-18.2000,-20.3257,0.500000,0.491751,0.602647,0.675877,0.691626,0.717846,0.622463,0.732013,0.634114,0.964741,0.851713,0.981098,0.779351,0.927505,0.712432,0.912694,0.720558,0.238481,0.440743,0.320044,0.485284,0.321679,0.480413,0.963368,0.859218,0.953033,0.841010,0.857245,0.774243,0.829571,0.788063,0.824032,0.619134,0.103496,0.086265,0.188859,0.138059,0.217587,0.359522,0.998611,0.997264,0.995643,0.171461
ENSDARG00000078582_31_3,0.0000,-0.0737,1.000000,0.961344,0.967319,-15.6000,-17.4653,0.375000,0.756243,0.873354,0.995717,0.994093,0.996158,0.987895,0.989390,0.962551,0.993654,0.961584,0.930585,0.924308,0.919869,0.915482,0.917060,0.902802,0.943651,0.956460,0.984969,0.931510,0.998648,0.957189,0.990415,0.938514,0.995507,0.984744,0.938399,0.683152,0.924168,0.647249,0.918235,0.629561,0.924111,0.628836,0.998381,0.972829,0.992743,0.963291,0.999250,0.983619,0.995469,0.541408
ENSDARG00000078582_31_4,-5.9000,-5.9866,0.250000,0.268365,0.414690,-23.0000,-24.4343,0.250000,0.253690,0.404233,0.122840,0.017518,0.016095,0.009802,0.002404,0.007609,0.000139,0.005281,0.003542,0.008802,0.998384,0.998013,0.003818,0.009852,0.999685,0.999650,0.999997,0.999871,0.999997,0.999780,0.999978,0.999110,0.999999,0.999846,0.999951,0.998599,0.001881,0.006024,0.999195,0.998634,0.004393,0.004426,0.000151,0.000196,0.003351,0.001974,0.017006,0.004327,0.120994,0.015336
ENSDARG00000078582_31_5,-0.9000,-1.1076,0.750000,0.799074,0.836145,-17.0000,-18.7480,0.625000,0.720650,0.719347,0.972739,0.979146,0.996491,0.990955,1.000000,0.885903,1.000000,0.872628,1.000000,0.570085,0.283118,0.226347,0.260526,0.197917,1.000000,0.949129,0.917736,0.902381,0.902167,0.740528,1.000000,0.683776,0.997528,0.622949,0.997571,0.595848,0.203165,0.226593,0.198755,0.224099,1.000000,0.997569,1.000000,0.967734,0.996830,0.858030,0.996269,0.986637,1.000000,0.908691
ENSDARG00000078582_31_6,0.0000,-0.2599,1.000000,0.899066,0.911402,-17.4000,-19.2777,0.500000,0.662624,0.777236,0.998172,0.959358,0.810353,0.902874,0.762135,0.878817,0.683533,0.805315,0.992144,0.780544,0.998059,0.890206,0.926161,0.773130,0.987755,0.986383,0.934576,0.747298,0.983619,0.846760,0.967871,0.823595,0.991133,0.849445,0.978354,0.849551,0.951718,0.970198,0.980800,0.920224,0.959922,0.894271,0.988391,0.661458,0.763594,0.578974,0.764925,0.283970,0.804825,0.142347
ENSDARG00000078582_31_7,0.0000,-0.5104,1.000000,0.952295,0.884167,-15.8000,-18.1704,0.750000,0.840049,0.725352,0.832948,0.921430,0.819021,0.906647,0.872519,0.609081,0.769663,0.500838,0.777219,0.451738,0.996752,0.545429,0.943894,0.508041,1.000000,0.884095,0.954941,0.841852,0.997416,0.991523,0.562296,0.319207,0.538322,0.306767,1.000000,0.976603,0.797162,0.889987,0.999929,0.981543,0.984651,0.933180,0.944645,0.675051,0.958616,0.719062,0.958443,0.808326,0.974913,0.736640
ENSDARG00000078582_31_8,0.0000,-0.1987,1.000000,0.949095,0.944669,-17.1000,-19.0211,0.500000,0.565112,0.608975,0.749962,0.863133,0.790056,0.848503,0.999863,0.878477,0.979606,0.852254,0.972262,0.822827,0.954409,0.256004,0.987045,0.228697,0.988565,0.434930,0.988506,0.269869,0.980286,0.728368,0.943413,0.727697,0.966647,0.747845,0.999346,0.441784,0.822393,0.483917,0.824948,0.246727,0.996040,0.748981,0.994576,0.748706,0.985907,0.793808,0.984155,0.762985,0.985398,0.293987
ENSDARG00000078582_31_9,-3.2000,-3.3972,0.500000,0.520044,0.615571,-19.2000,-21.3648,0.500000,0.506444,0.570635,0.997294,0.973782,0.964371,0.920464,0.998058,0.930841,0.943500,0.954859,0.940136,0.904479,0.944016,0.464534,0.270947,0.187129,0.010590,0.009760,0.013920,0.011362,0.070589,0.038763,0.998366,0.971198,0.999269,0.993971,0.988492,0.989116,0.942426,0.952809,0.954787,0.954701,0.944580,0.952074,0.007075,0.033474,0.014679,0.040413,0.071712,0.063895,0.236605,0.065066
ENSDARG00000078582_31_10,0.0000,-0.4322,1.000000,0.920347,0.881184,-19.5000,-20.5575,0.625000,0.641882,0.366363,0.969509,0.199910,0.990027,0.101279,0.804823,0.092510,0.835398,0.985589,0.761439,0.141232,0.855768,0.181282,0.873855,0.117434,0.862885,0.072217,0.989964,0.087408,0.862264,0.076794,0.700454,0.054677,0.754515,0.081871,0.891102,0.106025,0.926474,0.994660,0.999205,0.998698,0.892869,0.971095,0.976362,0.996504,0.987409,0.998689,0.808906,0.033490,0.880449,0.035894
ENSDARG00000079097_24_1,-2.0000,-2.0539,0.750000,0.764569,0.621493,-19.5000,-20.5805,0.375000,0.423242,0.484836,0.988547,0.987628,0.060333,0.060488,0.051150,0.051235,0.051516,0.051627,0.066899,0.067278,1.000000,0.999286,0.999092,0.998209,0.992375,0.992216,0.989879,0.989199,0.987040,0.986180,0.057308,0.057820,0.069172,0.069608,0.070240,0.070546,0.064644,0.065146,0.994257,0.993666,0.994469,0.986514,0.998982,0.989525,0.998428,0.134568,0.997594,0.076904,0.997940,0.069068
ENSDARG00000079097_24_2,-6.7000,-7.0872,0.250000,0.311542,0.449222,-23.7000,-25.4616,0.250000,0.289977,0.427083,0.999503,0.897526,0.996753,0.980822,0.206824,0.069357,0.977754,0.959356,0.001995,0.002303,0.000592,0.000753,0.000049,0.000098,0.000587,0.005449,0.308071,0.310618,0.999998,0.999909,0.999999,0.996334,0.999981,0.999318,0.999968,0.995361,0.308064,0.306934,0.000663,0.005176,0.000104,0.005016,0.002980,0.009289,0.012257,0.021709,0.987366,0.961408,0.180938,0.014924
ENSDARG00000079097_24_3,0.0000,-0.4738,1.000000,0.891006,0.817068,-17.5000,-19.1242,0.625000,0.523813,0.670632,0.592626,0.622447,0.512003,0.535769,0.850403,0.841714,0.655171,0.666774,0.768375,0.769398,0.828315,0.836054,0.995420,0.980053,0.989595,0.981170,0.872038,0.864292,0.719108,0.712529,0.653488,0.643731,0.776766,0.768205,0.596048,0.630453,0.584396,0.572461,0.986169,0.839910,0.982872,0.860803,0.993800,0.968160,0.990613,0.152258,0.996146,0.094842,0.998007,0.071617
ENSDARG00000079097_24_4,-0.7000,-1.2352,0.875000,0.860461,0.705788,-21.6000,-22.6061,0.500000,0.508034,0.588074,0.440217,0.946278,0.395222,0.993002,0.367623,0.989132,0.484993,0.981054,0.968266,0.980210,0.818663,0.769396,0.830573,0.983181,0.840267,0.977680,0.987656,0.038311,0.429356,0.033812,0.340076,0.003873,0.329159,0.001272,0.499461,0.002715,0.987063,0.003555,0.997254,0.005120,0.841537,0.062368,0.833617,0.994374,0.797780,0.998150,0.959696,0.999194,0.967281,0.998798
ENSDARG00000079097_24_5,-2.3000,-2.5719,0.500000,0.526825,0.621654,-22.1000,-23.2432,0.500000,0.498172,0.790181,0.956759,0.994691,0.942773,0.990923,0.968950,0.984625,0.259286,0.970626,0.079924,0.982168,0.107207,0.987255,0.090120,0.976673,0.908197,0.989712,0.929623,0.998696,0.988435,0.996836,0.993381,0.972431,0.993839,0.973610,0.980573,0.998135,0.991363,0.998554,0.865341,0.981603,0.940540,0.987102,0.162916,0.006623,0.017167,0.000358,0.021398,0.000730,0.235299,0.012269
ENSDARG00000079097_24_6,-7.2000,-7.2838,0.375000,0.390912,0.512704,-22.8000,-24.3731,0.375000,0.363011,0.501530,0.999998,0.999431,0.999989,0.999297,0.125359,0.126326,0.000628,0.000649,0.000068,0.000098,0.000504,0.000533,0.000744,0.000759,0.999761,0.999738,0.999979,0.999964,0.999975,0.999960,0.999996,0.999994,0.999780,0.999775,1.000000,0.999998,0.000756,0.000782,0.000484,0.000494,0.000059,0.000072,0.000664,0.000719,0.125860,0.125801,0.999533,0.996100,0.999941,0.780119
ENSDARG00000079097_24_8,-9.2000,-9.3808,0.125000,0.126901,0.225934,-25.8000,-27.3506,0.000000,0.024873,0.220244,0.003468,0.228463,0.000081,0.222690,0.004140,0.225978,0.004124,0.021477,0.000124,0.004740,0.001795,0.006625,0.001417,0.006241,0.244199,0.246507,0.999993,0.998419,0.999997,0.999216,1.000000,0.998879,0.244130,0.246655,0.001290,0.004504,0.002008,0.006328,0.000124,0.005025,0.004119,0.021214,0.004134,0.004012,0.000095,0.000100,0.003482,0.002768,0.999957,0.155036
ENSDARG00000079097_24_9,0.0000,-0.3281,1.000000,0.894542,0.905366,-17.1000,-19.2204,0.750000,0.684624,0.704237,0.917880,0.958546,0.928914,0.935603,0.913835,0.566046,0.919244,0.538680,0.922180,0.559678,0.997586,0.574446,0.717264,0.422243,0.838534,0.884768,0.989312,0.988407,0.833284,0.522698,0.976874,0.661720,0.996080,0.994911,0.948098,0.980831,0.931648,0.979510,0.996198,0.972702,0.996966,0.970107,0.723146,0.139622,0.877153,0.262949,0.798688,0.473762,0.884438,0.697509
ENSDARG00000079097_24_10,-1.5000,-1.8739,1.000000,0.941413,0.746268,-21.1000,-23.1385,0.500000,0.505065,0.495097,0.286798,0.896376,0.210030,0.866599,0.374951,0.941342,0.991547,0.876007,0.985990,0.870812,0.990680,0.826822,0.994800,0.399685,0.998878,0.160659,0.906266,0.018430,0.125347,0.000876,0.156819,0.000592,0.371954,0.003220,0.931684,0.018291,0.990366,0.999756,0.997784,0.999376,0.998501,0.999301,0.901654,0.996206,0.827513,0.015219,0.934701,0.007068,0.949096,0.005307
ENSDARG00000079348_0_2,-5.1000,-5.1950,0.375000,0.393600,0.514875,-20.8000,-22.3138,0.375000,0.384286,0.510119,0.996654,0.986095,0.009180,0.034493,0.009816,0.021168,0.999950,0.972764,0.006170,0.016828,0.000918,0.014112,0.126219,0.147554,0.999946,0.994937,0.999909,0.998812,0.999992,0.984850,0.999961,0.976470,0.999996,0.979998,0.999583,0.986344,0.125824,0.142871,0.001172,0.016877,0.006456,0.022739,0.999758,0.994942,0.009775,0.035857,0.006257,0.030379,0.999973,0.844281
ENSDARG00000079348_0_3,0.0000,-0.2904,1.000000,0.832746,0.865982,-17.6000,-19.0536,0.625000,0.501375,0.752803,0.996287,0.988543,0.756793,0.931106,0.996198,0.989230,0.679327,0.891220,0.645995,0.861278,0.648342,0.830506,0.980459,0.963330,0.970233,0.959297,0.990507,0.964271,0.998116,0.969340,0.997686,0.986373,0.997739,0.710570,0.675718,0.612383,0.643029,0.500828,0.648050,0.498005,0.980624,0.634685,0.727322,0.200047,0.999655,0.566819,0.994488,0.632500,0.993082,0.365736
ENSDARG00000079348_0_4,-1.0000,-1.2387,1.000000,0.983652,0.827740,-18.5000,-19.7879,0.625000,0.647075,0.690899,0.243836,0.254593,0.251002,0.261547,1.000000,0.999354,0.975547,0.974541,1.000000,0.999439,0.935539,0.924693,0.910017,0.897121,0.991402,0.974429,1.000000,0.982918,0.948782,0.933748,0.197031,0.205388,0.232416,0.233601,1.000000,0.965081,0.929748,0.908063,0.995951,0.957114,1.000000,0.990904,0.978793,0.965260,1.000000,0.189382,0.970857,0.119150,0.993871,0.081645
ENSDARG00000079348_0_5,-5.7000,-5.7417,0.500000,0.492793,0.594004,-21.3000,-22.8506,0.500000,0.468176,0.581296,0.999155,0.989036,0.999162,0.984888,0.999171,0.985242,0.011119,0.028211,0.002414,0.023412,0.001996,0.019418,0.010704,0.026048,0.998522,0.979184,0.953404,0.936147,0.965459,0.947191,0.997546,0.977537,0.999076,0.984204,0.999040,0.984279,0.967895,0.953991,0.953079,0.935775,0.009025,0.021673,0.001471,0.017121,0.001081,0.017241,0.010823,0.029300,0.999930,0.786029
ENSDARG00000079348_0_6,-4.1000,-4.8756,0.625000,0.503120,0.582652,-20.1000,-22.5230,0.125000,0.407914,0.556563,0.779734,0.816688,0.649156,0.750972,0.861459,0.886778,0.656549,0.793709,0.850095,0.897947,0.021356,0.129447,0.002803,0.065320,0.006398,0.043381,0.996130,0.844053,0.997182,0.922305,0.997508,0.930191,0.809716,0.787162,0.015573,0.202044,0.007035,0.128070,0.055960,0.166210,0.899201,0.639457,0.801489,0.501362,0.389030,0.184648,0.861208,0.825754,0.995461,0.615770
ENSDARG00000079348_0_7,-4.3000,-4.4336,0.875000,0.856837,0.611151,-22.9000,-23.6491,0.625000,0.634385,0.517158,0.971107,0.976332,0.011321,0.007224,0.005659,0.001544,0.034196,0.033299,0.127411,0.129415,0.972542,0.990440,0.999978,0.999480,0.998156,0.999688,0.999390,0.997550,0.137577,0.095777,0.052109,0.005883,0.058887,0.031439,0.072212,0.023013,0.953426,0.998043,0.943942,0.988889,0.947586,0.040603,0.939482,0.036973,0.999990,0.999748,0.998749,0.996613,0.999305,0.991199
ENSDARG00000079348_0_8,-4.0000,-4.0406,1.000000,0.980084,0.698829,-20.2000,-22.0270,0.750000,0.687683,0.568674,0.044574,0.187833,0.042827,0.166582,0.043030,0.152626,0.998334,0.924893,0.999214,0.916021,0.972684,0.891122,0.976042,0.954777,0.966816,0.938919,0.993630,0.681630,0.034274,0.028795,0.028330,0.011538,0.036159,0.017288,0.998178,0.607530,0.999051,0.720153,0.981260,0.965205,0.986816,0.801400,0.968157,0.893870,0.961836,0.450187,0.961373,0.562818,0.984001,0.500300
ENSDARG00000079348_0_9,-6.0000,-6.0517,0.875000,0.844624,0.589689,-22.9000,-24.1585,0.625000,0.607540,0.494953,0.002911,0.004212,0.001028,0.001477,0.001168,0.001544,0.018359,0.018506,0.997550,0.996891,0.999068,0.998393,0.998765,0.998554,0.998769,0.998507,0.999984,0.999652,0.016214,0.016695,0.001606,0.002225,0.001366,0.002080,0.003104,0.003260,0.938373,0.900939,0.938371,0.874164,0.998952,0.990720,0.999672,0.341708,0.999597,0.330358,0.939480,0.689226,0.939443,0.729947
ENSDARG00000079348_0_10,-2.0000,-2.3048,1.000000,0.884139,0.710836,-18.2000,-19.8303,0.750000,0.712907,0.618644,0.313857,0.306106,0.313805,0.253608,0.387594,0.341893,0.998892,0.825876,0.998771,0.816892,0.984883,0.956161,0.977555,0.958140,0.704393,0.585673,0.090857,0.099512,0.040124,0.062417,0.332876,0.470879,0.999994,0.992471,0.998357,0.989037,0.999105,0.987897,0.696434,0.547535,0.698081,0.553242,0.705582,0.560396,0.996203,0.981168,0.989403,0.542890,0.989949,0.541094
ENSDARG00000079656_0_1,-1.5000,-2.2506,0.500000,0.662682,0.681773,-20.7000,-21.9882,0.625000,0.620020,0.536235,0.905445,0.318255,0.446845,0.120541,0.530790,0.873472,0.664300,0.167877,0.441046,0.043473,0.596262,0.076938,0.602713,0.825674,0.627640,0.918949,0.999872,0.669578,0.981204,0.658765,0.994006,0.997697,0.543873,0.093320,0.445327,0.057384,0.446431,0.057739,0.910465,0.998470,0.907002,0.998208,0.592439,0.945040,0.616005,0.945688,0.682410,0.946578,0.701376,0.011055
ENSDARG00000079656_0_2,-0.7000,-1.5058,0.750000,0.755906,0.784197,-19.7000,-20.9055,0.750000,0.762233,0.411524,0.911652,0.147687,0.856946,0.035806,0.822151,0.031687,0.989936,0.999141,0.972524,0.107684,0.993101,0.056833,0.991587,0.057864,0.932786,0.058533,0.966904,0.085446,0.516613,0.147498,0.275321,0.157567,0.407165,0.246875,0.887898,0.958724,0.944314,0.970977,0.970175,0.992345,0.791424,0.928910,0.217035,0.150880,0.243346,0.149000,0.995770,0.978974,0.997287,0.968054
ENSDARG00000079656_0_3,-0.3000,-1.1922,0.625000,0.721997,0.710896,-20.7000,-21.8309,0.375000,0.401955,0.593778,0.745924,0.972001,0.449788,0.985889,0.419434,0.991653,0.395273,0.948359,0.719817,0.980635,0.947856,0.985412,0.913571,0.983847,0.946313,0.985133,0.823791,0.715878,0.872644,0.098169,0.969157,0.010268,0.238384,0.002688,0.356230,0.016578,0.381433,0.019530,0.471450,0.024622,0.886097,0.030113,0.953057,0.154052,0.837675,0.983683,0.897710,0.994907,0.992321,0.992152
ENSDARG00000079656_0_5,-2.6000,-2.7049,0.625000,0.662260,0.704382,-19.4000,-21.4420,0.500000,0.502905,0.490160,0.974154,0.626548,0.996975,0.133889,0.904789,0.080463,0.900619,0.093471,0.937926,0.993591,0.989149,0.866604,1.000000,0.993424,0.115441,0.035798,0.049081,0.009659,0.017437,0.007277,0.903987,0.965707,0.999993,0.973525,0.999632,0.973343,0.949853,0.934662,0.974924,0.961909,0.111994,0.036852,0.139470,0.076255,0.138331,0.076353,0.989516,0.873310,0.994362,0.090554
ENSDARG00000079656_0_6,-7.8000,-7.8863,0.125000,0.143319,0.314610,-24.9000,-26.3298,0.125000,0.127648,0.302153,0.121433,0.010912,0.014285,0.002574,0.000409,0.000165,0.000716,0.000191,0.001733,0.001463,0.000811,0.000776,0.006733,0.005966,0.999997,0.999990,0.999999,0.999993,0.999986,0.999978,0.999769,0.999924,0.999783,0.999947,0.999057,0.999802,0.005799,0.005793,0.001974,0.001029,0.002550,0.002231,0.000084,0.000084,0.000109,0.000044,0.016110,0.003410,0.120871,0.008790
ENSDARG00000079656_0_7,-4.1000,-4.2117,0.250000,0.297535,0.427085,-19.7000,-21.5887,0.250000,0.325723,0.386299,0.943510,0.732653,0.943752,0.630986,0.966354,0.660110,0.910557,0.609606,0.064714,0.045895,0.078790,0.102822,0.066174,0.116239,0.058944,0.085823,0.105201,0.125388,0.077701,0.087492,0.945744,0.931648,0.999987,0.991536,0.899742,0.894216,0.032663,0.054350,0.062785,0.088114,0.067048,0.063675,0.076951,0.109531,0.119350,0.388583,0.121753,0.399244,0.999988,0.608067
ENSDARG00000079656_0_8,-2.6000,-2.7722,0.625000,0.648025,0.540437,-20.5000,-21.4576,0.250000,0.309788,0.404789,0.026818,0.026205,0.059521,0.058610,0.999948,0.999913,0.070599,0.068865,0.085023,0.083162,0.181077,0.179407,0.998784,0.998749,0.970293,0.971557,0.969958,0.971303,0.997906,0.998294,0.183401,0.181215,0.081208,0.080200,0.070700,0.071459,0.985291,0.984736,0.085103,0.080401,0.051502,0.047818,0.999965,0.162256,0.999503,0.074256,0.994630,0.070838,0.997512,0.986540
ENSDARG00000079656_0_9,0.0000,-0.5019,1.000000,0.819747,0.848400,-18.7000,-20.6733,0.750000,0.850523,0.533638,0.955594,0.133360,0.576202,0.008103,0.531676,0.004538,0.552044,0.004941,0.950695,0.012012,0.994149,0.396285,0.997426,0.283658,0.989594,0.322009,0.950707,0.412010,0.938455,0.329154,0.999562,0.983461,0.973913,0.979053,0.549934,0.976428,0.558137,0.985131,0.560419,0.973814,0.999577,0.992952,0.989991,0.992855,0.968815,0.972024,0.954411,0.423776,0.976690,0.487205
ENSDARG00000079656_0_10,0.0000,-0.4355,1.000000,0.833035,0.859311,-18.1000,-19.6258,0.625000,0.590219,0.739572,0.914006,0.936446,0.893846,0.894959,0.767515,0.776748,0.787489,0.796903,0.948358,0.799656,0.819745,0.788790,0.758714,0.729405,0.975958,0.980706,0.972883,0.943697,0.876046,0.786376,0.887825,0.781343,0.919556,0.854659,0.871242,0.856289,0.846347,0.850921,0.794244,0.934001,0.708127,0.741573,0.898336,0.834850,0.712767,0.069481,0.835204,0.186857,0.998010,0.247782
ENSDARG00000079738_5_1,-2.6000,-2.8701,0.625000,0.625717,0.546677,-18.0000,-19.8074,0.625000,0.596929,0.540577,0.023448,0.069308,0.021949,0.062253,0.095618,0.131531,1.000000,0.998830,0.156185,0.174353,0.249607,0.259804,0.925240,0.906537,0.996190,0.983650,0.999992,0.989196,0.989362,0.973434,0.322077,0.327377,0.148135,0.159827,0.926893,0.899889,0.046235,0.063604,0.020621,0.038286,0.020121,0.061375,0.996250,0.908730,0.996890,0.897752,0.999349,0.986974,0.999376,0.918826
ENSDARG00000079738_5_2,-0.1000,-1.1344,0.500000,0.738576,0.740351,-19.4000,-21.1642,0.750000,0.672226,0.521704,0.927067,0.727103,0.784998,0.605817,0.630090,0.166633,0.734188,0.201958,0.672269,0.314413,0.651185,0.318567,0.490925,0.257483,0.362116,0.140174,0.986770,0.590808,0.986307,0.591202,0.847590,0.565230,0.824912,0.576882,0.800933,0.551382,0.994833,0.603529,0.972861,0.716437,0.878081,0.938393,0.432373,0.891046,0.441650,0.845185,0.580401,0.424538,0.807480,0.407297
ENSDARG00000079738_5_3,-0.4000,-1.4792,0.250000,0.450984,0.557068,-18.7000,-20.7066,0.250000,0.364514,0.418329,0.796341,0.601888,0.526375,0.339584,0.504280,0.330787,0.497233,0.322784,0.651740,0.890025,0.586618,0.360787,0.369522,0.314639,0.656540,0.346693,0.645373,0.336400,0.663434,0.342195,0.636292,0.309459,0.999751,0.955223,0.999836,0.963992,0.471968,0.838789,0.673641,0.410127,0.160752,0.289045,0.148751,0.190143,0.170080,0.126634,0.303270,0.055306,0.679571,0.042076
ENSDARG00000079738_5_4,-2.3000,-2.5930,0.375000,0.463705,0.567673,-17.9000,-19.7181,0.375000,0.451973,0.558389,0.999218,0.966548,0.999609,0.949067,0.066407,0.070652,0.019730,0.025722,0.042932,0.048772,1.000000,0.981467,0.305208,0.314649,0.242456,0.251804,0.999524,0.996370,0.999287,0.993235,0.994231,0.985262,0.975227,0.968449,0.982462,0.976417,0.987453,0.982320,0.250587,0.261069,0.328606,0.340009,0.085227,0.135014,0.035393,0.062794,0.040029,0.066795,0.999880,0.791364
ENSDARG00000079738_5_6,-2.8000,-3.1690,0.500000,0.531749,0.623980,-19.2000,-21.5055,0.125000,0.465184,0.544379,0.934769,0.797328,0.912325,0.746271,0.994279,0.737600,0.305018,0.794427,0.342500,0.757037,0.334375,0.761222,0.071622,0.416140,0.669814,0.333101,0.669205,0.308285,0.997269,0.495789,0.997433,0.499173,0.997004,0.519742,0.361189,0.634440,0.340088,0.588888,0.014459,0.502275,0.014762,0.503514,0.694916,0.633801,0.953766,0.240451,0.946053,0.242046,0.928757,0.376056
ENSDARG00000079738_5_7,-2.1000,-2.3756,0.625000,0.684752,0.582214,-18.4000,-20.4352,0.250000,0.454275,0.566406,0.231243,0.456652,0.149852,0.438369,0.244698,0.778848,0.998316,0.967227,0.251859,0.762375,0.270602,0.713311,0.994551,0.719470,0.998821,0.699720,0.789018,0.295798,0.062596,0.295464,0.175587,0.681628,0.999124,0.885068,0.241120,0.226853,0.234572,0.180942,0.242976,0.181850,0.880445,0.329435,0.880217,0.372066,0.999898,0.517514,0.999470,0.991294,0.999315,0.834244
ENSDARG00000079738_5_8,0.0000,-0.4375,1.000000,0.865300,0.866134,-17.5000,-19.7169,0.625000,0.567562,0.512748,0.902558,0.717137,0.903654,0.331886,0.947060,0.298516,0.967706,0.307706,0.999074,0.995724,0.940577,0.180567,0.918318,0.143968,1.000000,0.733781,0.869266,0.281846,0.678801,0.336841,0.635994,0.692962,0.637276,0.693532,0.999833,0.841053,0.955758,0.466818,0.935609,0.400694,0.999329,0.961225,0.628696,0.285451,0.644406,0.310811,0.769563,0.971064,0.989206,0.303381
ENSDARG00000079738_5_10,0.0000,-0.2596,1.000000,0.902043,0.915129,-16.7000,-18.6057,0.375000,0.716274,0.741637,0.940484,0.959498,0.993007,0.984309,0.994801,0.620578,0.990102,0.568426,0.994089,0.552767,0.987165,0.550920,0.677189,0.432281,0.760387,0.940946,0.760310,0.627628,0.993109,0.983697,0.998232,0.931428,0.997352,0.950068,0.978263,0.952725,0.999695,0.711472,0.751261,0.629188,0.745721,0.609742,0.766267,0.939180,1.000000,0.996821,0.977116,0.301411,0.998025,0.589650
ENSDARG00000079850_0_1,-1.2000,-1.9274,0.625000,0.555873,0.642978,-19.0000,-20.6634,0.625000,0.553197,0.712678,0.790637,0.935936,0.764433,0.911905,0.782138,0.816505,0.311438,0.779273,0.068004,0.488343,0.082554,0.527298,0.989208,0.840264,0.996118,0.917358,0.646016,0.874768,0.998044,0.933365,0.998552,0.930023,0.985443,0.872956,0.811857,0.885625,0.701278,0.879625,0.806839,0.834566,0.151942,0.491402,0.110851,0.396350,0.076801,0.067832,0.788828,0.103035,0.998588,0.767139
ENSDARG00000079850_0_2,0.0000,-0.0467,1.000000,0.993429,0.992652,-16.4000,-18.2252,0.750000,0.812323,0.743880,0.999419,0.961954,0.999937,0.962373,1.000000,0.996619,0.950228,0.953682,1.000000,0.997826,1.000000,0.983420,1.000000,0.781226,0.998943,0.233054,1.000000,0.182573,1.000000,0.186866,0.967619,0.413935,0.989458,0.725494,0.975022,0.420412,0.997768,0.977360,1.000000,0.989892,0.998351,0.989893,1.000000,0.994300,1.000000,0.997899,1.000000,0.999380,0.976288,0.129452
ENSDARG00000079850_0_3,-1.4000,-2.3446,0.750000,0.688904,0.621528,-18.8000,-20.5117,1.000000,0.645236,0.556053,0.652325,0.495735,0.636081,0.701938,0.665331,0.452302,0.620236,0.751388,0.414546,0.282761,0.394685,0.263024,0.398393,0.261981,0.517944,0.351452,0.715387,0.468068,0.652968,0.424848,0.710396,0.804008,0.541026,0.701667,0.076423,0.382213,0.080643,0.391720,0.651809,0.773248,0.897879,0.898611,0.919451,0.874505,0.940497,0.761757,0.945964,0.515931,0.998569,0.563901
ENSDARG00000079850_0_4,-2.1000,-3.1388,0.875000,0.687468,0.642497,-24.5000,-25.9848,0.375000,0.299341,0.486239,0.783226,0.723185,0.789384,0.720935,0.449909,0.228628,0.342579,0.299130,0.215082,0.288106,0.408707,0.576407,0.721997,0.999312,0.723521,0.998410,0.993518,0.999993,0.996053,0.999994,0.637334,0.483315,0.288891,0.012649,0.287943,0.011577,0.500951,0.330526,0.999690,0.999774,0.723541,0.089069,0.723285,0.957535,0.688954,0.001322,0.721464,0.001737,0.853918,0.003185
ENSDARG00000079850_0_5,-0.1000,-0.7396,1.000000,0.916570,0.841507,-15.7000,-18.0975,0.750000,0.814977,0.731547,0.565699,0.545910,0.548135,0.511686,0.966027,0.746196,0.991683,0.992107,0.998879,0.990044,0.863610,0.751327,0.835720,0.701659,0.827874,0.703135,0.567519,0.701080,0.567720,0.383068,0.877928,0.539934,0.886785,0.544985,0.999739,0.941019,0.999663,0.933507,0.857550,0.847646,0.806649,0.829093,0.780090,0.867874,0.912790,0.905419,0.989052,0.628402,0.987024,0.566856
ENSDARG00000079850_0_7,-2.6000,-3.1634,0.375000,0.388196,0.454879,-19.2000,-20.9840,0.125000,0.355404,0.482267,0.082009,0.673044,0.099922,0.392282,0.029488,0.099319,0.068541,0.123603,0.694053,0.371173,0.682596,0.431357,0.372161,0.667781,0.528730,0.594960,0.997313,0.796970,0.997074,0.957787,0.939522,0.929780,0.500610,0.764066,0.214954,0.532902,0.707449,0.367519,0.726473,0.331846,0.128445,0.144210,0.168790,0.404180,0.065973,0.057892,0.096543,0.110698,0.996943,0.893983
ENSDARG00000079850_0_9,-2.9000,-3.5602,0.750000,0.648924,0.601726,-20.0000,-21.9874,0.500000,0.464959,0.477838,0.558485,0.521910,0.105639,0.194510,0.090604,0.170520,0.122527,0.459970,0.743853,0.750496,0.803183,0.685518,0.986349,0.698938,0.999551,0.705999,0.910398,0.610700,0.902224,0.795630,0.336448,0.200441,0.283862,0.042466,0.284187,0.041893,0.427246,0.451745,0.719648,0.500124,0.845729,0.535645,0.838064,0.809131,0.569598,0.340467,0.564931,0.366922,0.941986,0.673747
ENSDARG00000079850_0_10,-3.5000,-3.8171,0.500000,0.511756,0.600519,-22.6000,-24.4341,0.500000,0.477593,0.363360,0.948298,0.414301,0.941288,0.155891,0.966765,0.032453,1.000000,0.013107,0.953182,0.011283,0.085757,0.001562,0.052763,0.001597,0.047087,0.001072,0.017250,0.037839,0.946970,0.958728,0.957698,0.819496,0.999276,0.999137,0.999589,0.999118,0.276136,0.991267,0.231349,0.815802,0.276735,0.996609,0.071968,0.003708,0.717923,0.004226,0.731551,0.005497,0.788800,0.004513
ENSDARG00000079969_4_1,-0.2000,-1.0748,0.625000,0.699674,0.757423,-21.3000,-22.2388,0.375000,0.446458,0.398811,0.983094,0.984084,0.981478,0.993765,0.999566,0.993212,0.931264,0.994341,0.725538,0.037842,0.570042,0.028754,0.980593,0.041371,0.348933,0.008942,0.272911,0.005768,0.777578,0.036652,0.981655,0.145424,0.998415,0.134406,0.998195,0.103977,0.447633,0.101244,0.432384,0.208999,0.923716,0.945632,0.646434,0.955214,0.702354,0.950260,0.649095,0.213454,0.797581,0.092879
ENSDARG00000079969_4_2,-0.9000,-1.3161,0.250000,0.450161,0.549435,-18.0000,-20.1573,0.250000,0.490746,0.526020,0.246076,0.547580,0.218419,0.528881,0.242056,0.541058,0.950950,0.941899,0.943495,0.924220,0.991204,0.711714,0.250588,0.260450,0.268562,0.278229,0.406612,0.289778,0.953376,0.563538,0.935924,0.498597,0.980140,0.508480,0.993428,0.533279,0.415659,0.210555,0.261501,0.122445,0.299359,0.583413,0.934759,0.935929,0.239087,0.560737,0.216044,0.489245,0.241454,0.490367
ENSDARG00000079969_4_3,-0.9000,-1.7675,0.875000,0.644324,0.618183,-21.7000,-23.0179,0.375000,0.428739,0.509767,0.508195,0.292495,0.782508,0.987923,0.491381,0.201242,0.486371,0.179826,0.423883,0.250165,0.671946,0.995730,0.483764,0.965335,0.655535,0.995290,0.686962,0.991273,0.737346,0.367748,0.726525,0.321691,0.554654,0.216710,0.954693,0.891773,0.448469,0.160640,0.796440,0.957928,0.744303,0.943961,0.418253,0.448410,0.403330,0.007350,0.649041,0.004677,0.740064,0.015178
ENSDARG00000079969_4_4,-0.9000,-1.5612,1.000000,0.844620,0.729845,-18.1000,-19.8151,0.750000,0.754819,0.673182,0.277135,0.395269,0.222897,0.323360,0.538896,0.391852,0.915859,0.904262,0.589119,0.808942,0.789275,0.930061,0.995050,0.965263,0.998961,0.914706,0.509629,0.305718,0.450241,0.211538,0.570147,0.366160,0.982733,0.907956,1.000000,0.962085,0.769582,0.844567,0.999834,0.979106,0.807536,0.770642,0.718457,0.570290,0.681412,0.368588,0.784396,0.589097,0.995740,0.954175
ENSDARG00000079969_4_5,-1.5000,-2.1395,0.250000,0.451682,0.543472,-18.9000,-21.1019,0.250000,0.389194,0.529013,0.983617,0.975201,0.361742,0.732603,0.289722,0.628838,0.216589,0.489641,0.927103,0.805192,0.675630,0.671595,0.149202,0.305022,0.553865,0.592546,0.561845,0.510098,0.906605,0.684413,0.816365,0.537774,0.813706,0.533778,0.925906,0.848320,0.258434,0.526372,0.178939,0.352805,0.484171,0.560231,0.999725,0.537629,0.251841,0.070607,0.241832,0.110418,0.272611,0.107174
ENSDARG00000079969_4_6,-4.4000,-4.5272,0.375000,0.400190,0.520120,-22.0000,-22.9953,0.375000,0.447003,0.679919,0.044198,0.848877,0.042400,0.861613,0.161271,0.875043,1.000000,0.997816,0.022739,0.295578,0.962030,0.987178,0.999897,0.988280,0.011463,0.243814,0.962385,0.974578,0.994506,0.951078,0.999999,0.999877,0.999997,0.998635,0.052430,0.298885,0.992304,0.986608,0.999976,0.992751,0.022190,0.288249,0.123036,0.017364,0.004809,0.002368,0.006962,0.005048,0.999808,0.984749
ENSDARG00000079969_4_7,-1.1000,-1.6901,0.750000,0.769933,0.738393,-17.3000,-19.8574,0.625000,0.605762,0.606880,0.322213,0.658896,0.900570,0.648485,0.916179,0.635703,0.209802,0.337826,0.775704,0.867096,0.447116,0.334514,0.926753,0.457133,0.970251,0.563426,0.975899,0.859776,0.908413,0.695705,0.411299,0.522966,0.844198,0.709972,0.360935,0.581220,0.983837,0.802889,0.989568,0.808732,0.304276,0.575066,0.886290,0.525969,0.853222,0.400489,0.834727,0.387728,0.946606,0.764001
ENSDARG00000079969_4_8,0.0000,-0.0204,1.000000,0.994007,0.994710,-16.4000,-17.6788,0.750000,0.837520,0.908962,0.999663,0.997553,0.999901,0.992073,0.999259,0.990553,0.999676,0.980538,0.996874,0.973735,0.999894,0.979381,0.997044,0.952998,0.999743,0.925810,0.998747,0.942783,0.999843,0.949950,0.979743,0.926970,0.971761,0.866742,0.998636,0.938965,0.999738,0.933436,1.000000,0.932486,0.999910,0.580019,0.979529,0.894991,0.975341,0.520772,0.999532,0.994140,0.999372,0.905347
ENSDARG00000079969_4_9,-0.4000,-0.8196,1.000000,0.984086,0.851269,-17.7000,-19.9804,0.750000,0.737937,0.695941,0.369079,0.590813,0.397051,0.606634,0.999664,0.995837,0.999739,0.995168,0.999897,0.994704,0.880095,0.856599,0.329234,0.564521,0.423303,0.243045,0.976577,0.551283,0.998325,0.565436,0.872052,0.508325,0.907677,0.542951,0.987225,0.573814,0.984249,0.962140,0.998944,0.766405,0.999554,0.972221,0.917887,0.775156,0.999237,0.998417,0.991910,0.586196,0.993685,0.269145
ENSDARG00000086034_0_1,-3.5000,-4.1420,0.500000,0.671683,0.539599,-23.3000,-24.5992,0.375000,0.388750,0.397894,0.133445,0.209561,0.149326,0.210768,0.508722,0.216122,0.622203,0.241186,0.203061,0.383470,0.397079,0.786629,0.397271,0.785923,0.998070,0.994346,0.780256,0.557954,0.618845,0.243524,0.606586,0.215445,0.003647,0.002940,0.007194,0.008365,0.423134,0.828808,0.998388,0.998992,0.892693,0.021055,0.550993,0.015296,0.502882,0.024202,0.999281,0.995073,0.998894,0.218212
ENSDARG00000086034_0_2,0.0000,-0.5720,1.000000,0.774336,0.788893,-19.6000,-21.1255,0.500000,0.459241,0.682129,0.669392,0.899283,0.700551,0.971297,0.747295,0.837647,0.928815,0.819590,0.796752,0.810405,0.837858,0.803293,0.752730,0.768752,0.872723,0.889139,0.898329,0.885714,0.882205,0.810142,0.790059,0.805246,0.706464,0.668139,0.965992,0.699844,0.782477,0.956530,0.792847,0.978575,0.868731,0.870123,0.620729,0.081868,0.541399,0.012945,0.693718,0.014549,0.928793,0.059494
ENSDARG00000086034_0_3,-1.5000,-2.3739,0.375000,0.424034,0.537043,-20.4000,-22.0955,1.000000,0.694403,0.421854,0.998384,0.195074,0.992585,0.095297,0.414801,0.032654,0.137362,0.012359,0.031871,0.010873,0.037436,0.040424,0.172142,0.967048,0.991777,0.388849,0.590371,0.064202,0.992122,0.039222,0.990147,0.042167,0.999594,0.993689,0.991827,0.415523,0.594848,0.463981,0.865895,0.928027,0.064108,0.905516,0.038903,0.905918,0.084341,0.872465,0.263859,0.484247,0.488494,0.579548
ENSDARG00000086034_0_4,-3.0000,-3.5697,0.625000,0.580373,0.552278,-18.8000,-21.2537,0.250000,0.413069,0.497639,0.012181,0.315965,0.006121,0.234330,0.390532,0.350933,0.013623,0.088010,0.210027,0.275769,0.981886,0.867841,0.908956,0.884333,0.999657,0.891092,0.999874,0.948391,0.574608,0.525157,0.986258,0.946015,0.318845,0.320401,0.007486,0.114122,0.008629,0.111207,0.017161,0.126582,0.613523,0.300873,0.996391,0.432925,0.999868,0.540044,0.999936,0.778102,0.999992,0.900694
ENSDARG00000086034_0_5,-4.6000,-4.7183,0.875000,0.825970,0.501005,-21.5000,-22.8295,0.625000,0.594600,0.408808,0.031223,0.059916,0.005539,0.032467,0.006772,0.012211,0.029112,0.031932,0.088269,0.070719,0.988092,0.968412,0.994721,0.973332,0.968734,0.963033,0.081996,0.078504,0.060971,0.061215,0.081029,0.084249,0.075884,0.083382,0.069941,0.050428,0.907459,0.849536,0.883415,0.818098,0.962266,0.981492,0.952121,0.356705,0.959533,0.348151,0.936419,0.657441,0.936604,0.694946
ENSDARG00000086034_0_6,-1.1000,-1.3148,0.750000,0.790269,0.743277,-18.3000,-19.9270,0.750000,0.724416,0.678105,0.177994,0.884930,0.216148,0.886911,0.162965,0.907206,0.932395,0.923849,0.976565,0.575900,0.966082,0.591246,0.992315,0.320241,0.983505,0.675022,0.999182,0.932651,0.944326,0.960246,0.957664,0.086791,0.234239,0.021779,0.213041,0.023015,0.217021,0.049243,0.986636,0.924190,0.956318,0.968590,0.949356,0.988189,0.999928,0.930076,0.999930,0.954515,0.999927,0.957512
ENSDARG00000086034_0_7,-2.0000,-2.4641,0.500000,0.450364,0.557357,-19.8000,-21.5839,0.500000,0.421841,0.616880,0.978067,0.886677,0.976194,0.857692,0.924138,0.846729,0.923698,0.825998,0.072061,0.694868,0.059765,0.668665,0.113196,0.761837,0.066976,0.557655,0.602666,0.674999,0.852372,0.643133,0.997297,0.977269,0.977802,0.567346,0.915622,0.528891,0.937522,0.963303,0.863711,0.938797,0.600191,0.869325,0.125258,0.035509,0.039725,0.001994,0.048982,0.005477,0.071904,0.031429
ENSDARG00000086034_0_8,-0.1000,-0.8849,1.000000,0.843996,0.776245,-17.4000,-19.1182,0.625000,0.812801,0.667910,0.919376,0.984462,0.847376,0.953560,0.462705,0.892446,0.591507,0.115278,0.445191,0.082786,0.699264,0.126178,0.842453,0.156285,0.999915,0.893906,0.976931,0.864316,0.633929,0.791222,0.637310,0.548655,0.716972,0.446708,0.863573,0.466407,0.744558,0.546838,0.819122,0.716840,0.842995,0.952030,0.859868,0.959320,0.675526,0.917542,0.946506,0.991408,0.999820,0.952021
ENSDARG00000086034_0_9,-0.9000,-1.4857,0.500000,0.534946,0.627895,-22.6000,-23.3080,0.500000,0.485418,0.787850,0.921328,0.988905,0.905957,0.984645,0.899588,0.980450,0.986980,0.995176,0.920466,0.995563,0.316464,0.984824,0.218159,0.977124,0.223393,0.989157,0.229783,0.985645,0.978815,0.995720,0.684088,0.998021,0.993310,0.998423,0.995769,0.978735,0.929939,0.946406,0.614477,0.940656,0.991730,0.066019,0.142493,0.944563,0.095514,0.001222,0.146689,0.001810,0.362960,0.003936
ENSDARG00000086034_0_10,-1.7000,-2.4973,0.750000,0.743864,0.618422,-21.1000,-23.1634,0.375000,0.399513,0.379514,0.685034,0.689328,0.420649,0.305027,0.218626,0.092625,0.511771,0.082907,0.346764,0.104339,0.529676,0.111521,0.817139,0.071079,0.823334,0.070539,0.837734,0.120009,0.809641,0.919144,0.209758,0.913519,0.207403,0.914148,0.999977,0.999708,0.367481,0.899190,0.297348,0.105793,0.825504,0.064212,0.823669,0.060435,0.999659,0.961558,0.816848,0.083498,0.820428,0.021710
ENSDARG00000086551_1_1,-2.6000,-2.8533,0.500000,0.495098,0.595557,-19.8000,-21.1203,0.625000,0.512551,0.689265,0.036986,0.650170,0.032154,0.648932,0.998497,0.977161,0.023848,0.521800,0.014551,0.389638,0.858796,0.689154,0.997536,0.963468,0.994987,0.962776,0.999373,0.963869,0.998610,0.956374,0.998574,0.970696,0.996455,0.990850,0.881550,0.751401,0.870998,0.729008,0.989638,0.961149,0.027499,0.527548,0.122355,0.069476,0.207104,0.297725,0.034283,0.055561,0.827354,0.708544
ENSDARG00000086551_1_2,0.0000,-0.5792,1.000000,0.887877,0.813243,-19.0000,-21.2033,0.625000,0.458027,0.643434,0.825101,0.862823,0.619059,0.769707,0.551663,0.700957,0.773653,0.812310,0.882088,0.911455,0.834573,0.976864,0.858323,0.987896,0.807051,0.823551,0.700532,0.611815,0.593305,0.430305,0.721628,0.494677,0.994870,0.822109,0.887109,0.911649,0.848036,0.699488,0.842655,0.511277,0.946028,0.378113,0.961138,0.275476,0.798428,0.022231,0.820793,0.027833,0.998824,0.838148
ENSDARG00000086551_1_3,-1.8000,-2.8094,1.000000,0.831449,0.706998,-20.4000,-22.0891,0.375000,0.462725,0.478083,0.708805,0.809775,0.828282,0.856526,0.518167,0.410601,0.485663,0.384253,0.027824,0.076753,0.551853,0.747048,0.999951,0.666914,0.999949,0.579306,0.988562,0.560357,0.646307,0.358570,0.196187,0.110422,0.536819,0.299340,0.828029,0.460652,0.274253,0.159354,0.999886,0.997154,0.606272,0.769267,1.000000,0.815856,0.977708,0.343550,0.977597,0.107164,0.987847,0.048806
ENSDARG00000086551_1_4,-1.9000,-2.5577,0.500000,0.563857,0.650041,-18.1000,-20.4034,0.375000,0.524954,0.540441,0.864039,0.813968,0.982003,0.523774,0.875532,0.468709,0.849915,0.562932,0.904740,0.713444,0.526217,0.274040,0.134000,0.059204,0.122357,0.052638,0.253954,0.173205,0.996147,0.991485,0.995524,0.990361,0.985541,0.985430,0.913838,0.972250,0.692015,0.821833,0.708355,0.800809,0.594666,0.759290,0.332322,0.259912,0.417912,0.135487,0.232833,0.085104,0.618912,0.364944
ENSDARG00000086551_1_5,-0.8000,-1.6952,1.000000,0.864501,0.725145,-16.5000,-19.1394,1.000000,0.740268,0.657778,0.342839,0.404446,0.305117,0.287362,0.562618,0.537359,0.797563,0.837889,0.999801,0.975395,0.813602,0.875074,0.597807,0.650686,0.092468,0.104235,0.287396,0.232308,0.999835,0.993013,0.948235,0.713086,0.839614,0.622564,0.795127,0.591918,0.805736,0.573544,0.852685,0.602229,0.814875,0.560027,0.994419,0.992303,0.998355,0.986436,0.697069,0.758256,0.957743,0.857429
ENSDARG00000086551_1_6,-3.1000,-3.1482,0.750000,0.746394,0.696953,-20.8000,-21.9602,0.250000,0.331374,0.531098,0.023922,0.014665,0.024177,0.014647,0.030719,0.021495,0.948378,0.957245,0.985241,0.994696,0.999931,0.999865,0.987040,0.995651,0.984496,0.993537,0.999003,0.999481,0.954373,0.958683,0.999987,0.999746,0.030643,0.021257,0.024276,0.014989,0.025657,0.016710,0.985898,0.994140,0.985128,0.962742,0.985611,0.405099,0.999998,0.113444,0.985351,0.073706,0.979236,0.070162
ENSDARG00000086551_1_7,0.0000,-0.7696,1.000000,0.768559,0.776013,-18.0000,-19.6362,0.500000,0.503140,0.579030,0.949814,0.969836,0.621344,0.834528,0.710433,0.821555,0.959942,0.615253,0.740545,0.504537,0.767428,0.838846,0.601900,0.327782,0.591209,0.368695,0.739943,0.386653,0.998338,0.990323,0.971333,0.503461,0.719559,0.394020,0.791727,0.475797,0.703425,0.434657,0.833243,0.500561,0.482351,0.338636,0.442769,0.628740,0.971042,0.560958,0.993292,0.542273,0.930626,0.543497
ENSDARG00000086551_1_8,-5.9000,-6.3888,0.250000,0.264149,0.411066,-21.6000,-23.4909,0.250000,0.250020,0.405726,0.994347,0.991575,0.010403,0.019827,0.007448,0.009793,0.005500,0.007940,0.488329,0.486489,0.518256,0.518905,0.035872,0.042706,0.057784,0.064556,0.995176,0.990725,0.997214,0.990994,0.999261,0.993857,0.998537,0.996983,0.996566,0.994975,0.051384,0.056063,0.034952,0.039441,0.021740,0.029470,0.000678,0.003610,0.003518,0.006918,0.004790,0.010650,0.999564,0.859035
ENSDARG00000086551_1_9,-1.3000,-2.0129,0.500000,0.688228,0.697618,-16.9000,-19.2717,0.500000,0.676893,0.673711,0.513666,0.508235,0.561733,0.506327,0.242259,0.203269,0.132704,0.270791,0.977675,0.965498,0.914142,0.883256,0.822464,0.811764,0.838307,0.751790,0.983974,0.895714,0.744448,0.733341,0.757262,0.667244,0.957903,0.861839,0.264857,0.291715,0.472999,0.570408,0.898559,0.866894,0.427728,0.437373,0.576381,0.562476,0.983101,0.962695,0.882202,0.851865,0.999999,0.871721
ENSDARG00000086551_1_10,-3.5000,-3.6598,0.500000,0.540613,0.608871,-19.0000,-21.1315,0.375000,0.532480,0.567661,0.941100,0.902849,0.957788,0.901903,0.966128,0.891093,0.937697,0.857304,0.931543,0.769143,0.866359,0.421569,1.000000,0.824161,0.139331,0.178918,0.108574,0.153954,0.090793,0.137513,0.016516,0.187928,0.896677,0.867045,0.946786,0.934430,0.998684,0.993451,0.999859,0.998331,0.117604,0.311618,0.108968,0.304954,0.086955,0.250335,0.145312,0.101567,0.920737,0.365151
ENSDARG00000088347_3_1,-4.9000,-5.0098,0.250000,0.274169,0.419566,-20.6000,-22.2099,0.250000,0.287521,0.430177,0.027270,0.178177,0.016693,0.168396,0.999938,0.963546,0.119835,0.207796,1.000000,0.917414,0.012248,0.040110,0.003385,0.015055,0.022322,0.036494,0.999039,0.920315,0.998737,0.940063,1.000000,0.994128,0.998514,0.921874,0.989509,0.909979,0.020575,0.052174,0.011901,0.105408,0.009555,0.103122,0.124677,0.238222,0.016415,0.052980,0.022059,0.053325,0.998657,0.784959
ENSDARG00000088347_3_2,-3.7000,-4.3766,0.375000,0.503620,0.430471,-22.3000,-23.9827,0.500000,0.497853,0.427873,0.392370,0.852108,0.288660,0.233973,0.277187,0.138163,0.198908,0.096158,0.130071,0.174542,0.190245,0.794599,0.107750,0.786894,0.828305,0.964374,0.926847,0.243579,0.937050,0.235545,0.162085,0.030417,0.140992,0.024296,0.056665,0.011081,0.594060,0.872243,0.993503,0.979095,0.903170,0.326791,0.476818,0.159332,0.297850,0.170419,0.302717,0.731078,0.404176,0.732783
ENSDARG00000088347_3_3,-2.0000,-2.4076,0.875000,0.810122,0.604252,-21.2000,-22.3664,0.375000,0.419628,0.338091,0.714393,0.314592,0.178235,0.170833,0.174077,0.067118,0.178927,0.034985,0.140438,0.036482,0.975569,0.793771,0.878030,0.776466,0.851336,0.783717,0.976033,0.209050,0.185513,0.102184,0.187978,0.056639,0.163532,0.058951,0.167137,0.056658,0.905729,0.161424,0.614074,0.148193,0.960710,0.957775,0.974924,0.962674,0.945172,0.880979,0.941872,0.163307,0.971356,0.026016
ENSDARG00000088347_3_5,-5.7000,-6.0050,0.250000,0.296047,0.431318,-21.5000,-23.3955,0.250000,0.282778,0.439503,0.980784,0.954140,0.108088,0.267463,0.001251,0.108531,0.000480,0.117950,0.007772,0.118736,0.023066,0.130376,0.277172,0.392176,0.959833,0.954147,0.981911,0.971814,0.955091,0.824489,0.981327,0.847761,0.981218,0.840261,0.993999,0.948149,0.954327,0.927990,0.232549,0.208148,0.002844,0.007949,0.019765,0.042120,0.019083,0.035927,0.019930,0.035873,0.125877,0.056065
ENSDARG00000088347_3_6,-3.1000,-3.1905,1.000000,0.980286,0.615305,-21.8000,-22.8612,0.250000,0.328925,0.342104,0.052257,0.017413,0.048702,0.014012,0.060833,0.020777,0.124087,0.085838,0.996054,0.999785,0.997586,0.998731,0.960830,0.995945,0.082802,0.083067,0.027659,0.012929,0.055062,0.012414,0.059065,0.016894,0.998877,0.952879,0.992281,0.950971,0.993660,0.283886,0.973799,0.169192,0.951974,0.151951,0.952313,0.982420,0.994933,0.058760,0.985870,0.017093,0.997460,0.017126
ENSDARG00000088347_3_7,0.0000,-1.0909,1.000000,0.642152,0.673915,-20.7000,-22.2507,0.500000,0.446958,0.644925,0.728593,0.693131,0.795493,0.842136,0.684049,0.882186,0.503156,0.765637,0.657939,0.820680,0.641524,0.809323,0.493436,0.781051,0.498107,0.640463,0.840318,0.779424,0.766290,0.644956,0.814908,0.728151,0.917276,0.935704,0.620739,0.762871,0.498677,0.560128,0.583711,0.777561,0.769180,0.074047,0.692943,0.047724,0.557770,0.089133,0.673827,0.959587,0.740366,0.304609
ENSDARG00000088347_3_8,-1.2000,-1.6569,1.000000,0.897078,0.723966,-17.4000,-19.4511,0.500000,0.577350,0.569610,0.584660,0.660048,0.096338,0.126033,0.472889,0.446128,0.357473,0.416374,0.867556,0.954649,0.882550,0.956514,0.904483,0.872143,0.802120,0.732564,0.396373,0.291065,0.503150,0.454649,0.471347,0.393660,0.963755,0.469582,0.873966,0.387773,0.868738,0.369436,0.881055,0.368379,0.780650,0.272961,0.779453,0.842948,0.998751,0.714198,0.994785,0.778151,0.999223,0.884952
ENSDARG00000088347_3_9,-1.0000,-1.4684,0.750000,0.825292,0.751336,-23.6000,-24.9565,0.750000,0.793110,0.462940,0.293575,0.118398,0.128777,0.008729,0.242510,0.008663,0.999882,0.013705,0.963909,0.012903,0.998531,0.028545,0.859901,0.221754,0.859291,0.990321,0.940435,0.991191,0.950394,0.050500,0.952571,0.047969,0.234609,0.421238,0.273728,0.961388,0.530262,0.978390,0.894054,0.992505,0.939226,0.993523,0.995542,0.988032,0.983704,0.980987,0.989322,0.442403,0.996498,0.007650
ENSDARG00000088347_3_10,-7.8000,-8.1928,0.500000,0.500496,0.455431,-24.3000,-26.1665,0.250000,0.258270,0.361602,0.010815,0.068246,0.000776,0.001216,0.000747,0.000758,0.005022,0.008633,0.002431,0.002482,0.538981,0.536979,0.995538,0.991813,0.999999,0.999997,0.999990,0.999951,0.999996,0.999989,0.543553,0.545264,0.006803,0.010553,0.005027,0.008734,0.000038,0.000082,0.004061,0.001909,0.010478,0.007819,0.991911,0.373559,0.999913,0.364145,0.996244,0.644730,0.996292,0.665178
ENSDARG00000088484_0_1,-1.9000,-2.0054,0.875000,0.883211,0.716291,-17.5000,-19.6074,0.875000,0.679088,0.635447,0.043668,0.060850,0.041146,0.056359,0.115415,0.136170,0.984399,0.981822,0.978694,0.976248,0.978816,0.967786,0.978612,0.970907,0.999908,0.997931,0.960753,0.948583,0.991891,0.978016,0.114423,0.115565,0.072405,0.085999,0.074534,0.097470,0.999926,0.966138,0.997610,0.841411,0.997725,0.704323,0.997794,0.500441,0.998346,0.621809,0.999874,0.991021,0.999879,0.710091
ENSDARG00000088484_0_2,-0.4000,-1.0495,0.500000,0.801579,0.761305,-19.5000,-21.1898,0.625000,0.470087,0.637568,0.235289,0.334672,0.192524,0.333936,0.594708,0.991372,0.603396,0.989330,0.999984,0.990113,0.997080,0.984032,0.999376,0.984653,0.992147,0.983502,0.688335,0.473081,0.610052,0.352562,0.903487,0.754786,0.997095,0.818624,0.993721,0.856694,0.998740,0.659088,0.998630,0.669435,0.608436,0.659983,0.588962,0.335178,0.593376,0.026142,0.637884,0.032412,0.992880,0.521763
ENSDARG00000088484_0_3,-3.2000,-3.2357,0.625000,0.627872,0.602840,-19.4000,-20.7780,0.375000,0.426178,0.523236,0.009677,0.018940,0.006347,0.014833,0.009634,0.018680,0.025158,0.032503,0.999291,0.997622,0.979470,0.977637,0.999911,0.999216,0.999936,0.997508,0.999224,0.999153,0.986105,0.986063,0.983991,0.976710,0.035085,0.036435,0.009431,0.011447,0.006504,0.015427,0.009347,0.010047,0.999724,0.985618,0.999933,0.730463,0.999203,0.975406,0.999012,0.338585,0.999822,0.342430
ENSDARG00000088484_0_4,-1.8000,-1.8641,0.875000,0.878963,0.716620,-17.8000,-19.9293,0.625000,0.660696,0.555020,0.086952,0.400398,0.081818,0.313083,0.081688,0.125770,0.992762,0.489477,0.973278,0.648193,0.977962,0.509136,0.999138,0.469711,0.998916,0.682732,0.993263,0.662979,0.996219,0.861221,0.054700,0.388845,0.064002,0.263295,0.071662,0.181481,0.991949,0.698814,0.999217,0.932266,0.999256,0.867434,0.989819,0.852997,0.990765,0.862501,0.991331,0.496773,0.997703,0.393303
ENSDARG00000088484_0_5,-3.3000,-3.6136,0.750000,0.780598,0.545180,-19.0000,-20.9984,0.750000,0.607170,0.481064,0.246247,0.326255,0.008669,0.015403,0.006446,0.011795,0.006159,0.011516,0.193669,0.198314,0.999529,0.999235,0.997695,0.996791,0.998267,0.998646,0.998444,0.996847,0.192655,0.194590,0.004528,0.006159,0.006511,0.008370,0.008308,0.010082,0.257091,0.229005,0.997493,0.782098,0.989397,0.760180,0.997831,0.996443,0.998114,0.743881,0.997342,0.745122,0.999207,0.590551
ENSDARG00000088484_0_6,0.0000,-0.9335,1.000000,0.834917,0.758198,-15.6000,-18.4973,1.000000,0.750231,0.682362,0.790319,0.835672,0.558297,0.691557,0.518678,0.498667,0.432905,0.347895,0.667987,0.493328,0.725894,0.579056,0.955297,0.707598,0.935371,0.809377,0.917701,0.786435,0.727162,0.683760,0.827643,0.765330,0.427375,0.446708,0.864503,0.807070,0.636794,0.693981,0.703179,0.720210,0.715104,0.671453,0.847406,0.748816,0.958056,0.737570,0.954579,0.828380,0.999715,0.794371
ENSDARG00000088484_0_7,-0.8000,-1.5052,0.625000,0.543932,0.634059,-22.7000,-24.1816,1.000000,0.815472,0.499074,0.977922,0.137203,0.980225,0.004302,0.950623,0.000310,0.698469,0.000484,0.155379,0.000115,0.150820,0.008936,0.114215,0.015617,0.629145,0.063810,0.683456,0.768080,0.991924,0.740009,0.998864,0.900734,0.998687,0.818108,0.997214,0.832458,0.685169,0.807307,0.628461,0.803288,0.773306,0.825738,0.309466,0.957804,0.143486,0.932813,0.132820,0.831109,0.681531,0.533258
ENSDARG00000088484_0_8,-0.7000,-1.6328,0.500000,0.679086,0.682626,-17.1000,-19.4690,0.375000,0.587716,0.643588,0.888822,0.838326,0.919973,0.912083,0.541398,0.581398,0.138687,0.174189,0.238322,0.308842,0.233040,0.299800,0.861220,0.859840,0.938105,0.944694,0.996013,0.986067,0.993725,0.984155,0.732332,0.634705,0.738202,0.645927,0.756750,0.707337,0.848514,0.831989,0.933555,0.925889,0.398576,0.482696,0.407900,0.474016,0.438865,0.408039,0.677171,0.659547,0.971359,0.212212
ENSDARG00000088484_0_10,-4.4000,-4.4650,0.500000,0.501189,0.592362,-20.8000,-22.1230,0.375000,0.408410,0.555439,0.993514,0.993774,0.010681,0.013980,0.004203,0.005278,0.003130,0.003834,0.004768,0.005768,0.995691,0.995355,0.918558,0.918245,0.999975,0.999565,0.999989,0.999622,0.997638,0.997241,0.991964,0.991603,0.917620,0.917239,1.000000,0.999923,1.000000,0.999975,0.004774,0.005811,0.000890,0.001503,0.001916,0.003039,0.004870,0.005056,0.999996,0.999118,0.997069,0.252859
ENSDARG00000088655_7_1,0.0000,-0.1397,1.000000,0.933876,0.934213,-19.6000,-20.7757,0.500000,0.497307,0.779086,0.974145,0.980519,0.972401,0.979220,0.948527,0.943676,0.957141,0.953342,0.962658,0.961932,0.978308,0.976845,0.889703,0.987652,0.879143,0.985232,0.871618,0.977756,0.862583,0.953861,0.952517,0.944539,0.964512,0.958696,0.965837,0.960375,0.988620,0.989275,0.890543,0.984837,0.876084,0.975679,0.883787,0.021481,0.891274,0.019682,0.985817,0.012865,0.989045,0.014260
ENSDARG00000088655_7_3,-0.4000,-0.8923,0.500000,0.701516,0.755009,-16.3000,-18.4443,0.750000,0.663202,0.720561,0.958100,0.950327,0.988711,0.956384,0.532569,0.732617,0.499776,0.757601,0.994545,0.842247,0.998966,0.780689,0.284018,0.308186,0.285474,0.302333,0.999651,0.760529,0.952285,0.741805,0.999715,0.993352,0.994249,0.979527,0.994945,0.973982,0.406006,0.636858,0.317556,0.560747,0.900630,0.881214,0.967687,0.796276,0.501464,0.760163,0.528541,0.279720,0.995300,0.416655
ENSDARG00000088655_7_4,0.0000,-0.7760,1.000000,0.726574,0.775425,-17.4000,-19.7781,0.750000,0.529296,0.620431,0.946212,0.926402,0.989727,0.959398,0.994887,0.771321,0.993393,0.744415,0.995296,0.738008,0.527184,0.727118,0.422850,0.664377,0.472689,0.714537,0.518906,0.397993,0.855519,0.391438,0.988422,0.553043,0.990820,0.586214,0.998502,0.452616,0.903087,0.532209,0.646840,0.532734,0.543576,0.619817,0.376063,0.363567,0.403134,0.238076,0.942849,0.804381,0.998542,0.690966
ENSDARG00000088655_7_5,-1.1000,-1.5386,0.375000,0.460713,0.513925,-17.5000,-19.4203,0.250000,0.399070,0.507859,0.991847,0.977184,0.204445,0.439913,0.167976,0.409126,0.169539,0.368970,0.132519,0.305544,0.920838,0.813562,0.095423,0.225839,0.463167,0.513737,0.998232,0.759553,0.997243,0.785610,0.993664,0.952231,0.457905,0.413345,0.182929,0.234205,0.916917,0.746565,0.111770,0.190180,0.123708,0.250241,0.179951,0.394416,0.201822,0.268135,0.983433,0.729268,0.985171,0.379553
ENSDARG00000088655_7_6,0.0000,-0.5071,1.000000,0.933587,0.849367,-20.0000,-21.7017,0.250000,0.349296,0.559229,0.885688,0.972900,0.558323,0.901732,0.587932,0.905402,0.695035,0.933888,0.946999,0.941321,0.955907,0.811722,0.952902,0.779784,0.994073,0.952962,0.697068,0.504660,0.586562,0.153604,0.675187,0.169063,0.982973,0.363167,0.965762,0.870684,0.991981,0.879266,0.878666,0.133917,0.841949,0.055354,0.864331,0.097235,0.960130,0.109322,0.968869,0.184283,0.997008,0.464304
ENSDARG00000088655_7_9,0.0000,-0.0365,1.000000,0.990534,0.989418,-15.6000,-17.8108,0.375000,0.764130,0.760240,0.997016,0.988115,0.987599,0.758494,0.982880,0.705519,0.987346,0.690553,0.990657,0.931668,0.987001,0.935194,0.989052,0.664669,0.993103,0.705214,0.992187,0.631324,0.989832,0.585004,0.985761,0.643126,0.981648,0.852875,0.981448,0.631500,0.997427,0.678105,0.993460,0.725301,0.984398,0.705579,0.992617,0.835278,0.985504,0.877362,0.992930,0.966178,0.996490,0.693738
ENSDARG00000088789_1_1,-1.8000,-2.6557,1.000000,0.781771,0.714982,-18.3000,-20.4223,0.375000,0.535697,0.573669,0.642456,0.506838,0.601578,0.687104,0.704893,0.666890,0.552056,0.542102,0.578284,0.198235,0.573290,0.175249,0.567023,0.171620,0.950431,0.673451,0.436303,0.788038,0.444861,0.827510,0.996676,0.977936,0.997620,0.972834,0.987177,0.962543,0.624432,0.513817,0.633860,0.570678,0.638592,0.561408,0.662295,0.277702,0.939192,0.594925,0.941163,0.601230,0.827455,0.203273
ENSDARG00000088789_1_2,-0.7000,-1.1775,0.875000,0.857956,0.773085,-18.2000,-19.6078,0.500000,0.620355,0.671021,0.172423,0.206890,0.194189,0.227398,0.999995,0.995141,0.402717,0.403441,0.999993,0.987072,0.999995,0.988526,0.999981,0.987807,0.961944,0.948702,0.962552,0.950607,0.999959,0.993749,0.509820,0.451377,0.394486,0.316867,0.380451,0.308865,0.891942,0.943971,0.801286,0.401170,0.797537,0.382777,1.000000,0.999336,0.992652,0.810850,1.000000,0.998828,0.999777,0.117041
ENSDARG00000088789_1_3,-7.8000,-8.2844,0.250000,0.319911,0.455927,-24.8000,-26.7883,0.500000,0.479173,0.445912,0.999993,0.689319,0.999993,0.318524,1.000000,0.120547,0.016005,0.002193,0.007714,0.001106,0.000108,0.000032,0.000030,0.000127,0.001539,0.000711,0.533878,0.952600,1.000000,0.999902,0.999999,0.999897,0.999999,0.999899,0.533878,0.952574,0.290979,0.928202,0.006530,0.899210,0.004465,0.896418,0.004636,0.002266,0.012057,0.002662,0.708907,0.072668,0.997837,0.079382
ENSDARG00000088789_1_4,0.0000,-0.5027,1.000000,0.910701,0.867095,-18.8000,-20.1374,0.875000,0.723413,0.635825,0.776376,0.986320,0.784855,0.977505,0.821410,0.899643,0.765481,0.912709,0.992412,0.892845,0.980020,0.889360,0.955971,0.023788,0.801093,0.015822,0.752511,0.112572,0.791543,0.116225,0.801807,0.980083,0.832803,0.122326,0.794924,0.125858,0.977739,0.805327,0.709614,0.812336,0.824956,0.684799,0.996716,0.642204,0.998795,0.760232,0.993216,0.968028,0.989650,0.988519
ENSDARG00000088789_1_5,-1.0000,-1.3294,0.750000,0.774340,0.799115,-20.0000,-21.1349,0.375000,0.491240,0.536662,0.949638,0.969515,0.920992,0.939397,0.887040,0.929470,0.982486,0.991622,0.999533,0.997904,0.290134,0.964043,0.193830,0.012338,0.875894,0.013380,0.865203,0.012845,0.905089,0.012860,0.926236,0.020571,0.991503,0.939373,0.997231,0.936789,0.928008,0.193171,0.890008,0.178248,0.226007,0.179341,0.235472,0.195183,0.993467,0.317924,0.948685,0.990061,0.975846,0.939206
ENSDARG00000088789_1_6,0.0000,-0.7379,1.000000,0.791693,0.783658,-18.4000,-19.6228,0.625000,0.549343,0.712889,0.387189,0.581909,0.412267,0.612475,0.998524,0.975397,0.435339,0.649498,0.668454,0.731270,0.962393,0.940567,0.988794,0.996227,0.985783,0.972518,0.960084,0.929213,0.905275,0.823842,0.870134,0.785102,0.765387,0.865030,0.605677,0.610203,0.603147,0.639316,0.929558,0.926118,0.623229,0.162230,0.649428,0.077628,0.977962,0.094959,0.960125,0.947440,0.984416,0.936848
ENSDARG00000088789_1_9,-0.2000,-0.6662,1.000000,0.964653,0.869137,-19.9000,-21.3925,0.875000,0.872263,0.585456,0.349755,0.555806,0.391390,0.511258,0.999832,0.023181,0.997198,0.028886,0.971531,0.478870,0.959315,0.953110,0.993815,0.147224,0.993335,0.019543,0.520659,0.010561,0.521088,0.009654,0.988625,0.997398,0.978967,0.995528,0.981379,0.996368,0.956152,0.995802,0.885914,0.995611,0.911129,0.996460,0.999564,0.995469,0.996163,0.997785,0.994946,0.995060,0.991977,0.005553
ENSDARG00000088880_1_1,0.0000,-1.0917,1.000000,0.608347,0.668792,-24.5000,-25.3417,0.375000,0.335288,0.692077,0.612610,0.917152,0.611469,0.905065,0.632063,0.974189,0.477139,0.852948,0.444116,0.862071,0.861582,0.970860,0.835917,0.948771,0.969027,0.933509,0.787559,0.877981,0.714460,0.971024,0.842253,0.996201,0.720880,0.949464,0.925455,0.990627,0.576751,0.859918,0.393592,0.819971,0.477961,0.004384,0.598128,0.003448,0.322104,0.000267,0.707681,0.001278,0.865103,0.002410
ENSDARG00000088880_1_2,-1.5000,-2.5067,1.000000,0.807037,0.726689,-19.7000,-21.8116,0.625000,0.520590,0.594889,0.495002,0.523124,0.235099,0.166681,0.647165,0.584611,0.762320,0.948987,0.682514,0.900707,0.660770,0.907174,0.832150,0.914225,0.572939,0.232505,0.555313,0.249327,0.830737,0.868811,0.813830,0.868315,0.989642,0.568589,0.975318,0.446088,0.622366,0.244538,0.443034,0.237562,0.832482,0.601799,0.806698,0.599367,0.791938,0.616462,0.988374,0.998595,0.996085,0.420308
ENSDARG00000088880_1_3,0.0000,-0.4700,1.000000,0.831706,0.875343,-20.4000,-21.4361,0.500000,0.518085,0.385835,0.880057,0.169135,0.900555,0.058594,0.941064,0.056601,0.961464,0.032670,0.991044,0.035932,0.992399,0.064661,0.992688,0.174965,0.911643,0.910144,0.966764,0.919659,0.899890,0.957511,0.802485,0.136283,0.613161,0.055869,0.601137,0.060911,0.992994,0.960564,0.987766,0.965673,0.992637,0.973279,0.991272,0.991324,0.616834,0.076499,0.633855,0.050376,0.837155,0.066052
ENSDARG00000088880_1_4,-1.2000,-1.7075,0.625000,0.768239,0.653894,-18.1000,-19.7951,0.750000,0.688449,0.617646,0.191788,0.213973,0.201063,0.213584,0.999966,0.978707,0.998861,0.977159,0.999555,0.992723,0.996134,0.988960,0.200277,0.206986,0.198578,0.206529,0.999978,0.987609,0.366026,0.357219,0.351041,0.341377,0.428705,0.380502,0.997016,0.964297,0.996806,0.964268,0.999745,0.996635,0.920163,0.951772,0.919055,0.696772,0.430526,0.146096,0.433109,0.416214,0.449492,0.371538
ENSDARG00000088880_1_5,-5.5000,-5.5962,0.750000,0.749469,0.512946,-21.5000,-23.5350,0.250000,0.474790,0.400323,0.006706,0.069412,0.000236,0.086997,0.000487,0.017257,0.000803,0.006633,0.126792,0.120822,0.999999,0.918669,0.999990,0.942444,0.999993,0.941484,0.999993,0.955600,0.125419,0.138883,0.001818,0.006375,0.000938,0.003568,0.004316,0.014851,0.010670,0.010381,0.986535,0.547484,0.999938,0.548592,0.999936,0.602639,0.999938,0.625495,0.999947,0.789833,0.994474,0.659040
ENSDARG00000088880_1_6,-3.4000,-3.7789,0.750000,0.751028,0.578698,-21.2000,-22.7603,0.250000,0.298886,0.411997,0.004400,0.180874,0.002785,0.179574,0.007443,0.183407,0.115464,0.272268,0.661722,0.721046,0.995883,0.996723,0.999625,0.999769,0.999837,0.845231,0.999985,0.826750,0.655426,0.540952,0.115507,0.095765,0.007669,0.006491,0.002630,0.002871,0.006629,0.182459,0.999851,0.815233,0.999865,0.271808,0.999800,0.124499,0.999799,0.122330,0.999689,0.100446,0.999962,0.771447
ENSDARG00000088880_1_7,-0.7000,-1.1769,0.500000,0.715901,0.691799,-19.8000,-21.0617,0.750000,0.719194,0.524704,0.994139,0.993591,0.750658,0.991016,0.725628,0.992683,0.163694,0.021473,0.437141,0.014468,0.450471,0.014925,0.472299,0.037131,0.940072,0.049495,0.722816,0.991650,0.726005,0.516195,0.748494,0.081506,0.977344,0.036405,0.979936,0.028422,0.937181,0.054297,0.946914,0.906464,0.484678,0.906293,0.470988,0.962200,0.455540,0.964834,0.454971,0.973195,0.997001,0.957848
ENSDARG00000088880_1_8,0.0000,-0.3509,1.000000,0.872943,0.873764,-18.8000,-20.2133,0.500000,0.517080,0.468141,0.967673,0.320690,0.983986,0.151046,0.987741,0.140674,0.968010,0.649182,0.842683,0.974398,0.689627,0.857720,0.778849,0.790080,0.825305,0.776115,0.805667,0.086925,0.876869,0.094968,0.998699,0.202689,0.766619,0.181682,0.808069,0.194562,0.844160,0.200256,0.841452,0.832285,0.846358,0.831127,0.832308,0.836313,0.863971,0.892212,0.970063,0.316493,0.977161,0.033395
ENSDARG00000088880_1_9,-0.6000,-1.0017,1.000000,0.951561,0.839195,-18.5000,-19.8206,1.000000,0.962404,0.616478,0.993751,0.248928,0.429569,0.099348,0.250233,0.086017,0.769855,0.642338,1.000000,0.996356,0.986483,0.895998,0.995605,0.178010,0.951179,0.118128,1.000000,0.110062,0.427499,0.217748,0.371866,0.042175,0.995380,0.995210,1.000000,0.992627,1.000000,0.988389,1.000000,0.987380,0.880234,0.977855,0.814691,0.969941,0.919208,0.982078,1.000000,0.997941,0.998356,0.803025
ENSDARG00000088880_1_10,-1.1000,-1.3720,1.000000,0.924331,0.792316,-16.9000,-19.4857,0.625000,0.627508,0.511758,0.305933,0.757512,0.299755,0.747486,0.994956,0.861258,0.940634,0.346409,0.982332,0.265637,0.999855,0.245331,0.880910,0.222633,0.849828,0.198932,0.794890,0.193718,0.845019,0.239323,0.256532,0.367888,0.301024,0.768959,0.996018,0.996249,0.909624,0.975883,0.869684,0.966446,0.823402,0.425668,0.842584,0.656224,0.964305,0.427120,0.995157,0.388463,0.993876,0.184013
ENSDARG00000090470_0_1,-5.0000,-5.2722,0.625000,0.584425,0.568059,-22.6000,-23.4320,0.375000,0.421829,0.513520,0.869117,0.953014,0.782585,0.912103,0.997703,0.945122,0.014237,0.010896,0.004855,0.005542,0.004397,0.056757,0.010284,0.062311,0.998241,0.947116,0.999137,0.947524,0.999926,0.999898,0.997685,0.996535,0.007612,0.058956,0.001167,0.052986,0.005705,0.057827,0.015362,0.062744,0.997338,0.174817,0.655896,0.112165,0.999980,0.999842,0.999989,0.999615,0.999961,0.914636
ENSDARG00000090470_0_2,0.0000,-0.3546,1.000000,0.856026,0.878568,-19.6000,-20.7603,0.375000,0.517397,0.531956,0.966263,0.996781,0.981344,0.987933,0.995809,0.959775,0.971309,0.951097,0.911181,0.069937,0.911067,0.022513,0.645434,0.006033,0.660336,0.012454,0.743508,0.094772,1.000000,0.957260,1.000000,0.755305,0.936897,0.686086,0.753569,0.105958,0.716338,0.122785,0.715041,0.338661,0.995700,0.349622,0.736399,0.325508,0.974049,0.989517,0.973201,0.957911,0.983910,0.949216
ENSDARG00000090470_0_3,-7.6000,-7.6146,0.375000,0.378012,0.403049,-24.0000,-25.4717,0.250000,0.280180,0.388510,0.008391,0.250689,0.009650,0.251271,0.999904,0.996445,0.004999,0.009985,0.000751,0.004520,0.000165,0.003987,0.006636,0.010432,1.000000,0.999996,0.999967,0.998748,0.999988,0.999558,0.999894,0.996437,0.006550,0.006696,0.000077,0.000254,0.000768,0.005060,0.005031,0.011152,0.999999,0.999993,0.009426,0.009931,0.008808,0.007444,0.999995,0.969534,0.999990,0.238071
ENSDARG00000090470_0_4,-4.6000,-5.1888,0.250000,0.317211,0.453745,-21.0000,-22.7262,0.375000,0.314145,0.527685,0.966274,0.971433,0.590269,0.751558,0.845462,0.856254,0.092132,0.456000,0.004106,0.377950,0.004030,0.364961,0.004121,0.326194,0.056722,0.331479,0.980321,0.975345,0.996765,0.991951,0.997220,0.993709,0.999785,0.643710,0.058041,0.038767,0.009678,0.007071,0.026298,0.019422,0.001415,0.004345,0.057966,0.055424,0.539907,0.650008,0.844393,0.874967,0.999991,0.863155
ENSDARG00000090470_0_5,-4.6000,-4.8954,0.375000,0.374119,0.498342,-20.8000,-22.4044,0.625000,0.475043,0.547871,0.007023,0.450331,0.002794,0.115637,0.013250,0.139049,0.997821,0.733000,0.260196,0.651040,0.346169,0.690850,0.751618,0.824077,0.806538,0.585984,0.793971,0.443658,0.995270,0.592215,0.999848,0.998827,0.999399,0.932415,0.987396,0.968877,0.810102,0.841279,0.073124,0.511331,0.101385,0.519073,0.007469,0.012680,0.005794,0.005325,0.007692,0.011838,0.999988,0.929942
ENSDARG00000090470_0_6,-1.3000,-2.0169,0.375000,0.603933,0.655810,-20.1000,-22.1130,0.500000,0.566736,0.407886,0.844354,0.325601,0.864545,0.245228,0.991170,0.037811,0.990370,0.046012,0.997633,0.704805,0.554304,0.436305,0.559844,0.442894,0.994135,0.121350,0.060815,0.146101,0.056264,0.144313,0.386322,0.776524,0.984971,0.196896,0.982292,0.198331,0.999367,0.999024,0.999291,0.997727,0.378774,0.903362,0.179348,0.760894,0.168152,0.202421,0.551035,0.425490,0.573206,0.046638
ENSDARG00000090470_0_7,-2.2000,-2.3855,1.000000,0.956234,0.712977,-21.6000,-22.8230,0.500000,0.538500,0.535228,0.105046,0.034773,0.103458,0.031878,0.214523,0.150905,0.998124,0.995496,0.997511,0.995980,0.975323,0.998280,0.969031,0.993099,0.972590,0.993603,0.970099,0.989027,0.197353,0.150182,0.052934,0.028858,0.053680,0.034486,0.957455,0.996013,0.982892,0.995932,0.998719,0.992008,0.980804,0.996168,0.922027,0.157556,0.921702,0.092127,0.924462,0.015160,0.961812,0.063040
ENSDARG00000090470_0_8,-3.7000,-4.3845,0.375000,0.413010,0.459292,-22.9000,-24.0090,1.000000,0.796480,0.457264,0.994668,0.261450,0.258139,0.077585,0.256234,0.075522,0.643487,0.944659,0.365787,0.904667,0.006664,0.006571,0.031613,0.006266,0.056050,0.009001,0.988342,0.140731,0.992580,0.141520,0.999361,0.141888,0.288838,0.063591,0.266393,0.916546,0.265248,0.710251,0.251859,0.732149,0.274469,0.917047,0.031507,0.863029,0.766410,0.882164,0.721987,0.688587,0.726205,0.662065
ENSDARG00000090470_0_9,-8.6000,-8.6811,0.125000,0.141432,0.313144,-24.3000,-25.9405,0.125000,0.116696,0.329897,0.112248,0.320204,0.004845,0.158456,0.005557,0.148656,0.997895,0.996454,0.003541,0.014115,0.000722,0.010583,0.000080,0.009585,0.006555,0.014921,1.000000,0.999265,0.999999,0.997881,0.999999,0.996784,0.999986,0.997479,0.006575,0.015553,0.000090,0.001444,0.000706,0.001472,0.004623,0.006185,0.004525,0.041033,0.002522,0.004230,0.112466,0.088916,0.999949,0.774733
ENSDARG00000090679_0_1,-2.2000,-2.4185,0.625000,0.640405,0.683832,-18.2000,-20.2747,0.375000,0.491880,0.633838,0.028253,0.180093,0.022136,0.148754,0.044879,0.239184,0.973659,0.960794,0.805378,0.811760,0.973178,0.942746,0.993375,0.980778,0.984988,0.880142,0.984326,0.881445,0.777691,0.801593,0.996790,0.961162,0.968757,0.953270,0.999662,0.992976,0.043307,0.238338,0.040279,0.082007,0.043300,0.075791,0.999282,0.606189,0.998655,0.893103,0.999227,0.536854,0.999524,0.509785
ENSDARG00000090679_0_2,-0.4000,-0.7350,1.000000,0.972651,0.856261,-17.9000,-19.6009,1.000000,0.852785,0.706728,0.372206,0.352880,0.389875,0.298504,1.000000,0.525431,0.970787,0.520378,0.916882,0.831753,0.933065,0.850191,0.984338,0.873152,0.406278,0.659339,0.402659,0.621083,0.988120,0.637757,0.993849,0.619041,0.985958,0.522779,0.944617,0.874989,0.942989,0.853413,0.981762,0.869377,0.977329,0.966815,0.977763,0.972162,0.984277,0.964969,0.980483,0.759319,0.991988,0.561235
ENSDARG00000090679_0_3,-0.8000,-1.2549,0.750000,0.738946,0.789193,-21.7000,-22.6783,0.250000,0.323986,0.649079,0.939472,0.979621,0.834337,0.990842,0.882173,0.994484,1.000000,0.998716,0.933577,0.990512,0.864554,0.992234,1.000000,0.998705,1.000000,0.996694,0.223283,0.240624,0.205070,0.215018,0.997431,0.996266,0.992399,0.995976,0.999384,0.996599,0.997133,0.996310,0.339652,0.242475,0.279424,0.233666,0.949956,0.100820,0.872160,0.006891,0.636320,0.004349,0.837541,0.010775
ENSDARG00000090679_0_4,-2.9000,-3.2272,0.625000,0.733363,0.576826,-20.7000,-22.4048,0.250000,0.618474,0.537101,0.765066,0.844335,0.064775,0.432242,0.102264,0.457915,0.258033,0.583201,0.317812,0.617285,0.320795,0.237016,0.949632,0.571052,0.995597,0.573136,0.997605,0.571689,0.700017,0.389061,0.084486,0.029409,0.113536,0.487888,0.291690,0.590503,0.315001,0.613290,0.312655,0.612323,0.998223,0.514333,0.955771,0.497911,0.999141,0.980350,0.995103,0.613815,0.999318,0.525266
ENSDARG00000090679_0_5,-1.2000,-1.5584,0.625000,0.678802,0.635071,-16.7000,-18.8858,0.375000,0.553900,0.554995,0.895214,0.869799,0.765589,0.520751,0.810962,0.600291,0.947679,0.961099,0.314243,0.289508,0.193789,0.208730,0.199151,0.195720,0.223851,0.195972,0.996258,0.938938,0.906838,0.863216,0.896999,0.878925,0.120431,0.145756,0.200603,0.205599,0.182908,0.133441,0.269642,0.201344,0.913421,0.881907,0.999262,0.976930,0.999518,0.964346,0.929745,0.540221,0.935317,0.527411
ENSDARG00000090679_0_6,-2.4000,-2.7287,1.000000,0.948028,0.704370,-24.4000,-25.3121,0.250000,0.258405,0.414836,0.081195,0.042636,0.055593,0.017892,0.117835,0.058288,0.937515,0.996553,0.997900,0.999916,0.999572,0.999896,0.362572,0.250088,0.207435,0.112528,0.150040,0.039928,0.797071,0.837383,0.804168,0.876211,0.992278,0.998157,0.880477,0.993066,0.878921,0.026837,0.978505,0.021228,0.931297,0.014688,0.940517,0.012707,0.996441,0.001112,0.990598,0.004231,0.987468,0.993366
ENSDARG00000090679_0_7,0.0000,-0.9646,1.000000,0.833420,0.785197,-18.1000,-19.3921,0.625000,0.632799,0.636521,0.686601,0.947292,0.548126,0.902488,0.744851,0.925075,0.893884,0.976822,0.989178,0.959237,0.741293,0.900085,0.947946,0.387836,0.649327,0.273062,0.643388,0.232614,0.777995,0.180395,0.704529,0.208941,0.709472,0.774187,0.999634,0.282287,0.651865,0.168348,0.470405,0.161326,0.634655,0.862785,0.999598,0.977058,0.999672,0.966292,0.954419,0.822294,0.957111,0.822005
ENSDARG00000090679_0_8,-4.3000,-4.8560,0.750000,0.683353,0.547350,-21.2000,-22.9946,0.375000,0.413365,0.440295,0.669921,0.699059,0.742837,0.759287,0.013704,0.027230,0.000821,0.019614,0.010771,0.013495,0.036653,0.037780,0.998915,0.973833,0.999926,0.975021,0.999701,0.977647,0.986016,0.965678,0.016271,0.020667,0.004645,0.029673,0.020815,0.047441,0.012551,0.036755,0.999895,0.995867,0.436025,0.396453,0.999895,0.527223,0.998613,0.382925,0.999261,0.249099,0.999766,0.671158
ENSDARG00000090679_0_9,-1.4000,-1.7242,0.625000,0.671278,0.722106,-22.1000,-23.4588,0.375000,0.393217,0.357806,0.327767,0.993307,0.220249,0.729572,0.194362,0.702410,0.966847,0.222854,0.835251,0.095383,0.849790,0.010652,0.844418,0.004334,0.998794,0.007677,0.966247,0.085939,0.981166,0.991552,0.900716,0.047124,0.986289,0.119581,0.249669,0.994271,0.235573,0.019895,0.331504,0.004156,0.848505,0.008378,0.851332,0.017787,0.882784,0.106679,0.997068,0.998459,0.973792,0.996115
ENSDARG00000090679_0_10,-2.6000,-2.7814,0.625000,0.653560,0.719451,-18.8000,-20.8775,0.625000,0.595750,0.562212,0.978963,0.542087,0.982979,0.353173,0.999796,0.345251,0.990725,0.348228,0.978038,0.973313,0.974580,0.318768,0.206425,0.149006,0.049417,0.634697,0.037290,0.103262,0.999450,0.963816,0.981195,0.873145,0.981676,0.873483,0.999502,0.898160,0.043797,0.560710,0.029987,0.547493,0.225480,0.754632,0.986804,0.438823,0.997091,0.929230,0.987885,0.388427,0.957935,0.248528
ENSDARG00000091481_0_1,-1.5000,-2.3514,0.625000,0.650160,0.689292,-21.1000,-22.7917,0.750000,0.518565,0.561705,0.828072,0.875469,0.804906,0.865178,0.935198,0.969466,0.713580,0.308100,0.653025,0.238881,0.677011,0.226625,0.935091,0.545202,0.895635,0.531247,0.661464,0.530519,0.262716,0.459312,0.256063,0.693137,0.961787,0.842452,0.787371,0.364005,0.757189,0.220132,0.794210,0.620716,0.361013,0.459627,0.258495,0.482104,0.547035,0.798189,0.779937,0.756798,0.916033,0.446950
ENSDARG00000091481_0_2,-6.8000,-6.8133,0.750000,0.750047,0.501912,-22.5000,-24.0699,0.750000,0.688334,0.479238,0.997255,0.993427,0.005619,0.017492,0.000286,0.013737,0.000956,0.002353,0.000203,0.000355,0.015134,0.015063,0.999727,0.983242,0.999982,0.993901,0.999987,0.991605,0.015854,0.031710,0.000763,0.016937,0.002099,0.018257,0.000295,0.016806,0.002076,0.018157,0.998784,0.994301,0.999786,0.938713,0.999989,0.983462,0.999624,0.913547,0.999847,0.904365,0.999972,0.737321
ENSDARG00000091481_0_3,-2.4000,-3.1864,0.500000,0.789283,0.690478,-19.8000,-21.4681,0.750000,0.715688,0.644671,0.151102,0.260553,0.228974,0.340020,0.241006,0.368736,0.379303,0.549644,0.970601,0.955232,0.947454,0.930344,0.986218,0.943767,0.997660,0.973750,0.471152,0.201245,0.457734,0.183103,0.937658,0.889362,0.726440,0.572166,0.926560,0.878815,1.000000,0.929528,0.582923,0.751140,0.577546,0.746336,0.999900,0.986152,0.612596,0.307479,0.616159,0.295263,0.998579,0.830791
ENSDARG00000091481_0_4,-4.8000,-5.4357,0.500000,0.445181,0.490524,-21.2000,-23.1458,0.375000,0.347629,0.455876,0.995983,0.992284,0.951657,0.950595,0.577325,0.607476,0.033009,0.082882,0.002689,0.011419,0.000536,0.002066,0.000703,0.002641,0.343613,0.344532,0.999735,0.998422,0.999946,0.999323,0.999973,0.999402,0.343854,0.345459,0.000964,0.003142,0.000518,0.002691,0.002712,0.012487,0.010110,0.011464,0.956298,0.888178,0.599723,0.624169,0.999991,0.994941,0.991133,0.243956
ENSDARG00000091481_0_5,-2.9000,-3.2812,0.875000,0.883337,0.564921,-20.1000,-21.5795,0.625000,0.680243,0.480156,0.114840,0.119629,0.013484,0.010250,0.066507,0.070950,0.106354,0.094684,0.367065,0.374933,0.994638,0.990229,0.998100,0.992663,0.997521,0.991545,0.387043,0.382749,0.111909,0.095381,0.036572,0.019845,0.037700,0.018306,0.194460,0.187603,0.985268,0.991757,0.981211,0.985484,0.968815,0.514688,0.962249,0.493975,0.993514,0.664145,0.982072,0.647502,0.999105,0.956792
ENSDARG00000091481_0_6,-2.9000,-2.9697,1.000000,0.972433,0.699071,-20.5000,-21.6306,1.000000,0.992143,0.580565,0.955521,0.198864,0.086735,0.027243,0.009506,0.006952,0.018049,0.037304,0.927000,0.978675,0.999979,0.986071,0.994555,0.902272,0.999673,0.303918,0.998560,0.148082,0.102771,0.035470,0.093525,0.041436,0.016085,0.007874,0.926608,0.993709,0.917717,0.992266,0.989255,0.998036,0.947072,0.992569,0.999522,0.992561,0.999337,0.984834,0.999994,0.998372,0.999958,0.984796
ENSDARG00000091481_0_7,-4.5000,-4.9066,0.250000,0.321738,0.457118,-25.8000,-27.6817,0.250000,0.281686,0.210895,0.996829,0.438293,0.997835,0.190284,0.997955,0.075150,0.998442,0.007493,0.998129,0.000290,0.311362,0.000332,0.005355,0.000039,0.006297,0.001423,0.002881,0.002306,0.005988,0.003660,0.247616,0.245414,0.999757,0.999719,0.998232,0.998066,0.998315,0.998134,0.246175,0.245604,0.004673,0.005182,0.002992,0.002353,0.004709,0.003142,0.005912,0.000501,0.312896,0.000505
ENSDARG00000091481_0_8,-3.9000,-3.9948,0.500000,0.520457,0.612951,-21.1000,-22.4309,0.375000,0.439694,0.621264,0.966005,0.956268,0.090477,0.540853,0.081635,0.440262,0.064676,0.235125,0.053005,0.296634,0.936923,0.931574,0.956458,0.966143,0.999631,0.963208,0.999998,0.970836,0.986424,0.839110,0.960125,0.796244,0.999999,0.971471,0.065028,0.242185,0.049887,0.233717,0.999990,0.998949,0.048272,0.049508,0.020239,0.036913,1.000000,0.943061,0.986872,0.924635,0.993368,0.088587
ENSDARG00000091481_0_9,-1.1000,-1.5350,0.750000,0.753236,0.792955,-17.4000,-19.7419,0.500000,0.614049,0.569703,0.455175,0.653600,0.948042,0.444386,0.999971,0.422339,0.492664,0.397422,0.882455,0.794835,0.600115,0.132008,0.595612,0.231538,1.000000,0.999958,0.929425,0.282307,0.929757,0.317326,1.000000,0.909146,1.000000,0.896814,0.215656,0.749717,0.715107,0.910224,0.999578,0.958989,0.311737,0.252763,0.933338,0.418944,0.997139,0.960202,0.924150,0.385625,0.929185,0.275926
ENSDARG00000091481_0_10,-0.6000,-1.4446,0.625000,0.702391,0.654415,-17.6000,-19.8292,1.000000,0.433430,0.537208,0.164208,0.869100,0.157122,0.859056,0.489792,0.888177,0.915995,0.967677,0.629056,0.935313,0.599441,0.936190,0.598087,0.927883,0.994009,0.296618,0.997500,0.226244,0.833298,0.166147,0.545648,0.099455,0.545021,0.104858,0.194499,0.216908,0.222055,0.236872,0.217672,0.827093,0.989591,0.909971,0.998657,0.318305,0.998864,0.306249,0.998708,0.306341,0.999085,0.345701
ENSDARG00000092067_5_1,-4.9000,-5.3055,0.250000,0.322349,0.442780,-23.0000,-24.1444,0.375000,0.330290,0.510972,0.296923,0.758952,0.182199,0.789313,1.000000,0.954662,0.047424,0.099064,0.571673,0.157934,0.021675,0.033268,0.153425,0.794639,0.155802,0.809485,1.000000,0.999213,0.999158,0.970389,0.999084,0.988403,0.849452,0.221807,0.004151,0.047238,0.002431,0.046500,0.172538,0.852103,0.458163,0.606255,0.723461,0.067810,0.037709,0.038121,0.180350,0.031571,0.999988,0.952719
ENSDARG00000092067_5_2,-0.5000,-1.1482,0.500000,0.668802,0.730452,-19.3000,-21.0725,0.625000,0.652058,0.526972,0.971507,0.970613,0.986249,0.969337,0.996982,0.981078,0.985888,0.948752,0.997524,0.311051,0.997455,0.085402,0.681010,0.036336,0.226819,0.019114,0.255184,0.017773,0.637366,0.850283,0.569698,0.011561,0.952935,0.121683,0.986022,0.858833,0.665950,0.988338,0.298677,0.986899,0.313992,0.950012,0.594643,0.268693,0.566464,0.145598,0.932935,0.971747,0.991733,0.046342
ENSDARG00000092067_5_3,0.0000,-0.0118,1.000000,0.998537,0.997917,-15.6000,-17.3348,1.000000,0.869304,0.901493,0.998828,0.976128,0.999846,0.967913,0.999217,0.967214,0.997954,0.960188,0.990715,0.918725,0.999857,0.959754,1.000000,0.959454,1.000000,0.845931,0.998162,0.841051,0.988452,0.773172,0.999859,0.967442,0.997148,0.938454,0.999819,0.849405,0.997459,0.763280,0.997289,0.784748,0.997730,0.808858,0.998848,0.933149,0.998551,0.981555,0.998999,0.990677,0.999602,0.842757
ENSDARG00000092067_5_4,-3.2000,-3.3402,1.000000,0.964648,0.613499,-22.2000,-23.7301,0.625000,0.574119,0.397331,0.106127,0.957493,0.048935,0.953144,0.082443,0.948604,0.105872,0.065533,0.943025,0.047419,0.951908,0.045197,0.960656,0.045633,0.177496,0.007362,0.118026,0.019506,0.054066,0.022332,0.061730,0.020502,0.942508,0.220934,0.944795,0.626402,0.953033,0.986692,0.955394,0.986361,0.998453,0.962818,0.949968,0.606478,0.952711,0.191872,0.980121,0.180473,0.982710,0.051858
ENSDARG00000092067_5_5,-5.7000,-5.8584,0.625000,0.625316,0.608580,-22.2000,-23.6837,0.250000,0.396499,0.517064,0.803249,0.803419,0.004859,0.004928,0.002994,0.003042,0.191407,0.191472,0.084166,0.084207,1.000000,0.999995,0.999191,0.999146,0.999909,0.999865,0.999966,0.999947,0.999343,0.999321,0.868225,0.868144,0.215771,0.215794,0.000265,0.000267,0.000129,0.000171,0.002437,0.002479,1.000000,0.998830,1.000000,0.645497,0.999991,0.618435,0.999707,0.282256,1.000000,0.624060
ENSDARG00000092067_5_6,-0.3000,-1.4999,0.750000,0.670659,0.675518,-16.8000,-18.9411,0.500000,0.599837,0.618081,0.707058,0.797108,0.895083,0.881893,0.605315,0.654760,0.976733,0.678692,0.935303,0.616803,0.289346,0.272469,0.358161,0.642550,0.245194,0.254972,0.896554,0.597990,0.959963,0.922759,1.000000,0.716020,0.276382,0.526901,0.234423,0.175791,0.240340,0.209927,0.884554,0.910357,0.889130,0.902001,0.658319,0.782954,0.946693,0.934736,0.524387,0.344534,0.987430,0.538398
ENSDARG00000092067_5_7,-0.5000,-1.1964,0.625000,0.694608,0.770770,-18.3000,-20.6378,0.625000,0.475734,0.697818,0.943055,0.986341,0.867883,0.816260,0.783949,0.597899,0.707669,0.595543,0.858156,0.973738,0.896576,0.817147,0.764607,0.963777,0.867944,0.984633,0.775414,0.970376,0.938237,0.989609,0.853190,0.697386,0.601860,0.757774,0.429651,0.433234,0.917215,0.760857,0.880345,0.963551,0.977388,0.839170,0.777733,0.392813,0.486766,0.214208,0.335085,0.171114,0.752678,0.030928
ENSDARG00000092067_5_9,-2.6000,-3.2183,0.375000,0.554022,0.590952,-21.1000,-22.0906,0.500000,0.508190,0.483654,0.821106,0.101784,0.028204,0.040973,0.032409,0.070307,0.279059,0.931179,0.991073,0.980503,0.670568,0.978953,0.375591,0.099298,0.379682,0.092227,0.828707,0.128037,0.995649,0.980410,0.991618,0.987633,0.993189,0.216254,0.997551,0.212891,0.983476,0.203603,0.195704,0.148375,0.534432,0.170004,0.294466,0.823193,0.211031,0.796975,0.215580,0.740464,0.999937,0.970017
ENSDARG00000092067_5_10,-0.5000,-0.8847,0.625000,0.754659,0.792871,-19.2000,-20.4423,0.875000,0.836960,0.569052,0.954247,0.981458,0.965819,0.981103,0.968507,0.283365,0.999208,0.154599,0.998369,0.123103,0.997107,0.664000,0.414518,0.653757,0.242441,0.011670,0.282603,0.014333,0.998789,0.363995,0.999262,0.088663,0.999283,0.365310,0.996165,0.374488,0.995626,0.995533,0.885804,0.992353,0.320619,0.981994,0.412734,0.984937,0.435163,0.704295,0.994860,0.998338,0.996304,0.663745
ENSDARG00000093357_3_1,-4.0000,-4.3634,0.125000,0.245293,0.382654,-19.8000,-21.7607,0.125000,0.248125,0.395961,0.843402,0.760774,0.165547,0.259698,0.222666,0.346491,0.034971,0.059765,0.005879,0.013960,0.019548,0.033816,0.279662,0.350257,0.256427,0.329981,0.998557,0.995750,0.999845,0.996854,0.999868,0.996965,0.864369,0.789917,0.105656,0.095912,0.133407,0.126890,0.959041,0.947389,0.013480,0.017096,0.027150,0.037848,0.180148,0.283150,0.223782,0.349325,0.319678,0.127389
ENSDARG00000093357_3_2,-5.3000,-5.4411,1.000000,0.872768,0.575762,-22.5000,-23.6664,0.750000,0.683420,0.481849,0.182573,0.054843,0.164590,0.048827,0.102502,0.032533,0.009497,0.007493,0.804561,0.944428,0.807979,0.945518,0.819513,0.948835,0.868669,0.962874,0.199440,0.059585,0.197005,0.056266,0.194371,0.054469,0.182402,0.053957,0.853748,0.850814,0.819683,0.806378,0.812862,0.795105,0.804614,0.312118,0.804403,0.397793,0.904133,0.946303,0.983601,0.665688,0.999104,0.693159
ENSDARG00000093357_3_3,-2.9000,-3.3403,0.500000,0.537824,0.629368,-20.1000,-21.3672,0.500000,0.506641,0.560470,0.996978,0.993977,0.995167,0.992106,0.399594,0.813318,0.997085,0.988899,0.046228,0.095528,0.022603,0.036610,0.020250,0.034701,0.987716,0.978517,0.824190,0.709987,0.997470,0.995747,0.997828,0.266114,0.999668,0.250779,0.999973,0.250108,0.834762,0.208553,0.013147,0.013513,0.008756,0.011642,0.043066,0.763564,0.996237,0.994792,0.407909,0.859090,0.998741,0.951862
ENSDARG00000093357_3_4,-8.0000,-8.5925,0.250000,0.254303,0.403415,-24.2000,-26.1645,0.000000,0.119394,0.344151,0.965595,0.850183,0.007579,0.013044,0.004231,0.010386,0.159232,0.217082,0.403692,0.377324,0.443040,0.412670,0.003850,0.003638,0.046944,0.043977,0.999998,0.999986,0.999999,0.999994,0.999854,0.999817,0.999858,0.999771,0.006144,0.005978,0.044786,0.041767,0.000260,0.000287,0.005839,0.006797,0.026290,0.089278,0.026551,0.089185,0.977939,0.439057,0.946614,0.282805
ENSDARG00000093357_3_5,-0.9000,-1.9264,0.500000,0.599196,0.652456,-16.8000,-19.5967,0.625000,0.545341,0.611562,0.614450,0.717889,0.806552,0.691882,0.100122,0.148212,0.324955,0.497359,0.211858,0.309142,0.728401,0.707517,0.911800,0.852366,0.923279,0.812898,0.850760,0.649203,0.794685,0.562885,0.992002,0.985296,0.996693,0.933860,0.629924,0.647809,0.807298,0.793875,0.366755,0.496408,0.247437,0.412275,0.371833,0.538101,0.902803,0.620569,0.540534,0.275150,0.926980,0.578540
ENSDARG00000093357_3_7,-0.6000,-1.3771,1.000000,0.893728,0.676508,-21.8000,-23.2306,0.750000,0.585404,0.434445,0.811222,0.996747,0.594441,0.507270,0.916272,0.475272,0.237113,0.098744,0.173764,0.026201,0.176472,0.020102,0.977732,0.025340,0.961501,0.022371,0.966344,0.026587,0.167740,0.044138,0.167065,0.829600,0.230677,0.933297,0.998316,0.554384,0.629295,0.604517,0.968303,0.896586,0.834912,0.933362,0.821084,0.416328,0.962016,0.465117,0.962413,0.418009,0.973480,0.394929
ENSDARG00000093357_3_8,-1.6000,-1.8483,1.000000,0.985668,0.807999,-18.8000,-20.5113,0.875000,0.873144,0.652735,0.850943,0.874571,0.856067,0.871414,0.998310,0.939142,0.304424,0.870335,0.232383,0.921723,0.924407,0.935428,0.999987,0.209718,0.999971,0.134488,0.999982,0.145658,0.999985,0.155768,0.053425,0.005009,0.054758,0.006283,1.000000,0.999698,1.000000,0.999456,0.971813,0.995370,1.000000,0.998737,1.000000,0.998698,1.000000,0.998319,0.956211,0.920732,0.957324,0.074144
ENSDARG00000093357_3_9,-5.2000,-5.7191,0.375000,0.378611,0.458344,-20.9000,-22.9353,0.375000,0.347972,0.469252,0.556441,0.580916,0.011727,0.132618,0.004059,0.121569,0.443801,0.453648,0.006783,0.073486,0.553289,0.601532,0.452309,0.518220,0.555030,0.606343,0.999946,0.977504,0.999888,0.960585,0.999991,0.998707,0.554721,0.576143,0.005400,0.057149,0.559496,0.502626,0.447714,0.392474,0.000427,0.000747,0.004050,0.004044,0.011858,0.010913,0.999944,0.983907,0.999998,0.831914
ENSDARG00000093357_3_10,0.0000,-0.4670,1.000000,0.944369,0.880662,-20.8000,-21.7136,0.875000,0.871604,0.603612,0.596295,0.112863,0.507871,0.003458,0.879826,0.003422,0.889033,0.003993,0.996277,0.008408,0.966612,0.945555,0.994784,0.981064,0.841401,0.938539,0.828511,0.940971,0.983644,0.991348,0.786134,0.083699,0.787889,0.086091,0.964382,0.981535,0.993632,0.997362,0.878629,0.999021,0.861274,0.991864,0.883989,0.997854,0.999109,0.986169,0.977114,0.999722,0.996826,0.019302
ENSDARG00000095833_0_1,-1.0000,-1.9606,0.500000,0.534616,0.606786,-19.0000,-20.3779,0.500000,0.487852,0.509365,0.071800,0.827416,0.080940,0.847827,0.345012,0.403723,0.258887,0.358599,0.836322,0.424951,0.861969,0.896818,0.606616,0.303355,0.994664,0.378067,0.984020,0.420610,0.978345,0.948645,0.924733,0.331368,0.915487,0.143109,0.934088,0.144782,0.403151,0.109720,0.568165,0.802779,0.402439,0.806773,0.164631,0.848066,0.109910,0.745834,0.695228,0.280945,0.999321,0.163917
ENSDARG00000095833_0_3,0.0000,-0.1683,1.000000,0.995040,0.962013,-15.7000,-17.7388,1.000000,0.900584,0.834410,0.985946,0.951920,0.964723,0.927562,0.978449,0.930163,0.864304,0.888843,0.858743,0.688299,0.994024,0.795012,0.998280,0.735677,0.998753,0.723632,0.994090,0.630010,0.870655,0.744169,0.772307,0.476427,0.999658,0.991810,0.999296,0.985092,0.999622,0.975818,0.989077,0.902200,0.985417,0.867605,0.994015,0.908048,0.999866,0.929729,0.994838,0.976568,0.998192,0.659612
ENSDARG00000095833_0_5,-1.4000,-2.0873,0.500000,0.626072,0.659925,-22.3000,-23.7160,0.250000,0.260582,0.498648,0.772651,0.186153,0.212378,0.182240,0.447214,0.964767,0.997634,0.964802,0.626851,0.963637,0.605379,0.942444,0.440935,0.246906,0.458445,0.262796,0.747464,0.973459,0.941998,0.926512,0.941199,0.625657,0.997771,0.648937,0.999953,0.745578,0.747834,0.203041,0.210472,0.050850,0.215128,0.007420,0.994434,0.036438,0.428511,0.037676,0.415892,0.046512,0.996355,0.957143
ENSDARG00000095833_0_6,-0.6000,-1.0924,0.750000,0.841626,0.711465,-19.3000,-20.6179,0.375000,0.511529,0.579714,0.543576,0.571987,0.991625,0.990896,0.215072,0.263513,0.191106,0.237514,0.188489,0.243647,0.996764,0.996117,0.997230,0.978777,0.998265,0.976658,0.998889,0.927459,0.999583,0.923911,0.180472,0.163664,0.195214,0.227897,0.213900,0.221842,0.997997,0.998050,0.538991,0.522462,0.997261,0.239508,0.999622,0.948795,0.995058,0.951639,0.993878,0.141745,0.996301,0.068192
ENSDARG00000095833_0_7,0.0000,-0.0590,1.000000,0.983985,0.979895,-18.6000,-20.0513,1.000000,0.974254,0.534317,0.998734,0.859562,0.995880,0.082959,0.962810,0.186868,0.953639,0.025959,0.957278,0.028870,0.988697,0.126791,0.998333,0.848944,0.996656,0.402483,0.995177,0.060887,0.977407,0.079998,0.949692,0.123532,0.951721,0.065445,0.991857,0.982905,0.996705,0.970507,0.989387,0.978102,0.982554,0.997725,0.957635,0.990621,0.958229,0.959072,0.997990,0.986511,0.997519,0.928588
ENSDARG00000095833_0_8,-1.8000,-2.4310,0.500000,0.599537,0.569756,-20.5000,-22.3937,0.375000,0.390921,0.449102,0.041894,0.135848,0.040187,0.128572,0.883460,0.471314,0.315481,0.841918,0.177873,0.800230,0.275908,0.824572,0.866762,0.488519,0.866825,0.333152,0.867678,0.330653,0.983314,0.787091,0.981614,0.443999,0.297829,0.268806,0.179414,0.276660,0.277151,0.499771,0.962168,0.785861,0.479427,0.617773,0.199730,0.598979,0.706890,0.033908,0.992466,0.025804,0.999047,0.288612
ENSDARG00000095833_0_9,-1.2000,-1.7092,1.000000,0.838954,0.744948,-16.6000,-18.6465,1.000000,0.801946,0.725448,0.551262,0.564454,0.165930,0.223564,0.582121,0.578008,0.756664,0.773680,0.728932,0.709303,0.895075,0.847265,0.887977,0.847161,0.928460,0.862520,0.952320,0.897097,0.390683,0.401688,0.369458,0.408828,0.978436,0.979823,0.979499,0.950533,0.766484,0.765244,0.727440,0.719294,0.684388,0.646860,0.678371,0.623984,0.929656,0.887689,0.950166,0.907575,0.995631,0.914390
ENSDARG00000095833_0_10,0.0000,-0.4824,1.000000,0.847506,0.852964,-16.8000,-19.0924,1.000000,0.879821,0.645723,0.884302,0.427134,0.782636,0.318445,0.775461,0.311849,0.687893,0.969336,0.700788,0.974445,0.700398,0.398809,0.999322,0.577684,0.998784,0.428072,0.998212,0.407772,0.995450,0.404501,0.890727,0.382424,0.865254,0.275418,0.987457,0.992439,0.998815,0.997165,0.610440,0.965528,0.603148,0.797329,0.599515,0.755546,0.985861,0.785339,0.995016,0.859131,0.999795,0.886093
