guide_id,vienna_mfe_energy_spacer,vienna_ensemble_energy_spacer,vienna_seed_mfe_spacer,vienna_seed_ensemble_spacer,vienna_mean_unpaired_spacer,vienna_mfe_energy_full,vienna_ensemble_energy_full,vienna_seed_mfe_full,vienna_seed_ensemble_full,vienna_mean_unpaired_full,vienna_unpaired_spacer_01,vienna_unpaired_full_01,vienna_unpaired_spacer_02,vienna_unpaired_full_02,vienna_unpaired_spacer_03,vienna_unpaired_full_03,vienna_unpaired_spacer_04,vienna_unpaired_full_04,vienna_unpaired_spacer_05,vienna_unpaired_full_05,vienna_unpaired_spacer_06,vienna_unpaired_full_06,vienna_unpaired_spacer_07,vienna_unpaired_full_07,vienna_unpaired_spacer_08,vienna_unpaired_full_08,vienna_unpaired_spacer_09,vienna_unpaired_full_09,vienna_unpaired_spacer_10,vienna_unpaired_full_10,vienna_unpaired_spacer_11,vienna_unpaired_full_11,vienna_unpaired_spacer_12,vienna_unpaired_full_12,vienna_unpaired_spacer_13,vienna_unpaired_full_13,vienna_unpaired_spacer_14,vienna_unpaired_full_14,vienna_unpaired_spacer_15,vienna_unpaired_full_15,vienna_unpaired_spacer_16,vienna_unpaired_full_16,vienna_unpaired_spacer_17,vienna_unpaired_full_17,vienna_unpaired_spacer_18,vienna_unpaired_full_18,vienna_unpaired_spacer_19,vienna_unpaired_full_19,vienna_unpaired_spacer_20,vienna_unpaired_full_20
ENSDARG00000001244_13_1,0.0000,-0.4697,1.000000,0.871011,0.869335,-25.5000,-26.3196,0.500000,0.525989,0.507761,0.922591,0.004491,0.901892,0.002961,0.956905,0.002970,0.942116,0.002945,0.904943,0.010666,0.760122,0.051136,0.779011,0.956503,0.997751,0.996048,0.786035,0.987461,0.744250,0.985120,0.874458,0.986617,0.848530,0.960399,0.826861,0.963053,0.825989,0.027118,0.876342,0.018547,0.841976,0.033546,0.781010,0.985679,0.832272,0.987622,0.991829,0.988629,0.991812,0.203717
ENSDARG00000001244_13_2,0.0000,-0.8677,1.000000,0.963687,0.841255,-18.1000,-20.5497,0.625000,0.450732,0.594906,0.346658,0.225065,0.347372,0.226004,0.945985,0.972544,0.934542,0.759776,0.933295,0.770767,0.947031,0.951039,0.812746,0.845082,0.783987,0.652735,0.738161,0.616646,0.591719,0.632132,0.735359,0.760664,0.998743,0.879808,0.999801,0.259698,0.994333,0.166437,0.989721,0.151764,0.914365,0.256165,0.984344,0.558639,0.947910,0.960080,0.924617,0.977078,0.954402,0.275999
ENSDARG00000001244_13_3,-1.7000,-2.0378,0.875000,0.857323,0.647636,-20.0000,-21.7419,0.625000,0.579648,0.505653,0.165467,0.405647,0.927807,0.349165,0.086651,0.604336,0.114601,0.305092,0.324637,0.282637,0.908166,0.329992,0.990466,0.980369,0.957171,0.917758,0.334274,0.835737,0.131003,0.157478,0.165167,0.185219,0.988719,0.122450,0.212539,0.390828,0.922668,0.622082,0.920148,0.150219,0.921885,0.162021,0.926004,0.609247,0.980184,0.884912,0.982161,0.897864,0.992995,0.920011
ENSDARG00000001244_13_4,-1.7000,-2.5241,0.625000,0.688607,0.560176,-26.0000,-26.8545,0.250000,0.292130,0.416908,0.226621,0.983948,0.145868,0.983492,0.497814,0.995330,0.587373,0.996692,0.066134,0.020105,0.088415,0.004750,0.995846,0.005579,0.995249,0.004704,0.998821,0.004624,0.799380,0.009968,0.052574,0.995900,0.240559,0.996027,0.095433,0.995985,0.184160,0.010757,0.266490,0.009787,0.998908,0.053750,0.987185,0.990681,0.996552,0.203641,0.984361,0.011195,0.995768,0.061245
ENSDARG00000001244_13_5,-0.3000,-1.3623,0.750000,0.721849,0.718912,-25.6000,-27.3787,0.500000,0.497556,0.244418,0.476101,0.003261,0.437052,0.001449,0.696226,0.001796,0.796865,0.001619,0.839999,0.006169,0.847085,0.006823,0.856397,0.020579,0.922322,0.023302,0.847368,0.190605,0.603929,0.146852,0.497825,0.119918,0.782276,0.385527,0.486320,0.114985,0.475749,0.180614,0.931479,0.434379,0.915490,0.450372,0.963538,0.887585,0.830810,0.903226,0.560017,0.506108,0.611389,0.503180
ENSDARG00000001244_13_6,-1.0000,-1.5108,0.500000,0.634060,0.690870,-23.1000,-25.0916,0.125000,0.186969,0.456217,0.914788,0.874574,0.898997,0.838449,0.909786,0.818770,0.958662,0.837687,0.985913,0.860345,0.342696,0.900751,0.342894,0.561829,0.346386,0.428130,0.833314,0.386200,0.302871,0.273495,0.926931,0.405367,0.981684,0.442982,0.897658,0.839899,0.913303,0.043235,0.502175,0.019436,0.943451,0.050855,0.353111,0.147084,0.308461,0.143056,0.242129,0.130445,0.912196,0.121742
ENSDARG00000001244_13_7,0.0000,-0.3365,1.000000,0.992330,0.919173,-25.5000,-26.5328,0.750000,0.757115,0.435275,0.952951,0.043684,0.947566,0.032708,0.903188,0.032764,0.999310,0.045224,0.730915,0.300940,0.705517,0.977115,0.975134,0.962488,0.987078,0.240701,0.999283,0.003481,0.962346,0.000989,0.685582,0.003346,0.595942,0.005127,0.976282,0.902527,0.996854,0.769786,0.992762,0.180920,0.995557,0.273921,0.987291,0.936383,0.993820,0.997147,0.996897,0.999180,0.999175,0.997059
ENSDARG00000001244_13_8,0.0000,-0.5594,1.000000,0.881709,0.837713,-23.8000,-25.5165,0.500000,0.528524,0.324554,0.908261,0.585453,0.754018,0.031224,0.572215,0.114116,0.605282,0.915817,0.675120,0.059950,0.980186,0.054790,0.969195,0.024246,0.980094,0.027273,0.976169,0.086106,0.816360,0.156851,0.702417,0.123927,0.761273,0.083135,0.993789,0.148690,0.967022,0.199006,0.964528,0.893065,0.976792,0.766204,0.708390,0.925426,0.713471,0.914478,0.732870,0.184421,0.996809,0.196898
ENSDARG00000001244_13_9,-4.0000,-4.7794,0.625000,0.550844,0.541215,-24.7000,-27.3140,0.500000,0.489075,0.300824,0.380082,0.876767,0.379360,0.267095,0.163266,0.122338,0.242671,0.072939,0.528201,0.117860,0.605159,0.100672,0.662315,0.178177,0.849165,0.111833,0.845432,0.081464,0.629298,0.081008,0.322822,0.037603,0.809775,0.056119,0.157291,0.059273,0.265641,0.057501,0.149203,0.005679,0.627022,0.929988,0.629676,0.929740,0.849761,0.930380,0.850969,0.976505,0.877187,0.023537
ENSDARG00000001244_13_10,-1.8000,-2.7432,0.250000,0.314538,0.413074,-21.5000,-23.7490,0.375000,0.476485,0.447034,0.561606,0.501026,0.119103,0.330473,0.075629,0.645513,0.058417,0.443800,0.068313,0.405379,0.506644,0.353731,0.196870,0.688511,0.537594,0.648796,0.995189,0.715883,0.999338,0.148207,0.992388,0.110798,0.634089,0.136682,0.051465,0.318360,0.246453,0.803844,0.234430,0.614817,0.068820,0.571763,0.094761,0.440911,0.197502,0.508316,0.627041,0.336455,0.995831,0.217418
ENSDARG00000002193_0_1,-2.4000,-3.5128,0.375000,0.525385,0.525586,-27.1000,-28.5160,0.250000,0.588489,0.388481,0.474483,0.006443,0.397279,0.000577,0.439806,0.000703,0.039379,0.001757,0.329397,0.984551,0.289355,0.983361,0.879364,0.079903,0.709178,0.013156,0.696202,0.013610,0.986433,0.014588,0.559940,0.104067,0.507819,0.858986,0.690265,0.886375,0.328721,0.604863,0.234126,0.548654,0.232486,0.843340,0.287176,0.474382,0.712297,0.424376,0.814651,0.415000,0.903359,0.510925
ENSDARG00000002193_0_2,-2.4000,-2.7846,0.750000,0.754508,0.570937,-22.2000,-23.5431,0.375000,0.461328,0.394813,0.064582,0.715017,0.979451,0.594239,0.043245,0.638566,0.031680,0.137649,0.048684,0.019590,0.598936,0.023057,0.993122,0.021612,0.995051,0.022661,0.983982,0.045485,0.577759,0.160335,0.024476,0.900396,0.041710,0.927030,0.048894,0.922402,0.995482,0.286299,0.051675,0.265658,0.992804,0.109330,0.989248,0.081113,0.981765,0.056201,0.985827,0.984698,0.990369,0.984922
ENSDARG00000002193_0_3,-2.1000,-2.1776,0.875000,0.873951,0.709023,-26.1000,-27.6052,0.875000,0.770683,0.427007,0.107964,0.322588,0.104108,0.024323,0.076952,0.000959,0.978765,0.000076,0.945804,0.000075,0.948986,0.001187,0.938648,0.001878,0.991173,0.994966,0.998491,0.988255,0.990965,0.017266,0.058699,0.013661,0.048290,0.009438,0.053459,0.021042,1.000000,0.993746,0.972878,0.447141,0.970094,0.802957,0.999991,0.970962,0.999992,0.979822,0.997250,0.984057,0.997943,0.965740
ENSDARG00000002193_0_4,-1.9000,-2.0500,1.000000,0.986128,0.804455,-22.6000,-23.6924,0.000000,0.074888,0.422742,0.185553,0.147989,0.172561,0.134360,0.892120,0.882318,0.901755,0.894554,0.998832,0.998282,0.999950,0.997865,0.149730,0.142699,0.139732,0.139966,0.985309,0.907175,0.903774,0.796810,0.870758,0.816416,1.000000,0.997289,0.998084,0.023657,1.000000,0.020707,0.982573,0.027898,0.971809,0.106218,1.000000,0.122755,0.962134,0.079401,0.975295,0.102910,0.999128,0.115559
ENSDARG00000002193_0_5,-4.5000,-4.7603,0.625000,0.650419,0.625252,-26.0000,-27.3603,0.625000,0.562579,0.428517,0.950988,0.502562,0.327987,0.286492,1.000000,0.696677,0.985954,0.249609,0.009248,0.019493,0.006078,0.009378,0.089262,0.008160,0.947876,0.029359,0.947700,0.875415,1.000000,0.844180,0.973271,0.314284,0.063322,0.234087,0.052543,0.646787,0.041803,0.643009,1.000000,0.205841,0.945055,0.159554,0.233267,0.158357,1.000000,0.990567,0.970334,0.849092,0.960348,0.847430
ENSDARG00000002193_0_6,-6.1000,-6.4881,0.375000,0.384551,0.462010,-23.7000,-25.5985,0.250000,0.274696,0.499767,0.001638,0.748078,0.000076,0.724769,0.000879,0.679083,0.000973,0.720418,0.073929,0.859279,0.997165,0.958254,0.546404,0.359027,0.999057,0.403777,0.999997,0.403365,0.999974,0.435861,0.995298,0.894833,0.548403,0.611025,0.998388,0.135275,0.074614,0.064565,0.000876,0.078320,0.000925,0.009783,0.000126,0.001614,0.001586,0.001760,0.999944,0.953808,0.999945,0.952444
ENSDARG00000002193_0_7,-6.7000,-7.0406,0.250000,0.321742,0.446074,-23.7000,-25.7520,0.375000,0.423447,0.394282,0.966771,0.147877,0.966621,0.176477,0.371016,0.079392,0.004931,0.008636,0.020416,0.292115,0.033248,0.501910,0.033304,0.622656,0.065616,0.632319,0.985794,0.597767,0.966211,0.493038,0.966825,0.468067,0.966794,0.477813,0.966907,0.341191,0.999910,0.637459,0.064074,0.379509,0.033456,0.188976,0.033539,0.357229,0.034500,0.459636,0.037441,0.468827,0.404106,0.554749
ENSDARG00000002193_0_8,-3.6000,-4.0883,0.375000,0.336661,0.465535,-23.9000,-25.3719,0.250000,0.308414,0.498120,0.981224,0.889125,0.975059,0.710205,0.037809,0.687195,0.018472,0.789749,0.027817,0.863524,0.044994,0.768435,0.052387,0.367779,0.995496,0.315556,0.523488,0.285264,0.986968,0.735836,0.994219,0.797113,0.979489,0.285306,0.975568,0.256386,0.487985,0.531840,0.981699,0.016405,0.035313,0.010216,0.045302,0.165025,0.043920,0.173834,0.043734,0.974246,0.079767,0.339357
ENSDARG00000002193_0_9,-3.6000,-3.6691,1.000000,0.979149,0.686231,-22.1000,-23.2801,0.375000,0.489189,0.419108,0.004507,0.053005,0.003104,0.041952,0.016481,0.062321,0.996076,0.983252,0.999999,0.984969,0.999983,0.981734,0.999964,0.981393,0.016379,0.021916,0.007542,0.012261,0.008990,0.032061,0.907944,0.157129,0.930451,0.156661,0.995560,0.160213,0.995574,0.887485,0.999847,0.288593,0.988616,0.170126,0.998024,0.158199,0.930449,0.351475,0.925200,0.949080,0.999924,0.948340
ENSDARG00000002193_0_10,-2.4000,-2.9202,0.625000,0.710009,0.597819,-24.1000,-26.1139,0.625000,0.542795,0.343201,0.900453,0.419563,0.425893,0.164196,0.438066,0.300607,0.264083,0.078804,0.180079,0.067902,0.183454,0.083245,0.995640,0.237559,0.963404,0.067614,0.847955,0.135701,0.863200,0.163909,0.045926,0.009967,0.168149,0.792586,0.253068,0.802776,0.999853,0.934501,0.442896,0.831921,0.456284,0.918822,0.997516,0.818257,0.804782,0.006269,0.851094,0.005520,0.874578,0.024294
ENSDARG00000003025_2_1,-6.2000,-6.2493,0.500000,0.505974,0.498015,-24.4000,-25.7974,0.125000,0.231152,0.383572,0.003747,0.096183,0.000379,0.001271,0.001308,0.001615,0.012708,0.010811,0.017116,0.084238,0.982694,0.857158,0.962481,0.910765,0.999871,0.969877,0.988266,0.898165,0.979682,0.952772,0.945799,0.881222,0.018444,0.158139,0.024155,0.150283,0.014431,0.172635,0.013774,0.065556,0.026431,0.063074,0.989752,0.863771,0.989480,0.244210,0.989799,0.243172,0.999974,0.046513
ENSDARG00000003025_2_2,-1.4000,-2.4570,0.500000,0.696408,0.634640,-24.8000,-26.1737,0.375000,0.388052,0.471579,0.634554,0.771551,0.595579,0.189362,0.364783,0.240240,0.657107,0.416062,0.363662,0.586613,0.416007,0.898083,0.453551,0.579568,0.943234,0.638100,0.865701,0.895441,0.727612,0.694451,0.687126,0.405691,0.412612,0.012003,0.352794,0.002375,0.310475,0.007251,0.742242,0.048265,0.755562,0.021456,0.486574,0.026525,0.959231,0.999845,0.980861,0.999698,0.983525,0.999000
ENSDARG00000003025_2_3,0.0000,-0.6585,1.000000,0.745998,0.794548,-26.3000,-27.3326,0.500000,0.417617,0.406235,0.922771,0.421524,0.739827,0.398909,0.719368,0.414895,0.786506,0.072886,0.802836,0.625530,0.657894,0.239049,0.809022,0.129941,0.795812,0.245200,0.962278,0.372081,0.878445,0.474694,0.877921,0.500076,0.970300,0.888991,0.910555,0.625231,0.909471,0.643070,0.892659,0.041557,0.837122,0.012181,0.613740,0.005232,0.384060,0.016287,0.652794,0.999837,0.767583,0.997538
ENSDARG00000003025_2_4,-0.7000,-1.3263,0.500000,0.590248,0.660292,-21.1000,-22.4406,0.250000,0.363639,0.435665,0.970325,0.135213,0.935950,0.097898,0.958917,0.182374,0.732736,0.839065,0.280811,0.137426,0.265315,0.226643,0.293148,0.870785,0.373987,0.964253,0.903668,0.219441,0.852944,0.184354,0.940934,0.964495,0.975115,0.982236,0.404671,0.976013,0.290032,0.076993,0.235326,0.037630,0.233860,0.037881,0.677801,0.964147,0.947688,0.081267,0.944319,0.184740,0.988282,0.550438
ENSDARG00000003025_2_5,-2.2000,-2.4230,0.750000,0.761956,0.646432,-22.5000,-24.2645,0.625000,0.628426,0.534546,0.213317,0.539969,0.259441,0.294506,1.000000,0.279777,0.101212,0.562315,0.094159,0.561538,1.000000,0.722046,0.897683,0.499851,0.898340,0.616870,1.000000,0.923085,0.186492,0.291930,0.182342,0.284647,1.000000,0.086985,0.851654,0.043771,0.103972,0.034618,0.240784,0.039405,0.954518,0.977401,1.000000,0.979872,0.948826,0.972511,1.000000,0.995453,0.995895,0.984378
ENSDARG00000003025_2_6,-3.1000,-3.3378,0.625000,0.648519,0.461945,-25.2000,-26.1319,0.625000,0.632523,0.317821,0.072889,0.038044,0.062209,0.018428,0.175516,0.892562,0.955722,0.104072,0.966332,0.056555,0.952273,0.091730,0.227587,0.011842,0.115220,0.017685,0.117653,0.009634,0.144943,0.015118,0.137176,0.013360,0.123220,0.027203,0.963276,0.991326,0.992317,0.991398,0.984875,0.988030,0.940429,0.989872,0.955231,0.999135,0.111637,0.052415,0.091957,0.022733,0.148430,0.025275
ENSDARG00000003025_2_7,-5.0000,-5.1232,0.375000,0.401186,0.516235,-25.1000,-26.8215,0.250000,0.376517,0.441905,0.898802,0.839433,0.983824,0.468177,0.069029,0.467383,0.011565,0.709097,0.015255,0.851803,0.984328,0.691649,0.115985,0.308380,0.117654,0.532811,0.991910,0.445279,0.982426,0.046194,0.974424,0.027218,0.970020,0.438533,0.029445,0.292199,0.021566,0.282939,0.895410,0.304006,0.113530,0.112953,0.015842,0.084410,0.150368,0.098395,0.991118,0.908542,0.992206,0.928689
ENSDARG00000003025_2_8,-0.5000,-1.3784,0.500000,0.675899,0.681460,-26.2000,-27.6095,0.500000,0.622368,0.405692,0.920247,0.020605,0.387238,0.008909,0.371790,0.009011,0.715833,0.047628,0.972021,0.993957,0.474977,0.037718,0.682560,0.054198,0.715776,0.027416,0.991961,0.580694,0.996960,0.783992,0.539405,0.377329,0.453246,0.193439,0.365275,0.235625,0.375214,0.546927,0.679776,0.657311,0.986070,0.613391,0.551404,0.469528,0.497517,0.461600,0.975778,0.998310,0.976155,0.996254
ENSDARG00000003025_2_10,-1.3000,-1.6874,0.750000,0.762238,0.768462,-24.9000,-25.9226,0.250000,0.341264,0.433070,0.701767,0.904935,0.981909,0.881051,0.696684,0.905063,0.695874,0.088747,0.967570,0.148365,0.947052,0.030719,0.952177,0.038859,0.978015,0.123819,0.978190,0.851707,0.387322,0.528271,0.199627,0.642637,0.785154,0.787108,0.981108,0.094524,0.682316,0.189751,0.864408,0.254689,0.417318,0.059827,0.288102,0.063820,0.958814,0.961782,0.917964,0.142708,0.987874,0.963009
ENSDARG00000003469_0_2,-1.3000,-2.0839,0.750000,0.694945,0.731136,-25.1000,-26.3214,0.625000,0.642638,0.433149,0.876779,0.967603,0.878056,0.169886,0.998095,0.217937,0.997590,0.995817,0.996440,0.101419,0.557789,0.037979,0.064592,0.078049,0.058696,0.915891,0.993204,0.006315,0.961911,0.001762,0.739480,0.005416,0.940535,0.023806,0.999982,0.511681,0.999952,0.634555,0.646677,0.162628,0.583244,0.813516,0.985017,0.996814,0.411184,0.991399,0.425443,0.993652,0.508060,0.036859
ENSDARG00000003469_0_3,-1.6000,-2.0764,0.750000,0.760997,0.584881,-22.0000,-23.5781,0.625000,0.627750,0.527730,0.072654,0.735136,0.062345,0.338110,0.995634,0.368471,0.110391,0.696481,0.126078,0.635512,0.528478,0.594167,0.999164,0.631999,0.980695,0.394770,0.981442,0.917080,0.523503,0.058977,0.128000,0.035745,0.101249,0.126144,0.073467,0.733687,0.076062,0.949565,0.999793,0.222975,0.975207,0.227514,0.973066,0.225731,0.996617,0.995985,0.995198,0.753019,0.998566,0.913523
ENSDARG00000003469_0_4,-4.4000,-4.7760,0.500000,0.509378,0.466055,-21.4000,-23.3802,0.750000,0.636984,0.437838,0.998712,0.241795,0.058908,0.033100,0.015469,0.016680,0.000822,0.014697,0.001541,0.074090,0.004830,0.063941,0.580730,0.138005,0.999935,0.287516,0.999990,0.925310,0.999819,0.527022,0.582203,0.806947,0.003121,0.531784,0.001152,0.429271,0.000745,0.465811,0.015501,0.755126,0.058043,0.603687,0.999933,0.708121,0.999862,0.599144,0.999861,0.795634,0.999927,0.739074
ENSDARG00000003469_0_6,-3.6000,-3.9870,0.500000,0.555446,0.599225,-25.7000,-27.0693,0.125000,0.165782,0.313397,0.981430,0.968584,0.807094,0.967683,0.262423,0.955438,0.064534,0.952784,0.048709,0.957172,0.173143,0.015463,0.821236,0.019250,1.000000,0.030538,0.958443,0.023215,0.957816,0.024765,0.778954,0.012869,0.687160,0.013928,0.208523,0.237916,0.999926,0.786843,0.090895,0.029657,0.260407,0.013718,0.025728,0.087267,0.958101,0.067258,0.956617,0.051379,0.943371,0.052217
ENSDARG00000003469_0_7,-2.7000,-3.2449,0.375000,0.414747,0.522424,-22.5000,-24.2491,0.250000,0.345474,0.521436,0.012024,0.255096,0.016537,0.256286,0.470941,0.533386,0.496163,0.962598,1.000000,0.984345,0.983632,0.953833,0.125736,0.946945,0.119965,0.953514,0.982939,0.502418,0.981214,0.461576,0.966793,0.280253,0.974558,0.574667,0.212081,0.310374,0.225878,0.479396,0.824678,0.927378,0.844347,0.043012,0.122131,0.001650,0.041153,0.001091,0.047713,0.004548,0.999993,0.996343
ENSDARG00000003469_0_8,-0.8000,-1.2698,1.000000,0.961979,0.806987,-25.2000,-26.7332,1.000000,0.865089,0.535479,0.692807,0.021205,0.216942,0.002132,0.520328,0.000291,0.847742,0.001032,0.816640,0.000994,0.980043,0.000048,0.929857,0.007457,0.802377,0.012115,0.861687,0.954752,0.515389,0.910771,0.384699,0.986818,0.875393,0.891258,0.998546,0.866728,0.864408,0.796773,0.899586,0.903007,0.984381,0.911352,0.964096,0.923049,0.989727,0.987241,0.997669,0.709150,0.997420,0.823412
ENSDARG00000003469_0_9,-0.9000,-1.2875,1.000000,0.944015,0.754328,-25.1000,-26.3581,1.000000,0.705585,0.340164,0.433135,0.032768,0.251259,0.017997,0.244917,0.983226,0.964561,0.028532,0.974726,0.017907,0.968754,0.010686,0.964100,0.006234,0.197741,0.000981,0.187767,0.000908,0.387252,0.008163,0.992977,0.016200,0.967250,0.035000,0.952033,0.421502,0.977964,0.925548,0.978183,0.681179,0.978895,0.699877,0.958538,0.965236,0.901162,0.718570,0.901323,0.617844,0.904020,0.614921
ENSDARG00000003469_0_10,0.0000,-0.0068,1.000000,0.997983,0.998903,-17.7000,-20.1441,0.250000,0.723663,0.639315,0.999845,0.809684,0.999969,0.482646,0.999333,0.536132,0.999333,0.744094,0.999931,0.563196,0.996620,0.686582,0.999518,0.481402,0.999868,0.322482,0.999786,0.468079,1.000000,0.962838,1.000000,0.485520,1.000000,0.454338,0.989033,0.442223,1.000000,0.554288,1.000000,0.800384,1.000000,0.745376,0.999950,0.624070,0.997923,0.899063,0.998234,0.989371,0.998723,0.734527
ENSDARG00000003751_7_1,-2.9000,-3.3892,0.375000,0.506981,0.562217,-27.4000,-28.1093,0.625000,0.630715,0.500067,0.078774,0.003592,0.050031,0.000807,0.065146,0.001437,0.937520,0.000848,0.339503,0.002878,0.288517,0.008057,0.907271,0.012666,0.998498,0.990350,0.952978,0.973400,0.959071,0.974699,0.766011,0.988902,0.845178,0.997973,0.493783,0.996393,0.471252,0.982458,0.088990,0.958485,0.036205,0.034789,0.048667,0.035544,0.952422,0.052836,0.975571,0.997103,0.988957,0.988116
ENSDARG00000003751_7_2,-4.2000,-4.2546,1.000000,0.980716,0.694632,-26.1000,-28.1226,0.000000,0.297938,0.375223,0.020066,0.188208,0.014658,0.088820,0.013862,0.125893,0.981799,0.599478,0.985066,0.602524,0.994989,0.825864,0.995691,0.873265,0.991007,0.621676,0.029937,0.067377,0.022802,0.097329,0.030047,0.198264,0.966993,0.832269,0.980104,0.505996,0.961757,0.305741,0.993378,0.448746,0.992537,0.253906,0.993278,0.333756,0.979685,0.233136,0.957238,0.208307,0.987749,0.093915
ENSDARG00000003751_7_3,-1.6000,-2.4388,0.625000,0.560654,0.577971,-26.1000,-27.2728,0.500000,0.504137,0.470507,0.983397,0.338441,0.281971,0.060007,0.243066,0.020314,0.988397,0.014161,0.151369,0.016519,0.103846,0.350774,0.230939,0.368482,0.946273,0.702385,0.916326,0.711481,0.940440,0.956522,0.667003,0.906019,0.621149,0.931941,0.628485,0.917761,0.943509,0.978694,0.516055,0.064324,0.088115,0.026027,0.114766,0.024624,0.933108,0.999635,0.605633,0.999677,0.655565,0.022356
ENSDARG00000003751_7_4,-4.4000,-4.4890,0.500000,0.512460,0.414160,-21.6000,-23.4120,0.500000,0.347424,0.521841,0.121387,0.764150,0.015262,0.771927,0.010246,0.753748,0.003580,0.815404,0.004287,0.779607,0.012107,0.763233,0.999873,0.945521,0.987472,0.886983,0.987578,0.454598,0.999172,0.337953,0.025516,0.104488,0.017038,0.279823,0.015236,0.022985,0.002338,0.009840,0.002259,0.009384,0.121839,0.540018,0.987255,0.367552,0.987079,0.489051,0.988204,0.845519,0.995471,0.495045
ENSDARG00000003751_7_5,-3.5000,-4.0932,1.000000,0.705947,0.645610,-25.6000,-27.3066,0.625000,0.605041,0.290527,0.296210,0.115895,0.298606,0.010250,0.303569,0.008446,0.732956,0.061382,0.973005,0.069363,1.000000,0.404408,0.755510,0.067314,0.998822,0.057385,0.978659,0.064332,0.307444,0.001991,0.310537,0.094180,0.309307,0.015273,0.982893,0.911037,0.818873,0.998412,0.977926,0.983249,0.974321,0.996395,0.407685,0.011552,0.391822,0.001030,0.394440,0.506771,0.699613,0.431883
ENSDARG00000003751_7_6,-0.1000,-0.6805,0.750000,0.837352,0.852437,-21.8000,-23.6005,0.125000,0.172542,0.512056,0.430793,0.856549,0.500095,0.848284,0.894538,0.861916,0.887552,0.867507,0.884473,0.865104,0.996787,0.798048,0.972245,0.756217,0.912627,0.345030,0.986747,0.496471,0.959207,0.424279,0.929745,0.876090,0.995109,0.865282,0.509602,0.928230,0.430556,0.125469,0.920647,0.089978,0.934879,0.008704,0.973936,0.075427,0.947756,0.013155,0.990635,0.016015,0.990809,0.123357
ENSDARG00000003751_7_7,-5.9000,-5.9085,0.750000,0.749821,0.600214,-25.8000,-27.7678,0.500000,0.552314,0.377393,0.990575,0.761091,0.004548,0.678374,0.002859,0.432926,0.002342,0.916563,0.002883,0.142161,0.999215,0.060615,0.999900,0.005661,0.999978,0.008694,0.999972,0.006134,0.999992,0.005188,0.002567,0.003366,0.000881,0.108583,0.000234,0.382413,0.002014,0.382644,0.999919,0.913519,0.997313,0.761699,0.999639,0.735347,0.999614,0.741198,0.999929,0.279604,0.999906,0.222086
ENSDARG00000003751_7_8,-3.7000,-4.4140,0.500000,0.581749,0.618357,-30.8000,-31.8630,0.375000,0.409066,0.478700,0.486434,0.846224,0.443186,0.807433,0.440809,0.952713,0.903102,0.871502,0.801130,0.855637,0.938729,0.959361,0.827028,0.953680,0.534351,0.008996,0.453748,0.005211,0.499132,0.005376,0.460348,0.003789,0.925152,0.031546,0.783579,0.997090,0.956671,0.996901,0.187291,0.000743,0.101186,0.000125,0.112048,0.000196,0.588804,0.023305,0.951272,0.999215,0.973143,0.254952
ENSDARG00000003751_7_9,-7.5000,-7.6887,0.375000,0.397380,0.517894,-23.3000,-25.5791,0.500000,0.412618,0.420416,0.996951,0.519014,0.957635,0.232900,0.999641,0.325046,0.206021,0.102954,0.000510,0.007882,0.000409,0.006394,0.000442,0.007131,0.017337,0.047832,0.999997,0.977698,0.999986,0.939860,0.999977,0.955402,0.999926,0.985268,0.999985,0.989735,0.999295,0.987715,0.017729,0.084755,0.000087,0.010680,0.000049,0.018839,0.000494,0.033570,0.206388,0.330089,0.955016,0.845561
ENSDARG00000003751_7_10,-2.5000,-2.7642,1.000000,0.947413,0.640853,-21.6000,-23.3202,1.000000,0.867768,0.541446,0.217607,0.015370,0.212431,0.005839,0.232049,0.006666,0.316440,0.015716,0.841204,0.049522,0.799574,0.104299,0.801104,0.128027,0.999510,0.892877,0.322554,0.873916,0.239933,0.762867,0.229635,0.568663,0.025723,0.463004,0.765761,0.662584,0.837501,0.959809,0.989838,0.783313,0.998746,0.857183,0.998822,0.919161,0.999683,0.976640,0.990019,0.879734,0.998933,0.903721
ENSDARG00000004377_4_1,-2.6000,-3.0095,0.750000,0.667635,0.549146,-27.0000,-27.9624,0.250000,0.285942,0.459707,0.941964,0.894465,0.225370,0.870109,0.345773,0.869448,0.154683,0.925957,0.015213,0.984439,0.136331,0.329606,0.678771,0.210577,0.998109,0.114594,0.997620,0.776186,0.475112,0.927470,0.337302,0.003124,0.335588,0.000621,0.337183,0.001347,0.028368,0.023604,0.678357,0.918881,0.678675,0.153914,0.808669,0.081304,0.978910,0.016907,0.832181,0.092737,0.998737,0.998841
ENSDARG00000004377_4_2,0.0000,-0.2569,1.000000,0.977313,0.942141,-21.9000,-22.9682,0.500000,0.495679,0.532652,0.817038,0.859991,0.874032,0.198217,0.911107,0.251012,0.984594,0.990471,0.963518,0.218322,0.994666,0.175436,0.911861,0.179827,0.999707,0.986695,0.879911,0.974921,0.855619,0.971372,0.962528,0.471384,0.869735,0.409956,0.999228,0.045547,0.978541,0.008084,0.968868,0.009770,0.999740,0.998895,0.985249,0.863301,0.999575,0.998906,0.937135,0.993585,0.950166,0.047344
ENSDARG00000004377_4_3,-1.3000,-1.4936,0.625000,0.662362,0.727939,-23.2000,-24.2654,0.375000,0.374947,0.622454,0.973582,0.810752,0.998907,0.981152,0.999904,0.990139,0.998696,0.985306,0.986946,0.991858,0.130293,0.867648,0.167703,0.951087,0.116416,0.836690,0.979294,0.993674,0.908443,0.426346,0.999923,0.443979,0.999779,0.170862,0.991885,0.039613,0.899378,0.006080,0.979141,0.008900,0.161028,0.008750,0.133305,0.937881,0.150638,0.959827,0.985420,0.969234,0.998103,0.069293
ENSDARG00000004377_4_4,-1.6000,-2.1925,0.500000,0.454562,0.519191,-24.4000,-25.2475,0.500000,0.495826,0.432189,0.165792,0.386582,0.065803,0.427550,0.067349,0.989752,0.999826,0.269317,0.999925,0.189476,0.195305,0.164304,0.128581,0.196961,0.605186,0.979286,0.981929,0.987800,0.980436,0.033177,0.999158,0.024239,0.558042,0.028733,0.188209,0.950165,0.569396,0.944045,0.631842,0.058968,0.066614,0.000465,0.046966,0.000111,0.149668,0.013228,0.983894,0.999874,0.999904,0.999754
ENSDARG00000004377_4_5,-0.6000,-1.3204,0.250000,0.515186,0.583226,-24.5000,-26.3137,0.500000,0.622385,0.496835,0.944065,0.514996,0.936798,0.333241,0.833292,0.347823,0.164650,0.496105,0.174488,0.445818,0.342634,0.533628,0.423775,0.694072,0.380448,0.525313,0.608855,0.835561,0.934512,0.144496,0.902522,0.062113,0.896996,0.024449,0.511557,0.023644,0.248461,0.423534,0.281541,0.424922,0.280347,0.418939,0.402262,0.978244,0.402267,0.990750,0.995241,0.992357,0.999811,0.726693
ENSDARG00000004377_4_6,-0.3000,-0.7216,1.000000,0.949842,0.792683,-21.0000,-22.4320,0.250000,0.343883,0.420887,0.946993,0.946361,0.421638,0.676789,0.420115,0.656292,0.417450,0.691288,0.945840,0.349051,0.970125,0.290958,0.966296,0.118807,0.968811,0.105393,0.968403,0.154962,0.451526,0.584401,0.407787,0.894704,0.369948,0.197673,0.959872,0.114233,0.940662,0.271944,0.962952,0.234214,0.953705,0.217781,0.950701,0.219794,0.953494,0.243969,0.939229,0.741019,0.938120,0.708106
ENSDARG00000004377_4_7,-6.6000,-6.6800,0.500000,0.515870,0.412817,-27.3000,-28.6729,0.375000,0.377382,0.262009,0.113426,0.764183,0.004560,0.182875,0.007283,0.140375,0.001724,0.122737,0.000064,0.123575,0.001151,0.711989,0.999983,0.151762,0.999995,0.019425,0.999992,0.001087,0.999994,0.001722,0.001134,0.001167,0.000065,0.000234,0.002500,0.001221,0.008089,0.001373,0.003993,0.000252,0.112598,0.004613,0.999999,0.037566,0.999808,0.999398,0.999986,0.976674,0.999989,0.997959
ENSDARG00000004377_4_8,0.0000,-0.4700,1.000000,0.871812,0.907420,-26.9000,-28.0771,0.625000,0.629549,0.494020,0.984577,0.931158,0.997479,0.148655,0.998644,0.244839,0.969911,0.954853,0.996095,0.388102,0.892064,0.130975,0.943005,0.987425,0.975631,0.002936,0.899947,0.002910,1.000000,0.011786,0.781778,0.999792,0.734766,0.040581,0.922086,0.106155,0.970084,0.076620,0.999286,0.821529,0.813372,0.039864,0.999773,0.999814,0.792099,0.999532,0.526060,0.998093,0.951736,0.994784
ENSDARG00000004377_4_9,-3.4000,-3.6849,1.000000,0.979814,0.625232,-21.8000,-23.2004,0.375000,0.378197,0.384481,0.184857,0.198673,0.005098,0.008059,0.020361,0.020320,0.061722,0.061068,0.995086,0.990126,0.994802,0.990791,0.997337,0.993528,0.999544,0.993621,0.361991,0.342131,0.029189,0.032882,0.008281,0.015644,0.007871,0.017198,0.995051,0.891113,0.862837,0.676725,0.997295,0.154509,0.994580,0.031100,0.995609,0.040139,0.999960,0.141067,0.993231,0.138158,0.999950,0.952764
ENSDARG00000004377_4_10,-0.4000,-1.2593,0.500000,0.608070,0.718865,-28.5000,-29.5432,0.500000,0.528945,0.436663,0.482613,0.433081,0.519672,0.301111,0.999833,0.792673,0.998529,0.084749,0.621039,0.009883,0.328009,0.003934,0.786475,0.003320,0.986812,0.002939,0.999111,0.016755,0.998200,0.996422,1.000000,0.996824,0.792446,0.860016,0.416358,0.880326,0.243652,0.862216,0.764528,0.996349,0.996166,0.992711,1.000000,0.161791,0.826869,0.115367,0.290789,0.108095,0.326198,0.114709
ENSDARG00000004473_5_1,-0.8000,-1.6086,0.500000,0.584456,0.606792,-18.4000,-20.5121,0.875000,0.650243,0.570305,0.707116,0.406844,0.567922,0.303178,0.641200,0.220381,0.149434,0.175941,0.136177,0.196297,0.454134,0.837051,0.720386,0.727595,0.680825,0.615743,0.937698,0.840995,0.995585,0.693151,0.998483,0.632328,0.471229,0.554651,0.453016,0.620159,0.435846,0.619001,0.674983,0.657998,0.338330,0.717998,0.730459,0.734444,0.666866,0.679954,0.679603,0.741421,0.696548,0.430965
ENSDARG00000004473_5_2,-1.6000,-2.0588,0.750000,0.675481,0.613310,-24.9000,-26.2296,0.250000,0.282700,0.555951,0.997268,0.936145,0.996913,0.895137,0.880614,0.704808,0.372642,0.712309,0.286963,0.774865,0.048769,0.970323,0.259203,0.960160,0.744935,0.978791,0.770530,0.955414,0.777364,0.948931,0.418395,0.013203,0.308747,0.007324,0.404664,0.015085,0.084256,0.009138,0.744294,0.988600,0.737441,0.126981,0.738438,0.060615,0.756315,0.960495,0.965185,0.067427,0.973254,0.033259
ENSDARG00000004473_5_3,-1.9000,-2.7156,0.500000,0.639454,0.640947,-25.4000,-26.8329,0.250000,0.315207,0.312214,0.599507,0.697221,0.576866,0.649635,0.624674,0.729619,0.964544,0.633144,0.801398,0.225139,0.383199,0.083847,0.401537,0.068786,0.451409,0.075871,0.634732,0.047673,0.915295,0.124122,0.902465,0.085261,0.447672,0.302313,0.394696,0.236608,0.064532,0.938459,0.473718,0.012578,0.575271,0.005720,0.643276,0.017188,0.992635,0.105512,0.976939,0.949674,0.994566,0.255915
ENSDARG00000004473_5_4,0.0000,-0.5158,1.000000,0.942331,0.889915,-24.5000,-25.6269,0.625000,0.617213,0.449020,0.824795,0.645259,0.697524,0.979897,0.854287,0.992031,0.983857,0.006244,0.996330,0.002792,0.946815,0.002883,0.999831,0.001981,0.939443,0.001421,0.444897,0.008475,0.582287,0.992191,0.990418,0.054104,0.999174,0.355418,0.998631,0.623566,0.934761,0.910609,0.925152,0.120970,0.924453,0.145726,0.847429,0.172455,0.924367,0.976781,0.993862,0.994977,0.989991,0.992618
ENSDARG00000004473_5_5,0.0000,-0.0523,1.000000,0.976655,0.979842,-21.5000,-23.9495,0.750000,0.560623,0.487330,0.996277,0.501568,0.994621,0.485259,0.984104,0.394596,0.990425,0.426881,0.979096,0.773937,0.987312,0.578969,0.979405,0.374601,0.971688,0.524569,0.962689,0.317219,0.972686,0.092862,0.992917,0.101108,0.972382,0.690040,0.981113,0.722296,0.995507,0.941143,0.986441,0.366889,0.980792,0.220601,0.991080,0.848975,0.955104,0.255700,0.959269,0.994165,0.963933,0.135215
ENSDARG00000004473_5_6,0.0000,-0.1552,1.000000,0.953649,0.963655,-21.8000,-23.7404,0.750000,0.610928,0.584486,0.978191,0.600836,0.908555,0.572614,0.990276,0.724178,0.926368,0.497824,0.954849,0.493196,0.989515,0.854368,0.961191,0.258788,0.954098,0.146643,0.992966,0.252925,1.000000,0.987980,0.987901,0.750377,1.000000,0.662570,0.898228,0.730395,0.997211,0.364607,0.825763,0.379419,1.000000,0.556707,0.999871,0.499284,0.912560,0.454909,0.997277,0.955655,0.998282,0.946452
ENSDARG00000004473_5_7,-4.5000,-4.6771,0.500000,0.454514,0.558702,-23.1000,-24.4968,1.000000,0.748299,0.565135,0.002160,0.007166,0.000663,0.005207,0.004776,0.024344,0.018112,0.097652,0.999996,0.995569,0.999561,0.402098,0.999988,0.384662,0.761292,0.414120,0.775685,0.298411,0.985168,0.759231,0.999997,0.992456,0.990535,0.935401,0.993110,0.933216,0.786134,0.804007,0.791936,0.588232,0.018167,0.588688,0.015560,0.598277,0.014966,0.576175,0.016238,0.903260,1.000000,0.994534
ENSDARG00000004473_5_8,-2.3000,-2.5253,0.250000,0.311817,0.448670,-21.5000,-23.2179,0.375000,0.427114,0.395541,0.985395,0.916309,0.988793,0.109496,0.118618,0.124605,0.106137,0.125668,0.092015,0.094614,0.953574,0.398686,0.030228,0.101270,0.038598,0.048242,0.174214,0.218292,0.997924,0.893541,0.996974,0.821809,0.996389,0.641379,0.969998,0.705873,0.141894,0.576458,0.019842,0.080177,0.027767,0.079421,0.988790,0.396191,0.110745,0.870432,0.118546,0.356115,0.116950,0.352245
ENSDARG00000004473_5_9,-2.9000,-3.6115,0.500000,0.583377,0.593423,-23.2000,-24.2083,0.125000,0.189837,0.436083,0.990790,0.944861,0.995830,0.917326,0.274737,0.242735,0.131257,0.218406,0.010382,0.256585,0.395714,0.929923,0.310336,0.856027,0.903082,0.817517,0.922461,0.952533,0.999992,0.982808,0.795529,0.051916,0.471340,0.032322,0.373477,0.047782,0.834988,0.948569,0.489009,0.072356,0.212488,0.062631,0.201709,0.025491,0.724408,0.161478,0.846327,0.120479,0.984612,0.079907
ENSDARG00000004473_5_10,0.0000,-0.0985,1.000000,0.993911,0.984797,-18.2000,-19.8668,0.375000,0.672247,0.696112,0.885790,0.743397,0.990595,0.788689,1.000000,0.839490,1.000000,0.954740,0.992927,0.714320,1.000000,0.790201,0.906964,0.709916,1.000000,0.740654,1.000000,0.694537,1.000000,0.551609,1.000000,0.524673,0.968372,0.492025,1.000000,0.678852,0.979704,0.537106,1.000000,0.910292,0.988010,0.417685,1.000000,0.479984,0.988361,0.956584,1.000000,0.988768,0.995211,0.408708
ENSDARG00000009136_12_1,-3.5000,-3.9760,0.250000,0.318123,0.380461,-21.3000,-22.7712,0.250000,0.275003,0.399092,0.101304,0.827181,0.081430,0.797211,0.192280,0.830217,0.164894,0.819516,0.003001,0.778873,0.002492,0.158852,0.260501,0.202620,0.998933,0.332277,0.999851,0.312247,0.999989,0.335681,0.999986,0.284946,0.259580,0.102195,0.022871,0.057697,0.003493,0.013158,0.143964,0.176628,0.298173,0.566213,0.174909,0.303467,0.084665,0.065168,0.892077,0.108762,0.924834,0.908931
ENSDARG00000009136_12_2,-1.7000,-2.4674,0.250000,0.320119,0.430824,-26.9000,-28.4017,0.000000,0.002580,0.310266,0.333122,0.771063,0.053015,0.577233,0.029149,0.579107,0.099793,0.801123,0.184036,0.978279,0.376762,0.875657,0.512656,0.677568,0.794617,0.287309,0.921010,0.262497,0.932176,0.126819,0.921544,0.216175,0.897645,0.031846,0.624483,0.010349,0.175624,0.002209,0.167959,0.001663,0.158220,0.002901,0.113620,0.000937,0.111775,0.000189,0.209438,0.001114,0.999835,0.001276
ENSDARG00000009136_12_3,-5.3000,-5.3128,0.625000,0.625672,0.502204,-26.9000,-28.1002,0.250000,0.212824,0.432880,0.996681,0.943404,0.006783,0.961184,0.003463,0.834102,0.001335,0.709556,0.004040,0.720942,0.012436,0.843741,0.999711,0.870976,0.999129,0.943502,0.999164,0.121259,0.998577,0.003343,0.013220,0.001764,0.004157,0.001241,0.001272,0.004199,0.003401,0.001215,0.003260,0.000071,0.999036,0.000326,0.999086,0.001898,0.999382,0.603639,0.999942,0.976527,0.999997,0.114719
ENSDARG00000009136_12_4,-3.2000,-3.5147,0.500000,0.546899,0.630709,-21.6000,-23.5219,0.625000,0.487519,0.441059,0.915891,0.175321,0.915966,0.171639,0.992842,0.518171,0.999857,0.635137,0.999842,0.360046,0.999800,0.553848,0.795580,0.698002,0.085828,0.257910,0.049145,0.385692,0.349651,0.452883,0.247724,0.246943,0.886853,0.465440,0.899465,0.412774,0.771906,0.694924,0.755665,0.690944,0.783682,0.796116,0.351854,0.666356,0.265719,0.316903,0.257219,0.177861,0.289686,0.144278
ENSDARG00000009136_12_5,0.0000,-0.4351,1.000000,0.881718,0.906566,-28.0000,-29.1865,0.125000,0.341060,0.400345,0.984196,0.996842,0.989665,0.602178,0.981389,0.599515,0.951842,0.490662,0.957046,0.162644,0.995501,0.142703,0.945147,0.253078,0.958594,0.589867,0.997975,0.752335,0.925571,0.274396,0.713167,0.380336,0.677478,0.033868,0.944406,0.008115,0.995289,0.004959,0.862642,0.003329,0.991982,0.397600,0.740223,0.395875,0.573698,0.439751,0.950401,0.988906,0.995107,0.489948
ENSDARG00000009136_12_6,-5.4000,-5.4510,1.000000,0.962686,0.597043,-26.1000,-27.5250,0.500000,0.441870,0.438595,0.064618,0.427213,0.063506,0.311773,0.014005,0.497710,0.072181,0.035446,0.936919,0.425461,0.937120,0.425149,0.938335,0.430239,0.949324,0.443586,0.072880,0.565458,0.065039,0.560547,0.062040,0.556307,0.063408,0.558056,0.946866,0.039057,0.938495,0.019739,0.934374,0.020359,0.938613,0.043095,0.999951,0.743215,0.946416,0.737950,0.997987,0.963448,0.998782,0.968095
ENSDARG00000009136_12_7,-0.1000,-0.6530,0.875000,0.936022,0.834882,-25.1000,-26.6284,0.125000,0.456341,0.473918,0.960033,0.947757,0.998958,0.462362,0.991215,0.465697,0.578486,0.481495,0.475896,0.448858,0.365644,0.400738,0.967992,0.409418,0.998383,0.441916,0.999606,0.485900,0.998431,0.523429,0.449310,0.545892,0.425506,0.214173,0.547686,0.202424,0.991044,0.224259,0.998568,0.832311,0.990945,0.378129,0.995662,0.548137,0.986005,0.566900,0.979182,0.360221,0.999083,0.538347
ENSDARG00000009136_12_8,-1.5000,-1.7811,1.000000,0.906402,0.720513,-21.9000,-23.4154,0.375000,0.474236,0.533289,0.219789,0.188850,0.224641,0.155652,0.356708,0.195089,0.959168,0.903467,0.956621,0.881676,0.962095,0.908691,0.997888,0.870254,0.843753,0.763610,0.199051,0.753267,0.144133,0.689517,0.299278,0.194090,0.995924,0.367734,0.933204,0.444641,0.960692,0.939866,0.825975,0.303796,0.841893,0.939212,0.770565,0.052197,0.927642,0.060331,0.995909,0.074999,0.995334,0.978849
ENSDARG00000009136_12_9,-2.0000,-2.2831,0.375000,0.443509,0.545836,-26.1000,-27.7207,0.250000,0.322458,0.497439,0.987223,0.883328,0.974379,0.711838,0.904658,0.664003,0.902828,0.715915,0.907299,0.834842,0.165383,0.843628,0.175407,0.826121,0.090005,0.420972,0.072620,0.453568,0.251798,0.957706,0.967576,0.025640,0.969471,0.031543,0.978152,0.007879,0.970112,0.007034,0.240716,0.106872,0.086050,0.108171,0.089631,0.287613,0.115631,0.953947,0.133417,0.961125,0.934363,0.147027
ENSDARG00000009136_12_10,-1.6000,-1.9589,0.250000,0.365049,0.486202,-23.6000,-24.9127,1.000000,0.811247,0.468247,0.400746,0.026969,0.128838,0.007054,0.088141,0.004091,0.140506,0.005906,0.968677,0.008406,0.131488,0.007677,0.096086,0.016372,0.928778,0.980591,0.938668,0.089100,0.988531,0.103833,0.997220,0.813346,0.995973,0.811625,0.102593,0.840685,0.085403,0.844732,0.100757,0.979111,0.130548,0.917115,0.121266,0.710054,0.406203,0.684175,0.974558,0.718597,0.999066,0.795510
ENSDARG00000009958_9_1,0.0000,-0.3849,1.000000,0.879557,0.894851,-22.6000,-23.7406,1.000000,0.890005,0.563172,0.910164,0.935223,0.970491,0.962442,0.990667,0.979647,0.960688,0.042876,0.851192,0.025536,0.850198,0.073799,1.000000,0.037533,0.778678,0.910412,0.746939,0.098911,0.812073,0.004383,0.990058,0.004020,0.999410,0.068627,0.869641,0.930135,0.876102,0.910666,0.995367,0.878576,0.862526,0.988213,0.627355,0.443981,0.875296,0.992052,0.984833,0.997647,0.945339,0.978769
ENSDARG00000009958_9_2,-0.5000,-1.1314,1.000000,0.914157,0.806849,-25.4000,-27.5690,0.250000,0.346958,0.358036,0.379799,0.254816,0.376902,0.074499,0.992514,0.152309,0.989543,0.254246,0.961685,0.815018,0.964623,0.450359,0.875342,0.124239,0.881203,0.107951,0.657580,0.269519,0.573336,0.313904,0.549826,0.906306,0.621382,0.661885,0.987795,0.628929,0.817280,0.594608,0.820758,0.161368,0.966587,0.355941,0.836294,0.185061,0.900500,0.233964,0.987615,0.258602,0.996425,0.357192
ENSDARG00000009958_9_3,-1.0000,-1.4133,0.375000,0.507267,0.522193,-22.3000,-23.6624,0.375000,0.456314,0.453933,0.382955,0.784736,0.196768,0.781686,0.228050,0.352866,1.000000,0.089754,0.222834,0.237698,0.120651,0.072382,0.121159,0.066147,0.949800,0.186167,0.999411,0.335796,0.999591,0.932109,0.994120,0.954491,0.170386,0.634325,0.172918,0.656207,0.261134,0.909217,0.992586,0.880638,0.177563,0.922314,0.148017,0.114459,0.349429,0.085820,0.956956,0.050796,0.999532,0.031060
ENSDARG00000009958_9_4,-2.2000,-2.5476,0.625000,0.603795,0.682677,-22.6000,-24.8064,0.500000,0.533873,0.464818,0.982385,0.588215,0.843583,0.572948,0.810251,0.241701,0.937681,0.243121,0.198155,0.240878,0.087309,0.264641,0.028743,0.052524,0.939513,0.241055,0.999784,0.665788,0.999186,0.331857,0.999840,0.628648,0.996747,0.953997,0.999675,0.955372,0.999144,0.954849,0.017638,0.069303,0.017928,0.114342,0.237835,0.948583,0.964279,0.951321,0.784430,0.254688,0.809433,0.022527
ENSDARG00000009958_9_5,-3.2000,-3.5168,0.625000,0.584961,0.628710,-23.5000,-24.9412,0.500000,0.501116,0.640293,0.007342,0.654072,0.005904,0.608243,0.010241,0.818087,0.853917,0.967383,0.812674,0.447064,0.946771,0.474324,0.822755,0.568096,0.832163,0.940411,0.993435,0.784981,0.852963,0.662042,0.821590,0.905667,0.934751,0.966570,0.992481,0.974921,0.826467,0.971500,0.834817,0.054493,0.010353,0.005487,0.008826,0.003705,0.010374,0.005535,0.998094,0.997224,0.998278,0.996065
ENSDARG00000009958_9_6,-1.5000,-1.7139,0.750000,0.783430,0.652877,-23.7000,-25.3968,0.750000,0.662775,0.427560,0.968244,0.721375,0.242166,0.478330,0.173686,0.381656,0.151388,0.494651,0.154214,0.853762,0.941011,0.051680,0.961328,0.020343,0.999830,0.009744,0.974861,0.028686,0.999430,0.057512,0.146011,0.081720,0.077944,0.069549,0.107998,0.043493,0.221960,0.030896,0.998266,0.501176,0.992302,0.919071,0.993277,0.989618,0.983061,0.991997,0.982007,0.937661,0.988565,0.888290
ENSDARG00000009958_9_7,-2.7000,-3.1940,0.500000,0.475154,0.579985,-33.1000,-33.8417,0.250000,0.226704,0.235861,0.985169,0.123350,0.932066,0.115089,0.994289,0.107527,0.144598,0.111314,0.069481,0.116580,0.009208,0.120957,0.023953,0.968894,0.996905,0.315837,0.643951,0.880317,0.999886,0.007567,0.999865,0.008471,0.999096,0.027688,0.648516,0.873859,0.931241,0.862438,0.028022,0.058817,0.064101,0.008341,0.009025,0.000050,0.192741,0.002386,0.983818,0.004803,0.943766,0.002938
ENSDARG00000009958_9_8,-1.5000,-2.3414,1.000000,0.608819,0.602528,-29.8000,-30.7995,0.000000,0.003992,0.109434,0.370026,0.800516,0.084222,0.008527,0.327703,0.066743,0.379954,0.210716,0.456052,0.990365,0.760968,0.052070,0.774300,0.004247,0.577895,0.000574,0.662779,0.008718,0.984381,0.005949,0.977632,0.004182,0.824089,0.004148,0.909616,0.001275,0.400252,0.001321,0.381117,0.002753,0.371476,0.000902,0.360738,0.000375,0.469299,0.002448,0.988455,0.012215,0.989600,0.010645
ENSDARG00000009958_9_9,-1.1000,-1.7480,0.625000,0.655454,0.660631,-22.5000,-24.1766,1.000000,0.798748,0.512716,0.130077,0.001902,0.127729,0.000345,0.190929,0.000639,0.996662,0.001258,0.531475,0.039678,0.773345,0.033564,0.939094,0.235376,0.929766,0.200994,0.986777,0.945755,0.817086,0.660289,0.766991,0.802759,0.779046,0.941779,0.192243,0.939044,0.132687,0.900522,0.132332,0.858833,0.945540,0.792986,0.936829,0.815879,0.938411,0.736130,0.969044,0.695568,0.996548,0.651021
ENSDARG00000009958_9_10,-3.1000,-3.3093,0.500000,0.542288,0.538119,-22.6000,-24.2130,0.375000,0.348476,0.386024,0.274405,0.084800,0.043345,0.071338,0.050167,0.090836,0.009729,0.122503,0.006043,0.803787,0.998761,0.840996,0.999577,0.590214,0.999764,0.135773,0.999686,0.680173,0.998723,0.404006,0.999853,0.211671,0.044034,0.896575,0.048064,0.989829,0.011881,0.001909,0.008537,0.000990,0.279875,0.007785,0.994162,0.050603,0.996156,0.155297,0.999804,0.597049,0.999824,0.984350
ENSDARG00000010770_1_1,-1.0000,-1.5325,1.000000,0.983814,0.769182,-19.9000,-21.7088,0.250000,0.418770,0.531662,0.250945,0.382417,0.316043,0.309495,1.000000,0.848137,0.331600,0.438037,0.802328,0.778608,1.000000,0.915924,0.995294,0.830672,1.000000,0.873494,0.551965,0.527658,1.000000,0.922732,0.115125,0.221814,0.149841,0.234097,1.000000,0.424263,0.881375,0.324408,1.000000,0.942349,0.998091,0.152930,1.000000,0.210368,0.993520,0.187081,1.000000,0.860730,0.997524,0.248029
ENSDARG00000010770_1_2,-1.4000,-1.8023,0.750000,0.795649,0.680170,-21.0000,-23.1555,0.750000,0.722131,0.517994,0.202861,0.235172,0.257319,0.231804,1.000000,0.159660,0.271895,0.283248,0.307137,0.265090,0.919014,0.447819,0.931327,0.914767,1.000000,0.769346,0.982681,0.744221,1.000000,0.391899,0.194571,0.079271,0.171411,0.060528,0.872573,0.217601,1.000000,0.883061,0.330752,0.822694,0.407223,0.867007,1.000000,0.937635,0.878794,0.798126,0.879585,0.802505,0.996265,0.448417
ENSDARG00000010770_1_3,-2.3000,-2.6231,0.375000,0.431260,0.542975,-22.2000,-23.7129,0.500000,0.530559,0.542313,0.995704,0.761786,0.973519,0.471963,0.989881,0.449297,0.035075,0.639332,0.031882,0.486572,0.955472,0.758993,0.029557,0.773707,0.044965,0.365725,0.372039,0.346199,0.989390,0.861863,0.992337,0.313335,0.999594,0.373004,0.378372,0.944388,0.103965,0.958642,0.029023,0.189968,0.941811,0.173986,0.077465,0.178310,0.030529,0.143801,0.956199,0.953479,0.932713,0.701900
ENSDARG00000010770_1_4,-0.6000,-1.3465,1.000000,0.766556,0.700947,-23.4000,-24.3701,0.875000,0.850411,0.551289,0.569746,0.016022,0.189626,0.008243,0.554569,0.018032,0.551478,0.991691,0.743065,0.210638,0.816190,0.115875,0.658952,0.016867,0.965872,0.003447,0.918585,0.010009,0.974571,0.984077,0.593578,0.913467,0.350252,0.934127,0.591505,0.945394,0.574117,0.958660,0.532761,0.981788,0.519901,0.977566,0.975033,0.999207,0.979169,0.939863,0.978114,0.932684,0.981848,0.068121
ENSDARG00000010770_1_5,-4.2000,-4.6494,0.500000,0.440076,0.550138,-23.5000,-25.2780,0.250000,0.356771,0.515900,0.702869,0.873092,0.109733,0.754483,0.114245,0.856852,0.342202,0.834663,0.287631,0.611616,0.650845,0.425094,0.616757,0.678189,0.677326,0.965255,0.998858,0.186050,0.999895,0.172699,0.995869,0.151187,0.985927,0.954657,0.950482,0.433074,0.349522,0.311857,0.019948,0.367473,0.004186,0.225926,0.007650,0.224914,0.715466,0.660899,0.642756,0.593630,0.830601,0.036397
ENSDARG00000010770_1_6,-4.3000,-4.3285,1.000000,0.979274,0.690661,-22.6000,-23.7076,0.500000,0.577271,0.504995,0.002984,0.012807,0.001257,0.005632,0.004646,0.038522,0.999949,0.673596,0.999804,0.667658,0.999295,0.666846,0.999355,0.668450,0.004943,0.305865,0.002061,0.303697,0.003608,0.330403,0.998250,0.965246,0.962876,0.843014,0.964398,0.766646,0.972175,0.834115,1.000000,0.386959,0.999638,0.326810,0.998334,0.298581,0.969865,0.280983,0.964732,0.868069,0.965047,0.856001
ENSDARG00000010770_1_7,-0.3000,-0.8109,0.375000,0.568088,0.649050,-17.3000,-20.3333,0.250000,0.530950,0.487101,0.985925,0.575469,0.418598,0.338844,0.296046,0.222400,0.300368,0.493132,0.331452,0.347324,0.366905,0.524281,0.908637,0.591301,0.905839,0.530197,0.984779,0.438374,0.978961,0.495366,0.979174,0.478357,0.979617,0.459371,0.936794,0.551267,0.935088,0.689561,0.950779,0.514642,0.349747,0.667182,0.319931,0.805564,0.324906,0.526975,0.302764,0.379930,0.424698,0.112482
ENSDARG00000010770_1_8,-0.1000,-0.6876,0.625000,0.760175,0.806177,-20.9000,-22.8397,0.875000,0.580196,0.438152,0.343238,0.271781,0.347474,0.184794,0.885058,0.237226,0.609921,0.234921,0.999217,0.283250,0.885460,0.979084,0.998480,0.489217,0.998465,0.322868,0.997978,0.304483,0.995211,0.190354,0.985902,0.183670,0.995741,0.439830,0.999643,0.495998,0.998169,0.593516,0.378280,0.313018,0.926016,0.517225,0.357554,0.712228,0.422283,0.774003,0.999591,0.972181,0.999863,0.263404
ENSDARG00000010770_1_9,-1.8000,-2.3748,0.875000,0.916597,0.741627,-19.8000,-22.0030,0.125000,0.307967,0.491065,0.530827,0.514300,0.028888,0.207011,0.288574,0.425484,0.596776,0.748826,0.997457,0.842026,0.997440,0.840743,0.983286,0.810846,0.840198,0.656712,0.638073,0.541350,0.618222,0.504059,0.596985,0.693042,0.383037,0.573170,0.389672,0.424070,0.987250,0.644264,0.987912,0.558196,0.996468,0.439251,0.992850,0.230777,0.999799,0.075291,0.986505,0.040074,0.992318,0.051814
ENSDARG00000010770_1_10,-2.7000,-3.3147,0.375000,0.390842,0.504245,-23.0000,-25.0256,0.250000,0.342927,0.260380,0.983529,0.033901,0.568034,0.013458,0.563918,0.099915,0.576439,0.021051,0.424828,0.006026,0.495746,0.005284,0.540209,0.009229,0.455853,0.864577,0.428379,0.163111,0.425873,0.123011,0.495609,0.180671,0.999744,0.943940,0.995485,0.992115,0.998835,0.385364,0.104595,0.094961,0.040166,0.074890,0.450059,0.889481,0.052457,0.055057,0.054660,0.118940,0.430479,0.132611
ENSDARG00000010873_11_1,-1.8000,-2.4271,0.625000,0.644482,0.569429,-24.6000,-25.8511,0.500000,0.491827,0.371866,0.155571,0.054060,0.139998,0.044109,0.173018,0.061803,0.235420,0.145788,0.606715,0.978547,0.602103,0.975476,0.891384,0.013170,0.856578,0.013905,0.959558,0.035900,0.709032,0.039921,0.652912,0.156388,0.250437,0.983630,0.171211,0.982848,0.060418,0.092223,0.076676,0.016076,0.881214,0.040209,0.995902,0.506923,0.985195,0.920829,0.989112,0.926811,0.996126,0.448694
ENSDARG00000010873_11_2,-1.8000,-2.2339,0.750000,0.709154,0.534541,-26.1000,-27.1147,0.250000,0.205832,0.353629,0.167194,0.450149,0.761031,0.279541,0.175863,0.280555,0.111583,0.310551,0.079803,0.990458,0.229708,0.977887,0.907886,0.080179,0.983633,0.020200,0.967282,0.019548,0.337123,0.981572,0.154985,0.057762,0.141493,0.977526,0.174720,0.007361,0.802912,0.003411,0.090288,0.000408,0.758771,0.001076,0.955984,0.003236,0.946240,0.020529,0.952812,0.999869,0.991507,0.610770
ENSDARG00000010873_11_3,-3.9000,-4.0658,0.625000,0.626714,0.519748,-22.4000,-23.6689,0.625000,0.629354,0.546184,0.822583,0.483956,0.008331,0.329917,0.004392,0.495328,0.005419,0.420059,0.175712,0.403819,0.181293,0.883544,0.999994,0.816759,0.999995,0.949431,0.999927,0.966697,0.957940,0.116922,0.223300,0.017502,0.002367,0.004918,0.003551,0.010442,0.004051,0.078870,0.006321,0.940876,0.999949,0.996438,0.999975,0.985549,0.999967,0.982014,0.999996,0.996094,0.999897,0.044552
ENSDARG00000010873_11_4,-3.4000,-3.7984,0.250000,0.323331,0.458131,-24.3000,-25.8089,0.625000,0.630187,0.404396,0.022798,0.048769,0.020034,0.036341,0.021090,0.032804,0.069617,0.079033,0.285363,0.258434,0.946737,0.946636,0.975171,0.992840,0.266302,0.008471,0.975269,0.004816,0.999362,0.012216,0.995553,0.090678,0.998681,0.535378,0.243788,0.533386,0.998544,0.650965,0.260264,0.255164,0.050643,0.317035,0.028025,0.760211,0.004307,0.761155,0.005665,0.766248,0.995408,0.997337
ENSDARG00000010873_11_5,-4.3000,-4.4148,0.750000,0.788549,0.606347,-23.5000,-25.4379,0.250000,0.296728,0.371862,0.043280,0.217851,0.004767,0.025283,0.841347,0.230686,0.014547,0.066717,0.162550,0.774366,0.999989,0.994503,0.999871,0.993448,0.995347,0.974814,0.848984,0.268565,0.008343,0.026612,0.006758,0.024869,0.892771,0.465690,0.151148,0.730457,0.162007,0.045491,0.998026,0.017774,0.999314,0.016163,0.999869,0.375353,0.999990,0.654135,0.998293,0.274075,0.999743,0.260379
ENSDARG00000010873_11_6,0.0000,-0.0763,1.000000,0.994004,0.986581,-19.9000,-21.1498,0.500000,0.559535,0.562097,0.914189,0.807998,0.979048,0.761273,1.000000,0.825412,1.000000,0.836942,0.979404,0.557579,0.995198,0.570340,0.999057,0.406892,0.999610,0.373255,0.941957,0.359817,0.999667,0.966936,0.999889,0.184198,0.971578,0.115023,0.989238,0.127064,0.999848,0.205457,0.980227,0.961795,1.000000,0.997574,0.999903,0.994561,0.992073,0.131354,0.994370,0.118895,0.996371,0.939580
ENSDARG00000010873_11_7,0.0000,-0.2057,1.000000,0.932673,0.945761,-27.2000,-28.0199,0.625000,0.542288,0.421728,0.887094,0.028469,0.959436,0.017674,0.816706,0.010517,0.887152,0.019029,0.997723,0.047334,0.999546,0.991120,0.956298,0.013862,0.994750,0.010185,0.998185,0.028656,0.968404,0.977816,0.992259,0.977421,0.996291,0.974175,0.999517,0.995276,0.965383,0.023989,0.961041,0.004369,0.728260,0.003878,0.897059,0.999396,0.999846,0.999257,0.912647,0.538528,0.997628,0.773613
ENSDARG00000010873_11_8,-4.1000,-4.4067,0.375000,0.426158,0.447589,-21.9000,-24.1818,0.750000,0.344224,0.446840,0.336291,0.117402,0.044276,0.023307,0.013579,0.035397,0.008652,0.082356,0.010335,0.657459,0.078851,0.626152,0.991486,0.630695,0.991434,0.632207,0.997088,0.922944,0.996583,0.889570,0.994912,0.904824,0.079032,0.660701,0.007906,0.304873,0.007754,0.351600,0.015799,0.392943,0.050570,0.386312,0.338630,0.399803,0.995055,0.684491,0.995098,0.179250,0.998452,0.054517
ENSDARG00000010873_11_9,0.0000,-0.4201,1.000000,0.952774,0.905146,-21.4000,-23.3361,1.000000,0.786380,0.565023,0.818614,0.846318,0.805212,0.210831,0.939909,0.298831,0.999172,0.514808,0.999058,0.633798,0.770277,0.361231,0.827385,0.479874,0.964491,0.364765,0.796482,0.150509,0.808696,0.168725,0.883468,0.578021,0.867968,0.401700,0.923792,0.495850,0.998345,0.502752,0.862756,0.471649,0.961521,0.988383,0.985865,0.934158,0.994686,0.975593,0.947907,0.974801,0.947320,0.947857
ENSDARG00000010873_11_10,-2.7000,-3.0217,1.000000,0.890255,0.704302,-27.1000,-28.0765,0.000000,0.044179,0.325468,0.360875,0.120893,0.387297,0.120393,0.308552,0.049696,0.903971,0.893391,0.892719,0.895304,0.985648,0.985795,0.998971,0.988992,0.943982,0.989066,0.212241,0.138650,0.024310,0.028077,0.024304,0.028796,0.921128,0.916874,0.999250,0.146698,0.983133,0.020292,0.954629,0.001055,0.925837,0.000340,0.715744,0.000544,0.798583,0.166647,0.745576,0.015290,0.999290,0.002565
ENSDARG00000015567_2_1,-1.0000,-1.3295,0.625000,0.697800,0.592328,-18.5000,-20.5487,0.000000,0.333885,0.473338,0.133234,0.551993,0.129775,0.546970,0.994760,0.983625,0.192936,0.598841,0.179127,0.594547,0.297839,0.652554,0.999796,0.720761,0.999902,0.637128,0.993281,0.583198,0.908802,0.546770,0.243921,0.204823,0.190788,0.174477,0.321260,0.280467,0.142869,0.400128,0.138757,0.435904,0.999787,0.624601,0.994223,0.590939,0.998107,0.143038,0.992574,0.095933,0.994825,0.100070
ENSDARG00000015567_2_2,-1.1000,-1.5108,0.750000,0.776621,0.760372,-23.8000,-24.7955,0.500000,0.547413,0.563041,0.690250,0.921033,0.120793,0.862652,0.426309,0.864144,0.997667,0.937475,0.999002,0.966851,0.406585,0.122790,1.000000,0.150859,0.995534,0.932351,0.981851,0.970126,0.999063,0.070944,0.377424,0.057224,1.000000,0.025073,0.996695,0.004979,0.122146,0.344220,0.122303,0.636041,0.996635,0.474066,0.989531,0.202564,0.992341,0.729158,0.993405,0.997647,0.999914,0.990627
ENSDARG00000015567_2_3,-10.4000,-10.4697,0.250000,0.253363,0.402691,-27.3000,-28.7929,0.250000,0.249555,0.384604,0.999999,0.812710,0.999913,0.907650,0.059235,0.010949,0.009062,0.004025,0.000151,0.001285,0.000025,0.001136,0.000038,0.000743,0.002193,0.003218,1.000000,0.999869,0.956294,0.955648,0.999994,0.999299,1.000000,0.999099,1.000000,0.998973,0.951951,0.950864,0.003537,0.003871,0.001463,0.001670,0.001479,0.001843,0.000063,0.000567,0.009100,0.012626,0.059314,0.026028
ENSDARG00000015567_2_4,0.0000,-0.6337,1.000000,0.842879,0.794725,-25.4000,-27.1933,0.375000,0.378523,0.223502,0.892746,0.994749,0.760370,0.150763,0.513589,0.094866,0.694962,0.035957,0.725264,0.030231,0.882983,0.026850,0.786016,0.015185,0.743020,0.012865,0.933153,0.008206,0.772324,0.011188,0.730766,0.052797,0.716276,0.008195,0.616749,0.001548,0.796681,0.002010,0.824704,0.009728,0.950287,0.976825,0.964493,0.945954,0.779688,0.320498,0.812221,0.040811,0.998213,0.730812
ENSDARG00000015567_2_5,-0.8000,-1.3247,1.000000,0.870368,0.781927,-22.8000,-24.8720,0.375000,0.286745,0.470447,0.320875,0.823011,0.297661,0.785946,0.952331,0.725463,0.999693,0.854006,0.809045,0.493471,0.848252,0.494401,0.910327,0.856180,0.863661,0.579921,0.868050,0.452408,0.908874,0.409887,0.415297,0.464519,0.481537,0.175777,0.913136,0.226108,0.841100,0.014671,0.813189,0.004193,0.726562,0.003789,0.850262,0.230929,0.963479,0.520271,0.855324,0.507549,0.999889,0.786451
ENSDARG00000015567_2_7,-0.2000,-0.7811,1.000000,0.954812,0.798046,-23.4000,-24.3010,0.750000,0.792551,0.523977,0.845288,0.901025,0.971206,0.030368,0.480319,0.032929,0.386705,0.986386,0.421617,0.936518,0.998507,0.082238,0.935647,0.091314,0.980204,0.100826,0.999214,0.909242,0.476155,0.034741,0.398332,0.009147,0.429227,0.024397,0.973307,0.180032,0.940185,0.979724,0.808149,0.394367,0.999756,0.998326,0.987487,0.826828,0.980693,0.980914,0.975391,0.993055,0.973530,0.987159
ENSDARG00000015567_2_8,-3.9000,-4.2041,0.500000,0.521470,0.592351,-26.5000,-28.2669,0.500000,0.467551,0.412592,0.026693,0.933038,0.013310,0.880587,0.012447,0.995132,0.167237,0.171022,0.757816,0.087549,0.987021,0.074155,0.991355,0.072952,0.985077,0.445853,0.990444,0.548235,0.988758,0.006848,0.988237,0.009575,0.766854,0.286493,0.170720,0.684462,0.020616,0.002349,0.017610,0.001607,0.023451,0.001932,0.984495,0.075855,0.980854,0.993902,0.981445,0.994020,0.992572,0.986279
ENSDARG00000015567_2_10,-1.1000,-1.3662,0.750000,0.782876,0.747113,-22.3000,-23.4089,0.625000,0.651435,0.586731,0.127043,0.010625,0.132999,0.007908,0.279559,0.012990,0.949119,0.045010,0.993949,0.993293,0.998344,0.973545,0.989211,0.993746,0.999896,0.373817,0.937238,0.327766,0.957420,0.836297,0.999903,0.987619,0.314577,0.960523,0.285447,0.953264,0.179505,0.929037,0.873710,0.961491,0.996476,0.986850,0.962966,0.184964,0.965616,0.131982,0.999675,0.999396,0.999612,0.064495
ENSDARG00000016532_6_1,-2.2000,-2.8081,0.375000,0.431658,0.514532,-22.1000,-23.5193,0.375000,0.510601,0.466438,0.993579,0.846159,0.029985,0.848280,0.024020,0.926740,0.084908,0.750296,0.991657,0.750196,0.260793,0.149271,0.295014,0.009303,0.482548,0.006651,0.987066,0.210071,0.992221,0.188391,0.996135,0.213075,0.699453,0.345524,0.085373,0.875533,0.302074,0.932280,0.969344,0.111340,0.987135,0.175037,0.068502,0.681072,0.021003,0.444129,0.020114,0.417885,0.999720,0.447532
ENSDARG00000016532_6_2,-5.8000,-6.0187,0.500000,0.501793,0.433430,-25.1000,-26.6060,0.375000,0.305039,0.415140,0.038764,0.098903,0.022609,0.081715,0.018871,0.038631,0.018826,0.032447,0.044253,0.196944,0.265452,0.847286,0.980899,0.826207,0.980738,0.862239,0.980717,0.861458,0.981777,0.878589,0.276220,0.961850,0.045130,0.176213,0.019407,0.136295,0.019464,0.140280,0.013966,0.375218,0.018743,0.099419,0.973263,0.131855,0.980768,0.452689,0.989299,0.592590,0.999437,0.511967
ENSDARG00000016532_6_3,-2.2000,-2.9029,0.750000,0.624463,0.611062,-25.3000,-26.6817,0.625000,0.619045,0.291488,0.884542,0.015193,0.566410,0.013142,0.665988,0.079275,0.998329,0.103504,0.999665,0.001750,0.483194,0.004620,0.431289,0.006501,0.562768,0.071622,0.428763,0.009693,0.425572,0.006236,0.110000,0.017562,0.669013,0.548304,0.999991,0.548813,0.999902,0.556253,0.671867,0.606907,0.107167,0.434695,0.358297,0.465516,0.353270,0.462690,0.509430,0.885802,0.995783,0.991684
ENSDARG00000016532_6_4,-6.3000,-6.8618,0.250000,0.239714,0.391662,-24.0000,-26.2796,0.500000,0.457637,0.415736,0.999780,0.709791,0.998762,0.250258,0.993516,0.435780,0.299219,0.370973,0.037434,0.325581,0.000766,0.112032,0.001048,0.326639,0.002412,0.165902,0.003941,0.136065,0.579711,0.620271,0.999525,0.615506,0.999413,0.584831,0.999955,0.543613,0.581977,0.474631,0.001758,0.505057,0.000085,0.527723,0.001527,0.741420,0.001378,0.739106,0.034241,0.099615,0.296790,0.029934
ENSDARG00000016532_6_5,-1.8000,-1.9091,0.500000,0.539642,0.630175,-24.6000,-26.3336,0.250000,0.436017,0.451532,0.988244,0.787066,0.117665,0.580908,0.965281,0.575523,0.063678,0.428434,0.080206,0.252966,0.099710,0.559397,1.000000,0.552002,0.996728,0.184973,0.999878,0.551797,0.991515,0.490480,0.998509,0.040809,0.984947,0.538139,0.991341,0.487623,0.111233,0.470699,0.056251,0.446615,0.098757,0.071535,0.983503,0.010525,0.082109,0.006405,0.994073,0.997695,0.999868,0.997039
ENSDARG00000016532_6_6,-1.5000,-2.3686,0.625000,0.588516,0.594859,-22.0000,-23.7973,0.625000,0.630725,0.563019,0.470563,0.877523,0.260154,0.403606,0.350232,0.410825,0.739093,0.410293,0.965688,0.848998,0.635524,0.924771,0.483196,0.849751,0.842973,0.496812,0.736191,0.876877,0.633483,0.007111,0.441514,0.029819,0.630440,0.078192,0.832911,0.072938,0.742650,0.758139,0.502697,0.871278,0.171507,0.263666,0.169055,0.333522,0.840391,0.995331,0.710236,0.869543,0.738683,0.881383
ENSDARG00000016532_6_7,-2.1000,-2.8651,0.375000,0.425127,0.537947,-22.9000,-25.2614,0.375000,0.384642,0.316049,0.978952,0.280013,0.961712,0.052004,0.964890,0.026834,0.910684,0.028246,0.703933,0.093829,0.049630,0.058433,0.050869,0.044329,0.125562,0.233027,0.184964,0.167616,0.470018,0.426357,0.957152,0.873186,0.999553,0.959964,0.964504,0.945415,0.962318,0.940862,0.453898,0.439442,0.171413,0.157367,0.077170,0.059382,0.104801,0.210509,0.056154,0.070792,0.610759,0.253372
ENSDARG00000016532_6_8,-3.5000,-3.9322,0.500000,0.533034,0.434095,-26.8000,-27.9771,0.125000,0.162405,0.527615,0.090004,0.936757,0.082467,0.945743,0.074561,0.958564,0.087075,0.949580,0.015393,0.949125,0.013688,0.940048,0.979713,0.959491,0.999927,0.828210,0.999967,0.829285,0.999637,0.941113,0.038458,0.011923,0.036732,0.003229,0.410471,0.057511,0.978756,0.040781,0.613156,0.153664,0.090416,0.007434,0.088670,0.007996,0.099342,0.007086,0.988216,0.031483,0.995248,0.993284
ENSDARG00000016532_6_9,-3.1000,-3.2936,0.375000,0.422502,0.513002,-24.2000,-25.4030,0.000000,0.183867,0.242144,0.113864,0.015495,0.095894,0.012883,0.123004,0.021587,0.103869,0.966279,0.115800,0.942398,0.996394,0.040957,0.811451,0.015197,0.909890,0.011258,0.915090,0.043187,0.900972,0.167122,0.870947,0.172094,0.922842,0.963496,0.135453,0.227006,0.135380,0.183596,0.131515,0.184715,0.132654,0.187610,0.061840,0.188572,0.924885,0.214832,0.924231,0.191659,0.934059,0.092948
ENSDARG00000016532_6_10,-3.0000,-3.4800,0.250000,0.333407,0.466410,-21.4000,-23.4011,0.625000,0.503975,0.382840,0.998753,0.085402,0.998489,0.076623,0.385966,0.088257,0.998358,0.204276,0.007961,0.655531,0.009338,0.947833,0.008388,0.014227,0.007839,0.011967,0.249957,0.086690,0.999252,0.436231,0.998318,0.345897,0.998319,0.672077,0.248823,0.434200,0.005189,0.069005,0.007605,0.041600,0.010233,0.073223,0.011859,0.567553,0.996519,0.926816,0.388919,0.961154,0.998109,0.958246
ENSDARG00000016871_6_1,-1.5000,-2.4490,0.375000,0.435742,0.505944,-23.0000,-25.0875,0.875000,0.487928,0.428215,0.291784,0.378272,0.080008,0.386505,0.099222,0.651815,0.195010,0.530842,0.342697,0.546440,0.948028,0.548870,0.480134,0.018976,0.487878,0.159115,0.762962,0.052309,0.989113,0.338957,0.979977,0.563270,0.976143,0.485507,0.990785,0.439674,0.547535,0.793650,0.656861,0.753051,0.382067,0.699538,0.164720,0.710249,0.166155,0.250262,0.172663,0.224223,0.405145,0.032773
ENSDARG00000016871_6_2,-1.3000,-1.8080,1.000000,0.922863,0.734838,-30.2000,-32.4107,0.125000,0.219740,0.292635,0.144016,0.647512,0.185920,0.696619,0.378583,0.363979,0.999021,0.287408,0.845844,0.381121,0.868244,0.691902,0.938569,0.001900,0.994239,0.001528,0.999684,0.017092,0.230163,0.490575,0.224689,0.499482,0.504880,0.015668,0.854880,0.013575,0.863304,0.012066,0.873034,0.013381,0.993176,0.994167,0.846219,0.025049,0.962510,0.024434,0.992793,0.144731,0.996984,0.530518
ENSDARG00000016871_6_3,-2.2000,-2.3452,0.500000,0.536755,0.624916,-22.5000,-23.7956,0.500000,0.409969,0.335266,0.944600,0.120063,0.941780,0.012763,0.960835,0.018375,0.999265,0.015723,0.986777,0.088577,0.975927,0.991886,0.074632,0.448539,0.075987,0.442859,0.071855,0.054392,0.174399,0.084164,0.998287,0.570317,0.999924,0.577904,0.999719,0.626129,0.998373,0.985180,0.138856,0.079653,0.039449,0.009120,0.044289,0.009920,0.089257,0.049364,0.997280,0.582922,0.986821,0.937463
ENSDARG00000016871_6_4,0.0000,-0.9101,1.000000,0.647987,0.772832,-20.6000,-22.4672,0.500000,0.437176,0.557760,0.820076,0.878640,0.811562,0.767472,0.823908,0.762072,0.858304,0.801585,0.946229,0.920289,0.949110,0.909440,0.892174,0.325822,0.892168,0.394853,0.896606,0.666714,0.888279,0.350239,0.890146,0.665193,0.604184,0.215470,0.688582,0.020698,0.767600,0.251471,0.999394,0.795744,1.000000,0.796119,0.654794,0.786292,0.317697,0.772513,0.235484,0.030074,0.520349,0.044497
ENSDARG00000016871_6_5,0.0000,-0.1429,1.000000,0.992411,0.977084,-25.8000,-27.3573,0.250000,0.256282,0.382873,0.900874,0.979741,0.994142,0.797955,0.996563,0.446464,0.941455,0.177972,0.986275,0.379959,0.983261,0.216469,0.998158,0.437518,0.998671,0.355319,1.000000,0.658214,0.822510,0.952867,0.997496,0.151624,0.982996,0.053105,0.993722,0.001332,0.997416,0.001039,0.997704,0.010365,0.992650,0.999719,0.996611,0.999802,0.994639,0.019550,0.984467,0.008839,0.982076,0.009612
ENSDARG00000016871_6_6,-7.4000,-7.7738,0.500000,0.467952,0.561552,-28.5000,-30.2596,0.375000,0.388159,0.285100,0.948324,0.275269,0.956351,0.151332,0.925236,0.146317,0.971267,0.139918,0.947614,0.354326,0.869581,0.359042,0.629745,0.361845,0.016602,0.060992,0.074843,0.003363,0.074357,0.009975,0.074983,0.002655,0.998529,0.731694,0.979849,0.704743,0.980479,0.749590,0.927075,0.869157,0.045006,0.026254,0.030854,0.037392,0.025021,0.015048,0.104813,0.363492,0.650520,0.339596
ENSDARG00000016871_6_7,-4.7000,-4.7220,1.000000,0.996463,0.602313,-24.4000,-25.8041,0.750000,0.682948,0.418542,0.025126,0.008498,0.007685,0.004627,0.003689,0.001708,0.004771,0.000389,0.999984,0.029161,0.999926,0.194642,0.999986,0.774059,0.999979,0.843355,0.004766,0.380873,0.000876,0.031913,0.007948,0.488013,0.019823,0.150020,0.993620,0.499889,0.997403,0.529358,0.998911,0.913873,0.999876,0.893276,0.999954,0.907396,0.992747,0.552430,0.993681,0.585941,0.995513,0.581419
ENSDARG00000016871_6_8,-8.0000,-8.0519,0.250000,0.265588,0.407963,-24.4000,-25.9306,0.125000,0.242558,0.387315,0.985059,0.843714,0.061021,0.154334,0.000622,0.183138,0.000596,0.126765,0.001139,0.120826,0.015569,0.248872,0.016843,0.124541,0.998775,0.845645,0.999987,0.935605,0.985064,0.736643,0.984947,0.749742,0.984921,0.736005,0.002227,0.040557,0.005877,0.110582,0.013147,0.064042,0.015732,0.066832,0.016828,0.155082,0.074451,0.263968,0.998874,0.967992,0.997572,0.271407
ENSDARG00000016871_6_9,0.0000,-0.7663,1.000000,0.912144,0.762053,-23.7000,-25.1323,0.875000,0.715685,0.455279,0.590643,0.969666,0.438488,0.005042,0.402220,0.006654,0.497387,0.031309,0.899177,0.999778,0.974677,0.999534,0.941757,0.055857,0.935246,0.000832,0.545880,0.001984,0.513235,0.000972,0.545025,0.008644,0.660176,0.299828,0.991624,0.552367,0.996102,0.722453,0.868676,0.695997,0.845717,0.711026,0.846698,0.992418,0.953210,0.966053,0.872259,0.686292,0.922864,0.398873
ENSDARG00000016871_6_10,0.0000,-0.4071,1.000000,0.791100,0.828358,-18.2000,-20.4656,0.375000,0.285474,0.553421,0.692904,0.565382,0.599816,0.528518,0.598911,0.543871,0.633053,0.576449,0.998545,0.712491,0.989869,0.916448,0.992591,0.818691,0.956421,0.797245,0.943195,0.950261,0.934301,0.948767,0.922685,0.773450,0.976072,0.653060,0.620349,0.414521,0.616882,0.386008,0.611954,0.608514,0.705896,0.174068,0.941322,0.115523,0.934931,0.113869,0.939179,0.200859,0.958285,0.270429
ENSDARG00000021979_31_1,0.0000,-0.3089,1.000000,0.885484,0.896859,-20.8000,-22.4414,0.250000,0.447337,0.463100,0.943452,0.506261,0.967999,0.511778,0.924608,0.520157,0.923329,0.590203,0.903895,0.749355,0.911027,0.881678,0.921585,0.584992,0.716497,0.185894,0.807946,0.588939,0.872431,0.098777,0.989934,0.078394,0.970603,0.386876,0.924396,0.454992,0.915130,0.780204,0.795423,0.701140,0.740103,0.345455,0.751917,0.281773,0.987393,0.294315,0.987681,0.547453,0.981829,0.173369
ENSDARG00000021979_31_3,-2.4000,-2.4399,0.625000,0.632840,0.705461,-24.0000,-25.3768,0.875000,0.837695,0.459203,0.994971,0.540807,0.998614,0.574416,0.999945,0.109015,0.999933,0.071488,0.995154,0.053973,0.995429,0.959998,0.990761,0.022994,0.988112,0.041873,0.033826,0.005850,0.025281,0.005975,0.025449,0.039012,0.999030,0.057089,0.999873,0.968978,0.999991,0.979214,0.999940,0.980287,0.023424,0.686133,0.027323,0.977253,0.035292,0.975628,0.999950,0.990949,0.976928,0.143120
ENSDARG00000021979_31_4,-2.9000,-3.0302,0.500000,0.526758,0.620534,-26.2000,-27.4398,0.375000,0.404542,0.405389,0.991531,0.937427,0.999188,0.137255,0.999715,0.225751,0.999456,0.974013,0.999986,0.410872,0.999982,0.075107,0.092449,0.077555,0.080867,0.998233,0.027211,0.008639,0.924093,0.006944,0.082229,0.836402,0.999920,0.183238,0.999423,0.180343,0.999852,0.998728,0.999998,0.137251,0.165576,0.012388,0.916797,0.893257,0.009748,0.002338,0.021495,0.019708,0.101172,0.992327
ENSDARG00000021979_31_5,-0.7000,-1.5166,0.625000,0.645987,0.708681,-23.0000,-24.5600,0.750000,0.772067,0.390978,0.948669,0.063996,0.661886,0.050982,0.792537,0.068822,0.542793,0.953035,0.352928,0.092029,0.272157,0.078988,0.995212,0.016207,0.993774,0.044516,0.863876,0.048300,0.824267,0.062497,0.799632,0.108072,0.957981,0.055580,0.330320,0.830368,0.358898,0.404488,0.384333,0.986485,0.444625,0.837194,0.815883,0.997663,0.856037,0.998763,0.990150,0.997981,0.987653,0.123596
ENSDARG00000021979_31_6,-7.0000,-7.0083,0.625000,0.625464,0.501309,-27.9000,-29.0553,0.375000,0.549302,0.351747,0.003536,0.002384,0.000141,0.000679,0.000384,0.000754,0.000175,0.000328,0.009125,0.002025,0.999909,0.062900,0.999897,0.062628,0.999987,0.093052,0.999988,0.143392,0.999629,0.967403,0.009487,0.907031,0.000208,0.397952,0.000382,0.420751,0.000129,0.863146,0.003548,0.833940,0.999838,0.356729,0.999954,0.347391,0.999987,0.338434,0.999917,0.352369,0.999957,0.881652
ENSDARG00000021979_31_7,-1.8000,-2.0282,0.625000,0.653271,0.722185,-19.8000,-22.1539,0.375000,0.583658,0.531416,0.993969,0.332999,0.999531,0.287170,0.999725,0.377750,0.999984,0.502419,0.900287,0.333663,0.913424,0.768250,0.999083,0.914213,0.934958,0.520239,0.053094,0.172912,0.128175,0.186735,0.295726,0.678132,0.999586,0.884565,1.000000,0.802622,1.000000,0.591002,0.916526,0.497469,0.228444,0.332938,0.131587,0.336127,0.048420,0.308437,0.907154,0.978769,0.994034,0.821903
ENSDARG00000021979_31_8,-0.2000,-0.8792,0.750000,0.790953,0.785290,-25.6000,-27.3953,0.375000,0.459319,0.361062,0.645381,0.950543,0.596020,0.939552,0.577544,0.936373,0.886660,0.042805,0.896831,0.102976,0.786129,0.011725,0.734251,0.003712,0.742875,0.005821,0.994166,0.018291,0.996651,0.009604,0.938308,0.238932,0.583361,0.286346,0.273662,0.414689,0.279187,0.882321,0.852043,0.417868,0.999087,0.056498,0.990719,0.559232,0.956595,0.182035,0.996534,0.988846,0.979803,0.173066
ENSDARG00000021979_31_9,-0.3000,-0.6538,1.000000,0.982739,0.866863,-22.3000,-24.4790,0.375000,0.585013,0.444296,0.413161,0.088937,0.412859,0.091776,0.993283,0.293999,0.994842,0.603635,0.988115,0.341338,0.967669,0.990764,0.948667,0.867081,0.976828,0.862887,0.982245,0.062087,0.980764,0.001410,0.425333,0.000796,0.391589,0.001111,0.964089,0.097170,0.999064,0.978317,0.984948,0.994490,1.000000,0.954346,0.972310,0.499253,0.969997,0.409339,0.972253,0.331444,0.999250,0.415745
ENSDARG00000021979_31_10,-0.4000,-1.0863,0.500000,0.608983,0.682050,-20.4000,-22.5014,0.500000,0.589859,0.463690,0.957237,0.537440,0.463339,0.228750,0.464207,0.232425,0.351221,0.929428,0.404617,0.130302,0.745164,0.159087,0.764619,0.465489,0.972407,0.279116,0.899378,0.752044,0.904123,0.290800,0.909582,0.166210,0.933248,0.383835,0.982599,0.716996,0.945859,0.800385,0.914447,0.765366,0.775778,0.759641,0.337901,0.448458,0.200286,0.148178,0.238322,0.151100,0.476676,0.928747
ENSDARG00000025108_6_1,-3.1000,-3.5980,0.250000,0.433644,0.545863,-22.4000,-24.1717,0.250000,0.291223,0.485167,0.012412,0.724288,0.003343,0.557408,0.004879,0.653305,0.978754,0.696526,0.927252,0.705951,0.984406,0.717085,0.527255,0.755365,0.503945,0.814421,0.515824,0.450038,0.999006,0.509704,0.999950,0.672589,0.991074,0.116872,0.523313,0.055328,0.501848,0.057465,0.419500,0.045422,0.986417,0.959713,0.013531,0.186404,0.011124,0.181863,0.013428,0.029486,0.999991,0.814102
ENSDARG00000025108_6_2,-3.7000,-3.8777,0.375000,0.458146,0.520711,-23.7000,-25.1982,1.000000,0.843146,0.439000,0.887770,0.119078,0.037641,0.010297,0.002967,0.009865,0.021322,0.015518,0.111685,0.044298,0.182075,0.049210,0.996234,0.053029,0.968808,0.072408,0.905273,0.098311,0.889719,0.260554,0.886005,0.898777,0.859550,0.403477,0.182867,0.927548,0.112194,0.703223,0.113149,0.832339,0.113471,0.947471,0.146836,0.948530,0.999987,0.959539,0.999993,0.921077,0.996667,0.505442
ENSDARG00000025108_6_3,-2.0000,-2.3908,1.000000,0.899059,0.751287,-23.0000,-24.3527,0.375000,0.340155,0.506067,0.308670,0.118356,0.291356,0.082224,0.829214,0.766847,0.892209,0.844526,1.000000,0.986048,0.947844,0.937234,0.829300,0.939070,0.684745,0.813150,0.639384,0.793267,1.000000,0.982000,0.181259,0.062109,0.229280,0.075260,0.998020,0.707972,0.981447,0.668307,0.999988,0.991429,0.892393,0.046028,0.743185,0.009648,0.793751,0.021263,0.796753,0.025097,0.986938,0.251499
ENSDARG00000025108_6_4,-0.9000,-1.5618,0.750000,0.841002,0.800825,-22.4000,-23.5678,1.000000,0.787555,0.577671,0.641193,0.068215,0.644170,0.050928,0.999659,0.202572,0.999332,0.974463,0.984193,0.289302,0.998073,0.208282,0.743750,0.209829,0.092590,0.056327,0.193385,0.634314,0.999834,0.996061,0.997973,0.817877,0.994327,0.744815,0.998078,0.776659,0.999785,0.790868,0.999943,0.946579,0.461545,0.671626,0.457457,0.723964,0.997015,0.793437,0.844042,0.891062,0.970146,0.706240
ENSDARG00000025108_6_6,-0.5000,-0.9952,0.500000,0.663077,0.721484,-24.9000,-26.5209,0.125000,0.221597,0.369292,0.339954,0.991758,0.304306,0.985865,0.258630,0.856068,0.958415,0.750927,0.996821,0.746142,0.502919,0.150228,0.993435,0.011712,0.969354,0.007218,0.924499,0.014301,0.936631,0.022326,0.977083,0.082444,0.963010,0.994068,0.963968,0.316182,0.512129,0.464169,0.977965,0.948296,0.992821,0.027678,0.328943,0.000922,0.283352,0.001251,0.278259,0.002250,0.967178,0.012027
ENSDARG00000025108_6_7,0.0000,-0.5130,1.000000,0.921866,0.884501,-23.1000,-24.5845,1.000000,0.793796,0.562725,0.852279,0.260533,0.811797,0.214457,0.864333,0.231724,0.945093,0.949303,0.994695,0.190834,0.997266,0.228255,0.999676,0.203971,0.999948,0.781397,0.447662,0.210286,0.480009,0.199771,0.999693,0.761350,0.922649,0.672261,0.997174,0.722985,0.988028,0.738072,0.900401,0.959831,0.818159,0.725557,0.932297,0.738328,0.881557,0.735326,0.871059,0.978334,0.986251,0.751935
ENSDARG00000025108_6_8,-4.2000,-4.9718,0.125000,0.274085,0.388759,-23.8000,-25.6526,0.125000,0.224109,0.336842,0.898942,0.873231,0.039896,0.344165,0.004538,0.259532,0.011171,0.212724,0.160017,0.126089,0.161965,0.113700,0.242595,0.782708,0.375339,0.773012,0.990103,0.775908,0.989575,0.324542,0.856852,0.175541,0.851499,0.182815,0.234663,0.190404,0.146146,0.220695,0.174476,0.244226,0.582811,0.689600,0.575854,0.131569,0.154717,0.111205,0.153575,0.102941,0.170437,0.102227
ENSDARG00000025108_6_10,-0.9000,-1.7003,0.750000,0.705713,0.720721,-25.9000,-27.1055,0.500000,0.503498,0.580310,0.416321,0.927957,0.394144,0.614312,0.975932,0.568092,0.845682,0.835058,0.571228,0.878650,0.998725,0.936374,0.934719,0.890510,0.979797,0.956655,0.731199,0.962361,0.567856,0.003638,0.362133,0.001846,0.990976,0.002768,0.765639,0.009385,0.435522,0.998388,0.519231,0.999560,0.989519,0.984990,0.655046,0.003703,0.640618,0.000666,0.700321,0.031363,0.939804,0.999925
ENSDARG00000028415_0_1,-0.7000,-1.7234,0.750000,0.808050,0.735662,-27.5000,-28.0906,0.625000,0.634230,0.366344,0.788887,0.013303,0.835961,0.002935,0.695784,0.001617,0.652420,0.004335,0.479724,0.001748,0.466796,0.000281,0.857118,0.013604,0.802844,0.998657,0.976800,0.969867,0.490106,0.081371,0.448823,0.035642,0.753570,0.129668,0.807359,0.972816,0.901445,0.985065,0.957086,0.113030,0.472170,0.003645,0.381441,0.004397,0.991485,0.999964,0.957525,0.997925,0.995892,0.997001
ENSDARG00000028415_0_2,-2.1000,-2.5624,0.625000,0.677484,0.680432,-23.2000,-25.4076,0.000000,0.281236,0.434582,0.865671,0.557831,0.744656,0.413107,0.119133,0.250885,0.101235,0.287082,0.329179,0.606740,0.878201,0.450403,0.821643,0.823364,0.961172,0.822265,0.983601,0.851187,0.786262,0.459896,0.841029,0.574313,0.756983,0.344675,0.787221,0.419300,0.852635,0.540027,0.867629,0.023670,0.284547,0.008238,0.280018,0.030180,0.365748,0.032156,0.984934,0.636257,0.997142,0.560059
ENSDARG00000028415_0_3,-5.0000,-5.2545,0.250000,0.262358,0.410050,-23.8000,-24.8581,0.375000,0.397471,0.386093,0.024685,0.075804,0.014569,0.055234,0.995115,0.131285,0.012064,0.908041,0.020945,0.081047,0.992439,0.123823,0.005153,0.063235,0.043286,0.203192,0.999962,0.894409,0.999604,0.893030,1.000000,0.976254,0.994315,0.136732,0.054586,0.038631,0.006153,0.063454,0.985666,0.964938,0.008672,0.895911,0.010075,0.896308,0.283163,0.168169,0.022188,0.057172,0.728356,0.095184
ENSDARG00000028415_0_4,-8.4000,-8.4037,0.375000,0.375399,0.500240,-24.6000,-26.1074,0.125000,0.299037,0.494058,0.001533,0.100962,0.000019,0.097193,0.000023,0.161498,0.000416,0.166598,0.003370,0.298846,0.997892,0.966314,0.999205,0.962872,0.999962,0.937163,0.999976,0.924783,0.999996,0.942322,0.999205,0.967490,1.000000,0.962811,0.999999,0.987374,0.001196,0.282154,0.000420,0.023527,0.000023,0.000148,0.000027,0.000059,0.001532,0.001237,1.000000,0.554638,0.999996,0.543163
ENSDARG00000028415_0_5,-2.0000,-2.7984,0.625000,0.678330,0.737693,-30.3000,-31.3251,0.750000,0.732494,0.371348,0.995186,0.055652,0.990000,0.046883,0.607618,0.081775,0.512282,0.010376,0.230076,0.001175,0.976399,0.000402,0.997400,0.000095,0.533754,0.001005,0.525517,0.004090,0.983064,0.999947,0.985737,0.210960,0.990179,0.154647,0.996794,0.035316,0.060033,0.831153,0.027979,0.008866,0.698053,0.999899,0.997496,0.999640,0.764642,0.996131,0.975387,0.997119,0.906257,0.991831
ENSDARG00000028415_0_7,-4.1000,-4.3368,0.250000,0.293397,0.434514,-26.9000,-28.4317,0.500000,0.704647,0.391011,0.999016,0.988128,0.995101,0.005594,0.116656,0.002720,0.013365,0.003299,0.003030,0.000213,0.009372,0.001059,0.993273,0.001711,0.015617,0.000912,0.200207,0.006633,0.999198,0.019776,0.999872,0.649179,0.998402,0.503810,0.998825,0.579836,0.200728,0.823689,0.009575,0.874039,0.998047,0.818849,0.010560,0.620943,0.002908,0.607142,0.011784,0.520211,0.114752,0.792471
ENSDARG00000028415_0_8,-2.9000,-3.3327,0.250000,0.330531,0.459921,-25.0000,-26.5736,0.625000,0.576898,0.469122,0.926893,0.946615,0.942380,0.929241,0.036137,0.672772,0.028968,0.993074,0.090678,0.151082,0.132895,0.036823,0.869189,0.012538,0.894914,0.011972,0.241697,0.998447,0.433392,0.004997,0.966983,0.001857,0.990055,0.007843,0.845189,0.193961,0.097289,0.829995,0.338512,0.969261,0.986123,0.102073,0.124824,0.505271,0.067671,0.079699,0.095949,0.973819,0.088689,0.961109
ENSDARG00000028415_0_9,-3.3000,-3.4014,0.750000,0.748049,0.691394,-25.6000,-26.6817,0.125000,0.172743,0.460747,0.034723,0.185199,0.030033,0.164353,0.017996,0.186247,0.974388,0.900404,0.895578,0.840238,0.981622,0.919062,0.999500,0.964857,0.987437,0.951003,0.995114,0.898749,0.933822,0.857009,0.955488,0.844085,0.037795,0.121788,0.026778,0.171835,0.033749,0.013975,0.985556,0.029886,0.991689,0.016395,0.978079,0.016965,0.975189,0.015101,0.996538,0.965415,0.996817,0.152372
ENSDARG00000028415_0_10,-0.3000,-0.6746,1.000000,0.980090,0.813785,-23.9000,-25.5156,0.500000,0.476672,0.439353,0.981366,0.903587,0.438029,0.890157,0.430797,0.626186,0.425941,0.554565,0.950147,0.624067,0.932011,0.607825,0.999650,0.624376,0.993538,0.102895,0.990818,0.034859,0.443474,0.003615,0.433290,0.000944,0.415914,0.000613,0.956706,0.012814,0.957451,0.004433,0.968024,0.144164,0.992219,0.740577,0.995071,0.945906,0.994964,0.830787,0.979984,0.817435,0.996300,0.317263
ENSDARG00000029045_5_1,-1.4000,-1.6869,0.500000,0.609163,0.659736,-22.6000,-24.2488,0.250000,0.377461,0.403876,0.196152,0.771551,0.169673,0.409550,0.869128,0.398297,0.281032,0.452081,0.328982,0.798253,0.949889,0.318661,0.944767,0.369743,0.998246,0.596656,0.860312,0.173633,0.847249,0.152760,0.926293,0.304934,0.949693,0.311707,0.233115,0.129075,0.295071,0.272566,0.191680,0.096031,0.174807,0.078035,0.984288,0.476107,0.999268,0.527184,0.999285,0.900595,0.995788,0.540093
ENSDARG00000029045_5_2,-3.7000,-3.9836,0.250000,0.265876,0.412339,-23.0000,-24.8301,0.375000,0.338604,0.469873,0.999098,0.429160,0.999341,0.424013,0.826122,0.390022,0.091316,0.286823,0.006613,0.285853,0.012050,0.509372,0.015050,0.945818,0.008122,0.676455,0.165388,0.609973,0.999169,0.652200,0.999149,0.762099,0.998362,0.716838,0.998801,0.819670,0.132873,0.837037,0.009579,0.030770,0.012135,0.021769,0.009295,0.028511,0.044132,0.949341,0.092100,0.014066,0.828094,0.007670
ENSDARG00000029045_5_3,-10.6000,-10.6383,0.125000,0.129728,0.303491,-27.6000,-29.0839,0.125000,0.139911,0.303669,0.997334,0.983290,0.025560,0.006448,0.000291,0.001318,0.000032,0.001200,0.001823,0.003802,0.999501,0.999304,0.004911,0.055458,0.002201,0.052668,0.002627,0.004344,0.999184,0.948188,0.999269,0.948498,0.999269,0.949567,1.000000,0.967103,0.003118,0.013251,0.001668,0.013316,0.004311,0.014583,0.002603,0.004603,0.000760,0.034672,0.001565,0.037051,0.023801,0.034712
ENSDARG00000029045_5_4,-1.6000,-2.0711,1.000000,0.778644,0.675569,-21.9000,-23.3595,0.375000,0.474776,0.412581,0.478993,0.137414,0.431967,0.064249,0.470066,0.065787,0.954535,0.539521,0.948465,0.607760,0.994574,0.702550,0.994693,0.744267,0.994965,0.719526,0.134916,0.109543,0.143930,0.091881,0.100338,0.096722,0.634792,0.574195,0.996735,0.911224,0.940667,0.974503,0.950790,0.582301,0.995986,0.515157,0.623074,0.146974,0.562487,0.091388,0.575791,0.467711,0.583623,0.108946
ENSDARG00000029045_5_5,-1.1000,-2.0268,0.625000,0.717014,0.676899,-24.0000,-24.9674,0.375000,0.397909,0.536008,0.736082,0.847850,0.706034,0.106477,0.699485,0.051635,0.449307,0.108548,0.588588,0.235101,0.997890,0.910340,0.372465,0.861806,0.450932,0.860002,0.407481,0.835779,0.730602,0.886637,0.730656,0.874942,0.932340,0.957759,0.992251,0.910121,0.995150,0.260057,0.385941,0.110269,0.433714,0.016897,0.361314,0.770310,0.579339,0.026222,0.999221,0.997014,0.989184,0.092385
ENSDARG00000029045_5_6,-6.6000,-6.6038,0.500000,0.500530,0.500646,-22.3000,-24.1796,0.500000,0.456982,0.526737,0.001561,0.085609,0.000057,0.082574,0.001071,0.199502,0.001425,0.359630,0.002467,0.358939,1.000000,0.869377,0.999884,0.860174,0.999996,0.989333,0.999997,0.991976,0.999936,0.874794,0.999936,0.848314,0.002352,0.358661,0.001428,0.022966,0.001075,0.002836,0.000123,0.002175,0.001622,0.004656,1.000000,0.926117,0.999996,0.903142,0.999998,0.951832,0.999999,0.842135
ENSDARG00000029045_5_7,-3.3000,-3.3226,1.000000,0.998084,0.604052,-22.6000,-24.3166,0.250000,0.428198,0.379874,0.014604,0.057325,0.007234,0.027059,0.006077,0.024405,0.020780,0.046663,0.999986,0.973890,0.999729,0.988878,0.999656,0.748851,0.020450,0.032267,0.005589,0.019860,0.008752,0.085254,0.014539,0.243751,0.998983,0.923695,0.999503,0.899476,0.996369,0.884772,0.996893,0.349345,0.999526,0.267274,0.998848,0.268829,0.999739,0.276238,0.997165,0.249747,0.996626,0.229905
ENSDARG00000029045_5_8,-1.4000,-1.5883,1.000000,0.979153,0.647947,-21.5000,-23.1224,1.000000,0.738459,0.426929,0.227439,0.004451,0.107807,0.001956,0.110156,0.002578,0.142000,0.009399,0.969550,0.075325,0.971282,0.277500,0.997513,0.925357,0.996132,0.939003,0.171237,0.123203,0.120592,0.063165,0.107868,0.049850,0.204147,0.159125,0.969872,0.932887,0.968752,0.541177,0.969494,0.546656,0.972176,0.557926,0.977329,0.956603,0.979798,0.965439,0.997681,0.718090,0.998119,0.688895
ENSDARG00000029045_5_9,-4.4000,-4.5343,0.375000,0.385392,0.507340,-22.5000,-23.6498,0.625000,0.538008,0.471873,0.118716,0.082876,0.011857,0.010551,0.003229,0.013697,0.003209,0.010870,0.017015,0.047893,0.994595,0.954650,0.931937,0.955467,1.000000,0.990647,0.997633,0.357920,0.997554,0.356161,0.992157,0.354681,0.995763,0.997980,0.989962,0.995577,0.946496,0.978687,0.993872,0.996934,0.022929,0.657857,0.003197,0.641236,0.000826,0.012350,0.010100,0.008375,0.115754,0.013043
ENSDARG00000029045_5_10,-4.0000,-4.0189,1.000000,0.997762,0.700644,-22.6000,-24.4144,0.375000,0.425381,0.470910,0.004477,0.012266,0.001971,0.003991,0.014629,0.016664,0.999938,0.951693,0.993837,0.950603,0.998525,0.975402,0.999145,0.981518,1.000000,0.993227,0.994511,0.987248,0.011613,0.050806,0.003370,0.039871,0.008766,0.051864,0.991684,0.375556,0.999215,0.375193,0.999741,0.318211,0.999949,0.792398,0.997637,0.471411,1.000000,0.752069,0.994313,0.271560,0.999552,0.046656
ENSDARG00000029472_5_1,0.0000,-0.1865,1.000000,0.973452,0.966698,-21.2000,-22.9729,0.125000,0.397754,0.542456,0.897443,0.927772,0.994457,0.935540,0.999362,0.968821,0.949085,0.948486,0.991675,0.607473,0.999205,0.511202,0.997392,0.862100,0.985924,0.401362,0.999785,0.512466,0.773449,0.495052,0.958557,0.165643,1.000000,0.331169,0.976202,0.206404,0.988251,0.452667,1.000000,0.531360,1.000000,0.779039,0.957880,0.142938,0.989801,0.358395,0.917324,0.255504,0.958159,0.455726
ENSDARG00000029472_5_2,-4.7000,-5.4260,0.375000,0.439444,0.551360,-22.0000,-24.5660,0.250000,0.324817,0.350995,0.998419,0.466835,0.984037,0.129838,0.983824,0.109811,0.967329,0.421417,0.637847,0.349165,0.152743,0.080691,0.003816,0.003063,0.002686,0.001601,0.096746,0.096889,0.825970,0.869132,0.858290,0.893248,0.999936,0.999671,0.999893,0.999639,0.999901,0.999639,0.249039,0.232768,0.016296,0.016468,0.000833,0.002365,0.002734,0.003215,0.294909,0.189907,0.951945,0.154532
ENSDARG00000029472_5_3,-2.6000,-2.9880,0.375000,0.338144,0.470431,-24.2000,-24.9630,0.375000,0.395664,0.390515,0.850576,0.970405,0.723983,0.198045,0.867077,0.240545,0.178203,0.993137,0.033029,0.117248,0.014095,0.059465,0.009191,0.120877,0.029276,0.887184,0.999734,0.006521,0.999514,0.007365,0.999590,0.046809,0.999206,0.997379,0.029468,0.046248,0.010039,0.014378,0.012960,0.015074,0.031129,0.048614,0.173768,0.133542,0.999798,0.985313,0.721383,0.928119,0.726606,0.994024
ENSDARG00000029472_5_4,-2.4000,-2.4653,0.375000,0.400721,0.519641,-19.2000,-21.7598,0.375000,0.461644,0.532948,0.997801,0.557418,0.999255,0.525500,0.999065,0.559661,0.999823,0.666887,0.997704,0.658249,0.026895,0.434131,0.026733,0.688989,0.026668,0.570131,0.032833,0.526272,0.087886,0.547963,0.996620,0.737345,0.995775,0.493271,0.998846,0.532969,0.999292,0.486327,0.089871,0.441985,0.033886,0.481848,0.026151,0.496052,0.026357,0.342674,0.032035,0.481537,0.999334,0.429761
ENSDARG00000029472_5_6,0.0000,-0.3549,1.000000,0.925278,0.904731,-21.4000,-23.0735,0.500000,0.490350,0.515761,0.924554,0.334954,0.782819,0.280120,0.834085,0.579283,0.997458,0.928036,0.995943,0.951766,0.952131,0.962763,0.949838,0.933510,0.950824,0.299280,0.947048,0.023456,0.711577,0.066445,0.696915,0.957342,0.949206,0.075476,0.962884,0.074396,0.910541,0.059819,0.917963,0.064528,0.900385,0.090120,0.858240,0.664845,0.882898,0.991727,0.988745,0.993947,0.980571,0.983415
ENSDARG00000029472_5_7,-2.4000,-2.9528,0.375000,0.362480,0.489132,-25.1000,-26.6661,0.750000,0.565764,0.411788,0.994414,0.504091,0.218010,0.293610,0.064810,0.743180,0.052594,0.111910,0.910859,0.026457,0.014496,0.020259,0.099688,0.014139,0.542206,0.013918,0.994924,0.426918,0.999180,0.899884,0.996475,0.357990,0.995153,0.297289,0.580381,0.238684,0.057615,0.308771,0.100880,0.698335,0.918018,0.647357,0.044920,0.589303,0.055153,0.551973,0.143834,0.566406,0.999035,0.925286
ENSDARG00000029472_5_8,-0.2000,-0.8771,0.625000,0.734766,0.787598,-24.4000,-25.7318,0.125000,0.191792,0.354979,0.977881,0.993629,0.988862,0.985872,0.999491,0.978642,0.985551,0.448181,0.973333,0.067997,0.597730,0.027954,0.388718,0.027458,0.316708,0.072699,0.687697,0.036092,0.961046,0.106630,0.998104,0.869933,0.998717,0.950157,0.641952,0.097700,0.623390,0.053677,0.256765,0.056189,0.705398,0.990715,0.797551,0.243375,0.964919,0.013133,0.974359,0.063181,0.913790,0.016363
ENSDARG00000029472_5_9,-7.3000,-7.5843,0.500000,0.535430,0.433196,-27.3000,-28.2275,0.125000,0.171062,0.286519,0.303042,0.329146,0.022399,0.026289,0.000481,0.000795,0.022783,0.000396,0.002168,0.001149,0.002587,0.002244,0.986132,0.997373,0.992412,0.999550,0.999962,0.998923,0.999993,0.998844,0.024788,0.004472,0.023737,0.002701,0.001652,0.000150,0.018883,0.000552,0.060160,0.029782,0.366272,0.326006,0.959030,0.007442,0.939932,0.005579,0.940040,0.007324,0.997471,0.991663
ENSDARG00000029472_5_10,-6.5000,-6.5242,0.500000,0.500345,0.596709,-28.5000,-29.2713,0.500000,0.489851,0.410773,0.002225,0.899559,0.000705,0.929301,0.003611,0.932382,0.010945,0.048584,0.986423,0.083510,0.963936,0.084328,0.999471,0.095705,0.999994,0.928531,0.999915,0.147369,0.999508,0.049641,0.987791,0.048765,0.976892,0.048985,0.000915,0.001322,0.001094,0.064088,0.000601,0.892097,0.001670,0.846685,0.999519,0.957652,0.999406,0.100851,0.999556,0.109766,0.999998,0.946345
ENSDARG00000031494_0_1,-0.6000,-1.4705,0.625000,0.626326,0.686285,-23.7000,-25.0426,0.250000,0.418494,0.466683,0.778044,0.438864,0.713646,0.431287,0.543047,0.441696,0.999276,0.446107,0.999490,0.468866,0.474010,0.725418,0.206314,0.750173,0.570319,0.749727,0.679143,0.559543,0.983226,0.239983,0.955724,0.186892,0.812854,0.547144,0.641871,0.324704,0.647261,0.315113,0.819183,0.961133,0.821165,0.715650,0.802212,0.028675,0.383076,0.307203,0.147482,0.033318,0.748357,0.662161
ENSDARG00000031494_0_2,-2.1000,-2.2452,0.625000,0.649121,0.719167,-28.8000,-29.4418,0.500000,0.532658,0.415817,0.197324,0.014051,0.196246,0.003675,0.135539,0.002643,0.913912,0.009307,0.914197,0.042286,1.000000,0.998812,0.916903,0.000603,0.917525,0.000437,0.999888,0.081387,0.999722,0.957101,0.999825,0.999594,0.999295,0.945171,0.998455,0.239745,0.208738,0.031142,0.027672,0.000367,0.028461,0.006366,0.930307,0.999909,0.999849,0.999792,0.999800,0.985918,0.999686,0.998027
ENSDARG00000031494_0_3,-4.7000,-4.9166,0.250000,0.390444,0.446227,-22.7000,-24.1126,1.000000,0.783132,0.512399,0.015001,0.008953,0.003597,0.004439,0.731270,0.033290,0.009877,0.880989,0.171071,0.956904,0.260920,0.104151,0.272046,0.094439,0.880585,0.061890,0.874903,0.205064,0.874560,0.549201,0.840170,0.500496,0.866998,0.583118,0.156555,0.790354,0.153626,0.790418,0.167244,0.907785,0.153250,0.940956,0.225048,0.893048,0.269335,0.887608,0.999276,0.561897,0.999216,0.492990
ENSDARG00000031494_0_4,0.0000,-0.1522,1.000000,0.978140,0.978050,-24.2000,-25.4970,0.750000,0.710785,0.594390,0.973830,0.983201,0.986308,0.890916,0.999456,0.903149,0.999270,0.993302,0.998530,0.464819,0.998605,0.466758,0.999473,0.396120,0.999912,0.117722,0.787857,0.099247,1.000000,0.006234,1.000000,0.006392,0.992644,0.873652,0.998814,0.873894,0.964201,0.886549,1.000000,0.222136,0.950336,0.076762,0.976810,0.836560,0.949613,0.889739,0.986978,0.995035,0.998366,0.905608
ENSDARG00000031494_0_5,-1.6000,-2.0349,0.375000,0.521748,0.715282,-23.5000,-24.8998,0.375000,0.388417,0.364475,0.803959,0.406704,0.804680,0.360373,0.998623,0.433508,0.851803,0.672152,1.000000,0.682628,0.995098,0.646787,0.922888,0.337015,0.872486,0.308192,0.795340,0.109651,0.796124,0.016417,0.854307,0.191410,0.436354,0.017328,0.374754,0.027283,0.354117,0.043304,0.901363,0.970576,0.729919,0.913106,0.737105,0.939584,0.306140,0.085277,0.359800,0.063508,0.410788,0.064697
ENSDARG00000031494_0_6,-0.4000,-0.9314,1.000000,0.972690,0.737007,-24.7000,-25.8777,0.625000,0.537581,0.409354,0.389121,0.767394,0.265562,0.778167,0.266905,0.158740,0.727313,0.017890,0.749277,0.035988,0.987950,0.114566,0.998839,0.002533,0.522883,0.002727,0.245134,0.007676,0.315941,0.832094,0.741780,0.521656,0.747922,0.646998,0.823859,0.580438,0.988152,0.662522,0.997731,0.961995,0.999387,0.998033,0.990031,0.999419,0.990279,0.075515,0.993511,0.017141,0.998573,0.005582
ENSDARG00000031494_0_7,-3.6000,-3.7025,0.375000,0.387746,0.506446,-26.5000,-28.0122,0.500000,0.401044,0.468925,0.994605,0.921601,0.100619,0.288481,0.008313,0.303215,0.006671,0.309643,0.006904,0.352514,0.005453,0.902298,0.997866,0.893835,0.947497,0.929634,0.998151,0.657207,0.999034,0.579158,0.998929,0.007716,0.962918,0.024839,0.984501,0.403791,0.006482,0.992221,0.005352,0.460535,0.004956,0.002000,0.005138,0.001191,0.098117,0.050929,0.999336,0.999938,0.998084,0.297747
ENSDARG00000031494_0_8,-2.0000,-2.6468,0.625000,0.597434,0.661022,-22.7000,-23.8179,0.750000,0.640276,0.566198,0.025119,0.029042,0.016278,0.008049,0.027407,0.007686,0.998665,0.052924,0.567395,0.382402,0.998859,0.412052,0.975929,0.444999,0.998466,0.939985,0.999805,0.982336,0.999917,0.984669,0.976621,0.984162,0.856508,0.973445,0.526843,0.954853,0.042022,0.908055,0.042371,0.688152,0.213392,0.691597,0.960027,0.675276,0.997680,0.895522,0.997978,0.244726,0.999164,0.064031
ENSDARG00000031494_0_9,-1.0000,-1.7302,1.000000,0.948235,0.767755,-22.1000,-24.4190,0.625000,0.495894,0.466760,0.797119,0.415164,0.802973,0.420861,0.591459,0.767346,0.420290,0.637693,0.428457,0.703396,0.988285,0.842309,0.712356,0.434047,0.653415,0.444233,0.934607,0.384258,0.423837,0.071170,0.381143,0.049181,0.635285,0.198378,0.843357,0.107945,0.888252,0.153522,0.980667,0.551236,0.976942,0.534120,0.972705,0.494778,0.961075,0.705309,0.963090,0.942448,0.999792,0.477797
ENSDARG00000031494_0_10,0.0000,-0.1510,1.000000,0.977339,0.966852,-23.8000,-25.7010,0.250000,0.323448,0.270488,0.863850,0.019768,0.952963,0.017271,0.973471,0.017927,0.986354,0.026300,0.981541,0.290737,0.991032,0.997417,0.983029,0.011926,0.887414,0.006848,0.975329,0.966312,0.947205,0.337245,0.991314,0.071770,0.984826,0.058651,0.962199,0.168371,0.946118,0.146726,0.978402,0.145828,0.972633,0.138642,0.987376,0.162822,0.988536,0.214709,0.988090,0.802129,0.995359,0.808354
ENSDARG00000033845_4_1,-0.1000,-0.7141,0.625000,0.783438,0.825525,-29.2000,-30.7111,0.250000,0.251550,0.364384,0.978934,0.863766,0.953026,0.795789,0.943345,0.629111,0.596558,0.351892,0.586660,0.545359,0.561707,0.160951,0.998932,0.107553,0.998584,0.189810,0.826314,0.387244,0.812843,0.266581,0.992954,0.971343,0.993134,0.005876,0.994481,0.005024,0.590640,0.002148,0.317126,0.000056,0.376415,0.001072,0.999627,0.001884,0.997516,0.003334,0.992953,0.999482,0.998749,0.999400
ENSDARG00000033845_4_2,-4.6000,-4.7696,0.500000,0.524187,0.432067,-34.1000,-35.3712,0.250000,0.274972,0.236455,0.054895,0.013453,0.056140,0.003055,0.105280,0.001416,0.155932,0.002893,0.048710,0.003156,0.052251,0.003877,0.988645,0.998514,0.986911,0.395657,0.993053,0.987230,0.958211,0.018815,0.026799,0.014366,0.021030,0.086893,0.166189,0.454690,0.971805,0.482470,0.968760,0.039127,0.072709,0.000538,0.003297,0.000022,0.016600,0.002742,0.998554,0.999988,0.995578,0.220201
ENSDARG00000033845_4_3,-2.7000,-2.7907,0.750000,0.755362,0.614881,-22.1000,-23.6837,0.250000,0.457598,0.488595,0.087446,0.193488,0.071724,0.157167,0.078661,0.187355,0.074907,0.448586,0.985495,0.956953,0.947651,0.898744,0.997870,0.720165,0.998569,0.656134,0.999641,0.942373,0.918595,0.650389,0.029380,0.139708,0.064785,0.160059,0.063019,0.175905,0.073031,0.290640,0.995078,0.574974,0.960850,0.304309,0.963666,0.328349,0.997230,0.726133,0.992727,0.959561,0.997292,0.300913
ENSDARG00000033845_4_4,-2.8000,-3.5298,0.625000,0.632548,0.553882,-25.0000,-26.4660,0.125000,0.175186,0.435721,0.141992,0.259951,0.056117,0.191870,0.904411,0.844244,0.999505,0.951514,0.999320,0.979915,0.999441,0.847338,0.999812,0.847773,0.051922,0.158001,0.052289,0.177902,0.454430,0.565760,0.089141,0.509652,0.268869,0.978999,0.624815,0.034521,0.997367,0.029977,0.999983,0.105098,0.640074,0.260875,0.453278,0.081368,0.079659,0.014257,0.625731,0.041945,0.639475,0.833447
ENSDARG00000033845_4_5,-3.8000,-3.9576,0.375000,0.391945,0.513427,-27.4000,-28.8346,0.250000,0.203501,0.423650,0.998821,0.937837,0.995250,0.914640,0.985604,0.629055,0.997868,0.652336,0.956773,0.600654,0.056378,0.505929,0.004406,0.720242,0.004888,0.842876,0.005617,0.286037,0.129194,0.040309,0.998237,0.713055,0.999946,0.002035,0.999167,0.001249,0.129567,0.002800,0.007018,0.151200,0.004706,0.000963,0.002914,0.004209,0.053108,0.017720,0.999141,0.709734,0.939940,0.740129
ENSDARG00000033845_4_6,-4.9000,-5.2423,0.250000,0.341715,0.435778,-27.5000,-29.4063,0.125000,0.184057,0.330756,0.816618,0.528055,0.796421,0.437726,0.404595,0.508455,0.060806,0.201512,0.060112,0.194303,0.759675,0.246593,0.094066,0.461308,0.285996,0.825614,0.286477,0.751200,0.953278,0.868519,0.739856,0.086675,0.723946,0.032706,0.723383,0.341162,0.771559,0.197722,0.262991,0.841744,0.288905,0.076508,0.226768,0.001196,0.053192,0.000805,0.052572,0.001122,0.354349,0.012198
ENSDARG00000033845_4_7,-4.1000,-4.4104,0.625000,0.654090,0.440318,-24.0000,-25.3833,0.625000,0.612812,0.369927,0.226275,0.925233,0.010654,0.110896,0.018107,0.068948,0.023649,0.100311,0.044773,0.155386,0.102225,0.169635,0.996033,0.157240,0.999715,0.123246,0.994307,0.173269,0.103908,0.116532,0.032392,0.362847,0.021603,0.032500,0.019022,0.073564,0.023581,0.852345,0.319604,0.874909,0.905190,0.947310,0.969604,0.954580,0.998188,0.904814,0.998033,0.140990,0.999501,0.153980
ENSDARG00000033845_4_8,0.0000,-0.5519,1.000000,0.750106,0.838972,-25.6000,-27.6580,0.000000,0.325205,0.402623,0.995789,0.985031,0.998274,0.782480,0.987835,0.763718,0.983200,0.750777,0.940793,0.738078,0.861834,0.290841,0.906768,0.286818,0.855058,0.386058,0.998756,0.350062,0.952932,0.077252,0.686304,0.015726,0.611060,0.023985,0.614326,0.595393,0.984899,0.597353,0.980674,0.692634,0.978044,0.189708,0.945285,0.017952,0.530211,0.467267,0.417182,0.007391,0.550225,0.033944
ENSDARG00000033845_4_9,-2.9000,-3.6034,0.625000,0.684527,0.642804,-21.2000,-22.6928,0.625000,0.778777,0.518313,0.027303,0.911208,0.009088,0.007153,0.025353,0.008867,0.899145,0.062525,0.678982,0.083417,0.980209,0.633190,0.827916,0.595177,0.885435,0.605561,0.846690,0.524060,0.841094,0.106104,0.873595,0.122245,0.485060,0.476548,0.999585,0.897711,0.169586,0.869000,0.164193,0.925679,0.160344,0.537229,0.991633,0.584015,0.991529,0.574343,0.999421,0.946451,0.999928,0.895784
ENSDARG00000033845_4_10,-2.7000,-2.8919,1.000000,0.972085,0.686407,-21.0000,-22.7725,0.750000,0.732921,0.560666,0.818124,0.735385,0.053347,0.554889,0.063738,0.736500,0.066311,0.141756,0.965927,0.195851,0.974699,0.184770,0.991503,0.298615,0.066587,0.301365,0.062202,0.266270,0.067097,0.295283,0.999032,0.905790,0.822900,0.733481,0.908544,0.829513,0.978610,0.941051,0.995699,0.889053,1.000000,0.892694,0.979657,0.357571,0.960128,0.249735,0.954218,0.844733,0.999826,0.859014
ENSDARG00000034375_0_1,0.0000,-0.5303,1.000000,0.836324,0.852567,-21.6000,-23.0712,0.750000,0.690776,0.464250,0.981940,0.818413,0.923592,0.150464,0.940989,0.149758,0.879213,0.196637,0.944299,0.378196,0.984415,0.112648,0.990698,0.539409,0.985642,0.623390,0.673545,0.483612,0.563978,0.276301,0.541830,0.017450,0.950609,0.012506,0.868562,0.071059,0.995275,0.963666,0.990906,0.916564,0.981034,0.990059,0.565804,0.488193,0.625310,0.993715,0.674774,0.993227,0.988929,0.109727
ENSDARG00000034375_0_2,-0.4000,-0.9843,0.500000,0.625717,0.694504,-23.1000,-24.6794,0.250000,0.357040,0.342763,0.495364,0.614102,0.472590,0.611702,0.488069,0.613754,0.409012,0.054853,0.830891,0.434900,0.765581,0.097992,0.746286,0.077118,0.766894,0.113172,0.998138,0.702946,0.967535,0.180368,0.955654,0.131193,0.988327,0.366844,0.585433,0.159735,0.769815,0.132200,0.257268,0.118446,0.271686,0.335791,0.461817,0.373532,0.810827,0.375891,0.852865,0.795160,0.996026,0.565562
ENSDARG00000034375_0_3,-2.8000,-3.4584,0.250000,0.364695,0.466706,-22.3000,-24.0372,0.125000,0.314347,0.393162,0.302462,0.281476,0.265321,0.204126,0.920170,0.261625,0.083719,0.306794,0.097528,0.716351,0.318674,0.662411,0.353208,0.690367,0.529034,0.553271,0.865165,0.646990,0.811756,0.291441,0.929138,0.351899,0.940385,0.381703,0.949583,0.483496,0.146808,0.139936,0.089909,0.149653,0.110692,0.597270,0.408349,0.465364,0.747981,0.239087,0.112148,0.215238,0.352094,0.224735
ENSDARG00000034375_0_4,-6.8000,-7.0348,0.375000,0.376134,0.461842,-27.3000,-28.9313,0.375000,0.348855,0.236443,0.003847,0.996358,0.000230,0.026051,0.000722,0.001651,0.003912,0.002310,0.025728,0.003512,0.833046,0.005065,0.895324,0.016951,0.860397,0.006446,0.995269,0.007426,0.999951,0.020458,0.897555,0.540401,0.711788,0.311382,0.999781,0.463595,0.995279,0.974010,0.007783,0.621667,0.001679,0.599417,0.000259,0.003223,0.000491,0.000751,0.003860,0.002484,0.999942,0.125695
ENSDARG00000034375_0_5,-1.5000,-2.2381,0.375000,0.497567,0.581075,-19.8000,-22.3957,0.000000,0.318586,0.463255,0.159039,0.739928,0.130559,0.184598,0.773284,0.340017,0.346934,0.381858,0.138870,0.318963,0.263705,0.329113,0.996465,0.319207,0.999889,0.953748,0.916768,0.562135,0.915510,0.698312,0.999971,0.893154,0.999971,0.995382,0.264351,0.657672,0.141835,0.513662,0.118786,0.160993,0.572525,0.175368,0.400024,0.092072,0.483057,0.109338,0.999979,0.425857,0.999982,0.413723
ENSDARG00000034375_0_6,-3.9000,-3.9700,1.000000,0.976697,0.689560,-22.1000,-24.0535,0.875000,0.574417,0.446788,0.018424,0.168970,0.015126,0.148350,0.014460,0.889154,0.998453,0.184406,0.955553,0.165478,0.996112,0.853923,0.996000,0.838266,0.995792,0.840650,0.953543,0.179197,0.017991,0.058443,0.006320,0.002810,0.009845,0.010781,0.967033,0.123316,0.951864,0.954705,0.996020,0.498678,0.996492,0.417806,0.998030,0.409220,0.982913,0.925231,0.947921,0.745032,0.973303,0.521350
ENSDARG00000034375_0_7,-0.7000,-1.5839,1.000000,0.714971,0.716796,-21.5000,-23.7422,0.125000,0.288731,0.473819,0.740081,0.601071,0.461256,0.581141,0.693298,0.913492,0.882773,0.858895,0.740210,0.916012,0.894119,0.548106,0.643310,0.612644,0.798518,0.569974,0.412763,0.215256,0.406887,0.290102,0.998791,0.804384,0.944155,0.255453,0.934900,0.247313,0.791625,0.354452,0.414145,0.160199,0.649509,0.013820,0.860162,0.512192,0.991880,0.461921,0.532575,0.282951,0.544973,0.277000
ENSDARG00000034375_0_8,-1.1000,-2.0013,0.375000,0.493309,0.549641,-21.9000,-23.7830,0.000000,0.302813,0.460635,0.971878,0.900104,0.092918,0.819596,0.088511,0.809852,0.090664,0.244213,0.786565,0.175682,0.755249,0.174508,0.382455,0.138379,0.552710,0.765516,0.784608,0.755532,0.989758,0.789582,0.795752,0.604725,0.755278,0.612499,0.571809,0.231915,0.509078,0.190873,0.588467,0.413400,0.973249,0.220121,0.098089,0.100621,0.107702,0.518275,0.098642,0.441027,0.999433,0.306270
ENSDARG00000034375_0_9,-3.1000,-3.6993,0.750000,0.718993,0.587326,-24.0000,-26.2791,0.500000,0.547589,0.515044,0.521981,0.840716,0.479278,0.688921,0.385248,0.773383,0.030328,0.805795,0.076234,0.802029,0.722404,0.299598,0.938880,0.209345,0.742256,0.085098,0.445386,0.439120,0.320957,0.281355,0.332088,0.329865,0.999541,0.364944,0.502357,0.339229,0.446756,0.955427,1.000000,0.289620,0.711253,0.030612,0.902340,0.871615,0.690084,0.151076,0.750103,0.873563,0.749052,0.869573
ENSDARG00000034375_0_10,0.0000,-0.3931,1.000000,0.867959,0.873487,-20.0000,-21.3717,0.375000,0.398866,0.659798,0.730835,0.752700,0.696446,0.752912,0.681681,0.793092,0.750860,0.843072,0.989474,0.888705,0.928631,0.846085,0.998596,0.934228,0.916805,0.786646,0.933586,0.836286,0.972752,0.905449,0.931399,0.861303,0.994994,0.804544,0.955429,0.774461,0.997251,0.948176,0.982425,0.791266,0.738459,0.046817,0.718282,0.232827,0.722442,0.093655,0.830839,0.058660,0.998547,0.245066
ENSDARG00000035563_0_1,0.0000,-0.7511,1.000000,0.696054,0.774313,-24.0000,-25.8629,0.250000,0.185324,0.516489,0.973864,0.956382,0.976575,0.927425,0.974154,0.876985,0.991273,0.893803,0.982065,0.722717,0.999033,0.835784,0.999390,0.685242,0.679726,0.546902,0.555867,0.588319,0.527371,0.413514,0.430631,0.712976,0.827874,0.687139,0.815168,0.152710,0.997208,0.203204,0.984855,0.024080,0.955497,0.376426,0.558526,0.068609,0.320600,0.015496,0.356674,0.022193,0.579905,0.619874
ENSDARG00000035563_0_2,-4.7000,-4.8755,1.000000,0.999627,0.624832,-22.2000,-23.8685,0.750000,0.734431,0.539151,0.004065,0.194777,0.000595,0.089671,0.001282,0.343911,0.244416,0.740835,0.999245,0.964373,0.999907,0.457366,0.999924,0.401124,0.999840,0.926687,0.243844,0.751485,0.001233,0.003203,0.000871,0.027632,0.004397,0.006506,0.999217,0.294546,0.999699,0.369235,0.999914,0.978095,0.999691,0.808084,0.999662,0.775384,0.999492,0.969741,0.999817,0.823517,0.999525,0.856848
ENSDARG00000035563_0_3,-5.1000,-5.5993,0.375000,0.395850,0.432462,-26.6000,-27.7485,0.500000,0.512400,0.522374,0.006346,0.745689,0.000615,0.738473,0.007661,0.560950,0.998605,0.408932,0.143269,0.729436,0.012406,0.741226,0.158519,0.991514,0.998556,0.410015,0.999148,0.006056,0.999442,0.003324,0.999186,0.021433,0.158685,0.991237,0.016580,0.996207,0.141831,0.977774,0.995080,0.010476,0.342185,0.050956,0.005150,0.040029,0.008482,0.914788,0.658460,0.995118,0.999029,0.113854
ENSDARG00000035563_0_4,-0.4000,-0.8229,1.000000,0.952176,0.841409,-17.6000,-19.9624,0.875000,0.722281,0.591381,0.955061,0.483166,0.362896,0.222369,0.364502,0.231842,0.984305,0.346386,0.959813,0.889148,0.999025,0.681626,0.997969,0.657179,0.999263,0.633922,0.970679,0.489814,0.356441,0.251442,0.431398,0.558833,0.829417,0.603658,0.865767,0.789399,0.999483,0.862323,0.964224,0.770526,0.991904,0.910882,0.962851,0.594382,0.930560,0.710669,0.913320,0.517752,0.989302,0.622313
ENSDARG00000035563_0_5,-2.2000,-2.4447,0.250000,0.327757,0.460183,-25.8000,-27.2734,0.250000,0.374296,0.399275,0.995261,0.935062,0.978907,0.878189,0.974464,0.995728,0.224044,0.127563,0.098129,0.034359,0.060879,0.006738,0.063398,0.006615,0.081243,0.997368,0.156919,0.001432,0.980552,0.002150,0.986205,0.009569,0.981600,0.996365,0.978810,0.106872,0.989955,0.062040,0.152821,0.317078,0.071693,0.339567,0.050395,0.322553,0.044537,0.724317,0.102864,0.996110,0.230977,0.125827
ENSDARG00000035563_0_6,0.0000,-0.1130,1.000000,0.976814,0.971295,-23.0000,-24.4814,0.625000,0.644015,0.562744,0.965508,0.924914,0.976923,0.906802,0.947600,0.874193,1.000000,0.856984,0.905817,0.862698,0.941503,0.235061,1.000000,0.224177,0.970570,0.218580,1.000000,0.971515,0.933786,0.009471,0.970038,0.008797,0.999650,0.009568,0.923958,0.011251,0.971790,0.594459,0.967052,0.587287,0.984127,0.503457,0.973657,0.498118,0.999904,0.997556,0.999950,0.997616,0.994077,0.962374
ENSDARG00000035563_0_7,0.0000,-0.5475,1.000000,0.790470,0.826311,-24.7000,-26.2954,0.375000,0.377757,0.434732,0.920638,0.955040,0.892231,0.899368,0.938956,0.209602,0.989318,0.221926,0.585176,0.196296,0.520220,0.287707,0.447953,0.911025,0.987678,0.811650,0.975664,0.916457,0.982351,0.244745,0.983933,0.015513,0.978344,0.003258,0.980523,0.023962,0.517290,0.984084,0.518117,0.023792,0.599867,0.097226,0.978464,0.115981,0.975647,0.792088,0.870333,0.305970,0.883516,0.678954
ENSDARG00000035563_0_8,-3.9000,-4.0694,0.750000,0.741164,0.522861,-22.8000,-24.1264,0.625000,0.661022,0.527671,0.044718,0.766663,0.072172,0.768725,0.939364,0.841673,0.004310,0.168380,0.014339,0.153618,0.197329,0.211034,0.957493,0.242740,0.999813,0.276534,0.999807,0.447258,0.197277,0.034000,0.067608,0.666332,0.033688,0.688283,0.048438,0.601054,0.017240,0.643894,0.899818,0.692860,0.999940,0.262409,0.964494,0.282966,0.999907,0.971472,0.999792,0.941688,0.999683,0.891836
ENSDARG00000035563_0_9,-1.8000,-2.1352,0.875000,0.901741,0.649787,-22.0000,-23.8196,0.750000,0.612376,0.529827,0.247557,0.614651,0.066131,0.609391,0.087157,0.932295,0.156976,0.891476,0.999689,0.892732,0.967484,0.651835,0.975299,0.657465,0.994163,0.190449,0.990759,0.074032,0.130879,0.028735,0.082788,0.020276,0.082928,0.134203,0.379453,0.217405,0.914548,0.666657,0.971867,0.670448,0.999948,0.976320,0.995898,0.663655,0.993658,0.674121,0.976715,0.857740,0.981844,0.172658
ENSDARG00000035563_0_10,-6.0000,-6.5302,0.750000,0.529814,0.527446,-26.8000,-27.9382,0.250000,0.379651,0.421625,0.066274,0.675214,0.003027,0.535597,0.005340,0.593196,0.002875,0.652811,0.599862,0.307100,0.953338,0.354186,0.963230,0.370151,0.689031,0.448284,0.998057,0.690028,0.994347,0.169745,0.521671,0.012820,0.513368,0.586168,0.232265,0.094035,0.546952,0.075717,0.961766,0.413568,0.566242,0.959021,0.479810,0.162974,0.479019,0.174203,0.479020,0.177718,0.493436,0.979970
ENSDARG00000036245_3_1,0.0000,-0.8319,1.000000,0.691454,0.745563,-22.5000,-23.8699,0.375000,0.380240,0.597823,0.965434,0.842667,0.989955,0.831191,0.967596,0.801788,0.981294,0.846633,0.805409,0.959093,0.996175,0.819361,0.608940,0.819562,0.386789,0.898271,0.377660,0.558572,0.307965,0.523566,0.999340,0.989101,0.993074,0.024736,0.993713,0.014443,0.979827,0.033289,0.356683,0.978289,0.346528,0.005165,0.396095,0.007204,0.612132,0.010851,0.847164,0.998341,0.999489,0.994339
ENSDARG00000036245_3_2,-0.2000,-1.3588,0.500000,0.808351,0.680566,-24.4000,-25.5765,1.000000,0.697328,0.430879,0.649342,0.039771,0.615445,0.029285,0.519918,0.035977,0.527067,0.965711,0.736732,0.977927,0.848541,0.062030,0.739505,0.051976,0.651034,0.050298,0.514697,0.061146,0.405556,0.158876,0.476706,0.125500,0.459960,0.480453,0.586231,0.470655,0.958616,0.494602,0.786829,0.564171,0.703676,0.636606,0.728895,0.850860,0.711474,0.870939,0.995346,0.847657,0.995745,0.843136
ENSDARG00000036245_3_3,0.0000,-0.0085,1.000000,0.998454,0.998494,-22.7000,-24.0053,0.375000,0.535972,0.555713,0.999381,0.986848,0.999540,0.940931,0.999405,0.932383,0.997820,0.970446,0.999879,0.712135,0.997556,0.708037,0.999438,0.374385,0.999573,0.340524,0.991878,0.148576,0.998243,0.065813,0.999538,0.062771,1.000000,0.583629,0.999671,0.394801,0.999078,0.423816,0.993065,0.329426,0.998926,0.286049,0.999085,0.199513,0.998723,0.811705,0.999591,0.945869,0.999494,0.896602
ENSDARG00000036245_3_4,-3.0000,-3.0594,0.625000,0.640714,0.709762,-23.6000,-25.2487,0.250000,0.376861,0.445972,0.985914,0.492254,0.986086,0.430695,0.999921,0.847993,0.999846,0.832381,0.999901,0.766626,0.997735,0.751462,0.091313,0.779513,0.009559,0.369542,0.008040,0.397215,0.996704,0.200955,0.997332,0.017830,0.997178,0.018086,0.998486,0.227088,0.997802,0.229191,1.000000,0.316766,0.030893,0.319225,0.028468,0.205570,0.082845,0.160983,0.993860,0.877852,0.993361,0.678211
ENSDARG00000036245_3_5,0.0000,-0.6936,1.000000,0.763059,0.806569,-23.9000,-25.6924,0.375000,0.337670,0.499945,0.958166,0.940027,0.979437,0.652378,0.994387,0.677892,0.879182,0.816836,0.983944,0.760125,0.999262,0.468864,0.781810,0.532997,0.371498,0.523631,0.441063,0.668892,0.654499,0.324578,0.999525,0.702522,0.984133,0.228806,0.798619,0.032297,0.773248,0.584094,0.772073,0.066407,0.968362,0.010665,0.976079,0.004885,0.481055,0.005784,0.661965,0.999315,0.673070,0.997914
ENSDARG00000036245_3_7,-2.0000,-2.4512,0.625000,0.632290,0.669434,-22.6000,-24.4913,0.250000,0.528405,0.441518,0.870850,0.174556,0.870093,0.070630,0.854764,0.156675,0.763473,0.457927,0.899319,0.876103,0.859103,0.924450,0.846691,0.684451,0.077074,0.211080,0.074861,0.106853,0.223709,0.130767,0.997877,0.413548,0.992556,0.396084,0.993572,0.414223,0.956197,0.582366,0.186362,0.392310,0.201276,0.421523,0.176226,0.369989,0.855862,0.730772,0.737802,0.796825,0.951020,0.519229
ENSDARG00000036245_3_8,0.0000,-0.0392,1.000000,0.984837,0.987603,-22.6000,-24.3206,0.625000,0.618933,0.502403,0.995570,0.974714,0.998822,0.566110,0.993287,0.236545,0.997889,0.512226,0.993606,0.447874,0.993255,0.518615,0.971528,0.089215,0.967577,0.019237,0.999085,0.119751,0.972051,0.402500,0.996457,0.598497,0.994235,0.611300,0.989484,0.617056,0.998187,0.409551,0.968691,0.621936,0.998601,0.393574,0.963669,0.396337,0.971204,0.994597,0.989402,0.740643,0.999459,0.777773
ENSDARG00000036245_3_9,-1.1000,-1.6604,0.500000,0.615224,0.625511,-22.6000,-24.3035,0.375000,0.347130,0.549041,0.500902,0.689688,0.436673,0.681400,0.430229,0.685504,0.973221,0.914870,0.320227,0.959520,0.329722,0.869337,0.992528,0.961253,0.947441,0.488201,0.952007,0.432215,0.771342,0.536719,0.795092,0.776142,0.139038,0.208924,0.276739,0.220379,0.986855,0.667392,0.992969,0.724499,0.443346,0.047750,0.158510,0.016632,0.353028,0.019452,0.791384,0.089882,0.918964,0.991054
ENSDARG00000036245_3_10,-1.1000,-1.7782,1.000000,0.998854,0.737049,-18.8000,-21.3068,0.625000,0.434829,0.504166,0.149463,0.369901,0.069965,0.062511,0.160729,0.136070,0.993906,0.839846,0.999973,0.890129,0.996863,0.782155,0.932691,0.751209,0.413858,0.486352,0.076507,0.222164,0.410490,0.456620,0.545734,0.671119,0.999976,0.936610,0.999978,0.712267,0.999949,0.659337,0.996321,0.547488,0.999936,0.534145,0.998088,0.471390,0.999238,0.208190,0.997383,0.174376,0.999943,0.171443
ENSDARG00000036482_0_1,-1.0000,-1.3511,0.625000,0.648225,0.718297,-25.2000,-26.5325,0.750000,0.703471,0.347672,0.777453,0.261625,0.752059,0.022750,0.745532,0.020251,0.745895,0.008825,0.999542,0.005622,0.997605,0.035072,0.420329,0.399523,0.380926,0.403615,0.384845,0.159361,0.987350,0.000711,0.992510,0.000153,0.996096,0.008162,0.996246,0.998724,0.995860,0.979907,0.757037,0.625913,0.142574,0.993756,0.117228,0.017615,0.189472,0.016572,0.993569,0.998641,0.993817,0.996641
ENSDARG00000036482_0_2,-6.1000,-6.1208,0.875000,0.873282,0.601837,-24.0000,-25.2193,0.500000,0.437555,0.427493,0.001884,0.004326,0.000116,0.000276,0.000255,0.001360,0.024072,0.024706,0.999837,0.995210,0.999940,0.994866,0.999966,0.995511,0.999999,0.999139,0.999985,0.996713,0.023845,0.026969,0.000429,0.004902,0.000159,0.005436,0.001853,0.006678,0.992360,0.635159,0.999901,0.901676,0.999948,0.603635,1.000000,0.181881,0.999942,0.114246,0.992328,0.097497,0.999919,0.959668
ENSDARG00000036482_0_3,0.0000,-0.1266,1.000000,0.956126,0.963415,-18.7000,-20.9565,0.875000,0.782351,0.601530,0.986538,0.633048,0.913619,0.539373,0.901968,0.542344,0.907706,0.598640,1.000000,0.975663,0.996945,0.348954,0.999900,0.361327,0.999367,0.580835,0.991571,0.348973,0.995444,0.761216,0.936240,0.051909,0.989996,0.029509,0.995628,0.066874,0.994632,0.974163,0.925524,0.956543,0.919840,0.800403,0.841634,0.575489,0.994757,0.997745,0.994151,0.997020,0.982842,0.890570
ENSDARG00000036482_0_4,-0.5000,-0.9724,1.000000,0.908284,0.822064,-28.2000,-29.0881,0.500000,0.504897,0.464799,0.465152,0.765695,0.477443,0.270514,1.000000,0.511462,1.000000,0.996242,0.996110,0.375446,1.000000,0.343272,0.255720,0.231024,0.248402,0.761536,1.000000,0.992176,0.825533,0.008394,0.914727,0.000158,0.991931,0.000872,0.985627,0.001089,1.000000,0.999094,1.000000,0.038518,0.997845,0.000151,0.730894,0.000743,1.000000,0.999997,0.772238,0.999980,0.779665,0.999606
ENSDARG00000036482_0_5,0.0000,-0.4899,1.000000,0.937630,0.880188,-24.1000,-25.4472,0.875000,0.831338,0.580967,0.890800,0.946992,0.948215,0.936991,0.568298,0.994476,0.556878,0.219557,0.960447,0.101242,1.000000,0.125046,1.000000,0.603018,0.956225,0.303887,0.763032,0.719879,0.602334,0.013107,0.857905,0.002867,0.998592,0.001573,0.756686,0.005544,0.988810,0.971409,0.999556,0.954415,0.920021,0.810955,0.984196,0.927093,0.956366,0.996463,0.911969,0.994521,0.983437,0.990303
ENSDARG00000036482_0_6,-2.1000,-2.4227,0.625000,0.697770,0.715278,-23.2000,-24.5632,0.375000,0.321873,0.492621,0.851858,0.356652,0.817902,0.182447,0.864091,0.313975,0.997573,0.953543,0.999946,0.995215,0.332694,0.988851,0.179424,0.834383,0.179571,0.813004,0.854349,0.251955,0.806177,0.265260,0.883786,0.461474,0.956028,0.860671,0.986718,0.921738,0.935016,0.739108,0.994320,0.881014,0.205578,0.004077,0.178447,0.001842,0.317842,0.003500,0.964292,0.005016,0.999950,0.018689
ENSDARG00000036482_0_7,-2.2000,-2.4672,0.375000,0.435485,0.469235,-23.3000,-24.9021,0.250000,0.340479,0.455741,0.984432,0.928802,0.119576,0.930120,0.103804,0.546041,0.130949,0.474686,0.978408,0.444314,0.132109,0.461005,0.130665,0.133182,0.274514,0.616987,0.959809,0.472375,0.955017,0.454924,0.902527,0.880796,0.229013,0.047762,0.090017,0.007361,0.152548,0.074975,0.990870,0.063216,0.142610,0.920677,0.098902,0.228544,0.086962,0.139060,0.950358,0.998928,0.971614,0.291072
ENSDARG00000036482_0_8,-5.2000,-5.2499,0.500000,0.509478,0.606927,-25.3000,-26.6456,0.625000,0.561998,0.372317,0.993585,0.387390,0.999227,0.194114,1.000000,0.218946,0.999874,0.161165,0.998103,0.175602,1.000000,0.158347,1.000000,0.302820,0.042884,0.250285,0.000691,0.027690,0.000531,0.094277,0.027855,0.048984,0.999974,0.930741,0.999962,0.718837,0.999981,0.727125,0.999554,0.712555,0.033907,0.959457,0.006687,0.707523,0.000774,0.076303,0.043208,0.307359,0.991749,0.286826
ENSDARG00000036482_0_9,-7.2000,-7.3599,0.250000,0.269417,0.415445,-25.5000,-27.2093,0.250000,0.337147,0.393997,0.113723,0.913027,0.092989,0.645056,0.782094,0.278569,0.025082,0.328722,0.811597,0.240828,0.107394,0.543586,0.118369,0.903876,0.110931,0.773498,0.992331,0.358888,0.999956,0.078224,0.999506,0.078629,0.999587,0.039853,0.112277,0.047221,0.003864,0.007673,0.047209,0.318406,0.061441,0.593441,0.917572,0.253194,0.001639,0.240977,0.011344,0.252950,0.999994,0.983315
ENSDARG00000036482_0_10,-1.7000,-1.8544,1.000000,0.935334,0.785768,-20.8000,-22.7124,0.125000,0.376808,0.529990,0.987621,0.916567,0.187433,0.236697,0.087966,0.240580,0.898728,0.792052,0.997930,0.828075,0.947571,0.819880,0.881038,0.828822,0.855078,0.906421,0.973038,0.938996,0.210934,0.210016,0.207162,0.125210,0.998198,0.742022,0.998197,0.638722,0.899638,0.424241,0.873067,0.620688,0.929312,0.122491,0.995387,0.123258,0.886840,0.068799,0.900957,0.767728,0.999273,0.248540
ENSDARG00000037060_32_1,-1.1000,-1.6399,0.625000,0.709774,0.719063,-20.5000,-22.7229,0.500000,0.411898,0.590104,0.321927,0.432916,0.309143,0.437330,0.891009,0.983975,0.997252,0.989367,0.999889,0.993481,0.999845,0.867511,0.999889,0.848920,0.409323,0.307172,0.436765,0.458750,0.999890,0.943802,0.998332,0.928610,0.339806,0.315065,0.333466,0.304614,1.000000,0.079724,0.891192,0.274726,0.891686,0.172311,0.919963,0.408135,0.319265,0.370317,0.322620,0.719402,1.000000,0.965954
ENSDARG00000037060_32_2,-4.4000,-5.2895,0.250000,0.200188,0.360531,-28.3000,-30.0200,0.125000,0.144702,0.299851,0.385780,0.979320,0.330064,0.477670,0.682950,0.430754,0.014941,0.427950,0.008451,0.437065,0.020128,0.970993,0.319517,0.108299,0.327316,0.075942,0.534327,0.072724,0.996000,0.106416,0.995043,0.733702,0.994590,0.018578,0.229777,0.989615,0.014004,0.057282,0.005395,0.026153,0.008650,0.068035,0.317963,0.002721,0.010969,0.000843,0.324531,0.000888,0.690217,0.012077
ENSDARG00000037060_32_3,0.0000,-0.7969,1.000000,0.757852,0.790915,-22.3000,-24.1143,0.750000,0.654300,0.498324,0.978842,0.258529,0.942537,0.237579,0.969727,0.566958,0.984209,0.637906,0.768188,0.312095,0.762141,0.478400,0.963050,0.824041,0.984129,0.665391,0.793064,0.225835,0.577893,0.090255,0.532790,0.192704,0.498922,0.242377,0.968574,0.939600,0.993671,0.954592,0.804311,0.875325,0.794599,0.710163,0.559733,0.839785,0.578944,0.851281,0.577013,0.040082,0.785971,0.023576
ENSDARG00000037060_32_4,0.0000,-0.3147,1.000000,0.917616,0.918589,-17.8000,-19.8629,0.750000,0.683676,0.658521,0.889564,0.609151,0.935039,0.303203,0.935000,0.372071,0.959834,0.896542,0.995386,0.774427,0.985059,0.733964,0.949190,0.707947,0.879751,0.886371,0.966177,0.696642,0.769598,0.586861,0.776283,0.626829,0.989976,0.507017,0.991989,0.462511,0.969055,0.640490,0.933326,0.867010,0.738276,0.304480,0.725099,0.309494,0.992622,0.990594,0.994605,0.959392,0.995956,0.935434
ENSDARG00000037060_32_5,-1.3000,-1.7394,0.750000,0.760790,0.701752,-21.4000,-23.1185,0.375000,0.514949,0.504194,0.129937,0.815400,0.131392,0.547848,0.445423,0.679370,0.778392,0.921994,0.695727,0.901565,0.965754,0.381876,0.990446,0.336695,0.951604,0.351842,0.945396,0.743598,0.957962,0.091565,0.733098,0.084060,0.223593,0.108478,0.391595,0.926765,0.148721,0.830534,0.693350,0.658542,0.962601,0.557488,0.995908,0.233268,0.965451,0.652086,0.936656,0.198950,0.992038,0.061961
ENSDARG00000037060_32_6,-0.9000,-1.5889,0.250000,0.427387,0.532860,-22.7000,-24.2124,0.250000,0.348941,0.356370,0.950514,0.973712,0.948645,0.449569,0.249659,0.397908,0.260233,0.350367,0.994240,0.951282,0.318721,0.913985,0.166790,0.111404,0.149502,0.051675,0.269647,0.045437,0.989451,0.023157,0.997877,0.014509,0.942830,0.052879,0.941527,0.135718,0.277362,0.026561,0.110118,0.021505,0.130773,0.487497,0.322491,0.150466,0.539556,0.531318,0.315558,0.948129,0.781707,0.490332
ENSDARG00000037060_32_7,-0.2000,-0.8941,0.750000,0.847865,0.783792,-25.4000,-26.6818,0.625000,0.547705,0.405894,0.729813,0.044618,0.725668,0.035797,0.680998,0.033638,0.975684,0.038846,0.965710,0.039824,0.565676,0.041279,0.601214,0.995688,0.628142,0.302818,0.999089,0.661835,0.997249,0.962610,0.723075,0.474195,0.300591,0.105088,0.352442,0.111444,0.605922,0.014359,0.996184,0.017186,0.989921,0.867706,0.944473,0.986598,0.938209,0.630450,0.968269,0.881135,0.987505,0.872763
ENSDARG00000037060_32_8,-1.4000,-1.5698,1.000000,0.972047,0.798898,-20.7000,-23.2654,0.625000,0.486464,0.455583,0.117425,0.544633,0.092346,0.404606,0.903454,0.458144,0.978207,0.568049,0.998266,0.424331,0.999884,0.399326,0.131755,0.050174,0.117257,0.311737,0.938126,0.910096,0.983736,0.922451,0.966866,0.064157,0.974264,0.162247,0.975434,0.402949,0.982764,0.887275,0.996940,0.826913,0.955686,0.432096,0.946166,0.084724,0.975246,0.382264,0.965575,0.433064,0.978566,0.442428
ENSDARG00000037060_32_10,-2.6000,-2.7291,1.000000,0.969259,0.705383,-22.8000,-24.7120,0.375000,0.412710,0.351421,0.984146,0.996519,0.020176,0.930938,0.015348,0.541992,0.095055,0.094375,0.978777,0.066726,0.981310,0.069240,0.999738,0.066240,0.997597,0.066072,0.159913,0.791250,0.070054,0.035347,0.068945,0.014560,0.982532,0.053487,0.925178,0.988811,0.926052,0.643005,0.936447,0.378264,0.999442,0.355406,0.998932,0.901486,0.985756,0.008077,0.982600,0.013708,0.999663,0.012926
ENSDARG00000038188_15_2,-0.9000,-1.2232,1.000000,0.913386,0.803739,-20.6000,-22.3450,0.375000,0.503801,0.559029,0.314239,0.275072,0.314691,0.315593,0.999744,0.761744,0.998470,0.781536,0.998608,0.814331,0.986949,0.864107,0.993870,0.912505,0.368999,0.221523,0.204886,0.272009,0.801410,0.687826,0.790866,0.367910,0.994963,0.876015,0.989575,0.880029,0.993588,0.454522,0.998173,0.445386,0.998170,0.971853,0.943249,0.398149,0.752354,0.096307,0.802745,0.097939,0.829238,0.686225
ENSDARG00000038188_15_4,-3.2000,-3.4331,0.375000,0.416951,0.519246,-21.4000,-22.8832,0.625000,0.507606,0.413720,0.932799,0.362113,0.846715,0.337943,0.889122,0.407769,0.259112,0.891850,0.056626,0.277688,0.052229,0.218673,0.996778,0.646345,0.075619,0.041293,0.072145,0.053270,0.995176,0.096776,0.935537,0.243484,0.937458,0.636348,0.999891,0.716114,0.020896,0.165121,0.019658,0.027645,0.942101,0.075982,0.113491,0.814571,0.115457,0.625489,0.210779,0.764149,0.913335,0.871780
ENSDARG00000038188_15_5,-2.7000,-3.4087,0.875000,0.728272,0.693000,-25.1000,-26.7699,0.375000,0.402266,0.354303,0.862595,0.500266,0.779555,0.276157,0.876181,0.862579,0.774219,0.134599,0.422270,0.023124,0.606628,0.044563,0.501927,0.051724,0.905282,0.555832,0.994491,0.534294,0.823226,0.557848,0.373699,0.183958,0.113751,0.142994,0.118725,0.154749,0.963139,0.861387,0.992784,0.988726,0.892059,0.670531,0.651845,0.224675,0.727313,0.110977,0.591958,0.102308,0.888355,0.104779
ENSDARG00000038188_15_6,-5.2000,-5.8279,0.750000,0.552901,0.556983,-24.0000,-25.3184,0.250000,0.337871,0.454199,0.540034,0.139306,0.500269,0.127022,0.133488,0.088843,0.218826,0.255735,0.480252,0.847051,0.483034,0.830806,0.473320,0.860808,0.878153,0.876615,0.882349,0.904599,0.989719,0.986862,0.628132,0.349104,0.508865,0.114269,0.507887,0.113686,0.536687,0.147511,0.999665,0.256082,0.462497,0.066289,0.461735,0.067555,0.461391,0.885406,0.465974,0.295433,0.527373,0.871006
ENSDARG00000038188_15_7,-2.5000,-3.1251,0.250000,0.485958,0.559379,-29.9000,-30.3017,0.625000,0.625458,0.401522,0.890419,0.013101,0.892423,0.002729,0.894473,0.001459,0.995591,0.001425,0.505810,0.000761,0.127405,0.000418,0.030860,0.012605,0.019071,0.998251,0.392555,0.973912,0.557322,0.995762,0.996158,0.021167,0.997819,0.005197,0.702283,0.000693,0.257879,0.001095,0.218244,0.999714,0.998254,0.996776,0.398282,0.996232,0.402885,0.969886,0.406481,0.996187,0.503360,0.043079
ENSDARG00000038188_15_8,0.0000,-0.4639,1.000000,0.922377,0.879317,-23.3000,-24.1503,0.625000,0.667898,0.403573,0.918038,0.014289,0.753724,0.009758,0.688571,0.011357,0.899083,0.992803,0.995769,0.992552,0.863388,0.022247,0.855657,0.011191,0.641335,0.015767,0.722396,0.014695,0.987843,0.299201,0.997980,0.199004,0.883532,0.145412,0.747275,0.126070,0.771746,0.137551,0.993400,0.983985,0.937257,0.987202,0.998364,0.997184,0.973157,0.982390,0.970464,0.982916,0.987350,0.145890
ENSDARG00000038188_15_9,-2.2000,-2.4533,0.500000,0.518715,0.615794,-25.9000,-27.4422,0.375000,0.404724,0.359575,0.960886,0.480314,0.942457,0.467706,0.969399,0.251591,0.241252,0.324527,0.116922,0.412477,0.120228,0.514349,0.101133,0.437906,0.964397,0.428826,0.946040,0.612521,0.942028,0.003017,0.928545,0.000604,0.932874,0.019870,0.926748,0.998452,0.947416,0.033564,0.944866,0.043542,0.102344,0.940042,0.110656,0.174731,0.046060,0.010395,0.182968,0.038370,0.888658,0.998694
ENSDARG00000038188_15_10,-1.4000,-1.7623,1.000000,0.877919,0.711527,-20.4000,-21.8801,0.375000,0.403918,0.528456,0.072838,0.236323,0.092523,0.127704,0.429715,0.208907,0.785612,0.988457,0.768677,0.821580,0.993818,0.823893,0.988316,0.855398,0.994416,0.968651,0.999922,0.963626,0.411523,0.479075,0.351508,0.439555,0.318325,0.424609,0.741301,0.152808,0.767174,0.178538,0.992805,0.107825,0.999029,0.799991,0.759250,0.045364,0.777876,0.223406,0.993385,0.930931,0.992533,0.792481
ENSDARG00000039878_12_1,-1.0000,-1.6979,0.375000,0.489730,0.591038,-23.9000,-25.3421,0.625000,0.643062,0.450366,0.979510,0.252401,0.219676,0.307093,0.192096,0.998525,0.624705,0.103622,0.547035,0.015008,0.191008,0.011037,0.182602,0.007258,0.985200,0.002542,0.987776,0.087127,0.999267,0.977379,0.997498,0.985479,0.996536,0.115353,0.919683,0.008455,0.088386,0.007819,0.205213,0.978868,0.167427,0.346015,0.266052,0.979507,0.291124,0.889873,0.999623,0.950848,0.980334,0.983112
ENSDARG00000039878_12_2,-4.3000,-4.7348,0.875000,0.679913,0.575198,-24.9000,-25.9936,0.625000,0.635933,0.396275,0.182218,0.024918,0.046272,0.003031,0.390858,0.008749,0.014853,0.015558,0.566552,0.983377,0.608464,0.288482,0.995015,0.258017,0.982190,0.259102,0.982170,0.802011,0.436923,0.128494,0.431081,0.033265,0.428061,0.033041,0.497786,0.754727,0.999925,0.953536,0.593432,0.908121,0.593112,0.884235,0.568402,0.210619,0.948619,0.274789,0.598425,0.272328,0.639599,0.829106
ENSDARG00000039878_12_3,-7.2000,-7.2783,0.375000,0.381487,0.504816,-24.7000,-26.2703,0.500000,0.454750,0.559108,0.006820,0.868340,0.000389,0.858006,0.015676,0.904134,0.012089,0.917545,0.951094,0.989676,0.077792,0.898263,0.984861,0.577228,0.999436,0.357647,1.000000,0.822566,0.999146,0.128025,0.997674,0.108889,0.999437,0.113836,0.055270,0.747577,0.987777,0.864782,0.001572,0.063679,0.000074,0.009312,0.022050,0.007550,0.015547,0.007204,0.969610,0.971294,1.000000,0.966600
ENSDARG00000039878_12_4,-3.5000,-4.2303,0.625000,0.586401,0.584619,-24.6000,-25.7149,0.375000,0.424798,0.460762,0.031979,0.967368,0.029090,0.829139,0.034523,0.780375,1.000000,0.765270,0.304262,0.768110,0.577579,0.130553,0.868886,0.047335,1.000000,0.082447,1.000000,0.993419,0.684808,0.230830,0.578765,0.077890,0.891273,0.144117,0.667423,0.108405,0.040461,0.004584,0.030646,0.327268,0.007902,0.587256,0.975118,0.264262,0.975111,0.288206,0.994547,0.951636,1.000000,0.866769
ENSDARG00000039878_12_5,-2.5000,-2.7563,0.500000,0.554972,0.639419,-21.6000,-23.1585,0.625000,0.592351,0.469812,0.975976,0.149243,0.978176,0.047903,0.999820,0.108066,0.992436,0.116835,0.992750,0.143794,0.302977,0.150342,0.147022,0.507156,0.141829,0.521226,0.034601,0.393054,0.865629,0.848351,0.918008,0.808940,0.999383,0.862523,0.999961,0.688539,0.999819,0.659885,0.917928,0.609262,0.038336,0.351156,0.033909,0.348651,0.147818,0.512781,0.307207,0.840010,0.994801,0.728525
ENSDARG00000039878_12_7,-0.2000,-0.8095,0.500000,0.699403,0.751074,-25.5000,-26.5237,0.250000,0.313441,0.329286,0.977839,0.905683,0.975787,0.920498,0.969153,0.181907,0.954897,0.006557,0.959354,0.004889,0.947234,0.004928,0.966903,0.009611,0.433455,0.092745,0.363268,0.983592,0.294630,0.052715,0.608050,0.005696,0.975680,0.909366,0.998850,0.159539,0.999480,0.248643,0.913045,0.751976,0.939505,0.866884,0.548967,0.066904,0.401559,0.137005,0.406332,0.145585,0.387485,0.130989
ENSDARG00000039878_12_8,-3.6000,-4.0903,0.625000,0.641493,0.652734,-24.8000,-26.4821,0.375000,0.417397,0.291324,0.730037,0.697078,0.723903,0.047836,0.050780,0.005864,0.125721,0.020572,0.277159,0.206858,0.998986,0.221777,0.998704,0.246379,0.774553,0.352431,0.970793,0.253103,0.709850,0.107440,0.758771,0.112964,0.803467,0.215007,0.710286,0.792659,0.728336,0.944374,0.878375,0.296288,0.997381,0.293823,0.287742,0.129199,0.277781,0.015693,0.279356,0.019888,0.972688,0.847253
ENSDARG00000039878_12_9,-2.5000,-2.8248,0.625000,0.620928,0.635853,-22.2000,-23.7359,0.750000,0.633347,0.423708,0.049460,0.084035,0.046226,0.075612,0.052210,0.016106,0.948678,0.003266,0.965457,0.003160,0.333314,0.004060,0.964886,0.049315,0.999806,0.915820,0.999962,0.765831,0.998600,0.390034,0.985020,0.400109,0.406008,0.700043,0.987417,0.693016,0.996451,0.742935,0.062874,0.979459,0.062463,0.056715,0.012650,0.062930,0.947681,0.998321,0.947566,0.542454,0.950324,0.990944
ENSDARG00000039878_12_10,-6.6000,-7.2157,0.500000,0.533940,0.562808,-24.8000,-26.7131,0.125000,0.182435,0.421492,0.006179,0.009822,0.000074,0.001693,0.000048,0.000126,0.003628,0.005924,0.999805,0.999485,0.618415,0.650193,1.000000,0.997637,0.999995,0.997544,0.999744,0.997284,0.992386,0.990587,0.938620,0.930578,0.425753,0.389493,0.010941,0.009319,0.004904,0.004237,0.018272,0.021668,0.256019,0.236181,0.990185,0.887343,0.994680,0.135837,0.996604,0.133652,0.999915,0.031242
ENSDARG00000040948_0_1,-6.4000,-6.5121,0.625000,0.608127,0.491753,-27.6000,-28.3506,0.750000,0.741259,0.473326,0.015389,0.240548,0.009722,0.219353,0.146855,0.184458,0.009848,0.169201,0.016954,0.848547,0.862864,0.826740,0.883158,0.997054,0.991063,0.022706,0.990934,0.010716,0.989189,0.010630,0.044631,0.000765,0.009434,0.005736,0.009685,0.951738,0.012449,0.965318,0.124578,0.909770,0.850398,0.048037,0.882640,0.088039,0.991088,0.991664,0.994446,0.990728,0.999734,0.984778
ENSDARG00000040948_0_2,-7.9000,-8.2982,0.250000,0.252945,0.402315,-31.5000,-32.1893,0.375000,0.384752,0.346265,0.024615,0.838007,0.000467,0.051667,0.001289,0.191577,0.134181,0.198658,0.923275,0.214977,0.335574,0.355016,0.010484,0.217206,0.593367,0.774907,0.999929,0.987609,0.999902,0.004348,0.999659,0.001685,0.999991,0.011638,0.006288,0.997464,0.010863,0.997214,0.999081,0.020350,0.057788,0.000115,0.000279,0.001974,0.000758,0.003672,0.003710,0.996060,0.944794,0.061168
ENSDARG00000040948_0_3,-2.8000,-3.1397,0.250000,0.303439,0.442677,-19.8000,-21.8744,0.250000,0.349583,0.441271,0.926602,0.651085,0.861564,0.664466,0.046205,0.048277,0.106760,0.101807,0.177750,0.195482,0.947841,0.960580,0.242774,0.256500,0.077036,0.097688,0.066690,0.087744,0.982803,0.985229,0.990006,0.990468,0.999996,0.989426,0.999993,0.962169,0.085347,0.163977,0.029492,0.108748,0.166757,0.239598,0.982092,0.912341,0.100939,0.171163,0.019984,0.091116,0.042908,0.147554
ENSDARG00000040948_0_4,-1.1000,-1.3190,1.000000,0.959056,0.739251,-23.7000,-24.8517,0.875000,0.731800,0.378314,0.232825,0.025007,0.896123,0.015857,0.182836,0.010281,0.199726,0.017339,0.994334,0.095249,0.992496,0.084510,0.997212,0.014380,0.968014,0.968546,0.233324,0.179367,0.253750,0.128067,0.981121,0.069061,0.180818,0.104220,0.920310,0.903881,0.917546,0.505887,0.913081,0.490973,0.963320,0.812378,0.969233,0.887413,0.993628,0.995718,0.998436,0.995494,0.996894,0.262658
ENSDARG00000040948_0_5,-5.5000,-5.7209,0.375000,0.409943,0.527859,-22.4000,-24.4615,0.250000,0.347435,0.424892,0.999280,0.701078,0.996198,0.383086,0.295091,0.374677,0.979245,0.498387,0.004078,0.313570,0.001751,0.335269,0.000304,0.137434,0.001772,0.281097,1.000000,0.954252,0.999976,0.586712,0.999975,0.586019,0.999972,0.566774,0.991503,0.487917,0.005195,0.067886,0.004588,0.174380,0.006263,0.340528,0.013774,0.425572,0.987507,0.695508,0.270715,0.155919,0.999997,0.431774
ENSDARG00000040948_0_6,-1.8000,-2.2294,0.375000,0.401735,0.516761,-25.2000,-25.9842,0.250000,0.282987,0.406866,0.959836,0.974630,0.849907,0.282218,0.892363,0.286782,0.798658,0.226925,0.228394,0.214150,0.066249,0.957543,0.059138,0.954495,0.110204,0.935298,0.216205,0.951918,0.995563,0.048345,0.993053,0.017670,0.951768,0.023449,0.915984,0.015032,0.147317,0.155910,0.144174,0.969147,0.139448,0.076416,0.056997,0.010909,0.266985,0.011164,0.657117,0.027667,0.885858,0.997650
ENSDARG00000040948_0_7,0.0000,-0.8407,1.000000,0.784169,0.796222,-23.1000,-23.9725,0.625000,0.604588,0.506606,0.562350,0.835519,0.562702,0.216325,0.988942,0.272174,0.999843,0.991665,0.739482,0.253582,0.998670,0.214942,0.794649,0.230882,0.755606,0.971445,0.864159,0.957153,0.896668,0.184540,0.522322,0.143952,0.965688,0.023233,0.997055,0.000499,0.582092,0.000564,0.582556,0.001674,0.824402,0.999094,0.724991,0.879102,0.749971,0.967477,0.813528,0.993699,0.998755,0.994591
ENSDARG00000040948_0_8,-0.3000,-1.2653,0.500000,0.520054,0.593173,-21.8000,-23.3856,0.125000,0.249196,0.464945,0.998259,0.972029,0.976214,0.930329,0.977464,0.651465,0.625589,0.563243,0.619859,0.598020,0.439185,0.649251,0.212697,0.837278,0.340362,0.725162,0.545037,0.217790,0.541218,0.103082,0.647963,0.130562,0.779180,0.927121,0.630045,0.341488,0.618727,0.283042,0.252256,0.885267,0.142193,0.067767,0.549614,0.066785,0.556777,0.066936,0.584731,0.129630,0.826093,0.152655
ENSDARG00000040948_0_9,-0.1000,-0.9307,1.000000,0.870187,0.732211,-21.6000,-22.8827,0.375000,0.407943,0.476158,0.853878,0.938194,0.654032,0.920603,0.304948,0.932474,0.409847,0.691240,0.320227,0.704823,0.798782,0.716332,0.999974,0.988599,0.992121,0.042881,0.726690,0.036083,0.680511,0.065794,0.480656,0.035520,0.461063,0.187075,0.831710,0.984128,0.864607,0.071055,0.856477,0.179355,0.992111,0.890683,0.801072,0.037357,0.904347,0.102662,0.756581,0.100470,0.954590,0.897836
ENSDARG00000040948_0_10,0.0000,-0.1307,1.000000,0.980686,0.972744,-17.7000,-19.5370,0.625000,0.550702,0.694502,0.872018,0.592281,0.963578,0.638956,0.971321,0.686679,0.995070,0.941711,0.997933,0.895678,0.997611,0.968204,0.998431,0.963793,0.876199,0.808915,0.997488,0.856714,0.991767,0.833798,0.972277,0.621985,0.975703,0.675717,0.975717,0.696929,0.977912,0.732868,0.974905,0.945218,0.998690,0.962380,0.994865,0.697573,0.971276,0.184875,0.970305,0.083404,0.981814,0.102372
ENSDARG00000041572_0_1,-3.0000,-3.1930,0.250000,0.296080,0.436804,-26.0000,-27.9763,0.250000,0.334668,0.386616,0.997085,0.734273,0.255940,0.434569,0.109784,0.642556,0.029520,0.453521,0.017405,0.419997,0.964026,0.607968,0.012820,0.046226,0.006573,0.445249,0.975392,0.022641,0.999077,0.191286,0.999858,0.868653,0.999951,0.188036,0.998571,0.197972,0.044529,0.249901,0.022645,0.298631,0.964030,0.752081,0.012962,0.527880,0.019894,0.293747,0.076596,0.240214,0.229416,0.116917
ENSDARG00000041572_0_2,-1.6000,-1.9525,0.500000,0.517577,0.613323,-26.4000,-27.5100,0.125000,0.136396,0.460819,0.995787,0.959465,0.998179,0.987277,0.805313,0.992294,0.128612,0.775241,0.325347,0.782829,0.060312,0.752520,0.085207,0.373405,0.966116,0.436239,0.796283,0.243797,0.990091,0.773242,0.975300,0.917953,0.999306,0.130963,0.999156,0.023603,0.758586,0.011324,0.945665,0.001558,0.699758,0.001185,0.136223,0.031879,0.134112,0.999490,0.125217,0.011797,0.341897,0.010329
ENSDARG00000041572_0_3,-3.0000,-3.2525,0.625000,0.656249,0.430854,-24.7000,-26.3504,0.125000,0.327364,0.362082,0.226408,0.029036,0.009605,0.007942,0.015239,0.005449,0.010301,0.004706,0.014021,0.007563,0.032976,0.016926,0.999797,0.915565,0.998969,0.903228,0.999688,0.870851,0.033242,0.477903,0.014329,0.684112,0.012503,0.699437,0.015474,0.371556,0.023542,0.566731,0.317532,0.610862,0.913016,0.622185,0.980930,0.034322,0.999592,0.140634,0.999940,0.133732,0.999968,0.138893
ENSDARG00000041572_0_4,-0.8000,-1.4745,0.500000,0.495928,0.592466,-21.5000,-23.6116,0.375000,0.511831,0.523845,0.749358,0.398147,0.747709,0.332822,0.774382,0.581528,0.817600,0.910280,0.358954,0.900827,0.213838,0.955931,0.143654,0.952017,0.139802,0.945622,0.986889,0.360506,0.970728,0.014481,0.987078,0.013837,0.991897,0.016254,0.146806,0.016590,0.154815,0.981824,0.216520,0.983346,0.374395,0.518700,0.574012,0.170141,0.556377,0.190090,0.979728,0.987637,0.964775,0.246320
ENSDARG00000041572_0_5,-2.9000,-3.1750,1.000000,0.987331,0.637729,-25.3000,-27.1217,0.375000,0.441715,0.368523,0.343473,0.909427,0.052572,0.199021,0.015763,0.028814,0.012694,0.013367,0.997486,0.059383,0.983867,0.047741,0.989611,0.441710,0.995491,0.756983,0.032521,0.472772,0.029495,0.350174,0.063499,0.260536,0.339458,0.296805,0.997033,0.219995,0.975425,0.126737,0.973017,0.065237,0.976640,0.111370,0.982485,0.293799,0.997925,0.953830,0.996807,0.880977,0.999316,0.881779
ENSDARG00000041572_0_6,-4.6000,-4.8642,0.375000,0.415911,0.532732,-26.9000,-28.0135,0.500000,0.596279,0.439582,0.997147,0.908769,0.991689,0.228744,0.992537,0.170801,0.995302,0.180782,0.051274,0.227907,0.019982,0.313815,0.016226,0.310293,0.010155,0.014540,0.268209,0.663018,0.987806,0.666524,0.998721,0.165931,0.998299,0.170279,0.997736,0.201119,0.998350,0.988322,0.952286,0.918020,0.302547,0.918234,0.002480,0.609407,0.001731,0.131069,0.020729,0.505387,0.051434,0.498671
ENSDARG00000041572_0_7,-2.3000,-2.7371,0.500000,0.460595,0.568038,-22.8000,-24.6128,0.500000,0.557144,0.481797,0.996442,0.488703,0.996516,0.463836,0.997806,0.478014,0.998227,0.521592,0.985809,0.909841,0.051734,0.303195,0.030571,0.295660,0.048354,0.159153,0.032894,0.370819,0.552057,0.254363,0.988127,0.463525,0.997472,0.470087,0.995260,0.472786,0.998342,0.958434,0.542783,0.771472,0.984730,0.993096,0.021150,0.063445,0.022372,0.075620,0.050100,0.560463,0.070022,0.561832
ENSDARG00000041572_0_8,-3.3000,-3.8338,0.625000,0.611546,0.592197,-28.5000,-30.0496,0.375000,0.380432,0.410552,0.471700,0.960184,0.426476,0.515455,0.099803,0.536016,0.035147,0.811065,0.488725,0.816493,0.483362,0.641378,0.941220,0.634716,0.985205,0.238770,0.997638,0.003094,0.994296,0.002118,0.999734,0.002996,0.028270,0.005305,0.028825,0.030793,0.020167,0.993879,0.094648,0.990415,0.999607,0.992453,0.989090,0.028749,0.995175,0.000320,0.876982,0.000231,0.887875,0.006621
ENSDARG00000041572_0_9,-6.4000,-6.8535,0.125000,0.131028,0.304813,-25.4000,-27.1173,0.250000,0.250362,0.539842,0.005819,0.812207,0.002520,0.682924,0.496540,0.784532,0.508273,0.948848,0.017884,0.919486,0.000427,0.940950,0.002420,0.753287,0.014252,0.584398,0.999994,0.893842,0.999997,0.400068,0.999959,0.966620,0.999943,0.106790,0.014265,0.000890,0.002438,0.001308,0.000472,0.001006,0.017897,0.000173,0.004798,0.018942,0.004500,0.005348,0.003854,0.976457,1.000000,0.998771
ENSDARG00000041572_0_10,-1.2000,-1.9672,0.500000,0.537435,0.618848,-28.0000,-29.5375,0.250000,0.519660,0.338449,0.703333,0.352830,0.956044,0.341736,0.393704,0.341655,0.401701,0.383050,0.968102,0.152274,0.363701,0.173939,0.397055,0.086125,0.710948,0.061011,0.671255,0.088806,0.717495,0.423365,0.797696,0.120395,0.996444,0.086514,0.930087,0.357644,0.331962,0.047498,0.354555,0.559472,0.955334,0.553281,0.161508,0.539077,0.231074,0.988776,0.786105,0.993531,0.548855,0.118002
ENSDARG00000042826_0_1,-3.4000,-4.4390,0.750000,0.735827,0.572589,-25.6000,-27.3116,0.250000,0.226176,0.316922,0.406076,0.557971,0.007018,0.134361,0.009683,0.072335,0.333369,0.431371,0.998497,0.877559,0.981091,0.872123,0.689518,0.476302,0.685425,0.465477,0.323502,0.025121,0.500385,0.308356,0.215421,0.295668,0.415175,0.012373,0.367413,0.058251,0.570021,0.067364,0.956982,0.064042,0.998698,0.068356,0.990052,0.103710,0.773838,0.072891,0.611960,0.494219,0.617653,0.880578
ENSDARG00000042826_0_2,-2.0000,-2.7176,0.500000,0.614361,0.681066,-26.8000,-27.9294,0.500000,0.493129,0.518594,0.884996,0.577631,0.880285,0.599168,0.976364,0.154833,0.992963,0.117419,0.645063,0.962940,0.123680,0.012564,0.375798,0.018163,0.262626,0.984042,0.669174,0.979119,0.998205,0.979036,0.999568,0.993914,0.897721,0.048014,0.542122,0.006692,0.390433,0.000229,0.013467,0.000316,0.014704,0.001326,0.999625,0.999059,0.999786,0.998005,0.954767,0.959427,0.999982,0.979977
ENSDARG00000042826_0_3,-3.3000,-4.1694,0.875000,0.687111,0.593763,-24.3000,-26.1232,0.625000,0.497497,0.440870,0.601718,0.553128,0.600741,0.510507,0.244655,0.273718,0.319663,0.663922,0.384519,0.695173,0.867123,0.840953,0.974012,0.684131,0.864612,0.389635,0.518584,0.039193,0.249170,0.061035,0.250290,0.086340,0.503277,0.039687,0.168301,0.035248,0.817190,0.685581,0.765236,0.738955,0.993820,0.700126,0.861721,0.700703,0.449456,0.097299,0.441200,0.098389,0.999965,0.923679
ENSDARG00000042826_0_4,-4.3000,-4.4734,1.000000,0.998776,0.624186,-24.7000,-26.5966,0.625000,0.486217,0.430058,0.938650,0.848680,0.065896,0.509255,0.002561,0.567165,0.003348,0.567428,0.238423,0.200144,0.999699,0.424733,0.998784,0.416219,0.998220,0.996668,0.178977,0.108964,0.002512,0.039080,0.060628,0.025686,0.005817,0.007389,0.999487,0.987977,0.999325,0.940315,0.999815,0.960339,0.998614,0.511644,0.998335,0.101689,0.997330,0.020228,0.997434,0.022197,0.999870,0.345351
ENSDARG00000042826_0_5,-0.3000,-0.9965,0.250000,0.557689,0.635938,-22.5000,-23.6646,0.500000,0.514178,0.444866,0.292200,0.018305,0.292355,0.007849,0.987349,0.007313,0.970580,0.009596,0.616292,0.029802,0.409946,0.145303,0.392160,0.973939,0.456140,0.958020,0.951962,0.262660,0.992243,0.477169,0.983856,0.899165,0.912169,0.994781,0.442366,0.980677,0.433644,0.098380,0.525917,0.014642,0.578010,0.278252,0.287401,0.031877,0.248375,0.722773,0.961923,0.999402,0.983874,0.987418
ENSDARG00000042826_0_6,-0.9000,-1.5440,1.000000,0.735494,0.689807,-26.0000,-27.2522,0.375000,0.357059,0.528239,0.169776,0.875824,0.168477,0.769961,0.812128,0.886460,0.999572,0.991143,0.999419,0.968610,0.992097,0.968096,0.999228,0.703984,0.828150,0.626975,0.276943,0.650475,0.352982,0.261448,0.658347,0.003611,0.655073,0.001715,0.623070,0.807582,0.912220,0.996455,0.910873,0.022473,1.000000,0.006191,0.703583,0.003171,0.529965,0.108272,0.460435,0.019236,0.743802,0.893093
ENSDARG00000042826_0_7,0.0000,-0.1848,1.000000,0.948934,0.943798,-27.4000,-28.2562,1.000000,0.920893,0.516116,0.958909,0.994753,0.990001,0.008637,0.873549,0.002817,0.861592,0.002105,0.911421,0.004418,0.998014,0.001205,0.820209,0.000124,0.980000,0.002482,0.999205,0.003140,0.995377,0.022631,0.996454,0.959487,0.899762,0.953376,0.979745,0.960741,0.888971,0.913656,0.886320,0.930334,0.867212,0.815477,0.978774,0.899817,0.999293,0.988326,0.992222,0.986456,0.998936,0.872339
ENSDARG00000042826_0_8,-0.9000,-1.4722,0.750000,0.779268,0.800475,-20.8000,-22.1654,0.125000,0.206472,0.561256,0.800035,0.520306,0.613039,0.489054,0.673241,0.892670,0.462855,0.870040,0.464184,0.907252,1.000000,0.987229,0.993860,0.928699,1.000000,0.947965,1.000000,0.982999,0.886071,0.536428,0.882073,0.535793,1.000000,0.974915,1.000000,0.281095,0.211750,0.048164,0.213551,0.041469,1.000000,0.998172,0.923212,0.068488,1.000000,0.068295,0.885630,0.066076,1.000000,0.080021
ENSDARG00000042826_0_9,0.0000,-0.4854,1.000000,0.854760,0.870185,-26.4000,-27.5796,0.625000,0.628762,0.402094,0.829414,0.015662,0.880527,0.005383,0.870605,0.002246,0.956149,0.001855,0.995598,0.002723,0.770658,0.012552,0.976751,0.403265,0.741617,0.962070,0.669462,0.275165,0.934598,0.344434,0.993919,0.494928,0.946322,0.491493,0.878021,0.051988,0.539660,0.039391,0.574604,0.051107,0.962968,0.967546,0.997880,0.986043,0.904035,0.961151,0.984615,0.993900,0.996298,0.978968
ENSDARG00000042861_0_2,-3.4000,-3.8002,0.625000,0.683575,0.583828,-27.6000,-28.6197,0.500000,0.571559,0.332099,0.628726,0.025184,0.595778,0.014853,0.891682,0.036148,0.670961,0.042208,0.018601,0.921116,0.338033,0.087219,0.337268,0.001433,0.358307,0.000960,0.673574,0.018108,0.669361,0.001200,0.998336,0.091783,0.027330,0.829294,0.005953,0.828607,0.338036,0.524004,0.343760,0.469519,0.988262,0.822856,0.977278,0.820120,0.926329,0.999308,0.920454,0.093016,0.968528,0.015045
ENSDARG00000042861_0_3,0.0000,-0.6819,1.000000,0.700821,0.756189,-19.1000,-21.3517,0.500000,0.534151,0.503566,0.963263,0.703633,0.981763,0.527864,0.983570,0.571411,0.989123,0.698707,0.725797,0.768688,0.569211,0.887368,0.749538,0.434438,0.605238,0.267768,0.428112,0.193502,0.537077,0.326172,0.994528,0.280933,0.989993,0.137619,0.970321,0.189100,0.966695,0.145022,0.934669,0.262190,0.484822,0.335377,0.430349,0.808985,0.458057,0.653163,0.627881,0.932058,0.733775,0.947313
ENSDARG00000042861_0_4,0.0000,-0.2895,1.000000,0.933334,0.940481,-23.3000,-24.7515,1.000000,0.791573,0.527207,0.925778,0.238477,0.967075,0.035077,1.000000,0.022145,0.838341,0.013472,0.882254,0.783074,0.886258,0.589431,0.951140,0.086128,0.971509,0.345967,0.957386,0.115995,1.000000,0.932989,0.963197,0.509401,1.000000,0.539409,1.000000,0.533032,1.000000,0.526963,0.799343,0.470039,1.000000,0.979415,0.949943,0.953041,1.000000,0.972757,0.809736,0.937433,0.907651,0.959901
ENSDARG00000042861_0_5,-1.0000,-1.8534,0.375000,0.541793,0.642145,-23.4000,-25.0213,0.750000,0.642167,0.400770,0.942484,0.014928,0.947520,0.008034,0.353574,0.010077,0.289230,0.021018,0.285097,0.741182,0.948361,0.660230,0.649968,0.979017,0.827654,0.275960,0.660620,0.066402,0.999256,0.044970,0.835620,0.032537,0.769174,0.023707,0.305528,0.026562,0.986867,0.596004,0.636288,0.976764,1.000000,0.976974,0.114694,0.965437,0.109753,0.987856,0.187773,0.570021,0.993441,0.037722
ENSDARG00000042861_0_6,-2.0000,-2.5510,0.500000,0.579247,0.615944,-22.4000,-23.5974,0.500000,0.488554,0.438495,0.865629,0.817109,0.032863,0.590075,0.040767,0.585659,0.243891,0.172803,0.377015,0.217246,0.618987,0.205672,0.999975,0.210161,0.900716,0.102601,0.861542,0.077105,0.893089,0.151017,0.878400,0.780486,0.972022,0.951533,0.979731,0.916877,0.996502,0.972480,0.192515,0.883572,0.157631,0.049496,0.152112,0.016565,0.158154,0.013849,0.999951,0.999439,0.997380,0.056156
ENSDARG00000042861_0_7,-2.3000,-2.5824,0.625000,0.639215,0.663789,-24.4000,-25.5362,0.625000,0.625670,0.470137,0.725205,0.560363,0.740730,0.597613,0.986931,0.109389,0.999617,0.052289,0.777317,0.043096,0.778268,0.998143,0.061476,0.007471,0.269345,0.003416,0.297162,0.030366,0.986954,0.056199,0.774024,0.969508,0.765020,0.969527,0.076524,0.004029,0.266795,0.018583,0.058197,0.018990,0.764642,0.982618,0.999981,0.998779,0.999969,0.990631,0.947776,0.998260,0.999840,0.993471
ENSDARG00000042861_0_8,-1.3000,-1.8121,0.375000,0.460124,0.558374,-21.2000,-22.9684,0.500000,0.617448,0.457650,0.951900,0.440967,0.827698,0.425786,0.868255,0.858027,0.947053,0.397140,0.425799,0.225989,0.182609,0.278633,0.113809,0.311124,0.097874,0.654805,0.170188,0.513179,0.974372,0.058294,0.961416,0.023971,0.965512,0.025502,0.969755,0.030951,0.175430,0.538488,0.103105,0.903899,0.116483,0.742695,0.181781,0.739625,0.337812,0.823931,0.837654,0.591651,0.958973,0.568347
ENSDARG00000042861_0_9,-2.5000,-2.6249,0.625000,0.627560,0.689956,-21.9000,-23.6989,0.625000,0.536922,0.527505,0.044490,0.385423,0.038276,0.355483,0.038305,0.864862,0.978711,0.285833,0.995908,0.295106,0.997936,0.222285,0.860479,0.166569,0.970500,0.961491,0.969436,0.554658,0.999036,0.592873,0.994855,0.598069,0.890703,0.972062,0.958354,0.978576,0.026895,0.084954,0.031532,0.248718,0.055653,0.177031,0.982416,0.556417,0.983394,0.318151,0.982548,0.951093,0.999685,0.980438
ENSDARG00000042861_0_10,-2.2000,-2.4703,1.000000,0.911336,0.715020,-23.0000,-23.9180,0.375000,0.413486,0.485322,0.245643,0.052179,0.255189,0.050322,0.349968,0.163305,0.865667,0.904464,0.863443,0.985797,0.871503,0.968696,0.986396,0.953947,0.997725,0.983238,0.984844,0.956277,0.262144,0.191562,0.162450,0.093441,0.164737,0.095332,1.000000,0.246976,0.995285,0.125312,0.865234,0.094992,0.766609,0.010828,0.769291,0.013783,0.918606,0.900997,0.990955,0.985966,0.984711,0.929031
ENSDARG00000043130_33_1,-2.1000,-2.2381,1.000000,0.951658,0.793332,-20.2000,-21.9825,0.500000,0.595437,0.570448,0.192826,0.120650,0.162405,0.029054,0.966035,0.407498,0.983881,0.425678,0.908870,0.691624,0.916186,0.765540,0.993453,0.981191,0.945282,0.903592,0.068939,0.252540,0.124597,0.345848,1.000000,0.892391,0.990909,0.829864,0.937759,0.739633,0.939940,0.682038,1.000000,0.772498,0.870334,0.062058,0.870263,0.268589,0.998364,0.641656,0.997141,0.993509,0.999462,0.603514
ENSDARG00000043130_33_2,-0.9000,-1.7871,0.375000,0.667401,0.642715,-23.8000,-24.9965,0.500000,0.489397,0.510048,0.528838,0.713193,0.530387,0.635893,0.610062,0.911498,0.986653,0.864576,0.704682,0.874314,0.556142,0.166644,0.950515,0.121766,0.257793,0.033442,0.334574,0.930800,0.273236,0.913205,0.838368,0.078262,0.943842,0.042184,0.905261,0.001601,0.436314,0.001635,0.529256,0.904653,0.381331,0.007555,0.483906,0.100281,0.734510,0.996636,0.906635,0.990318,0.961997,0.912499
ENSDARG00000043130_33_4,0.0000,-0.6370,1.000000,0.826910,0.854745,-21.6000,-23.2075,0.375000,0.462705,0.550804,0.977610,0.804114,0.968947,0.758165,0.988511,0.876175,0.999848,0.723895,1.000000,0.739921,0.804768,0.481089,0.765210,0.363353,0.817185,0.895750,1.000000,0.918474,0.999892,0.486068,0.611676,0.150461,0.545967,0.116978,0.950264,0.996646,0.999181,0.360835,0.997310,0.039438,0.663399,0.626126,0.613837,0.610951,0.856983,0.365116,0.768613,0.351450,0.765689,0.351081
ENSDARG00000043130_33_5,-3.2000,-3.6082,0.500000,0.542092,0.534040,-21.2000,-22.7997,0.750000,0.653166,0.577419,0.017520,0.596462,0.016297,0.533460,0.024043,0.542499,0.997062,0.606778,0.997350,0.717743,0.131228,0.614784,0.235946,0.726923,0.941227,0.452437,0.997161,0.461860,0.999996,0.355095,0.778286,0.374113,0.207954,0.340904,0.338326,0.392077,0.963766,0.648117,0.999886,0.967873,0.023572,0.946017,0.004538,0.169507,0.007573,0.168641,0.999918,0.973073,0.999160,0.960022
ENSDARG00000043130_33_6,-7.1000,-7.9707,0.125000,0.268884,0.413409,-27.0000,-28.6632,0.375000,0.364443,0.421579,0.002016,0.722472,0.000190,0.649545,0.000219,0.670763,0.003742,0.900364,0.490789,0.613965,0.762854,0.609536,0.695834,0.303525,0.491830,0.585691,0.686888,0.258451,0.999515,0.029275,0.996599,0.024807,0.986630,0.147640,0.548469,0.875157,0.409984,0.959411,0.186239,0.067358,0.003558,0.019499,0.000519,0.010366,0.000385,0.000089,0.001932,0.003622,0.999986,0.980041
ENSDARG00000043130_33_7,0.0000,-0.7141,1.000000,0.797202,0.802968,-22.6000,-23.8203,0.250000,0.255467,0.512854,0.856870,0.928873,0.701461,0.749626,0.772961,0.762378,0.979978,0.985544,0.858708,0.991036,0.851059,0.954969,0.766826,0.691328,0.718341,0.679759,0.999745,0.237625,0.955374,0.165367,0.632656,0.078985,0.587753,0.987846,0.542034,0.002799,0.999935,0.004752,0.947224,0.004365,0.928402,0.022263,0.631678,0.984741,0.679089,0.980144,0.675634,0.017094,0.973621,0.027580
ENSDARG00000043130_33_8,-4.1000,-4.8121,0.625000,0.618105,0.512771,-24.5000,-26.2284,0.125000,0.243662,0.319574,0.216243,0.461084,0.026815,0.045716,0.042221,0.049467,0.012461,0.010846,0.185409,0.020633,0.985642,0.621810,0.823144,0.615114,0.835904,0.625058,0.999874,0.639652,0.285907,0.365199,0.274407,0.371065,0.622550,0.616536,0.803578,0.521883,0.399183,0.363125,0.244072,0.252232,0.252445,0.329228,0.741435,0.182371,0.735457,0.041878,0.768702,0.046675,0.999972,0.211907
ENSDARG00000043130_33_9,-0.4000,-1.5237,0.500000,0.625858,0.635968,-24.4000,-25.6247,0.500000,0.424812,0.458999,0.870343,0.972653,0.771190,0.963033,0.786311,0.961772,0.773214,0.877374,0.784446,0.866872,0.593498,0.878227,0.693214,0.184017,0.489001,0.015703,0.459816,0.010825,0.504212,0.028418,0.448751,0.011375,0.538490,0.011218,0.888920,0.014745,0.740673,0.050788,0.773619,0.871810,0.450349,0.817284,0.368559,0.550117,0.447912,0.928439,0.493684,0.118630,0.843148,0.046685
ENSDARG00000043130_33_10,-2.5000,-3.0406,0.875000,0.801176,0.647484,-24.3000,-25.8265,0.625000,0.654260,0.498245,0.996542,0.544847,0.881796,0.538775,0.456330,0.286486,0.048362,0.269835,0.012976,0.771190,0.081787,0.399957,0.999689,0.443808,0.998351,0.476813,0.999949,0.965915,0.967545,0.029601,0.083884,0.002623,0.013069,0.000979,0.012435,0.002022,0.492612,0.981005,0.912247,0.960800,0.998977,0.210982,0.997568,0.979635,0.997313,0.978884,0.999186,0.998925,0.999068,0.121823
ENSDARG00000043246_3_1,0.0000,-0.5242,1.000000,0.828214,0.841987,-24.2000,-25.1043,0.625000,0.493812,0.490775,0.943180,0.991794,0.927916,0.015264,0.955803,0.009570,0.884396,0.008543,0.876306,0.005354,0.720417,0.005523,0.530107,0.011608,0.526993,0.979381,0.903262,0.978469,0.992628,0.878881,0.998373,0.994041,0.954650,0.986568,0.861855,0.044494,0.889053,0.011754,0.872387,0.025858,0.900970,0.998151,0.711463,0.648151,0.695035,0.643476,0.702727,0.607942,0.992223,0.970669
ENSDARG00000043246_3_2,-6.0000,-6.5307,0.375000,0.478750,0.524174,-27.7000,-28.7433,0.250000,0.288522,0.253319,0.586972,0.114500,0.497562,0.004548,0.601157,0.004661,0.568691,0.011280,0.758369,0.092925,0.295383,0.210267,0.294052,0.211679,0.537943,0.200249,0.526643,0.212052,0.575203,0.116084,0.706426,0.791703,0.705084,0.788262,0.694625,0.756534,0.738877,0.767716,0.331457,0.267014,0.293406,0.211520,0.296681,0.182709,0.295534,0.004872,0.331187,0.005511,0.848233,0.112300
ENSDARG00000043246_3_3,-7.0000,-7.1669,0.250000,0.281479,0.425170,-28.8000,-29.4939,0.375000,0.378697,0.502123,0.926096,0.987016,0.087737,0.006939,0.002195,0.003699,0.079547,0.004307,0.000205,0.001441,0.010919,0.026729,0.149549,0.995792,0.995634,0.998381,0.999818,0.998829,0.999943,0.997854,0.999947,0.997833,0.999974,0.994055,0.070192,0.988728,0.006906,0.020921,0.079084,0.005039,0.000066,0.000198,0.000503,0.000246,0.095083,0.022831,1.000000,0.999268,1.000000,0.992347
ENSDARG00000043246_3_4,-4.1000,-4.4046,0.375000,0.406803,0.449255,-23.4000,-25.0150,0.375000,0.316390,0.317117,0.322593,0.007914,0.241720,0.003638,0.262706,0.004706,0.999952,0.011094,0.075673,0.211924,0.008367,0.036013,0.011086,0.019722,0.756625,0.307047,0.813897,0.555428,0.999888,0.999487,0.995904,0.998476,0.242273,0.655783,0.214525,0.524154,0.068070,0.132720,0.762367,0.312515,0.037096,0.092993,0.035292,0.074848,0.137072,0.120326,0.999998,0.650131,0.999999,0.623429
ENSDARG00000043246_3_5,-2.7000,-2.8098,0.750000,0.746708,0.615306,-26.3000,-27.0140,0.250000,0.234910,0.394824,0.042915,0.940220,0.039755,0.922191,0.043543,0.925188,0.146085,0.970018,0.990046,0.979525,0.977866,0.196340,0.970603,0.006756,0.971557,0.007860,0.963504,0.011154,0.989848,0.082131,0.148693,0.109231,0.048035,0.866594,0.040420,0.831048,0.043450,0.023608,0.997053,0.003329,0.998384,0.001124,0.971927,0.000142,0.970627,0.004468,0.970509,0.018860,0.981292,0.996703
ENSDARG00000043246_3_6,-2.1000,-2.5530,0.375000,0.372134,0.496364,-21.0000,-22.4029,0.375000,0.631658,0.529584,0.962042,0.462847,0.688820,0.454648,0.998636,0.464032,0.152345,0.510839,0.047389,0.803515,0.041497,0.470963,0.045070,0.458014,0.075672,0.472840,0.991149,0.200481,0.982756,0.519992,0.983905,0.182861,0.980927,0.537391,0.085697,0.502338,0.056284,0.806097,0.049779,0.830361,0.041026,0.480611,0.148384,0.520835,0.626724,0.493962,0.982973,0.873407,0.986206,0.545656
ENSDARG00000043246_3_7,0.0000,-0.0102,1.000000,0.998672,0.998220,-26.1000,-26.7363,0.750000,0.739200,0.460538,0.999272,0.013931,0.999926,0.003560,0.989816,0.002583,0.999592,0.009299,0.999667,0.042283,0.997395,0.999033,0.999444,0.000326,0.998480,0.000090,0.996463,0.004682,0.998735,0.999781,0.998702,0.999645,0.997534,0.221951,0.999223,0.046941,0.999788,0.774903,0.992384,0.100772,0.999793,0.997812,0.999432,0.999610,0.999595,0.997320,0.999520,0.998671,0.999641,0.997573
ENSDARG00000043246_3_8,-0.2000,-0.6831,0.625000,0.759386,0.802043,-24.5000,-25.8042,0.500000,0.609888,0.473327,0.906345,0.987617,0.988352,0.007803,0.996193,0.004520,0.416955,0.005326,0.347116,0.003259,0.389051,0.003517,0.997956,0.020106,0.998743,0.033456,0.997494,0.974545,0.972312,0.847510,0.969948,0.748019,0.985303,0.951766,0.967690,0.847194,0.965145,0.957751,0.423808,0.946729,0.414707,0.974114,0.427378,0.351196,0.997970,0.369020,0.991456,0.225880,0.886937,0.207217
ENSDARG00000043246_3_9,-4.3000,-4.5325,0.750000,0.750920,0.520529,-22.8000,-24.3265,0.750000,0.698501,0.489980,0.005430,0.022614,0.004114,0.014622,0.999023,0.344461,0.003173,0.654051,0.002924,0.061563,0.190691,0.099403,0.999999,0.685412,0.999740,0.987028,0.999716,0.985952,0.190776,0.343684,0.002832,0.003699,0.004809,0.009105,0.853804,0.102618,0.007549,0.888176,0.148284,0.911307,0.999947,0.959028,0.999541,0.860534,0.999265,0.790093,0.999255,0.906701,0.999716,0.169553
ENSDARG00000043246_3_10,-1.5000,-1.8431,0.625000,0.694514,0.720797,-22.5000,-24.2198,0.125000,0.164009,0.522000,0.824708,0.406241,0.844457,0.413607,0.963128,0.928386,0.962626,0.927213,0.967133,0.933030,0.882536,0.891712,0.810107,0.795339,0.113204,0.464999,0.180231,0.560957,0.333129,0.950359,0.998616,0.937248,0.979948,0.918834,0.977254,0.951157,0.959556,0.155098,0.999989,0.068110,0.318008,0.017837,0.149792,0.002757,0.153889,0.002757,0.999447,0.053086,0.998181,0.061270
ENSDARG00000044098_0_1,-3.1000,-3.2138,0.500000,0.503186,0.601425,-22.3000,-24.1868,0.500000,0.451518,0.473252,0.917133,0.730419,0.930446,0.434638,0.901001,0.582107,0.970672,0.652515,0.924949,0.595007,0.090087,0.357612,0.117148,0.565828,0.090233,0.148944,0.111283,0.341644,0.970708,0.578848,0.988137,0.680789,0.991223,0.184545,0.990210,0.065655,0.953716,0.084183,0.127369,0.214057,0.040468,0.168727,0.071300,0.780255,0.017854,0.685871,0.911062,0.661571,0.913510,0.951828
ENSDARG00000044098_0_2,-2.1000,-3.1997,0.375000,0.433187,0.542897,-26.9000,-28.4368,0.750000,0.738846,0.431208,0.812030,0.979388,0.702268,0.030316,0.996673,0.034879,0.286636,0.068455,0.201082,0.010451,0.172169,0.011532,0.138534,0.010591,0.493232,0.001003,0.885075,0.026461,0.891738,0.045659,0.902616,0.749832,0.910398,0.744826,0.508190,0.863656,0.194476,0.894245,0.137055,0.726985,0.123525,0.705067,0.160615,0.429541,0.500561,0.383966,0.999793,0.998871,0.841281,0.908440
ENSDARG00000044098_0_3,-7.4000,-7.7405,0.500000,0.500466,0.541830,-26.0000,-27.8098,0.375000,0.381797,0.451680,0.003450,0.665881,0.000051,0.585859,0.000047,0.837802,0.000370,0.822374,0.418430,0.345991,0.999839,0.364420,0.996176,0.990380,0.999939,0.265351,0.999949,0.985197,1.000000,0.070490,0.996005,0.033998,0.418617,0.011483,0.000244,0.001498,0.000026,0.000103,0.000107,0.000186,0.003496,0.000375,0.999869,0.079463,0.999987,0.997417,1.000000,0.990299,0.999997,0.985035
ENSDARG00000044098_0_5,-0.1000,-0.8037,0.250000,0.592600,0.666217,-22.9000,-24.2882,0.250000,0.415820,0.423947,0.539428,0.641282,0.452491,0.247799,0.457114,0.266600,0.893856,0.666726,0.497919,0.622261,0.420509,0.560349,0.386771,0.549891,0.996354,0.829427,0.983325,0.542477,0.980733,0.067226,0.988062,0.058711,0.986984,0.099631,0.998123,0.299871,0.331439,0.275453,0.336476,0.187277,0.431889,0.199984,0.942068,0.192348,0.552257,0.320615,0.548430,0.871073,0.600114,0.979937
ENSDARG00000044098_0_6,-0.5000,-1.3295,0.625000,0.730118,0.748198,-22.3000,-24.1019,0.500000,0.428743,0.559422,0.305704,0.779563,0.307877,0.745902,0.931306,0.875532,0.446270,0.669885,0.971062,0.780669,0.999485,0.964868,0.993656,0.970837,0.958698,0.414735,0.853300,0.243490,0.737155,0.209876,0.866257,0.224313,0.752255,0.878832,0.565903,0.745254,0.456639,0.711424,0.373854,0.891020,0.848370,0.094181,0.833230,0.112647,0.878329,0.003937,0.884620,0.044189,1.000000,0.827293
ENSDARG00000044098_0_7,0.0000,-0.1743,1.000000,0.928770,0.934634,-29.3000,-30.1363,0.000000,0.054274,0.374633,0.943282,0.943445,0.919100,0.920241,0.950293,0.919422,0.962933,0.991120,0.884095,0.998809,0.860520,0.037087,0.921886,0.036047,0.912253,0.092511,0.973956,0.998595,0.969268,0.998679,0.967628,0.122109,0.997312,0.000404,0.992180,0.000017,0.992090,0.000263,0.876744,0.000109,0.890578,0.011340,0.922653,0.103702,0.904777,0.290291,0.906802,0.022211,0.944339,0.006262
ENSDARG00000044098_0_8,-2.7000,-2.7406,1.000000,0.994530,0.706909,-25.3000,-26.6818,0.500000,0.296038,0.409873,0.029534,0.559370,0.027140,0.071528,0.053879,0.137445,0.995718,0.991440,0.997071,0.636818,0.993841,0.417807,0.990880,0.412715,0.999336,0.421262,0.994295,0.959059,0.048974,0.603659,0.022114,0.546447,0.029161,0.071611,0.992315,0.064145,0.998155,0.002597,0.993427,0.001773,0.993612,0.006941,0.994251,0.596487,0.993155,0.596293,0.992033,0.530746,0.999288,0.569321
ENSDARG00000044098_0_9,-0.3000,-1.2696,0.625000,0.740058,0.725767,-20.4000,-22.5141,0.375000,0.480537,0.529329,0.332950,0.520020,0.300044,0.455455,0.910095,0.601279,0.582765,0.784817,0.750504,0.830153,0.902512,0.936321,0.998683,0.682099,0.875588,0.417510,0.765104,0.220084,0.582602,0.392666,0.599920,0.711912,0.994110,0.189971,0.651281,0.189661,0.345628,0.335240,0.449691,0.794688,0.900620,0.678524,0.857044,0.425261,0.852756,0.690689,0.866515,0.305963,0.996928,0.424274
ENSDARG00000044098_0_10,-2.5000,-3.1886,0.625000,0.602369,0.601686,-27.8000,-29.7538,0.000000,0.010711,0.337455,0.912802,0.990759,0.507404,0.918696,0.555615,0.919439,0.936850,0.975255,0.888568,0.246629,0.735740,0.122385,0.804026,0.114973,0.407413,0.907608,0.402895,0.908920,0.418623,0.311507,0.319740,0.084530,0.325099,0.162719,0.996586,0.004024,0.999598,0.009396,0.880650,0.007656,0.892069,0.023828,0.022863,0.009977,0.037084,0.000219,0.148601,0.010656,0.841503,0.019934
ENSDARG00000044671_0_1,-3.4000,-3.5271,0.500000,0.508102,0.599700,-24.0000,-26.4837,0.500000,0.308897,0.375823,0.939952,0.526810,0.972827,0.309462,0.966357,0.314253,0.993451,0.427019,0.941410,0.464743,0.856058,0.391788,0.086900,0.188131,0.027950,0.187980,0.067224,0.249891,0.086694,0.326189,1.000000,0.974956,0.990368,0.684057,0.989055,0.707003,0.959470,0.527937,0.978028,0.459537,0.959211,0.447351,0.025663,0.103323,0.096618,0.075692,0.023261,0.075671,0.033509,0.074662
ENSDARG00000044671_0_2,0.0000,-0.8020,1.000000,0.830211,0.845410,-25.0000,-26.9851,0.250000,0.312918,0.397643,0.957631,0.942394,0.958202,0.717515,0.961030,0.474400,0.959238,0.447494,0.781682,0.742415,0.565847,0.168967,0.929261,0.021703,0.685647,0.036881,0.631182,0.057788,0.979418,0.173423,0.869461,0.680591,0.987926,0.985948,0.997681,0.023195,0.997552,0.005873,0.489975,0.002380,0.387615,0.004959,0.955598,0.517014,0.823743,0.314013,0.992741,0.813532,0.996780,0.822379
ENSDARG00000044671_0_3,-4.5000,-4.5449,0.625000,0.628687,0.597098,-25.8000,-27.1518,0.625000,0.614838,0.281238,0.004204,0.003054,0.001388,0.000685,0.009509,0.001624,0.017163,0.002058,0.999809,0.057467,0.945378,0.042364,0.995413,0.049692,0.995793,0.163430,0.991575,0.207126,0.940812,0.070917,0.999167,0.071282,0.012250,0.036359,0.013850,0.957441,0.014704,0.950455,0.016491,0.950208,0.999991,0.998504,0.994432,0.959580,0.993685,0.030187,0.997061,0.018964,0.999285,0.053366
ENSDARG00000044671_0_4,-0.7000,-1.3076,0.750000,0.826162,0.712138,-24.6000,-26.3665,0.625000,0.664840,0.473918,0.986020,0.251793,0.876921,0.234646,0.453189,0.183426,0.325131,0.231957,0.253177,0.919028,0.303778,0.898152,0.953812,0.191330,0.960870,0.229649,0.985482,0.452416,0.971163,0.234060,0.351929,0.225746,0.211985,0.107442,0.150362,0.034403,0.555456,0.983483,0.957492,0.238022,0.990950,0.098497,0.964845,0.984323,0.997149,0.999770,0.994273,0.999662,0.998767,0.980562
ENSDARG00000044671_0_5,-3.0000,-3.5713,0.500000,0.575718,0.607486,-25.6000,-26.9107,0.500000,0.478141,0.335745,0.753670,0.897784,0.740254,0.056715,0.980885,0.138349,0.992827,0.159008,0.997273,0.181858,0.823454,0.287904,0.773218,0.279627,0.946084,0.271206,0.068872,0.124266,0.009491,0.032121,0.010029,0.036165,0.447910,0.424768,0.998982,0.876691,0.998120,0.878508,0.998965,0.855100,0.994648,0.798015,0.450591,0.347960,0.046609,0.024100,0.045882,0.021220,0.071949,0.023533
ENSDARG00000044671_0_6,-1.7000,-2.3010,0.375000,0.522512,0.599690,-20.8000,-23.3328,0.750000,0.324736,0.497952,0.283605,0.235549,0.185594,0.211057,0.243766,0.673893,0.791525,0.621819,0.852881,0.636608,0.297001,0.541490,0.382078,0.474394,0.950583,0.580826,0.967161,0.794879,0.970405,0.794939,0.988703,0.882667,0.900395,0.913025,0.142412,0.216918,0.435761,0.261590,0.142249,0.289725,0.186505,0.311728,0.331820,0.338059,0.953349,0.361364,0.992686,0.415161,0.995314,0.403341
ENSDARG00000044671_0_7,-4.8000,-4.9922,0.875000,0.840593,0.672441,-26.2000,-27.2715,0.875000,0.862034,0.479439,0.005565,0.336633,0.002014,0.046605,0.009775,0.023978,0.909160,0.007187,0.822607,0.979996,0.980803,0.040984,0.999946,0.155034,0.999993,0.977594,0.827470,0.097947,0.997243,0.008444,0.092846,0.000211,0.076658,0.017897,0.007906,0.009500,0.915570,0.993394,0.922575,0.948749,0.913506,0.988677,0.978391,0.980002,0.988129,0.983883,0.998938,0.997458,0.999724,0.994607
ENSDARG00000044671_0_8,-2.3000,-2.9163,0.625000,0.592675,0.593270,-23.3000,-25.5755,0.250000,0.297370,0.329801,0.493592,0.956503,0.461565,0.068923,0.612152,0.011127,0.612974,0.027250,0.053095,0.007417,0.184941,0.010544,0.514963,0.178540,0.999703,0.427548,0.999522,0.649220,0.996129,0.766640,0.638701,0.616930,0.556671,0.496411,0.513709,0.074205,0.744844,0.588150,0.771556,0.072661,0.285148,0.082871,0.410502,0.753204,0.271541,0.070350,0.803445,0.205302,0.940654,0.532218
ENSDARG00000044671_0_9,-2.7000,-3.2393,0.500000,0.671864,0.612155,-26.2000,-27.8591,0.250000,0.307086,0.338665,0.932495,0.809327,0.536657,0.780980,0.533329,0.296465,0.538982,0.333990,0.584847,0.988836,0.999513,0.083825,0.998857,0.013984,0.998837,0.005877,0.416813,0.001398,0.281115,0.000292,0.029444,0.003135,0.017293,0.998500,0.722372,0.040123,0.659286,0.028043,0.998228,0.462352,0.999342,0.077928,0.475012,0.545912,0.474802,0.151975,0.473853,0.999763,0.572020,0.150592
ENSDARG00000044671_0_10,0.0000,-0.4882,1.000000,0.905660,0.886915,-25.2000,-26.7431,0.125000,0.165218,0.552635,0.931225,0.932292,0.868111,0.865972,0.892642,0.870833,0.959259,0.805140,0.963912,0.872855,0.998661,0.953176,0.892492,0.864241,0.699188,0.921079,0.873467,0.839863,0.983562,0.781930,0.725132,0.970100,0.705372,0.053470,0.986971,0.001616,0.995542,0.001582,0.994493,0.003348,0.864102,0.119508,0.752979,0.999293,0.897302,0.191804,0.878531,0.002299,0.875356,0.002292
ENSDARG00000052232_0_1,0.0000,-0.5215,1.000000,0.788144,0.820202,-21.7000,-23.2896,0.375000,0.394119,0.513295,0.805900,0.761611,0.740044,0.785976,0.743097,0.789103,0.935345,0.632335,0.995184,0.840398,0.488170,0.635863,0.523516,0.166908,0.981532,0.180478,0.983541,0.192911,0.986804,0.823408,0.981084,0.880155,0.934664,0.423808,0.652192,0.808928,0.562766,0.099851,0.817740,0.185732,0.998550,0.230380,0.826258,0.228888,0.746016,0.317134,0.811293,0.689473,0.890334,0.592562
ENSDARG00000052232_0_2,0.0000,-0.0131,1.000000,0.997232,0.997825,-21.5000,-22.5731,0.500000,0.516760,0.656158,0.992352,0.311164,0.997798,0.186486,0.999714,0.245985,0.997769,0.890445,0.999838,0.867429,0.999725,0.935064,0.999514,0.958223,0.994989,0.792210,0.999340,0.827599,0.999751,0.996333,0.999340,0.983994,0.998513,0.994147,0.999820,0.991851,0.999788,0.030216,1.000000,0.001238,0.983546,0.001423,1.000000,0.995731,0.994704,0.127104,1.000000,0.997249,1.000000,0.989267
ENSDARG00000052232_0_3,0.0000,-0.6461,1.000000,0.800287,0.799732,-23.2000,-25.4255,0.250000,0.425020,0.326464,0.920225,0.131385,0.948181,0.125722,0.937635,0.026240,0.825570,0.015737,0.853899,0.015892,0.921642,0.014754,0.941785,0.021942,0.978460,0.113327,0.542874,0.202137,0.445002,0.803557,0.633676,0.812404,0.643397,0.846021,0.929029,0.730131,0.995121,0.578947,0.959808,0.715813,0.952957,0.371755,0.652067,0.202893,0.615469,0.345619,0.621613,0.332110,0.676232,0.122889
ENSDARG00000052232_0_4,-1.7000,-2.5941,0.375000,0.444686,0.485693,-28.2000,-29.5945,0.250000,0.304797,0.383716,0.761560,0.776341,0.898806,0.211701,0.457556,0.337588,0.442214,0.881639,0.307707,0.934003,0.088778,0.023089,0.073061,0.004665,0.120266,0.010866,0.778068,0.946306,0.929849,0.984720,0.975087,0.099694,0.323419,0.025327,0.319864,0.078905,0.294837,0.661386,0.452324,0.348554,0.614068,0.001439,0.120090,0.000201,0.163034,0.050113,0.767149,0.999824,0.826119,0.297957
ENSDARG00000052232_0_5,-1.6000,-1.7866,0.750000,0.767391,0.642017,-21.8000,-23.6234,0.625000,0.551163,0.517121,0.069722,0.927579,0.077516,0.728480,0.999849,0.757430,0.158380,0.840100,0.139369,0.965913,0.990525,0.954914,0.994448,0.267153,0.992984,0.050519,0.999866,0.044643,0.991112,0.239323,0.128640,0.049221,0.158799,0.107845,0.898472,0.113794,0.080303,0.968057,0.171881,0.959588,0.995308,0.752021,0.998147,0.072621,0.998050,0.076546,0.997483,0.727273,0.999482,0.739405
ENSDARG00000052232_0_6,-3.3000,-3.9046,0.500000,0.462095,0.547564,-25.0000,-26.4871,0.375000,0.336084,0.532014,0.243422,0.827202,0.023482,0.792067,0.005175,0.888709,0.005936,0.862561,0.948970,0.902490,0.794980,0.194852,0.706741,0.172906,0.849858,0.215572,0.900269,0.966866,0.998331,0.458056,0.954281,0.896018,0.823074,0.774298,0.572526,0.703383,0.825538,0.838904,0.999950,0.134041,0.012860,0.023408,0.021097,0.982217,0.005472,0.001741,0.260679,0.001971,0.998639,0.003009
ENSDARG00000052232_0_7,-1.1000,-1.2984,0.625000,0.685902,0.743344,-24.2000,-24.9937,0.500000,0.503124,0.547196,0.981035,0.953960,0.997848,0.441840,0.999947,0.455034,0.176340,0.898629,0.149957,0.974009,0.211769,0.932018,0.944894,0.971192,1.000000,0.161919,0.968951,0.111293,0.991490,0.997122,0.983839,0.012027,0.973595,0.009879,0.982398,0.010427,0.242158,0.016184,0.167692,0.003581,0.175472,0.004183,0.978448,0.999642,0.969256,0.999448,0.973525,0.999640,0.998269,0.991885
ENSDARG00000052232_0_8,-0.9000,-1.5584,0.875000,0.812674,0.616231,-26.6000,-27.7818,0.500000,0.555514,0.362625,0.366390,0.373177,0.254924,0.004533,0.374416,0.033317,0.384355,0.018798,0.546498,0.097888,0.882462,0.002217,0.801110,0.011061,0.748930,0.371513,0.447843,0.416792,0.297359,0.933945,0.302992,0.486307,0.415938,0.058852,0.481196,0.056848,0.978724,0.058677,0.815463,0.082436,0.815875,0.556375,0.853653,0.940526,0.792417,0.981820,0.882162,0.856481,0.881906,0.910946
ENSDARG00000052232_0_9,-1.3000,-1.6102,1.000000,0.987367,0.669906,-29.5000,-30.2813,0.500000,0.585044,0.288703,0.353355,0.028899,0.115110,0.018976,0.121621,0.004545,0.162379,0.001203,0.967348,0.000634,0.997263,0.001579,0.993424,0.000264,0.946286,0.001592,0.140149,0.958901,0.171848,0.024051,0.158231,0.019753,0.372175,0.033322,0.993780,0.982214,0.970792,0.938242,0.962230,0.207034,0.990140,0.279690,0.994344,0.985697,0.994970,0.991139,0.995400,0.240242,0.997283,0.056093
ENSDARG00000052232_0_10,-2.9000,-3.4955,0.250000,0.363819,0.486067,-20.2000,-22.4725,0.500000,0.488454,0.551043,0.931483,0.657557,0.390989,0.680305,0.918076,0.712909,0.051396,0.523559,0.069248,0.494532,0.067555,0.511764,0.090536,0.678710,0.392360,0.661599,0.981890,0.522990,0.980238,0.519304,0.986552,0.790599,0.950461,0.359403,0.357081,0.292188,0.096116,0.623627,0.023596,0.558969,0.069317,0.337117,0.065064,0.184408,0.347016,0.180740,0.959482,0.871962,0.992884,0.858617
ENSDARG00000055054_0_1,-0.9000,-1.1404,1.000000,0.988070,0.828313,-19.3000,-20.5753,1.000000,0.866256,0.694544,0.229822,0.634110,0.195357,0.082755,0.896058,0.123065,0.999873,0.141588,0.997863,0.330153,0.996081,0.372246,0.216831,0.756971,0.211600,0.738504,0.999918,0.957696,0.930920,0.917399,0.999880,0.979651,0.987488,0.926703,0.974209,0.861140,0.973213,0.871545,0.999959,0.888030,0.995380,0.880904,0.997675,0.966002,0.977998,0.746009,0.986459,0.827389,0.999667,0.889025
ENSDARG00000055054_0_2,-0.8000,-2.1133,0.750000,0.709855,0.701532,-24.3000,-25.6919,0.500000,0.600063,0.476374,0.516321,0.714656,0.396517,0.958795,0.303626,0.013275,0.437322,0.011939,0.871240,0.019394,0.721561,0.019038,0.821254,0.144844,0.999481,0.134273,0.986199,0.138067,1.000000,0.940224,0.570474,0.890511,0.727802,0.741955,0.047474,0.122888,0.053385,0.132683,0.999989,0.979234,0.636226,0.965666,0.999151,0.979841,0.984350,0.858319,0.972555,0.408622,0.985711,0.353252
ENSDARG00000055054_0_3,0.0000,-0.3793,1.000000,0.906848,0.886239,-24.8000,-25.8780,0.375000,0.395582,0.449707,0.936019,0.875631,0.957226,0.938776,0.794788,0.942927,0.688188,0.960419,0.949723,0.962132,0.651335,0.877277,0.866575,0.205801,0.974974,0.047993,0.991588,0.007586,0.999746,0.003630,0.861316,0.003522,0.798509,0.003804,0.867456,0.010034,0.739979,0.183455,0.706029,0.073429,0.997757,0.078109,0.976699,0.008139,0.988839,0.925979,0.997482,0.973100,0.980544,0.912407
ENSDARG00000055054_0_4,-3.8000,-3.9471,0.750000,0.743456,0.527525,-31.5000,-32.3887,0.500000,0.505880,0.311193,0.045666,0.041826,0.037831,0.032588,0.039039,0.053486,0.075977,0.013938,0.189301,0.068264,0.959852,0.001010,0.958689,0.000071,0.968799,0.001161,0.999596,0.003617,0.207710,0.980476,0.075958,0.979596,0.044432,0.000786,0.015936,0.000025,0.006016,0.000100,0.977275,0.016271,0.976767,0.999942,0.981329,0.998616,0.999584,0.999847,0.995378,0.998616,0.995360,0.033623
ENSDARG00000055054_0_6,-2.1000,-2.7507,0.625000,0.583921,0.667015,-25.3000,-26.9399,0.750000,0.666319,0.459900,0.924307,0.744509,0.926178,0.303351,0.289512,0.518569,0.159340,0.587531,0.194630,0.408341,0.881229,0.728916,0.462912,0.198874,0.833768,0.196644,0.999422,0.146950,0.998349,0.026035,0.999924,0.005120,0.999357,0.002598,0.512771,0.058061,0.018405,0.066520,0.032674,0.866862,0.123822,0.712102,0.999904,0.881377,0.999287,0.931666,0.984704,0.849434,0.999799,0.964534
ENSDARG00000055054_0_7,-2.5000,-2.8899,0.500000,0.509774,0.597627,-24.6000,-25.5038,0.375000,0.353802,0.521820,0.826809,0.022523,0.750091,0.020608,0.999112,0.096446,0.081174,0.099154,0.075755,0.866478,0.097369,0.867138,0.178633,0.877206,0.994534,0.965458,0.997920,0.975840,0.984075,0.975125,0.936797,0.910846,0.952072,0.929161,0.181464,0.819846,0.095800,0.119617,0.075532,0.062729,0.067286,0.017529,0.981439,0.693671,0.683007,0.012300,0.999244,0.995096,0.994420,0.109632
ENSDARG00000055054_0_8,0.0000,-0.4883,1.000000,0.933020,0.872900,-24.4000,-25.0035,0.375000,0.399508,0.468906,0.555790,0.039794,0.648423,0.033351,0.670466,0.032567,0.997399,0.044804,0.994807,0.047253,0.936826,0.040145,0.987544,0.989259,0.895444,0.986706,0.874669,0.994130,0.815018,0.990065,0.797269,0.992729,0.820185,0.991249,0.816857,0.983992,0.814824,0.983911,0.999662,0.989922,0.971896,0.002396,0.940877,0.002519,0.948516,0.004359,0.982299,0.006960,0.989234,0.222005
ENSDARG00000055054_0_9,-5.3000,-5.5698,0.875000,0.832136,0.566800,-21.8000,-23.5493,0.625000,0.566578,0.468314,0.654254,0.791001,0.004343,0.030257,0.001910,0.041181,0.001743,0.009075,0.008291,0.014555,0.999705,0.957176,0.999796,0.964217,0.998817,0.968414,0.997775,0.991577,0.007356,0.028434,0.002316,0.017740,0.002607,0.020033,0.004516,0.051856,0.997953,0.591062,0.659293,0.391129,0.999800,0.936828,0.999571,0.676937,0.999468,0.617851,0.996485,0.655612,1.000000,0.611345
ENSDARG00000055054_0_10,-3.5000,-3.9359,0.625000,0.774132,0.567844,-23.1000,-24.8809,0.250000,0.341000,0.355649,0.103331,0.216694,0.076009,0.107059,0.638666,0.386719,0.674180,0.095804,0.992625,0.636302,0.999946,0.661014,0.416209,0.612773,0.106732,0.408429,0.102971,0.131647,0.024220,0.063872,0.029041,0.070162,0.999888,0.994511,0.999948,0.414737,0.999805,0.373872,0.999769,0.349506,0.377404,0.021260,0.375834,0.022010,0.441818,0.145312,0.998984,0.975671,0.999495,0.425631
ENSDARG00000055132_0_1,-0.6000,-1.0864,0.625000,0.660260,0.732087,-24.0000,-25.1324,0.250000,0.281250,0.396544,0.997344,0.991974,0.994945,0.925135,0.993689,0.920085,0.996467,0.919788,0.986232,0.216678,0.997299,0.136492,0.525208,0.075547,0.349516,0.145633,0.295352,0.075580,0.733786,0.075130,0.698496,0.865105,0.791324,0.333734,0.941478,0.009006,0.987610,0.009599,0.984710,0.075719,0.389531,0.132981,0.264872,0.030569,0.186182,0.017544,0.721250,0.996200,0.806448,0.978383
ENSDARG00000055132_0_2,-1.3000,-1.9006,0.375000,0.535836,0.588145,-22.3000,-23.4857,1.000000,0.873290,0.583927,0.916684,0.149052,0.856108,0.124408,0.689375,0.609103,0.833025,0.951166,0.463850,0.114292,0.463807,0.095460,0.846080,0.043132,0.124830,0.042623,0.094927,0.097088,0.244922,0.882502,0.943418,0.793043,0.999193,0.790343,0.999735,0.795524,0.288694,0.800718,0.280281,0.943754,0.216863,0.863244,0.822163,0.863583,0.276359,0.857675,0.442382,0.961380,0.960208,0.900438
ENSDARG00000055132_0_3,0.0000,-0.1727,1.000000,0.979562,0.971011,-24.7000,-25.7035,0.750000,0.767024,0.540184,0.938643,0.946348,0.971469,0.997079,1.000000,0.999007,0.976812,0.005149,1.000000,0.002338,0.963737,0.002166,0.992824,0.001528,1.000000,0.000943,0.814847,0.001161,0.999862,0.068142,0.931522,0.989373,0.993996,0.654256,0.997792,0.997502,0.999170,0.902276,0.934754,0.162946,0.954317,0.215162,0.999358,0.931421,0.977957,0.999128,0.977635,0.998002,0.995517,0.929752
ENSDARG00000055132_0_4,-0.7000,-1.6115,0.500000,0.567971,0.633695,-25.0000,-25.9779,0.750000,0.759969,0.424814,0.977135,0.327927,0.847749,0.032588,0.842642,0.010766,0.725468,0.011286,0.741792,0.994835,0.739044,0.003879,0.353901,0.024665,0.419491,0.991377,0.422458,0.003379,0.480901,0.002107,0.682262,0.003258,0.897294,0.010457,0.931520,0.995065,0.959354,0.148203,0.968119,0.993169,0.498590,0.970448,0.230399,0.972377,0.211360,0.991048,0.202976,0.951030,0.541447,0.058410
ENSDARG00000055132_0_7,0.0000,-0.5603,1.000000,0.896280,0.840981,-18.6000,-20.3455,1.000000,0.846371,0.617447,0.516524,0.398244,0.510015,0.385774,1.000000,0.279960,0.878061,0.735038,0.865952,0.290111,0.777360,0.274930,0.924815,0.671317,0.931894,0.760514,0.780708,0.479947,0.701225,0.416458,0.890560,0.423758,0.872270,0.461914,0.897851,0.925500,0.929816,0.899070,0.938825,0.933775,0.924812,0.929382,0.704826,0.665387,0.775849,0.612436,0.998942,0.947159,0.999322,0.858264
ENSDARG00000055132_0_8,-1.9000,-2.0490,1.000000,0.978204,0.720621,-21.5000,-23.4022,0.500000,0.399552,0.482171,0.074719,0.166091,0.066273,0.157684,0.180797,0.212538,0.979878,0.657582,0.987830,0.986528,0.981814,0.963582,0.981558,0.945163,0.195333,0.473137,0.091304,0.429758,0.083229,0.306009,0.984965,0.687911,0.979079,0.461032,0.978429,0.012225,0.961798,0.003482,0.966067,0.005030,0.977994,0.071766,0.981482,0.631009,0.976536,0.607986,0.985779,0.920130,0.997551,0.944787
ENSDARG00000055132_0_9,0.0000,-0.2782,1.000000,0.937161,0.934230,-21.4000,-22.7264,0.500000,0.536685,0.526867,0.907015,0.921779,0.993442,0.910621,0.968671,0.683872,0.998791,0.726879,0.818012,0.392801,0.801461,0.571324,0.901975,0.588700,0.999249,0.104555,0.994670,0.128980,0.891254,0.092936,0.999760,0.167934,0.913003,0.953479,0.845048,0.115771,0.736577,0.108617,0.959175,0.335815,0.977630,0.218013,0.997418,0.770667,0.984521,0.880089,0.997666,0.988419,0.999254,0.876089
ENSDARG00000055132_0_10,-1.9000,-2.1042,0.625000,0.693941,0.632134,-21.6000,-22.7303,1.000000,0.919735,0.640633,0.843782,0.008088,0.797349,0.005685,0.950603,0.016275,0.139977,0.985221,0.145726,0.979872,0.170394,0.979692,0.277787,0.003268,0.910500,0.014031,0.904913,0.017065,0.915810,0.995504,0.879654,0.630629,0.154653,0.819458,0.254718,0.978320,0.151147,0.915360,0.150077,0.908379,0.997377,0.820681,0.998423,0.822678,0.999916,0.951440,0.999908,0.977405,0.999963,0.983615
ENSDARG00000056427_0_1,-2.1000,-3.0338,0.375000,0.675452,0.570058,-22.5000,-23.8407,0.500000,0.540823,0.462128,0.517368,0.753075,0.072064,0.668712,0.029553,0.741652,0.309381,0.602409,0.359680,0.656180,0.716533,0.331609,0.715755,0.048021,0.998672,0.068401,0.985058,0.131853,0.697845,0.764995,0.296172,0.094525,0.299462,0.054545,0.287605,0.127033,0.486628,0.124142,0.713826,0.124405,0.714804,0.147437,0.716111,0.964873,0.998847,0.941369,0.730996,0.946254,0.754800,0.951075
ENSDARG00000056427_0_3,-7.5000,-7.5062,0.750000,0.750071,0.600469,-30.2000,-30.9346,0.125000,0.130046,0.354094,0.999795,0.993073,0.995287,0.989374,0.004335,0.043911,0.002577,0.006137,0.000070,0.003612,0.003249,0.006851,1.000000,0.999725,0.999775,0.996531,0.999721,0.995850,1.000000,0.995886,0.003291,0.006831,0.000704,0.003729,0.000371,0.004112,0.001856,0.001967,0.999646,0.011642,0.999942,0.001090,0.999679,0.023664,0.999714,0.991947,0.999366,0.004224,0.999994,0.001723
ENSDARG00000056427_0_4,0.0000,-0.9712,1.000000,0.758400,0.718576,-21.9000,-24.1183,0.250000,0.285989,0.484491,0.336162,0.559671,0.298778,0.400159,0.663702,0.627519,0.969587,0.834151,0.723818,0.843755,0.708359,0.880428,0.462847,0.315653,0.654929,0.449806,0.775476,0.669393,0.925651,0.677171,0.991288,0.973259,0.793732,0.170942,0.623137,0.022818,0.473552,0.011036,0.825347,0.841084,0.581772,0.032495,0.631079,0.162495,0.976353,0.175578,0.971452,0.983889,0.984506,0.058520
ENSDARG00000056427_0_6,-1.6000,-2.1250,0.625000,0.651573,0.714438,-23.6000,-25.2828,0.500000,0.563463,0.526012,0.919809,0.558838,0.910035,0.553915,0.958262,0.323484,0.901268,0.421404,0.906823,0.890171,0.993198,0.970927,0.866361,0.233679,0.853096,0.166695,0.325606,0.888862,0.182592,0.002581,0.287213,0.015561,0.971906,0.986426,0.937408,0.324447,0.962335,0.984005,0.921998,0.954175,0.443016,0.993370,0.066550,0.017249,0.121157,0.016439,0.942865,0.999911,0.817258,0.218109
ENSDARG00000056427_0_7,-4.0000,-4.4343,1.000000,0.918596,0.608347,-21.7000,-23.1392,1.000000,0.818836,0.536628,0.005779,0.009864,0.000938,0.000920,0.003569,0.002463,0.132599,0.044005,0.967559,0.989572,0.976660,0.919705,0.999964,0.997059,0.999238,0.433649,0.131820,0.055420,0.482764,0.283074,0.057830,0.060084,0.059445,0.386066,0.552094,0.634104,0.976422,0.969769,0.973442,0.963163,0.949744,0.927048,0.949272,0.778341,0.949653,0.716741,0.999889,0.876715,0.998254,0.684809
ENSDARG00000056427_0_8,-0.6000,-1.1408,1.000000,0.836068,0.777008,-24.5000,-26.2365,1.000000,0.462157,0.337094,0.973045,0.724964,0.571365,0.117737,0.462547,0.282995,0.926729,0.021577,0.821771,0.016626,0.826518,0.017646,0.979980,0.105765,0.552289,0.096989,0.336816,0.018190,0.795477,0.910267,0.796734,0.406678,0.808335,0.325191,0.991190,0.358867,0.914337,0.830695,0.831168,0.345082,0.731545,0.289247,0.796581,0.275724,0.717355,0.272815,0.716175,0.912275,0.990194,0.412548
ENSDARG00000056427_0_10,-1.0000,-1.5235,0.750000,0.718192,0.772400,-25.1000,-26.6726,0.000000,0.070504,0.226269,0.967218,0.990736,0.989165,0.108232,0.890248,0.037751,0.901257,0.014280,0.888488,0.017865,0.987687,0.968478,0.981980,0.063994,0.999714,0.070879,0.653886,0.022531,0.210805,0.816032,0.249171,0.831744,0.982853,0.018835,0.896186,0.042541,0.893723,0.034896,0.869255,0.100419,0.969250,0.167939,0.999856,0.070598,0.186854,0.040565,0.253423,0.055931,0.676989,0.051141
ENSDARG00000056713_1_1,-2.1000,-2.5674,0.875000,0.756318,0.660905,-23.4000,-24.7315,0.500000,0.425262,0.513637,0.986536,0.881631,0.497414,0.595055,0.500579,0.591619,0.098022,0.660644,0.038431,0.548760,0.512987,0.788123,0.994996,0.769644,0.988106,0.749165,0.991779,0.463570,0.523780,0.210614,0.519192,0.121658,0.515739,0.490163,0.515685,0.444819,0.995508,0.935846,0.506420,0.019661,0.507891,0.024037,0.569754,0.048631,0.973200,0.038538,0.991823,0.961764,0.990263,0.928798
ENSDARG00000056713_1_3,0.0000,-0.1538,1.000000,0.992340,0.976262,-19.1000,-20.7249,1.000000,0.919171,0.671173,0.881178,0.166656,0.970038,0.137940,0.992599,0.244939,0.990652,0.754724,1.000000,0.306345,0.994102,0.196589,0.926430,0.178391,1.000000,0.903530,0.930388,0.721994,1.000000,0.957142,0.922547,0.628345,0.978575,0.873496,1.000000,0.892085,1.000000,0.966070,1.000000,0.950134,0.951542,0.867317,1.000000,0.978416,1.000000,0.991848,1.000000,0.988318,0.987181,0.719178
ENSDARG00000056713_1_4,-1.8000,-2.2620,1.000000,0.925350,0.661464,-19.0000,-20.9330,0.875000,0.772620,0.547230,0.081900,0.082708,0.051398,0.057564,0.280943,0.227347,0.302533,0.227624,0.993278,0.515946,0.980258,0.829214,0.959390,0.765068,0.506325,0.555356,0.298505,0.318945,0.295615,0.242051,0.103414,0.304812,0.972926,0.637010,0.777447,0.774540,0.753830,0.755907,0.970946,0.963319,0.953783,0.914091,0.978158,0.966719,0.972065,0.710958,0.998275,0.975682,0.998295,0.119741
ENSDARG00000056713_1_5,-0.7000,-1.9825,0.625000,0.497565,0.577476,-27.7000,-28.5778,0.125000,0.131120,0.446816,0.813703,0.921101,0.851954,0.988339,0.450989,0.949358,0.184861,0.947023,0.445074,0.997377,0.589878,0.993174,0.356041,0.909208,0.458058,0.992537,0.620888,0.182816,0.995618,0.003467,0.978533,0.001759,0.823408,0.001200,0.605681,0.001198,0.473902,0.000640,0.086518,0.001556,0.208605,0.000086,0.569176,0.000095,0.463407,0.010787,0.766248,0.934097,0.806983,0.100502
ENSDARG00000056713_1_6,0.0000,-0.4670,1.000000,0.812003,0.863635,-21.3000,-22.9173,0.625000,0.572468,0.479134,0.955983,0.926205,0.917333,0.121172,0.919497,0.119793,0.917351,0.119955,0.994672,0.177779,0.805605,0.576306,0.794682,0.879612,0.971698,0.549298,0.665252,0.453250,0.996636,0.052224,0.996623,0.073608,0.841342,0.953730,0.827415,0.028252,0.817459,0.021383,0.821971,0.051890,0.997663,0.988249,0.777615,0.993661,0.613699,0.572105,0.822251,0.966862,0.817949,0.957344
ENSDARG00000056713_1_8,-2.3000,-3.0346,0.125000,0.363690,0.471080,-26.1000,-27.4081,0.125000,0.196142,0.472521,0.213211,0.807008,0.178656,0.722546,0.210592,0.837351,0.316327,0.857726,0.944882,0.807577,0.789695,0.940379,0.414849,0.928417,0.413998,0.838105,0.377168,0.787342,0.805858,0.221464,0.984663,0.068139,0.862182,0.065227,0.417892,0.340163,0.535646,0.040228,0.391915,0.005773,0.092811,0.002532,0.146018,0.033215,0.208220,0.159220,0.191059,0.941472,0.925961,0.046534
ENSDARG00000056713_1_9,-2.4000,-2.8773,0.750000,0.747821,0.587731,-22.1000,-23.6721,0.125000,0.195627,0.497349,0.990694,0.931076,0.029759,0.754245,0.024722,0.688725,0.011961,0.693428,0.166618,0.697667,0.656864,0.681893,0.999893,0.841629,0.999032,0.986218,0.998846,0.971016,0.658172,0.909597,0.194320,0.185823,0.041173,0.040644,0.041673,0.040767,0.027306,0.032835,0.987294,0.067670,0.979047,0.810257,0.982200,0.156668,0.982240,0.212838,0.982939,0.078944,0.999870,0.165035
ENSDARG00000056713_1_10,-2.0000,-2.6674,0.375000,0.489547,0.588046,-22.6000,-24.1202,0.125000,0.207443,0.527219,0.976104,0.462142,0.241471,0.508699,0.255125,0.983233,0.380374,0.975637,0.973808,0.989930,0.447777,0.919972,0.786040,0.963186,0.819492,0.952469,0.399545,0.476005,0.565568,0.498642,0.999766,0.981255,0.999475,0.173664,0.992415,0.056731,0.999718,0.002936,0.118547,0.000543,0.364598,0.002398,0.139921,0.925671,0.047878,0.290638,0.253313,0.252820,0.999983,0.127809
ENSDARG00000057582_0_1,0.0000,-0.2896,1.000000,0.926534,0.923766,-17.3000,-19.9323,0.375000,0.707696,0.581568,0.702130,0.789567,0.743210,0.743201,0.954606,0.625180,0.945415,0.715377,0.994406,0.306836,0.997899,0.396005,0.953128,0.125031,0.909037,0.123084,0.891796,0.230472,1.000000,0.481575,1.000000,0.765806,0.971426,0.667658,0.954419,0.579389,0.764433,0.664773,0.768585,0.685782,0.969055,0.727017,0.978149,0.658948,0.990142,0.910116,0.989473,0.708361,0.998016,0.727181
ENSDARG00000057582_0_2,-0.4000,-0.9758,0.875000,0.892168,0.781910,-17.8000,-19.4236,0.375000,0.523627,0.608218,0.958459,0.808196,0.904959,0.765003,0.487371,0.425404,0.470403,0.432798,0.454839,0.439317,0.935383,0.886172,0.952751,0.892528,0.935861,0.870191,0.883172,0.833212,0.877586,0.904072,0.339013,0.381361,0.301058,0.337084,0.547827,0.583870,0.997261,0.984696,0.979257,0.954469,0.925749,0.915493,0.873091,0.172930,0.882051,0.153872,0.941403,0.164417,0.990707,0.259266
ENSDARG00000057582_0_3,-2.1000,-2.8446,0.750000,0.550059,0.549640,-23.3000,-24.7713,0.375000,0.416098,0.481812,0.634993,0.864405,0.509380,0.785334,0.507894,0.982246,0.589850,0.977165,0.668556,0.161404,0.524380,0.043196,0.504816,0.022605,0.504633,0.032196,0.499100,0.977067,0.538484,0.424356,0.591990,0.988832,0.518253,0.048656,0.517236,0.009559,0.640119,0.036054,0.545170,0.967763,0.509065,0.974206,0.503912,0.310741,0.498806,0.990680,0.517468,0.033858,0.668693,0.005919
ENSDARG00000057582_0_4,-0.7000,-1.4211,0.500000,0.528221,0.588276,-27.2000,-28.5485,0.000000,0.016402,0.450839,0.325839,0.965216,0.109109,0.961470,0.107541,0.877980,0.117090,0.865107,0.995934,0.870536,0.538565,0.981758,0.691608,0.952478,0.999686,0.969202,0.999271,0.958758,0.995360,0.235468,0.995253,0.128205,0.664493,0.119385,0.557712,0.047673,0.989967,0.045575,0.119489,0.021053,0.115864,0.000680,0.114310,0.001619,0.331497,0.002965,0.997622,0.007105,0.999304,0.004548
ENSDARG00000057582_0_5,-2.3000,-2.3752,0.625000,0.634466,0.704056,-19.5000,-21.1086,0.875000,0.838601,0.666886,0.027243,0.273592,0.024720,0.021594,0.045172,0.007247,1.000000,0.074140,0.984975,0.119656,0.999533,0.725274,0.959312,0.957460,0.999912,0.957670,0.998546,0.865050,0.996210,0.882739,0.985728,0.900754,0.984033,0.843732,0.964299,0.870548,0.044607,0.843443,0.026113,0.667693,0.040876,0.731935,0.999969,0.992392,0.999942,0.970781,0.999942,0.952435,0.999984,0.679580
ENSDARG00000057582_0_6,0.0000,-0.4182,1.000000,0.759856,0.804077,-18.4000,-20.8587,0.625000,0.629101,0.493226,0.967768,0.508407,0.936374,0.460268,0.934719,0.201689,0.945093,0.258103,0.997725,0.247991,0.995134,0.953377,0.644122,0.038512,0.610631,0.032026,0.617555,0.191203,0.641982,0.689013,0.734771,0.591584,0.976815,0.659541,0.978376,0.876483,0.999879,0.884328,0.928299,0.723649,0.747513,0.879837,0.671748,0.334607,0.573994,0.233972,0.573448,0.309077,0.605594,0.790856
ENSDARG00000057582_0_7,-1.3000,-2.0352,1.000000,0.816332,0.696096,-23.4000,-25.6225,0.125000,0.187412,0.359052,0.229240,0.225526,0.145040,0.159610,0.595205,0.676858,0.632519,0.953580,0.700565,0.996393,0.759760,0.974629,0.942600,0.956015,0.426851,0.120780,0.385365,0.126979,0.719732,0.445752,0.980498,0.042333,0.873886,0.003286,0.723739,0.006145,0.687402,0.061592,0.697024,0.240009,0.988480,0.938325,0.730938,0.092221,0.716023,0.022431,0.988072,0.070006,0.998979,0.068565
ENSDARG00000057582_0_8,-0.9000,-1.3766,0.500000,0.628219,0.682738,-21.4000,-23.0422,0.500000,0.509467,0.377314,0.878942,0.275018,0.962423,0.246792,0.954322,0.380324,0.983729,0.830470,0.997792,0.667697,0.976276,0.813374,0.998262,0.161700,0.920323,0.016429,0.391071,0.006539,0.159133,0.009815,0.163554,0.012059,0.243189,0.050324,0.994707,0.991939,0.976045,0.989449,0.957305,0.996033,0.945851,0.992604,0.227958,0.053240,0.230836,0.021896,0.218803,0.015066,0.474245,0.015511
ENSDARG00000057582_0_9,-2.1000,-2.4552,1.000000,0.995939,0.656200,-23.5000,-25.0923,0.500000,0.423566,0.429876,0.119469,0.311231,0.026788,0.050353,0.076436,0.120264,0.362148,0.345448,0.994878,0.888817,0.994171,0.841965,0.999533,0.911544,0.283495,0.493745,0.029453,0.253422,0.026559,0.127344,0.249224,0.289468,0.994337,0.575392,0.994208,0.646818,0.999174,0.702272,0.999305,0.945066,0.996884,0.057407,0.997284,0.039831,0.991061,0.962225,0.992119,0.029779,0.997475,0.005130
ENSDARG00000057582_0_10,-3.2000,-3.5472,0.500000,0.533570,0.457080,-22.3000,-24.6647,0.250000,0.280636,0.302658,0.112841,0.108796,0.005931,0.058380,0.006698,0.056374,0.999355,0.072224,0.132350,0.118785,0.036429,0.140130,0.278084,0.888054,0.999151,0.882952,0.999988,0.351321,0.999919,0.446463,0.269638,0.647674,0.032665,0.036924,0.148357,0.044052,0.997430,0.142215,0.006670,0.016442,0.004768,0.016645,0.116516,0.036601,0.999395,0.249366,0.995468,0.890545,0.999951,0.849223
ENSDARG00000058089_0_1,-3.6000,-3.8604,0.875000,0.855624,0.602611,-23.1000,-24.4269,0.375000,0.486757,0.454205,0.895210,0.699737,0.892781,0.692822,0.222181,0.287297,0.052221,0.110788,0.019563,0.023031,0.056562,0.049723,0.967587,0.725829,0.968871,0.833080,0.964894,0.816773,0.065960,0.344980,0.048885,0.295156,0.052523,0.310819,0.215620,0.464989,0.962472,0.958959,0.980040,0.188939,0.955807,0.141689,0.874072,0.113573,0.861142,0.148156,0.996209,0.961735,0.999628,0.916015
ENSDARG00000058089_0_2,-5.5000,-5.6267,0.375000,0.395991,0.516514,-29.7000,-31.5689,0.000000,0.021350,0.278504,0.991747,0.541818,0.984477,0.541605,0.992267,0.141024,0.012133,0.065924,0.003042,0.096607,0.007698,0.504719,0.007931,0.735180,0.171017,0.513134,0.996043,0.997248,0.999055,0.293432,0.998256,0.080086,0.998693,0.888511,0.996304,0.139577,0.997654,0.012524,0.167887,0.005273,0.008478,0.001308,0.000995,0.000028,0.000231,0.000011,0.004403,0.000322,0.991974,0.011754
ENSDARG00000058089_0_3,-5.7000,-5.7135,0.625000,0.625359,0.598783,-21.7000,-23.7765,0.375000,0.561387,0.503085,0.002192,0.236089,0.000652,0.192412,0.002828,0.250063,0.008844,0.080950,0.988775,0.629164,0.985575,0.782659,0.999088,0.553745,0.999984,0.566583,0.999983,0.694796,0.998432,0.923881,0.984628,0.596676,0.001811,0.063589,0.001066,0.147668,0.000264,0.329316,0.001717,0.384290,0.999983,0.931127,0.999942,0.777488,0.999958,0.856499,0.999953,0.520621,0.999989,0.544086
ENSDARG00000058089_0_4,-4.7000,-4.8220,0.250000,0.273767,0.418937,-21.7000,-23.4312,0.500000,0.476017,0.541588,0.997242,0.742504,0.008330,0.275439,0.004366,0.298027,0.005418,0.486081,0.003952,0.762490,0.008809,0.743047,0.170700,0.863549,0.999563,0.756782,0.999998,0.974321,0.996784,0.312568,0.996678,0.306812,0.996759,0.501995,0.998128,0.901522,0.172118,0.908765,0.009793,0.883693,0.003956,0.060967,0.002014,0.026444,0.001212,0.027119,0.002955,0.026795,0.999961,0.972831
ENSDARG00000058089_0_5,0.0000,-0.7602,1.000000,0.740770,0.781776,-29.9000,-30.6524,0.625000,0.579129,0.286243,0.875152,0.013108,0.829036,0.002736,0.815555,0.001413,0.851498,0.001190,0.955235,0.000615,0.837554,0.001548,0.617226,0.000108,0.508530,0.000105,0.593743,0.023725,0.920529,0.999684,0.947775,0.015743,0.957530,0.031851,0.836374,0.998432,0.841709,0.998824,0.317498,0.002173,0.394009,0.005469,0.668995,0.034392,0.912379,0.600548,0.960020,0.996903,0.995172,0.996293
ENSDARG00000058089_0_6,-2.5000,-3.0470,0.625000,0.648386,0.613510,-27.1000,-28.8439,0.125000,0.089403,0.150556,0.903437,0.993828,0.797800,0.258843,0.973457,0.987815,0.770386,0.020844,0.049914,0.001004,0.047443,0.002802,0.286182,0.017500,0.378768,0.006964,0.961219,0.003230,0.959972,0.001528,0.771397,0.000844,0.183139,0.000683,0.096692,0.001962,0.294353,0.010710,0.245878,0.021337,0.944481,0.018198,0.964590,0.059804,0.764656,0.044691,0.890308,0.128935,0.986130,0.429588
ENSDARG00000058089_0_7,-1.9000,-2.7343,1.000000,0.849161,0.672649,-21.7000,-23.3364,1.000000,0.662259,0.393807,0.440261,0.968944,0.016029,0.005271,0.055426,0.005135,0.220907,0.016375,0.999991,0.035639,0.997027,0.113398,0.996402,0.094368,0.738326,0.112156,0.446650,0.280253,0.374143,0.362958,0.376527,0.261340,0.997999,0.322235,0.663335,0.445567,0.639461,0.951607,0.637979,0.946658,0.999994,0.990201,0.858551,0.983877,0.998417,0.448407,0.998098,0.303621,0.997458,0.228132
ENSDARG00000058089_0_8,-0.8000,-1.7191,0.750000,0.613401,0.669406,-21.2000,-23.3520,0.250000,0.348157,0.572487,0.926632,0.530916,0.652789,0.536235,0.643454,0.974640,0.669212,0.982069,0.991697,0.981941,0.730029,0.981477,0.729615,0.980807,0.750562,0.905223,0.207304,0.576063,0.276647,0.609049,0.981513,0.504282,0.921466,0.101783,0.916425,0.200872,0.921353,0.203685,0.229753,0.050813,0.229029,0.037526,0.677575,0.176777,0.457027,0.985119,0.506043,0.282343,0.970004,0.848116
ENSDARG00000058089_0_9,-2.1000,-2.2824,0.625000,0.658261,0.541179,-23.5000,-25.4438,0.625000,0.587757,0.409589,0.942217,0.728952,0.147067,0.363459,0.064419,0.573246,0.035094,0.644878,0.110118,0.610878,0.117332,0.250204,0.998707,0.041410,0.999237,0.043516,0.999446,0.108052,0.980296,0.111943,0.137445,0.007332,0.026118,0.005854,0.033404,0.012041,0.066596,0.023640,0.168666,0.397885,0.999865,0.725595,0.998608,0.981352,0.999403,0.991325,0.999868,0.994242,0.999674,0.575977
ENSDARG00000058089_0_10,-3.6000,-4.0033,1.000000,0.780445,0.550920,-23.1000,-24.4625,0.875000,0.836881,0.471409,0.008096,0.056816,0.003126,0.052507,0.004690,0.574115,0.038395,0.564410,0.566383,0.065853,0.890201,0.009300,0.999929,0.199217,0.999980,0.232594,0.477034,0.951080,0.334489,0.007337,0.385970,0.016928,0.066559,0.002973,0.560050,0.066860,0.560461,0.922348,0.561096,0.843833,0.563675,0.973743,0.999870,0.988406,0.999295,0.989427,0.999277,0.961050,0.999833,0.949384
ENSDARG00000059961_3_1,-0.4000,-0.8433,0.375000,0.609843,0.616784,-24.9000,-26.3748,0.125000,0.160041,0.402982,0.936753,0.798803,0.932044,0.702206,0.429487,0.695679,0.370136,0.661579,0.360697,0.754176,0.355823,0.776140,0.369672,0.354646,0.445436,0.257687,0.975438,0.174777,0.996542,0.746410,0.928856,0.841553,0.356050,0.015649,0.387050,0.002365,0.356858,0.002039,0.355948,0.131802,0.380051,0.995457,0.431890,0.108269,0.986234,0.017001,0.985998,0.012512,0.994716,0.010886
ENSDARG00000059961_3_2,-1.6000,-1.9061,1.000000,0.871067,0.682890,-21.8000,-22.9981,0.000000,0.082436,0.353492,0.298933,0.160658,0.216256,0.122255,0.218139,0.125697,0.998926,0.996476,0.711675,0.856157,0.694198,0.850008,0.696300,0.838592,0.376829,0.189100,0.382062,0.206683,0.381664,0.227902,0.998902,0.936319,0.715391,0.900516,0.758905,0.283692,0.773242,0.096772,0.896660,0.124617,0.999572,0.046197,0.818223,0.025534,0.824247,0.020416,0.903129,0.021083,0.994557,0.041174
ENSDARG00000059961_3_4,-2.1000,-2.3070,0.750000,0.755870,0.545016,-18.2000,-20.6283,0.500000,0.525490,0.433812,0.050910,0.423452,0.048159,0.784137,0.997886,0.220684,0.051591,0.060658,0.078552,0.078351,0.269762,0.163470,0.987351,0.225851,0.983560,0.207927,0.982201,0.203123,0.275791,0.771391,0.076025,0.513589,0.051578,0.819686,0.053014,0.144523,0.049091,0.116227,0.998232,0.294741,0.981894,0.266192,0.986005,0.957537,0.987425,0.957530,0.992210,0.842228,0.999084,0.624938
ENSDARG00000059961_3_5,-1.6000,-2.5413,0.500000,0.406535,0.522635,-21.0000,-23.0252,0.750000,0.718712,0.581873,0.988404,0.793028,0.986978,0.775222,0.660522,0.689294,0.318522,0.865965,0.998338,0.682808,0.124380,0.662554,0.039817,0.487500,0.041608,0.782101,0.070436,0.063446,0.995161,0.027577,0.987908,0.039202,0.988346,0.019079,0.989607,0.877319,0.061830,0.419890,0.041312,0.816505,0.034721,0.760983,0.127269,0.494408,0.731708,0.461609,0.432484,0.965783,0.833352,0.953194
ENSDARG00000059961_3_6,-1.4000,-2.2589,0.250000,0.346010,0.463022,-23.5000,-24.9746,0.500000,0.466381,0.416166,0.957202,0.171790,0.246770,0.114041,0.144872,0.132680,0.114550,0.355631,0.334903,0.162998,0.710467,0.505480,0.181212,0.247988,0.241670,0.987179,0.714142,0.124507,0.976255,0.282868,0.947881,0.768065,0.922432,0.739046,0.982478,0.890637,0.638630,0.828309,0.259152,0.926446,0.218423,0.010126,0.084824,0.009148,0.112780,0.013552,0.185475,0.998394,0.286313,0.054439
ENSDARG00000059961_3_7,-0.7000,-1.1695,0.375000,0.538320,0.630647,-21.6000,-23.1605,0.125000,0.348934,0.401794,0.997489,0.609302,0.980925,0.604808,0.479453,0.297469,0.237290,0.592251,0.212331,0.136977,0.994714,0.275045,0.184435,0.093886,0.230925,0.455200,0.998787,0.944758,0.995272,0.287214,0.996768,0.190052,0.997988,0.757454,0.998918,0.895776,0.998425,0.404626,0.215095,0.383617,0.157592,0.098209,0.999543,0.402925,0.206833,0.295820,0.231663,0.086941,0.498488,0.223556
ENSDARG00000059961_3_8,0.0000,-1.3158,1.000000,0.494965,0.589884,-23.6000,-24.6449,0.250000,0.315169,0.416675,0.640606,0.920325,0.611990,0.400238,0.978404,0.447995,0.295820,0.952286,0.258288,0.918269,0.507875,0.094565,0.682101,0.040918,0.420153,0.026271,0.639495,0.966582,0.957994,0.017185,0.942270,0.042396,0.902967,0.985118,0.582012,0.151192,0.508402,0.037639,0.205264,0.056058,0.204201,0.026093,0.243195,0.114352,0.972632,0.999149,0.544832,0.963941,0.699186,0.172926
ENSDARG00000059961_3_9,-2.0000,-2.3741,0.500000,0.571080,0.641555,-24.2000,-25.6605,0.500000,0.494412,0.430616,0.989416,0.945003,0.906708,0.038759,0.918730,0.037200,0.884493,0.046567,0.886935,0.176908,0.948268,0.262230,0.992128,0.751652,0.298188,0.634493,0.142235,0.198421,0.137727,0.464178,0.235711,0.480162,0.921925,0.621454,0.886056,0.743995,0.881016,0.928249,0.269841,0.227249,0.143255,0.005015,0.119719,0.004766,0.303982,0.997938,0.992128,0.999949,0.972642,0.048132
ENSDARG00000059961_3_10,-0.5000,-1.3279,1.000000,0.911503,0.778289,-21.7000,-23.5940,0.625000,0.674633,0.446333,0.608216,0.146446,0.339511,0.071151,0.510765,0.062786,0.976343,0.101321,0.983959,0.038109,0.959196,0.046938,0.671484,0.009992,0.694530,0.224325,0.402376,0.408637,0.410978,0.591151,0.977922,0.913750,0.738469,0.914999,0.950291,0.947763,0.999677,0.997717,0.990778,0.996971,0.908981,0.694969,0.999935,0.991263,0.821124,0.274074,0.771188,0.176833,0.850053,0.317472
ENSDARG00000060073_17_1,-4.8000,-4.8932,0.750000,0.737085,0.690092,-24.1000,-25.6094,0.000000,0.091488,0.425647,0.038749,0.114078,0.001386,0.108973,0.001254,0.004759,0.866752,0.840834,0.993173,0.888405,0.999955,0.892306,0.999996,0.999187,0.999939,0.966306,0.999944,0.948946,0.992787,0.951361,0.999999,0.957930,0.011236,0.107951,0.000660,0.007731,0.004238,0.010884,0.897942,0.202908,0.995544,0.059073,0.999741,0.114968,0.998880,0.111013,0.999808,0.115209,0.999863,0.110118
ENSDARG00000060073_17_2,-3.8000,-3.9607,0.375000,0.413638,0.530561,-24.1000,-26.1542,0.250000,0.366101,0.404648,0.985352,0.316072,0.986147,0.289794,0.986364,0.211098,0.987324,0.283407,0.031884,0.216440,0.013139,0.222097,0.020928,0.065086,0.996640,0.254729,0.161497,0.886056,0.136148,0.726905,0.997946,0.777219,0.998750,0.915254,0.994395,0.924302,0.987565,0.407168,0.989198,0.431177,0.116055,0.685735,0.179280,0.256440,0.009792,0.051164,0.004522,0.082979,0.028298,0.089846
ENSDARG00000060073_17_3,-1.1000,-1.3954,0.875000,0.880472,0.739610,-24.5000,-26.0244,0.625000,0.502581,0.462809,0.271955,0.837806,0.241649,0.778677,0.165404,0.980956,0.988111,0.292466,0.937168,0.199556,0.974754,0.136037,0.981938,0.147898,0.999354,0.426053,0.987140,0.972286,0.875197,0.278124,0.206860,0.143863,0.118900,0.041811,0.261270,0.073926,0.977807,0.789087,0.998105,0.650098,0.991265,0.471703,0.959720,0.994561,0.942250,0.993819,0.943335,0.035581,0.970026,0.011872
ENSDARG00000060073_17_4,-3.9000,-4.2359,0.375000,0.432235,0.510059,-25.8000,-27.2864,0.625000,0.426976,0.446426,0.871427,0.025855,0.874041,0.014856,0.999590,0.023087,0.880776,0.029445,0.882949,0.987071,0.036123,0.800326,0.135705,0.807217,0.136817,0.820563,0.133872,0.793997,0.030857,0.804576,0.886519,0.220929,0.874619,0.184794,0.984508,0.181335,0.930159,0.359604,0.614559,0.298364,0.086412,0.468962,0.259436,0.307526,0.270897,0.376388,0.139918,0.605852,0.171989,0.817780
ENSDARG00000060073_17_5,-3.0000,-3.3969,1.000000,0.821291,0.637702,-27.7000,-28.4908,0.125000,0.153305,0.310784,0.043491,0.016007,0.041814,0.014208,0.053681,0.028752,0.746782,0.997946,0.983899,0.998583,0.965637,0.993792,0.271185,0.023307,0.278585,0.012858,0.295192,0.016081,0.999462,0.935686,0.914361,0.949012,0.589623,0.003001,0.617283,0.000433,0.950265,0.001045,0.744260,0.004258,0.720002,0.123730,0.932190,0.028850,0.856559,0.042218,0.861274,0.970562,0.888496,0.055346
ENSDARG00000060073_17_6,-2.5000,-2.5628,0.875000,0.876890,0.613444,-26.4000,-28.0592,0.250000,0.306596,0.419347,0.049944,0.941525,0.039103,0.931735,0.022165,0.990096,0.045272,0.212076,0.993422,0.095951,0.996161,0.121791,0.996181,0.605427,0.996147,0.308175,0.977399,0.722316,0.056374,0.008837,0.044018,0.002332,0.037569,0.993908,0.048048,0.003115,0.989181,0.003684,0.993398,0.001706,0.994305,0.019219,0.998670,0.993793,0.992722,0.351717,0.999316,0.999630,0.999481,0.079905
ENSDARG00000060073_17_7,-3.8000,-4.0428,0.375000,0.404038,0.522097,-24.1000,-25.4886,0.625000,0.581608,0.381774,0.213076,0.017153,0.097084,0.006638,0.971212,0.008556,0.022690,0.010625,0.015424,0.056035,0.093552,0.467745,0.808377,0.014836,0.999883,0.999065,0.995332,0.791680,0.994922,0.253842,0.998395,0.238845,0.999677,0.117587,0.314464,0.911338,0.045832,0.628576,0.014612,0.565114,0.780747,0.570824,0.026397,0.465673,0.105106,0.458899,0.971086,0.999543,0.974065,0.052900
ENSDARG00000060073_17_8,-1.0000,-1.6228,0.375000,0.547953,0.628587,-19.7000,-22.4393,0.625000,0.470806,0.377473,0.990407,0.130954,0.327597,0.059068,0.309975,0.081828,0.987702,0.098507,0.984574,0.671587,0.992059,0.480659,0.151339,0.157280,0.125782,0.189848,0.399772,0.699344,0.986542,0.691884,0.968597,0.284419,0.963781,0.237645,0.554640,0.255806,0.366760,0.860754,0.359751,0.595110,0.982874,0.596192,0.967534,0.598095,0.789389,0.445735,0.172636,0.215191,0.190036,0.199563
ENSDARG00000060073_17_9,0.0000,-0.3913,1.000000,0.917523,0.856317,-26.5000,-27.3653,0.875000,0.783355,0.376707,0.958608,0.015109,0.961650,0.004721,0.661726,0.003919,0.610175,0.006525,0.604825,0.123536,0.835065,0.103763,0.977519,0.001105,0.974987,0.002260,0.968089,0.997647,0.711850,0.004683,0.727550,0.001625,0.794113,0.002414,0.998408,0.005002,0.832144,0.996894,0.826809,0.691056,0.832080,0.657103,0.856072,0.932957,0.996908,0.994481,0.998652,0.996053,0.999107,0.993292
ENSDARG00000060073_17_10,-4.9000,-4.9672,1.000000,0.997399,0.609721,-23.3000,-25.7288,0.375000,0.243665,0.298311,0.008295,0.145403,0.004765,0.047292,0.005139,0.173196,0.098088,0.479094,0.999996,0.866473,0.999998,0.567972,0.995656,0.557546,0.995141,0.997902,0.094294,0.174768,0.000831,0.001872,0.004832,0.002193,0.008204,0.003193,0.998489,0.160183,0.999764,0.193958,1.000000,0.186469,0.995677,0.177449,0.995665,0.083745,0.995463,0.168050,0.995060,0.198117,0.999070,0.781351
ENSDARG00000060697_9_1,-1.7000,-1.8397,1.000000,0.953441,0.718584,-21.0000,-22.5494,0.625000,0.633048,0.579594,0.174272,0.754821,0.191347,0.735915,0.190696,0.867308,0.999967,0.970745,0.999921,0.845631,0.999550,0.843097,0.999995,0.233905,0.973348,0.149805,0.989778,0.142173,0.076473,0.020288,0.071166,0.835083,0.077640,0.128731,0.999963,0.289420,0.997700,0.141654,0.998168,0.834227,0.990482,0.277847,0.999977,0.919017,0.878207,0.826938,0.880071,0.903969,0.882957,0.871315
ENSDARG00000060697_9_2,-1.6000,-2.2561,0.375000,0.485919,0.513105,-23.1000,-25.4457,0.375000,0.366126,0.409753,0.463458,0.882077,0.261202,0.306597,0.861436,0.386788,0.096366,0.119252,0.119320,0.119601,0.224785,0.219317,0.324658,0.396013,0.824400,0.822076,0.867800,0.566922,0.956825,0.569773,0.958295,0.468898,0.416211,0.408729,0.136371,0.169527,0.123903,0.074662,0.131839,0.088245,0.864182,0.845171,0.210831,0.239041,0.443458,0.179783,0.999476,0.452097,0.977289,0.880484
ENSDARG00000060697_9_3,0.0000,-0.2283,1.000000,0.900175,0.890700,-21.2000,-22.3552,0.500000,0.486313,0.526218,0.998334,0.959104,0.764108,0.173072,0.719698,0.124506,0.708950,0.117477,0.749019,0.122004,0.993056,0.127893,0.986880,0.395957,0.991467,0.972404,0.998615,0.893007,0.997533,0.939119,0.977855,0.922706,0.727071,0.886602,0.737616,0.654627,0.724377,0.215813,0.746598,0.084149,0.999804,0.073628,0.995983,0.098619,0.999290,0.885011,0.998760,0.997169,0.998976,0.881489
ENSDARG00000060697_9_5,-1.1000,-1.2867,0.625000,0.688406,0.749966,-21.7000,-23.0155,0.375000,0.421641,0.524184,0.242234,0.729677,0.155884,0.733279,0.156636,0.734241,0.997892,0.740980,0.996698,0.766669,0.994993,0.934290,0.992040,0.815917,0.995488,0.274082,0.997031,0.180559,0.999019,0.177352,0.983930,0.162756,0.980219,0.860743,0.995716,0.817278,0.989842,0.392568,0.998448,0.325258,0.155055,0.062817,0.157780,0.061465,0.240193,0.078672,0.976788,0.757185,0.993427,0.877882
ENSDARG00000060697_9_6,0.0000,-0.8551,1.000000,0.693529,0.732893,-19.6000,-21.7702,0.375000,0.407166,0.611698,0.515630,0.846954,0.893901,0.791153,0.943392,0.832506,0.412267,0.833864,0.447284,0.919740,0.968498,0.906689,0.429895,0.806554,0.768485,0.973692,0.998678,0.720209,0.997479,0.697847,0.999084,0.266993,0.735029,0.380440,0.568487,0.319983,0.736275,0.025314,0.483838,0.106445,0.503200,0.635099,0.994179,0.990862,0.955279,0.976084,0.419329,0.140993,0.887643,0.062546
ENSDARG00000060697_9_7,0.0000,-0.6823,1.000000,0.924753,0.841866,-22.8000,-23.6520,0.875000,0.804296,0.411265,0.887741,0.990859,0.542178,0.027967,0.606263,0.011864,0.598547,0.007860,0.999165,0.008240,0.999646,0.008317,0.896761,0.015944,0.970767,0.300650,0.841452,0.202224,0.900114,0.172156,0.633021,0.040142,0.563649,0.004708,0.605657,0.021158,0.982648,0.860253,0.999938,0.962439,0.999408,0.853615,0.912598,0.808729,0.899591,0.981498,0.998670,0.979522,0.999515,0.967157
ENSDARG00000060697_9_8,-3.3000,-4.0163,0.625000,0.506561,0.544216,-26.1000,-27.3387,0.500000,0.574652,0.344938,0.968568,0.998782,0.703417,0.991502,0.999294,0.168946,0.370482,0.028623,0.046196,0.008958,0.025111,0.009948,0.037362,0.006882,0.644764,0.004091,0.647308,0.024008,0.999843,0.026811,0.999305,0.017346,0.390185,0.015640,0.366084,0.021872,0.357917,0.020829,0.008407,0.601694,0.335779,0.536048,0.647985,0.997567,0.658672,0.998977,0.677742,0.672313,0.999903,0.747912
ENSDARG00000060697_9_9,-1.0000,-2.3748,0.875000,0.434348,0.498523,-25.0000,-26.8155,0.125000,0.145588,0.389664,0.640504,0.885127,0.361179,0.681693,0.066951,0.350259,0.081483,0.407796,0.475486,0.512775,0.400252,0.770331,0.450744,0.977666,0.510313,0.446261,0.885246,0.335112,0.842627,0.283274,0.845792,0.926507,0.935100,0.051771,0.803129,0.014668,0.453270,0.028347,0.248738,0.048590,0.255717,0.994912,0.495103,0.072267,0.246308,0.002140,0.299943,0.001346,0.672577,0.002430
ENSDARG00000060697_9_10,-5.6000,-5.6568,0.250000,0.254376,0.403092,-23.3000,-24.6322,0.875000,0.513480,0.399532,0.996857,0.130480,0.971161,0.122413,0.993650,0.213813,0.002452,0.478464,0.001731,0.367112,0.003746,0.526141,0.004787,0.522791,0.006615,0.023969,0.049661,0.037635,0.999838,0.484936,0.998391,0.482516,0.997951,0.492532,0.047907,0.526200,0.005511,0.492837,0.005149,0.490520,0.003970,0.492557,0.001994,0.481106,0.003881,0.482280,0.999999,0.998077,0.966593,0.144266
ENSDARG00000060785_7_1,-0.7000,-1.3555,0.500000,0.662797,0.748132,-23.2000,-24.9321,0.250000,0.299508,0.386886,0.860457,0.837241,0.929710,0.814669,0.969208,0.851465,0.998365,0.812998,0.784875,0.166195,0.789284,0.100567,0.813640,0.148408,0.734328,0.182931,0.925390,0.219729,0.902467,0.260637,0.477256,0.748623,0.475283,0.198190,0.484702,0.221750,0.908337,0.863388,0.854791,0.558398,0.940486,0.226630,0.823733,0.218187,0.407412,0.052773,0.327319,0.039735,0.555598,0.215206
ENSDARG00000060785_7_3,-2.4000,-2.7998,0.500000,0.502317,0.601152,-20.3000,-21.8005,0.625000,0.581602,0.568584,0.997360,0.597885,0.994740,0.538354,0.996560,0.748039,0.999720,0.892086,0.257096,0.710811,0.018639,0.462010,0.018490,0.697450,0.019114,0.062048,0.999098,0.355494,0.706957,0.891797,0.996848,0.368391,0.999892,0.394508,0.999921,0.990379,0.999958,0.981450,0.808682,0.925764,0.897899,0.265458,0.018376,0.010784,0.017423,0.015384,0.018814,0.722167,0.257462,0.741430
ENSDARG00000060785_7_4,-4.1000,-4.4482,0.500000,0.449049,0.558026,-23.4000,-24.7178,0.375000,0.379480,0.475087,0.004281,0.542236,0.000908,0.524206,0.001266,0.615831,0.005575,0.664042,0.997378,0.971568,0.576416,0.042845,0.995338,0.029686,0.999630,0.028547,0.999309,0.114216,0.998311,0.993161,0.989746,0.996077,0.999961,0.943470,0.581079,0.938129,0.999349,0.048416,0.005281,0.021058,0.001344,0.992642,0.001018,0.000837,0.004399,0.000715,0.999939,0.035190,0.999986,0.998857
ENSDARG00000060785_7_5,-2.5000,-3.0438,0.375000,0.429337,0.519238,-24.9000,-26.4125,0.500000,0.679181,0.489143,0.547479,0.022323,0.061839,0.002108,0.068408,0.002516,0.770128,0.002138,0.996809,0.006551,0.245907,0.034923,0.243903,0.034676,0.264691,0.933798,0.999576,0.672341,0.985772,0.960205,0.991167,0.843628,0.774379,0.834201,0.778964,0.850183,0.044504,0.893517,0.113410,0.523733,0.220081,0.410434,0.977640,0.411611,0.742206,0.613450,0.268846,0.862580,0.289045,0.867939
ENSDARG00000060785_7_6,0.0000,-0.6360,1.000000,0.973458,0.866300,-20.1000,-21.8923,1.000000,0.804668,0.562452,0.430981,0.028817,0.436983,0.013802,0.999599,0.551844,0.948087,0.412362,0.946520,0.430307,0.953261,0.096701,0.796724,0.169008,0.439779,0.092528,0.618835,0.811466,0.993313,0.950741,0.988001,0.655179,0.986251,0.598931,0.993920,0.702756,0.953968,0.755324,0.948085,0.937026,0.926348,0.787642,0.992388,0.881539,0.985233,0.766653,0.991974,0.802960,0.995747,0.803446
ENSDARG00000060785_7_7,0.0000,-0.6371,1.000000,0.807490,0.819235,-23.3000,-24.2972,0.375000,0.417711,0.435246,0.890508,0.912654,0.694553,0.903662,0.364627,0.958399,0.371583,0.133779,0.999607,0.004942,0.998712,0.004048,0.873826,0.004240,0.999942,0.064882,0.998684,0.301831,0.901748,0.966040,0.899878,0.137461,0.931114,0.971288,0.930631,0.081250,0.981754,0.109624,0.893818,0.955195,0.956225,0.978192,0.865010,0.144053,0.563052,0.076346,0.687115,0.914640,0.582316,0.082386
ENSDARG00000060785_7_8,-1.0000,-1.4084,0.750000,0.745372,0.789182,-21.2000,-22.3782,0.625000,0.686438,0.466106,0.897899,0.119315,0.922830,0.060585,0.990035,0.168021,0.998131,0.194959,0.406324,0.091467,0.383167,0.089249,0.998543,0.942185,0.929962,0.765409,0.735609,0.026243,0.789522,0.188739,0.790234,0.276180,0.978413,0.908262,0.410856,0.895169,0.391603,0.893755,0.999964,0.997062,0.999557,0.997282,0.999117,0.995761,0.813473,0.380455,0.664666,0.164260,0.683740,0.167759
ENSDARG00000060785_7_9,-1.2000,-1.6039,0.500000,0.531197,0.625201,-23.1000,-24.3284,0.375000,0.428610,0.461982,0.825678,0.971341,0.921898,0.933733,0.958991,0.149411,0.957036,0.220274,0.218204,0.969033,0.147207,0.430609,0.124605,0.103249,0.119211,0.960870,0.982571,0.041335,0.999386,0.982293,0.999675,0.024116,0.999982,0.024502,0.080894,0.009365,0.081954,0.038780,0.106922,0.981178,0.208933,0.981615,0.999930,0.977578,0.998946,0.163773,0.998690,0.139826,0.773306,0.136763
ENSDARG00000060785_7_10,-1.3000,-1.9153,0.750000,0.758015,0.678521,-22.5000,-24.2303,0.625000,0.602295,0.475337,0.762950,0.585339,0.548867,0.556802,0.520385,0.291991,0.521953,0.054006,0.626234,0.077056,0.675394,0.794862,0.527660,0.066770,0.588575,0.081370,0.887854,0.150884,0.667197,0.172760,0.631820,0.935677,0.547405,0.920857,0.704902,0.979501,0.683852,0.977218,0.464059,0.010650,0.425621,0.007090,0.850883,0.033429,0.967400,0.987318,0.973416,0.893417,0.993984,0.929737
ENSDARG00000060862_1_1,-3.4000,-3.6700,0.375000,0.388378,0.436972,-23.6000,-25.4922,0.375000,0.461175,0.437696,0.073063,0.279652,0.937583,0.037206,0.032037,0.009981,0.024392,0.005698,0.031225,0.055304,0.070922,0.587883,0.265862,0.816829,0.990947,0.550073,0.991112,0.535910,0.978608,0.652542,0.976282,0.645054,0.260373,0.888382,0.069167,0.861909,0.029083,0.624980,0.020809,0.500087,0.018425,0.487705,0.978383,0.376187,0.047590,0.122047,0.943905,0.161942,0.999664,0.554546
ENSDARG00000060862_1_2,-0.2000,-0.8314,0.750000,0.768182,0.717007,-32.1000,-32.9525,0.500000,0.502797,0.338145,0.436014,0.908157,0.789562,0.923306,0.406193,0.178057,0.998562,0.001035,0.520658,0.000717,0.487300,0.001761,0.983355,0.001308,0.888106,0.000824,0.884733,0.001758,0.876356,0.000230,0.416054,0.003077,0.507802,0.720299,0.962648,0.995161,0.591894,0.105410,0.816461,0.000472,0.289565,0.000511,0.702056,0.028691,0.891049,0.999319,0.892426,0.932028,0.999356,0.960785
ENSDARG00000060862_1_3,0.0000,-0.7187,1.000000,0.835640,0.832190,-25.6000,-27.1973,0.875000,0.788361,0.421131,0.744708,0.166133,0.790740,0.153487,0.673670,0.178136,0.897362,0.305953,0.867621,0.010140,0.944621,0.010295,0.971984,0.010749,0.885366,0.021327,0.887582,0.435804,0.794498,0.569508,0.766009,0.143790,0.734514,0.110401,0.576718,0.120179,0.979474,0.987294,0.863985,0.706343,0.931922,0.881962,0.779271,0.876658,0.665742,0.763246,0.913670,0.997835,0.974336,0.973374
ENSDARG00000060862_1_5,-2.4000,-2.6744,0.500000,0.549501,0.628954,-23.2000,-24.7358,0.500000,0.467210,0.572960,0.941549,0.876452,0.869182,0.863630,0.913879,0.811091,0.988168,0.810114,0.148831,0.808618,0.076408,0.816346,0.069335,0.942559,0.284359,0.885171,0.957457,0.840732,0.957061,0.057345,0.997478,0.004876,0.979370,0.004586,0.981894,0.235498,0.999861,0.833918,0.272332,0.532917,0.068719,0.913328,0.095527,0.209817,0.083441,0.011842,0.894238,0.009151,0.999991,0.991209
ENSDARG00000060862_1_6,0.0000,-0.2208,1.000000,0.948480,0.946670,-21.6000,-23.1382,0.500000,0.698457,0.528882,0.911530,0.017307,0.969360,0.013890,0.974236,0.015307,0.963673,0.131059,0.952584,0.879027,0.941638,0.765715,0.932462,0.992488,0.998893,0.168126,0.883419,0.140141,0.832676,0.136270,0.999385,0.916780,0.985710,0.813877,0.950368,0.782399,0.981145,0.797384,0.966669,0.941145,0.827926,0.928317,0.866309,0.469846,0.999436,0.549250,0.999769,0.567629,0.996215,0.551686
ENSDARG00000060862_1_7,-2.5000,-2.9708,0.375000,0.538563,0.575095,-21.2000,-23.0060,0.375000,0.486330,0.458177,0.997961,0.846923,0.966038,0.596224,0.995002,0.468080,0.353209,0.487337,0.012182,0.690700,0.032958,0.326379,0.678189,0.424295,0.209502,0.767929,0.505297,0.269123,0.998606,0.245848,0.872183,0.105120,0.572272,0.044937,0.037682,0.020447,0.171013,0.927242,0.682069,0.266236,0.481328,0.233719,0.476535,0.892862,0.460022,0.238816,0.999864,0.661163,0.999995,0.650151
ENSDARG00000060862_1_8,0.0000,-0.6381,1.000000,0.731404,0.778525,-24.7000,-26.2571,0.500000,0.578968,0.517697,0.932512,0.928081,0.968975,0.308764,0.903234,0.285212,0.586056,0.895450,0.541729,0.904532,0.407070,0.970202,0.471626,0.314138,0.990078,0.007684,0.999151,0.003692,0.988261,0.005097,0.988755,0.103615,0.941812,0.995727,0.482706,0.316663,0.423041,0.157428,0.935208,0.168950,0.597282,0.842512,0.556012,0.350439,0.973874,0.992800,0.884847,0.834429,0.998264,0.968521
ENSDARG00000061308_30_1,0.0000,-0.1996,1.000000,0.918037,0.931020,-24.4000,-26.4365,0.375000,0.370628,0.403412,0.937108,0.836262,0.942572,0.797691,0.945623,0.409164,0.946363,0.387750,0.991433,0.472849,0.816056,0.422509,0.808978,0.386069,0.986859,0.367938,0.974173,0.322804,0.970471,0.620189,0.975364,0.023746,0.981102,0.056245,0.983467,0.982089,0.762831,0.018602,0.786298,0.030930,0.982401,0.137810,0.956964,0.108990,0.973576,0.757759,0.945998,0.288505,0.952762,0.640340
ENSDARG00000061308_30_2,-2.5000,-2.7013,1.000000,0.965928,0.698583,-18.6000,-20.8998,0.625000,0.687976,0.589319,0.829658,0.737330,0.054042,0.233406,0.055002,0.235120,0.125355,0.489281,0.961886,0.730426,0.965658,0.730701,0.998911,0.765278,1.000000,0.959726,0.124946,0.447367,0.060191,0.098844,0.068596,0.138840,1.000000,0.716256,0.810478,0.561514,0.928357,0.767414,0.999823,0.806928,0.994551,0.610459,0.999970,0.844410,0.994709,0.651760,0.999991,0.672433,0.999544,0.588890
ENSDARG00000061308_30_3,-1.9000,-2.6513,0.875000,0.829244,0.646733,-19.3000,-21.3147,0.500000,0.613863,0.554450,0.739228,0.687127,0.702544,0.551428,0.453395,0.564017,0.129168,0.331551,0.220538,0.438397,0.223838,0.573370,1.000000,0.949906,0.854276,0.463860,0.818923,0.369643,0.815985,0.366486,0.202435,0.357382,0.140382,0.524931,0.455382,0.686418,0.821859,0.796216,0.653069,0.263121,0.999964,0.374205,0.704562,0.284732,0.999128,0.994980,0.999987,0.976616,0.999997,0.534613
ENSDARG00000061308_30_4,-1.7000,-2.4544,0.875000,0.838566,0.674526,-18.1000,-20.8688,0.875000,0.670705,0.571338,0.684853,0.542029,0.516639,0.384281,0.784952,0.689656,0.291602,0.389185,0.229549,0.312699,0.238615,0.322377,0.999618,0.901781,0.939431,0.666534,0.931490,0.705685,1.000000,0.844725,0.083610,0.157572,0.081626,0.144596,0.153148,0.218460,1.000000,0.830314,0.590632,0.743319,1.000000,0.983958,0.999983,0.986154,0.965218,0.438326,0.999971,0.591178,0.999575,0.573932
ENSDARG00000061308_30_5,-1.0000,-1.7737,0.500000,0.654965,0.679355,-27.6000,-29.3580,0.125000,0.162520,0.437304,0.870522,0.779739,0.857787,0.748668,0.828244,0.610521,0.804181,0.534933,0.535619,0.353210,0.635560,0.378679,0.534508,0.351239,0.950380,0.692407,0.490898,0.787322,0.633152,0.675796,0.552257,0.773844,0.654277,0.759558,0.983661,0.352731,0.909623,0.911881,0.646669,0.014710,0.678438,0.004412,0.309944,0.004945,0.190798,0.000434,0.542572,0.001505,0.978018,0.009545
ENSDARG00000061308_30_6,-0.3000,-1.2031,0.625000,0.741549,0.734957,-31.5000,-31.9014,0.125000,0.134077,0.309110,0.616096,0.052870,0.844358,0.041234,0.518867,0.021461,0.550295,0.019663,0.983094,0.032949,0.729239,0.065095,0.997966,0.991715,0.989220,0.991374,0.896501,0.994979,0.619727,0.941270,0.549141,0.934007,0.472240,0.022971,0.967251,0.019958,0.629558,0.020428,0.668085,0.014492,0.972399,0.000060,0.356091,0.000352,0.658058,0.999999,0.704299,0.014788,0.976653,0.002542
ENSDARG00000061308_30_7,-2.3000,-2.7704,0.500000,0.524894,0.608756,-21.6000,-23.6725,0.500000,0.665961,0.454807,0.947401,0.774224,0.993198,0.379773,0.972647,0.785435,0.972775,0.203031,0.998625,0.182172,0.552185,0.110592,0.565666,0.200560,0.567710,0.205126,0.047704,0.177997,0.435954,0.206436,0.472886,0.294336,0.449211,0.248765,0.995630,0.681290,0.998679,0.884679,0.980937,0.954252,0.999246,0.930603,0.041941,0.518159,0.041961,0.419330,0.049951,0.464591,0.090808,0.474782
ENSDARG00000061308_30_8,0.0000,-0.7249,1.000000,0.858003,0.811359,-22.8000,-23.8072,0.750000,0.735764,0.535152,0.826547,0.787435,0.707920,0.765981,0.688856,0.994192,0.983144,0.112434,0.959312,0.009226,0.990505,0.005046,0.710866,0.003438,0.611248,0.985995,0.978054,0.062215,0.527300,0.057297,0.674355,0.993525,0.705054,0.040132,0.996174,0.034618,0.972869,0.035085,1.000000,0.980996,0.965789,0.976317,0.709352,0.992155,0.621823,0.894655,0.611374,0.984228,0.986645,0.988060
ENSDARG00000061308_30_9,-2.7000,-3.1079,0.500000,0.463735,0.566307,-19.8000,-22.0521,0.625000,0.549726,0.568416,0.978359,0.669334,0.974957,0.609661,0.046439,0.379432,0.034368,0.433288,0.036449,0.501594,0.149588,0.556127,0.996686,0.743526,0.668002,0.476067,0.780985,0.755635,0.999349,0.737816,0.974871,0.517334,0.976201,0.590700,0.757401,0.418846,0.666256,0.545478,0.996004,0.795284,1.000000,0.881215,0.148205,0.511176,0.034253,0.507509,0.033857,0.397274,0.073908,0.341027
ENSDARG00000061308_30_10,-5.5000,-5.5146,0.500000,0.501018,0.599708,-22.6000,-24.1300,0.250000,0.163351,0.465278,0.006709,0.081047,0.000267,0.075803,0.001092,0.079158,0.001007,0.084523,0.989315,0.974066,0.999557,0.984606,0.999328,0.984146,0.999792,0.990879,1.000000,0.928084,0.999990,0.915123,0.989449,0.904865,0.999520,0.996455,0.000366,0.001035,0.000919,0.002016,0.003463,0.002071,0.010098,0.096659,0.994678,0.326943,0.998627,0.071118,0.999998,0.404014,0.999993,0.402952
ENSDARG00000061685_0_1,0.0000,-0.5577,1.000000,0.836376,0.857809,-24.7000,-25.4627,0.750000,0.730879,0.461658,0.973925,0.065916,0.995965,0.051290,0.978451,0.054410,0.955245,0.138343,0.521566,0.979818,0.613948,0.033935,0.515143,0.003827,0.998916,0.008008,0.997862,0.005895,0.979313,0.072630,0.997678,0.978273,0.937150,0.993781,0.998268,0.134368,0.926914,0.114218,0.998697,0.997094,0.997994,0.999017,0.997017,0.957654,0.563210,0.959768,0.562926,0.744107,0.645983,0.940806
ENSDARG00000061685_0_2,-0.7000,-1.6408,0.750000,0.647572,0.661432,-23.9000,-25.4559,0.625000,0.614863,0.547097,0.524833,0.849342,0.504789,0.823395,0.599059,0.898233,0.854329,0.958187,0.633478,0.460117,0.519097,0.003791,0.584094,0.002673,0.506017,0.003758,0.892597,0.997621,0.938054,0.999544,0.890732,0.019168,0.600975,0.007214,0.272195,0.020305,0.102876,0.005801,0.472365,0.121189,0.750464,0.980802,0.825984,0.867250,0.918487,0.931835,0.854029,0.996926,0.984176,0.994799
ENSDARG00000061685_0_3,-3.8000,-4.0695,0.625000,0.565753,0.639415,-27.6000,-29.3233,0.500000,0.505521,0.341752,0.752769,0.569989,0.750240,0.596431,0.775744,0.117595,0.709905,0.013447,0.869572,0.001271,0.151001,0.002357,0.154536,0.001742,0.231545,0.100080,0.999554,0.709431,0.998998,0.641015,0.998190,0.035877,0.870222,0.001632,0.870997,0.003137,0.820832,0.002074,0.820276,0.005423,0.773141,0.039426,0.030517,0.999006,0.063809,0.997799,0.241698,0.998653,0.904758,0.998647
ENSDARG00000061685_0_4,-4.5000,-4.8083,0.500000,0.548893,0.544434,-23.9000,-25.9301,0.500000,0.499870,0.411693,0.068277,0.233135,0.052518,0.125866,0.967086,0.814398,0.990434,0.750807,0.997445,0.631791,0.999974,0.856784,0.063049,0.289820,0.063146,0.372935,0.992210,0.143215,0.966975,0.010033,0.317522,0.004012,0.018902,0.002101,0.033895,0.002989,0.996398,0.999419,0.998086,0.999763,0.998491,0.996650,0.968596,0.996351,0.021040,0.000522,0.028506,0.001034,0.346136,0.002235
ENSDARG00000061685_0_5,-6.8000,-6.8366,0.375000,0.377585,0.499985,-27.6000,-29.0362,0.250000,0.272520,0.393100,0.999035,0.740419,0.990936,0.732260,0.991060,0.764212,0.985432,0.779773,0.979213,0.886343,0.006519,0.747970,0.000376,0.741054,0.011173,0.258128,0.010813,0.019074,0.025140,0.003120,0.989828,0.004056,0.989497,0.005437,0.989712,0.995063,0.024824,0.018098,0.001451,0.000627,0.002664,0.001561,0.010762,0.005739,0.017276,0.008391,1.000000,0.999662,0.973988,0.151014
ENSDARG00000061685_0_6,-2.3000,-2.5212,0.500000,0.527259,0.626514,-28.5000,-30.3195,0.125000,0.140273,0.429879,0.974007,0.978743,0.965176,0.797501,0.966548,0.816418,0.999912,0.994323,0.999844,0.961363,0.998415,0.947347,0.244672,0.565048,0.075309,0.473422,0.108607,0.932961,0.949198,0.007425,0.078480,0.000133,0.952033,0.000705,0.917639,0.000102,0.964484,0.004902,0.999978,0.023537,0.125264,0.938639,0.952955,0.063059,0.026660,0.012341,0.021798,0.063229,0.209291,0.016372
ENSDARG00000061685_0_7,-1.1000,-1.8079,0.500000,0.615006,0.631429,-32.2000,-33.1356,0.750000,0.775986,0.362988,0.443743,0.992095,0.853571,0.024549,0.683033,0.007703,0.131145,0.002397,0.992077,0.004462,0.411238,0.001188,0.213910,0.000053,0.604002,0.000044,0.999022,0.000015,0.881174,0.000273,0.852997,0.000164,0.642611,0.018940,0.400646,0.075947,0.232848,0.665320,0.807207,0.530126,0.449240,0.996906,0.999271,0.998052,0.795503,0.996629,0.240774,0.960036,0.994558,0.984869
ENSDARG00000061685_0_8,-0.5000,-1.0929,0.750000,0.752622,0.759545,-25.4000,-26.4077,0.625000,0.616553,0.416351,0.603220,0.022111,0.559155,0.011795,0.448723,0.010311,0.742876,0.016469,0.986145,0.048304,0.658487,0.997993,0.646892,0.008386,0.991704,0.000600,0.992752,0.131657,0.986601,0.343626,0.997050,0.976820,0.556312,0.826524,0.180357,0.641325,0.247579,0.620544,0.997229,0.174403,0.751395,0.383690,0.903354,0.980908,0.976406,0.983583,0.983863,0.982404,0.980791,0.165569
ENSDARG00000061685_0_9,-1.9000,-2.3106,0.375000,0.526272,0.580219,-23.7000,-25.1840,0.625000,0.555994,0.364826,0.278574,0.930394,0.043393,0.165784,0.025266,0.036727,0.228457,0.101869,0.231091,0.115643,0.997618,0.105315,0.998937,0.102617,0.999954,0.103614,0.998530,0.100522,0.998305,0.103867,0.794719,0.069759,0.799350,0.912459,0.800853,0.057761,0.999281,0.119185,0.233814,0.015302,0.228172,0.836883,0.226768,0.775136,0.245341,0.887654,0.476481,0.877135,0.999467,0.878895
ENSDARG00000061685_0_10,-2.7000,-2.8815,0.500000,0.531745,0.624917,-30.0000,-31.2095,0.375000,0.336049,0.240543,0.991025,0.259945,0.971915,0.020452,0.973439,0.019305,0.974113,0.006701,0.975405,0.002301,0.998357,0.009219,0.993396,0.175005,0.994179,0.362438,0.246191,0.108346,0.043030,0.097082,0.041271,0.852232,0.042050,0.209452,0.997470,0.812554,0.973564,0.042191,0.972964,0.003231,0.969547,0.000084,0.013982,0.000554,0.041212,0.999996,0.035825,0.795352,0.249399,0.034429
ENSDARG00000061976_0_1,-0.6000,-1.1707,1.000000,0.957841,0.796629,-20.7000,-22.5018,0.250000,0.309106,0.413601,0.327405,0.235616,0.332161,0.220144,0.749829,0.324340,0.999082,0.901129,0.974853,0.989681,0.826732,0.508438,0.589745,0.306651,0.672472,0.361931,0.749498,0.695830,0.999893,0.883937,0.522256,0.194998,0.525921,0.176488,0.977550,0.364691,0.958318,0.187647,0.944871,0.763639,0.897999,0.734122,0.912927,0.097976,0.977986,0.091467,0.999990,0.159968,0.993088,0.073335
ENSDARG00000061976_0_2,0.0000,-0.1750,1.000000,0.917600,0.925657,-26.6000,-27.6877,0.125000,0.299461,0.399637,0.993618,0.991334,0.954449,0.635931,0.952146,0.637335,0.913456,0.650333,0.919523,0.630904,0.909838,0.633630,0.993609,0.615089,0.881469,0.011371,0.872719,0.006777,0.869068,0.037156,0.993047,0.374228,0.919390,0.372965,0.921607,0.082399,0.950145,0.010468,0.842658,0.012856,0.815568,0.185986,0.827029,0.232747,0.988908,0.515017,0.997101,0.520048,0.997785,0.836168
ENSDARG00000061976_0_4,0.0000,-0.8878,1.000000,0.723001,0.775289,-25.6000,-27.2713,0.625000,0.633713,0.429204,0.978851,0.973899,0.997338,0.214755,0.992826,0.201350,0.999535,0.510481,0.697176,0.504690,0.503426,0.582514,0.426585,0.025820,0.249134,0.004780,0.896412,0.002101,0.987571,0.001080,0.999599,0.127217,0.993325,0.365684,0.992618,0.529472,0.982147,0.034853,0.418280,0.464813,0.309833,0.061160,0.492433,0.995489,0.733725,0.995651,0.896952,0.991336,0.958022,0.996930
ENSDARG00000061976_0_7,-8.1000,-8.1954,0.250000,0.266544,0.413235,-25.2000,-26.6949,0.250000,0.256680,0.408582,0.120716,0.018401,0.014210,0.009446,0.000201,0.010903,0.000012,0.011355,0.000046,0.051696,0.010920,0.061586,0.996296,0.984970,0.991072,0.982219,0.998887,0.991257,0.999992,0.999645,0.999998,0.999248,0.999999,0.997482,0.986350,0.983020,1.000000,0.998230,0.010815,0.019947,0.000047,0.000956,0.000012,0.004061,0.000101,0.000135,0.015318,0.006137,0.119706,0.040953
ENSDARG00000061976_0_8,-3.4000,-3.7780,0.500000,0.603101,0.604565,-28.0000,-29.6280,0.125000,0.218000,0.294542,0.826783,0.323726,0.786941,0.029546,0.730430,0.009845,0.101312,0.003442,0.148408,0.004316,0.127349,0.987651,0.966549,0.028881,0.371617,0.019754,0.917527,0.030687,0.771515,0.727709,0.770355,0.993964,0.747700,0.987318,0.244627,0.989784,0.972571,0.277173,0.226957,0.005885,0.225431,0.003250,0.231944,0.000750,0.973397,0.003944,0.949897,0.026153,0.999985,0.437064
ENSDARG00000061976_0_9,-2.7000,-2.7448,0.750000,0.743545,0.703982,-22.8000,-24.2306,0.375000,0.400538,0.459813,0.055176,0.292392,0.051649,0.265804,0.057139,0.314878,0.994063,0.817698,0.987829,0.593000,0.988116,0.522089,0.998291,0.514676,0.980845,0.509093,0.981124,0.957739,0.980927,0.602686,0.998209,0.536355,0.057918,0.065537,0.034428,0.044147,0.038949,0.201435,0.980699,0.624448,0.977239,0.424223,0.976866,0.413467,0.996379,0.424957,0.968552,0.570762,0.975245,0.500868
ENSDARG00000062646_0_1,-0.1000,-1.0817,0.750000,0.793879,0.740629,-23.0000,-25.1660,0.750000,0.464693,0.375335,0.654615,0.602933,0.607103,0.587201,0.568335,0.303135,0.565190,0.058651,0.789714,0.072781,0.772245,0.702355,0.685044,0.061683,0.699886,0.112177,0.958260,0.139284,0.989309,0.260079,0.725567,0.825992,0.446274,0.062894,0.429029,0.042272,0.539096,0.063126,0.787828,0.668916,0.830996,0.566783,0.889728,0.736932,0.917501,0.447219,0.965372,0.454395,0.991482,0.737902
ENSDARG00000062646_0_2,-5.6000,-5.6909,0.750000,0.738853,0.604363,-23.1000,-24.4000,0.375000,0.434259,0.479267,0.002125,0.014523,0.000149,0.002817,0.000527,0.006622,0.133185,0.116857,0.936261,0.956327,0.999960,0.995118,0.981077,0.980473,0.992131,0.980673,0.999951,0.999788,0.999207,0.986436,0.094313,0.063907,0.037550,0.007726,0.032134,0.010968,0.036306,0.023477,0.966320,0.322895,0.992132,0.729039,0.966413,0.166929,0.961782,0.366472,0.961213,0.904582,0.994521,0.949712
ENSDARG00000062646_0_4,-2.0000,-2.0597,1.000000,0.998334,0.715226,-23.2000,-24.7841,0.250000,0.382965,0.434714,0.041151,0.199095,0.039980,0.219472,0.081924,0.220012,0.999294,0.896887,0.999396,0.876887,0.999988,0.822588,0.999837,0.856599,0.996294,0.681469,0.086431,0.073959,0.039378,0.114987,0.039312,0.212963,0.994871,0.455643,0.999352,0.947713,0.998897,0.184819,0.999677,0.188854,0.999958,0.209623,0.997699,0.361381,0.999309,0.996182,0.993950,0.116901,0.997827,0.058250
ENSDARG00000062646_0_5,-0.9000,-1.4523,0.250000,0.421457,0.535482,-24.5000,-25.3407,0.125000,0.204643,0.329321,0.450311,0.001931,0.267652,0.000303,0.297481,0.000591,0.999366,0.001568,0.237557,0.022506,0.182333,0.006779,0.158151,0.021948,0.833126,0.967309,0.959033,0.964995,0.969089,0.971054,0.994680,0.996861,0.989205,0.993420,0.860605,0.992569,0.921155,0.257827,0.247878,0.104993,0.195343,0.069652,0.192601,0.054948,0.240295,0.073334,0.223572,0.061360,0.490206,0.022464
ENSDARG00000062646_0_6,-2.8000,-3.0393,0.625000,0.604854,0.593931,-22.6000,-24.4035,0.125000,0.252982,0.459806,0.787192,0.972016,0.982375,0.728578,0.018366,0.665990,0.016662,0.389102,0.038617,0.395209,0.113023,0.614078,0.993048,0.634947,0.993958,0.561305,0.999456,0.563243,0.995010,0.785188,0.994002,0.365011,0.108075,0.497608,0.036465,0.475901,0.033626,0.479489,0.025771,0.014053,0.979922,0.014974,0.996279,0.010705,0.770772,0.025640,0.996246,0.849590,0.999751,0.153500
ENSDARG00000062646_0_7,-3.7000,-4.3242,0.375000,0.388540,0.420979,-21.6000,-23.3877,0.375000,0.415374,0.571417,0.018864,0.613659,0.008478,0.523284,0.463826,0.796942,0.177204,0.792519,0.105963,0.814139,0.178289,0.833588,0.301764,0.925722,0.968380,0.914792,0.995928,0.667716,0.998196,0.699865,0.996722,0.479689,0.097652,0.043429,0.013835,0.032647,0.011267,0.044572,0.062988,0.782300,0.684257,0.453255,0.019353,0.033429,0.319909,0.073685,0.996719,0.954268,0.999989,0.948834
ENSDARG00000062646_0_8,-2.8000,-4.0344,0.125000,0.279834,0.421442,-24.0000,-25.4156,0.750000,0.806276,0.431111,0.982057,0.040216,0.793413,0.017875,0.405708,0.987305,0.329948,0.060673,0.011407,0.005249,0.042088,0.002412,0.212566,0.002771,0.150393,0.002846,0.331997,0.010914,0.947052,0.983822,0.991542,0.026078,0.991992,0.031857,0.357698,0.295750,0.252130,0.531247,0.048191,0.962866,0.243923,0.987952,0.243343,0.931114,0.362985,0.882344,0.139361,0.884867,0.591039,0.974066
ENSDARG00000062646_0_9,0.0000,-0.2879,1.000000,0.952202,0.944931,-25.2000,-26.6496,0.625000,0.669687,0.450600,0.960228,0.938486,0.922236,0.932223,0.945393,0.234470,0.992928,0.206195,0.981841,0.228681,0.996481,0.484094,0.998758,0.301281,0.905711,0.129907,0.646929,0.001604,0.941681,0.088536,0.990051,0.019537,0.998776,0.089491,0.985284,0.738116,0.900738,0.965608,0.835260,0.238404,0.926264,0.141795,0.984744,0.283827,0.996813,0.996953,0.991398,0.998808,0.997117,0.993983
ENSDARG00000062646_0_10,-0.6000,-1.3644,1.000000,0.636896,0.649590,-24.8000,-26.8365,0.375000,0.276960,0.472560,0.700936,0.568095,0.500564,0.527081,0.756647,0.730536,0.812534,0.521775,0.508914,0.571464,0.551825,0.503816,0.757832,0.394078,0.162182,0.566599,0.218320,0.544747,0.963728,0.840434,0.965422,0.875393,0.997715,0.591493,0.701168,0.417643,0.554591,0.419459,0.996874,0.155459,0.512066,0.173699,0.467946,0.104944,0.730041,0.922246,0.520214,0.016196,0.612271,0.006034
ENSDARG00000062976_8_1,-4.1000,-4.2653,0.375000,0.423384,0.530001,-25.5000,-27.1952,0.250000,0.187529,0.271299,0.991789,0.982543,0.159541,0.080130,0.108365,0.058534,0.007260,0.002561,0.051974,0.002188,0.021753,0.001584,0.960487,0.115673,0.999798,0.969026,0.999628,0.978982,0.999367,0.103712,0.960425,0.096380,0.952560,0.534439,0.068905,0.459935,0.001935,0.000573,0.002928,0.000082,0.945070,0.000579,0.163266,0.000263,0.206454,0.005266,0.998691,0.999487,0.999819,0.034050
ENSDARG00000062976_8_2,-5.6000,-6.0670,0.375000,0.489979,0.402144,-25.1000,-26.4785,0.125000,0.165845,0.439109,0.457385,0.785660,0.456747,0.758600,0.003641,0.746444,0.000846,0.939803,0.000851,0.928614,0.005225,0.404666,0.097304,0.297509,0.999776,0.335677,0.999500,0.734985,0.999659,0.699849,0.097109,0.773880,0.004998,0.049735,0.000730,0.002771,0.000906,0.001747,0.004031,0.001600,0.999940,0.026011,0.468845,0.185691,0.458879,0.089798,0.988782,0.075158,0.997722,0.943985
ENSDARG00000062976_8_3,-1.7000,-1.8980,1.000000,0.967672,0.722940,-25.8000,-26.7733,0.875000,0.855593,0.378099,0.967850,0.191806,0.106786,0.082581,0.101466,0.081675,0.218531,0.083016,0.958209,0.071891,0.973094,0.028383,0.981074,0.022525,0.964219,0.032086,0.228768,0.009197,0.131239,0.003537,0.125621,0.002260,0.960573,0.108275,0.959087,0.904935,0.961832,0.919100,0.993427,0.988717,0.938588,0.986717,0.914927,0.937146,0.985999,0.999792,0.988548,0.999859,0.998966,0.108480
ENSDARG00000062976_8_4,-1.3000,-1.8659,0.250000,0.386767,0.506380,-23.7000,-25.7796,0.375000,0.423615,0.466720,0.986447,0.599922,0.977439,0.459055,0.350069,0.674498,0.124246,0.652861,0.100364,0.921574,0.090363,0.290319,0.096930,0.029399,0.384591,0.029017,0.954979,0.023114,0.998036,0.965026,0.986826,0.416541,0.983164,0.884161,0.983116,0.893575,0.998179,0.047166,0.371284,0.069225,0.065622,0.085434,0.090558,0.996920,0.102322,0.996425,0.122440,0.283468,0.360618,0.016710
ENSDARG00000062976_8_5,-0.8000,-1.5877,0.250000,0.512145,0.594608,-28.7000,-29.6326,0.250000,0.251093,0.511468,0.260541,0.793158,0.129227,0.146395,0.237453,0.140407,0.935751,0.278754,0.991852,0.953294,0.555984,0.961814,0.369958,0.980438,0.492340,0.992649,0.998914,0.988431,0.998636,0.985903,0.918002,0.993114,0.906345,0.006263,0.432312,0.002418,0.383228,0.001091,0.564269,0.000023,0.199730,0.000114,0.191852,0.000170,0.371899,0.011517,0.973775,0.999426,0.980095,0.993983
ENSDARG00000062976_8_6,-2.1000,-2.5630,0.625000,0.569488,0.683637,-25.2000,-26.4115,0.250000,0.317580,0.552002,0.905733,0.797504,0.994517,0.854952,0.917243,0.865237,0.890501,0.859958,0.972347,0.768590,0.999986,0.757506,0.999974,0.911626,0.999933,0.884479,0.991912,0.916953,0.198653,0.750877,0.131038,0.090292,0.114998,0.041419,0.655080,0.082799,0.999258,0.141398,1.000000,0.140629,0.899575,0.948365,0.575749,0.181389,0.139928,0.084440,0.056468,0.088129,0.229845,0.873492
ENSDARG00000062976_8_7,-2.4000,-2.7329,0.500000,0.477325,0.561684,-21.7000,-23.5591,0.125000,0.293393,0.489763,0.049510,0.619377,0.025600,0.546769,0.058281,0.538011,0.846339,0.485126,0.910683,0.663455,0.095443,0.624738,0.805475,0.690222,0.828484,0.864030,0.999569,0.626712,0.990406,0.577630,0.896151,0.437733,0.909141,0.774324,0.800214,0.267098,0.153295,0.077150,0.695683,0.079037,0.999584,0.368163,0.077991,0.294030,0.062838,0.646066,0.049629,0.197982,0.979364,0.417614
ENSDARG00000062976_8_8,-0.7000,-1.5467,1.000000,0.753446,0.697498,-22.6000,-24.3325,0.625000,0.617320,0.470859,0.198449,0.209214,0.176850,0.041399,0.773804,0.061690,0.758840,0.138994,0.961519,0.966412,0.653239,0.102367,0.374476,0.112081,0.682587,0.226014,0.825845,0.477840,0.937004,0.573579,0.805238,0.790854,0.774552,0.778172,0.693982,0.842453,0.776360,0.837363,0.605931,0.421175,0.621373,0.464978,0.935629,0.855572,0.690207,0.580757,0.706484,0.749333,0.997600,0.186927
ENSDARG00000062976_8_9,-6.4000,-6.4441,0.875000,0.864489,0.505287,-24.1000,-25.8987,0.500000,0.457946,0.416414,0.045782,0.379044,0.029423,0.289824,0.028712,0.304290,0.027808,0.264597,0.041554,0.576398,0.999912,0.846761,0.974338,0.481526,0.973055,0.467255,0.016832,0.171953,0.000316,0.003407,0.014912,0.214314,0.037183,0.665343,0.047498,0.389281,0.994089,0.642852,0.999068,0.479547,0.986940,0.659745,0.970660,0.084675,0.971035,0.214967,0.972548,0.596954,0.974078,0.595544
ENSDARG00000062976_8_10,0.0000,-0.2074,1.000000,0.950595,0.929099,-16.7000,-18.9867,0.750000,0.624714,0.661539,0.836789,0.598666,0.825170,0.576502,0.898830,0.755517,0.967789,0.876766,0.972236,0.888873,0.990652,0.925300,0.893194,0.778145,0.879531,0.716333,0.840124,0.731669,0.972221,0.503362,0.954025,0.468631,0.946650,0.413299,0.930277,0.762765,0.964874,0.298929,0.948908,0.309967,0.934495,0.693866,0.994506,0.924691,0.963269,0.905801,0.921914,0.545377,0.946515,0.556314
ENSDARG00000063150_6_1,-0.3000,-0.9665,0.875000,0.863099,0.732211,-23.9000,-25.7058,0.750000,0.686966,0.424001,0.895757,0.012986,0.351726,0.002577,0.352993,0.000934,0.441594,0.001441,0.653324,0.001018,0.896456,0.000187,0.912601,0.006592,0.953275,0.996634,0.954656,0.359866,0.611186,0.714172,0.390326,0.721590,0.325542,0.166286,0.380964,0.252925,0.993151,0.979398,0.918839,0.931604,0.926091,0.778389,0.844708,0.445196,0.914179,0.996871,0.960743,0.995592,0.966112,0.115753
ENSDARG00000063150_6_2,-3.4000,-4.2596,0.375000,0.428948,0.540902,-29.4000,-31.0943,0.250000,0.292854,0.361178,0.980770,0.800616,0.820703,0.864401,0.706160,0.682833,0.454789,0.351367,0.197290,0.541631,0.051444,0.439728,0.291389,0.207400,0.312132,0.973214,0.615456,0.006415,0.979594,0.004282,0.999312,0.004131,0.977420,0.004704,0.999992,0.159084,0.999990,0.143274,0.999999,0.955491,0.004000,0.328505,0.004527,0.738885,0.002901,0.011663,0.057291,0.003244,0.362881,0.002684
ENSDARG00000063150_6_3,-3.1000,-3.2617,0.750000,0.743008,0.615151,-26.8000,-28.1120,0.375000,0.536769,0.459052,0.968385,0.786108,0.972740,0.676920,0.106141,0.889747,0.051586,0.056927,0.052436,0.049999,0.149478,0.674816,0.990237,0.361789,0.991241,0.374088,0.985941,0.659325,0.977453,0.018184,0.104478,0.001887,0.008844,0.337088,0.008963,0.014360,0.109992,0.176579,0.999468,0.699482,0.967685,0.978608,0.959553,0.920286,0.959271,0.973823,0.960794,0.507768,0.978335,0.023249
ENSDARG00000063150_6_4,-4.5000,-5.3037,0.875000,0.727857,0.563334,-24.0000,-26.1191,0.500000,0.424821,0.383187,0.272300,0.366519,0.258951,0.097361,0.358011,0.116495,0.470108,0.244072,0.709754,0.478572,0.985796,0.636701,0.687641,0.708655,0.663196,0.687777,0.562129,0.520111,0.255650,0.186776,0.114881,0.127349,0.105405,0.094780,0.374360,0.318899,0.884170,0.850830,0.999997,0.915839,0.655774,0.223307,0.729475,0.277423,0.638026,0.142907,0.776888,0.448461,0.764163,0.220898
ENSDARG00000063150_6_5,-1.4000,-2.0670,0.375000,0.547152,0.607768,-28.8000,-29.7030,0.000000,0.043163,0.276128,0.997047,0.997256,0.785758,0.998829,0.363598,0.998725,0.126905,0.128549,0.116962,0.005900,0.380182,0.006210,0.973726,0.005067,0.877492,0.011884,0.614992,0.985184,0.988832,0.921028,0.773989,0.057888,0.778656,0.060744,0.918517,0.048576,0.162645,0.003184,0.997275,0.000467,0.998852,0.006733,0.379200,0.251770,0.347443,0.025153,0.281317,0.004780,0.291965,0.004640
ENSDARG00000063150_6_6,-1.4000,-2.1505,0.500000,0.560045,0.615519,-21.3000,-22.9700,1.000000,0.811102,0.577543,0.111284,0.357959,0.095929,0.242777,0.113569,0.220248,0.849763,0.236142,0.456116,0.364603,0.564837,0.063085,0.985775,0.210596,0.989847,0.759900,0.984756,0.724609,0.844597,0.708088,0.835428,0.548576,0.998116,0.625463,0.823075,0.690311,0.999335,0.934752,0.300628,0.879201,0.990726,0.962300,0.671063,0.863421,0.118671,0.664250,0.117484,0.724015,0.459376,0.770561
ENSDARG00000063150_6_7,-3.9000,-4.1257,0.625000,0.701074,0.677290,-23.2000,-25.0913,0.625000,0.431126,0.384158,0.781138,0.777652,0.081602,0.316836,0.110721,0.428302,0.054580,0.428202,0.983092,0.530920,0.931109,0.512818,0.925461,0.128394,0.741341,0.034129,0.778347,0.029329,0.884293,0.473533,0.783059,0.092891,0.882462,0.481155,0.290507,0.224801,0.296540,0.080253,0.226889,0.110480,0.924545,0.524851,0.930856,0.560557,0.991233,0.429136,0.948547,0.936387,0.999477,0.582540
ENSDARG00000063150_6_8,-3.0000,-3.3273,0.500000,0.459273,0.567222,-26.0000,-27.7206,0.250000,0.332785,0.301662,0.997947,0.628723,0.995878,0.445136,0.983331,0.435561,0.996904,0.449497,0.976113,0.963639,0.608823,0.100695,0.019175,0.004704,0.038572,0.004033,0.020696,0.035528,0.038474,0.026769,0.996991,0.165061,0.997353,0.111610,0.999133,0.020335,0.983774,0.002451,0.996384,0.017922,0.008890,0.003353,0.010101,0.925731,0.013471,0.549113,0.026084,0.550975,0.636347,0.592396
ENSDARG00000063150_6_9,-0.2000,-1.0468,0.875000,0.876182,0.772883,-23.4000,-24.4434,0.625000,0.646170,0.503581,0.283805,0.171255,0.199822,0.165927,0.316620,0.034307,1.000000,0.031856,0.981345,0.047343,0.949287,0.119054,0.997806,0.747899,0.994114,0.791602,0.982891,0.794680,0.834283,0.813530,0.649408,0.830086,0.258832,0.354710,0.335735,0.320413,0.799421,0.256278,0.988788,0.286109,0.964690,0.892083,0.979598,0.962360,0.967632,0.802678,0.973890,0.777461,0.999703,0.871980
ENSDARG00000063150_6_10,-8.2000,-8.2995,0.625000,0.632209,0.409020,-25.6000,-26.6866,0.375000,0.425982,0.411795,0.026072,0.727508,0.024808,0.718816,0.018422,0.116653,0.000940,0.060976,0.000325,0.081461,0.020898,0.699223,0.999405,0.932412,1.000000,0.994021,0.999542,0.329704,0.031188,0.022397,0.000468,0.069179,0.000668,0.075696,0.007673,0.078323,1.000000,0.302169,0.104283,0.042463,0.038213,0.102834,0.907718,0.199721,0.999994,0.936385,0.999918,0.899805,0.999873,0.846158
ENSDARG00000063258_0_1,-3.5000,-3.9333,0.500000,0.514768,0.611579,-23.3000,-25.0673,0.625000,0.496932,0.421769,0.998533,0.353628,0.998633,0.054500,0.936837,0.046108,0.777246,0.044845,0.300856,0.080408,0.103709,0.109738,0.018994,0.133905,0.020126,0.054642,0.984108,0.859418,0.986893,0.868507,0.987502,0.875743,0.999987,0.978477,0.999745,0.971132,0.999768,0.963158,0.006999,0.087489,0.004002,0.059696,0.048958,0.266706,0.259928,0.581538,0.937837,0.617465,0.860907,0.428271
ENSDARG00000063258_0_3,-3.0000,-3.5772,0.250000,0.450263,0.474334,-22.0000,-23.8501,0.250000,0.230287,0.464315,0.823765,0.889688,0.207839,0.840721,0.052003,0.851414,0.689141,0.506466,0.022302,0.456084,0.090111,0.448532,0.318057,0.524885,0.548461,0.529488,0.993055,0.570617,0.764477,0.581395,0.687599,0.298227,0.687758,0.946484,0.249319,0.048841,0.999741,0.102543,0.129544,0.048301,0.218029,0.084839,0.301218,0.342528,0.988389,0.483967,0.351390,0.337410,0.364476,0.393865
ENSDARG00000063258_0_4,-0.9000,-1.5752,0.750000,0.747960,0.796590,-23.9000,-25.3428,0.625000,0.618477,0.530464,0.988748,0.740340,0.995442,0.482782,1.000000,0.240631,0.612322,0.451783,0.417575,0.465299,0.960086,0.180974,0.546592,0.092075,0.443387,0.591028,1.000000,0.785023,0.991413,0.535450,0.992546,0.538527,1.000000,0.557547,0.945798,0.948586,0.949375,0.040784,0.160545,0.024844,0.104935,0.009981,1.000000,0.976208,0.867176,0.974546,0.955854,0.997570,1.000000,0.975298
ENSDARG00000063258_0_5,0.0000,-0.1312,1.000000,0.934283,0.933934,-23.3000,-25.2477,0.500000,0.505349,0.426569,0.998173,0.918592,0.859886,0.208015,0.844284,0.205638,0.840695,0.235060,0.850890,0.829968,0.994520,0.347582,0.985173,0.816520,0.993017,0.234087,0.974467,0.120628,0.957479,0.194644,0.953496,0.215199,0.952330,0.162663,0.996576,0.173104,0.990322,0.075712,0.881983,0.777828,0.874562,0.813420,0.865304,0.279572,0.876622,0.282624,0.995201,0.795216,0.993696,0.845314
ENSDARG00000063258_0_7,0.0000,-0.4267,1.000000,0.915359,0.893579,-19.9000,-21.8864,0.125000,0.322305,0.590891,0.800997,0.762382,0.737849,0.757149,0.912018,0.714763,0.963801,0.685560,0.844633,0.765916,0.955202,0.872126,0.997993,0.842658,0.999733,0.896243,0.799566,0.797856,0.714987,0.849298,0.930500,0.682364,0.891419,0.613063,0.999914,0.616223,0.999847,0.145507,0.787252,0.032943,0.742561,0.369257,0.907710,0.029708,0.944116,0.014913,0.965317,0.723207,0.976156,0.646680
ENSDARG00000063258_0_8,-2.3000,-2.8692,0.500000,0.500646,0.555997,-23.8000,-25.9180,0.750000,0.693698,0.472180,0.987526,0.253099,0.165239,0.221589,0.103753,0.170897,0.133783,0.148813,0.145619,0.148434,0.631142,0.043810,0.579746,0.065246,0.870403,0.623546,0.891607,0.359761,0.978985,0.611065,0.986926,0.704591,0.640044,0.543162,0.998962,0.540357,0.587433,0.530999,0.987252,0.951772,0.133982,0.741697,0.131293,0.740049,0.087631,0.634456,0.129668,0.600604,0.948948,0.809647
ENSDARG00000063258_0_9,-2.3000,-2.7344,0.500000,0.596713,0.578224,-22.9000,-24.9628,0.500000,0.540465,0.463155,0.448314,0.561215,0.956520,0.535866,0.250887,0.403433,0.984589,0.389320,0.102136,0.308430,0.083673,0.653571,0.147563,0.831378,0.940657,0.735238,0.891760,0.273533,0.935082,0.025626,0.957869,0.012325,0.091725,0.209446,0.110305,0.288699,0.067299,0.633366,0.938578,0.744164,0.243232,0.467956,0.993578,0.227765,0.429609,0.207174,0.997065,0.804309,0.994041,0.950287
ENSDARG00000063258_0_10,0.0000,-0.0924,1.000000,0.990075,0.983091,-20.8000,-22.4374,0.500000,0.543856,0.570830,0.908402,0.529363,0.994607,0.331553,0.994050,0.530247,0.999104,0.469046,0.999335,0.442295,0.885461,0.433037,0.993984,0.798475,0.990142,0.459107,0.984845,0.797640,0.997680,0.764680,0.994328,0.645216,0.999276,0.865088,0.996445,0.938704,0.995754,0.963095,0.978974,0.281820,0.996240,0.241391,0.999357,0.912370,0.987559,0.853433,0.979238,0.091830,0.987034,0.068201
ENSDARG00000063332_1_1,-1.7000,-2.3649,0.500000,0.537914,0.609993,-21.4000,-22.9196,0.625000,0.562304,0.416983,0.079997,0.963458,0.036735,0.928783,0.077252,0.944979,0.244781,0.173944,0.773918,0.063740,0.999753,0.096288,0.967316,0.082636,0.960303,0.082357,0.963980,0.069423,0.883250,0.146182,0.911770,0.174579,0.997486,0.114853,0.188349,0.031942,0.240021,0.031983,0.456154,0.313991,0.051451,0.666739,0.369621,0.919810,0.997948,0.880222,0.999897,0.883726,0.999869,0.770019
ENSDARG00000063332_1_2,-5.3000,-5.6167,0.250000,0.358875,0.447102,-25.6000,-27.8980,0.125000,0.185658,0.264553,0.117693,0.742185,0.012189,0.683061,0.015676,0.730516,0.992133,0.882947,0.020292,0.123764,0.017725,0.314028,0.318614,0.108850,0.997812,0.071411,0.997093,0.072277,0.985267,0.054592,0.798247,0.006182,0.798299,0.015988,0.314076,0.076880,0.019676,0.230854,0.023839,0.447922,0.830753,0.159630,0.200579,0.099768,0.196918,0.058904,0.286697,0.067056,0.998464,0.344253
ENSDARG00000063332_1_3,-2.4000,-2.8690,1.000000,0.857945,0.653885,-19.9000,-22.7058,0.500000,0.489725,0.420244,0.173289,0.214839,0.033528,0.101645,0.125590,0.164972,0.896313,0.617026,0.852753,0.701218,0.848074,0.721260,0.352808,0.292301,0.232994,0.333829,0.242361,0.104152,0.767406,0.460355,0.818651,0.428565,0.870385,0.346918,0.884670,0.316838,0.803615,0.302306,0.988666,0.256165,0.709005,0.922090,0.670428,0.627886,0.895010,0.745378,0.947144,0.600933,0.965021,0.146206
ENSDARG00000063332_1_4,-6.3000,-6.3160,0.375000,0.377924,0.402909,-22.5000,-23.9229,0.125000,0.222640,0.350092,0.009186,0.185042,0.002319,0.174591,0.000815,0.179544,0.005834,0.179062,0.999176,0.975234,0.005733,0.171897,0.006357,0.025891,0.999985,0.833436,0.999915,0.827495,0.999855,0.825146,0.999859,0.821244,0.005747,0.022148,0.005595,0.025811,0.999981,0.828545,0.005815,0.018670,0.000737,0.019852,0.002893,0.042209,0.008555,0.118595,0.999932,0.363152,0.999882,0.364284
ENSDARG00000063332_1_5,-7.4000,-7.4157,0.500000,0.503471,0.403366,-23.0000,-24.9182,0.500000,0.425743,0.446181,0.013228,0.423028,0.005642,0.419872,0.008438,0.368678,0.003333,0.361179,0.000058,0.414411,0.002974,0.354498,0.999997,0.922677,0.999995,0.698216,0.999995,0.661996,0.999996,0.673058,0.005830,0.214641,0.000059,0.005423,0.000478,0.005162,0.999999,0.552763,0.003779,0.008371,0.008375,0.032652,0.015143,0.391445,0.999999,0.867030,0.999996,0.851020,1.000000,0.697502
ENSDARG00000063332_1_6,0.0000,-0.5331,1.000000,0.874728,0.861652,-25.4000,-26.5067,0.625000,0.450525,0.460680,0.984048,0.963657,0.996643,0.430654,0.754997,0.427275,0.899956,0.952882,0.455824,0.702541,0.595363,0.316256,0.995084,0.686440,0.996291,0.085654,0.993031,0.312915,0.973192,0.040025,0.954212,0.684274,0.636572,0.006831,0.692584,0.005588,0.957376,0.044539,0.604837,0.041481,0.889605,0.692578,0.996865,0.692780,0.994490,0.691372,0.942781,0.719740,0.919286,0.716121
ENSDARG00000063332_1_7,-0.2000,-0.9368,0.625000,0.751124,0.792935,-21.0000,-22.5659,0.375000,0.425465,0.391075,0.980185,0.808606,0.940734,0.790437,0.953031,0.139837,0.960099,0.069308,0.870671,0.050846,0.968178,0.256811,0.597412,0.291479,0.291436,0.506132,0.315205,0.836574,0.990298,0.274951,0.991606,0.198728,0.990850,0.194067,0.996527,0.195345,0.995855,0.195094,0.962170,0.172255,0.286684,0.080698,0.302843,0.819125,0.588248,0.868035,0.962501,0.919794,0.914168,0.153377
ENSDARG00000063332_1_8,-2.3000,-2.4867,0.625000,0.631065,0.536107,-24.9000,-26.0147,0.375000,0.380623,0.408978,0.233949,0.326127,0.123761,0.333058,0.123384,0.241155,0.982382,0.232997,0.061764,0.267038,0.055674,0.333001,0.939669,0.861347,0.942819,0.850129,0.897800,0.703957,0.163599,0.161562,0.153280,0.771953,0.995531,0.052249,0.146312,0.014340,0.036864,0.008395,0.118107,0.266980,0.895557,0.033558,0.897087,0.326176,0.979922,0.999097,0.976670,0.638669,0.998001,0.757769
ENSDARG00000063332_1_9,-1.0000,-1.5883,0.500000,0.503722,0.593071,-24.5000,-26.0641,0.125000,0.160666,0.510593,0.987890,0.948268,0.868390,0.947148,0.873263,0.928609,0.778674,0.928492,0.720885,0.894400,0.704727,0.754479,0.213424,0.701111,0.188310,0.925089,0.168428,0.955685,0.495387,0.389373,0.913073,0.231333,0.919196,0.322546,0.918019,0.574274,0.637285,0.174428,0.637853,0.005088,0.573408,0.010557,0.267199,0.407605,0.245511,0.085899,0.322870,0.022311,0.427630,0.005166
ENSDARG00000063332_1_10,0.0000,-0.5831,1.000000,0.855004,0.836700,-26.4000,-28.2265,0.375000,0.340611,0.390776,0.767068,0.686570,0.755897,0.594821,0.747358,0.631364,0.941453,0.973670,0.899108,0.020959,0.957093,0.011882,0.972396,0.012233,0.867670,0.085034,0.550858,0.995781,0.477717,0.053718,0.979429,0.057246,0.977918,0.967353,0.973619,0.689290,0.972782,0.960097,0.678785,0.957058,0.699919,0.055050,0.896256,0.034457,0.836897,0.000287,0.834872,0.009791,0.946900,0.018859
ENSDARG00000063719_8_1,-4.0000,-4.2756,0.500000,0.458736,0.566782,-24.5000,-26.0653,0.625000,0.488018,0.554424,0.010526,0.292811,0.005007,0.114001,0.011586,0.165443,0.005227,0.928059,0.987808,0.375500,0.653613,0.309726,0.999935,0.521071,0.999259,0.871453,0.994798,0.688328,0.997991,0.973118,0.999996,0.964445,0.999998,0.980384,0.999999,0.926522,0.658864,0.913634,0.005599,0.886697,0.001986,0.899024,0.002342,0.268023,0.008398,0.003330,0.993997,0.004024,0.998706,0.002888
ENSDARG00000063719_8_2,-1.5000,-1.8408,0.625000,0.704922,0.728155,-20.1000,-22.0905,0.250000,0.479196,0.541802,0.805379,0.708693,0.075996,0.332440,0.231326,0.514412,0.411209,0.455536,0.881665,0.569089,0.885726,0.931633,0.982546,0.414650,0.999570,0.432098,0.824938,0.251143,0.825374,0.570340,1.000000,0.935913,1.000000,0.886524,0.294010,0.550153,0.252063,0.269760,0.371019,0.289885,1.000000,0.331355,0.871471,0.265943,0.853221,0.243158,0.998219,0.978851,0.999373,0.904459
ENSDARG00000063719_8_3,-4.2000,-4.2358,0.500000,0.511894,0.607190,-24.0000,-25.9624,0.375000,0.396505,0.509468,0.048071,0.923773,0.047050,0.887153,0.028179,0.872572,0.024809,0.694079,0.999233,0.412351,0.990912,0.441063,0.989543,0.530382,0.989328,0.477995,0.985402,0.600642,0.973063,0.384170,0.973182,0.333119,0.999870,0.460023,0.039785,0.258632,0.039116,0.247469,1.000000,0.585935,0.020045,0.031334,0.024266,0.060863,0.974596,0.059086,0.997342,0.985774,1.000000,0.942945
ENSDARG00000063719_8_4,-0.4000,-1.2121,1.000000,0.848610,0.814006,-24.0000,-25.5664,0.250000,0.252202,0.532489,0.993240,0.992111,0.685694,0.871572,0.429202,0.857990,0.468975,0.974761,0.655218,0.913396,1.000000,0.916163,0.980938,0.711089,0.967652,0.510595,1.000000,0.288018,0.665992,0.301459,0.644328,0.301443,1.000000,0.993558,0.491135,0.001698,0.491878,0.000656,1.000000,0.002053,0.917353,0.999800,1.000000,0.999762,1.000000,0.011537,0.946179,0.000661,0.942338,0.001449
ENSDARG00000063719_8_5,-0.9000,-1.0626,1.000000,0.989336,0.835047,-20.0000,-21.3508,0.375000,0.398046,0.561065,0.206851,0.254285,0.214876,0.253301,1.000000,0.951846,0.988159,0.909984,1.000000,0.912610,0.977894,0.917125,0.196713,0.274171,0.211825,0.269406,1.000000,0.988383,0.990066,0.681648,0.999933,0.688568,0.999940,0.935610,0.999725,0.935386,0.972250,0.057556,0.978975,0.061553,0.980089,0.042023,0.999983,0.952220,0.986111,0.948001,0.999715,0.097781,0.997842,0.089848
ENSDARG00000063719_8_6,-5.5000,-5.5263,0.625000,0.628466,0.503391,-24.9000,-26.5640,0.375000,0.442919,0.283435,0.023945,0.057199,0.008465,0.050868,0.001472,0.060793,0.005985,0.061464,0.002732,0.040251,0.998220,0.039378,0.997150,0.016753,0.997712,0.403738,0.998572,0.243747,0.990029,0.642572,0.009086,0.491816,0.006721,0.016777,0.008795,0.062851,0.010492,0.856684,0.021488,0.105214,0.992219,0.152515,0.998354,0.146696,0.999521,0.254212,0.997830,0.984202,0.999028,0.980975
ENSDARG00000063719_8_7,-0.2000,-1.0952,0.875000,0.729182,0.698075,-23.3000,-24.8541,0.625000,0.375820,0.460351,0.619585,0.241932,0.946646,0.388015,0.629926,0.170954,0.308126,0.184862,0.497668,0.631818,0.580816,0.695341,0.902857,0.580333,0.974613,0.615669,0.728053,0.737610,0.785056,0.779485,0.555730,0.532643,0.598977,0.641809,0.914931,0.326550,0.654371,0.373780,0.853137,0.389567,0.740407,0.056016,0.740630,0.044662,0.665318,0.067242,0.624037,0.832833,0.640623,0.915907
ENSDARG00000063719_8_8,-4.3000,-4.5200,0.125000,0.165601,0.332393,-22.9000,-24.9293,0.125000,0.210754,0.466197,0.286133,0.895057,0.010730,0.867801,0.004802,0.816240,0.003506,0.862033,0.003798,0.891787,0.007340,0.856870,0.012939,0.871254,0.998744,0.533864,0.996809,0.435448,0.998563,0.546483,0.999833,0.035972,0.999859,0.025110,0.999959,0.023379,0.012352,0.123074,0.004173,0.014508,0.007134,0.314741,0.005401,0.346771,0.005787,0.227261,0.008728,0.569437,0.281272,0.066857
ENSDARG00000063719_8_9,-1.8000,-2.4195,0.125000,0.343159,0.416259,-18.7000,-20.9161,0.500000,0.475389,0.482378,0.711132,0.303172,0.224091,0.249982,0.149002,0.293810,0.030118,0.638558,0.065631,0.254363,0.716877,0.379683,0.356968,0.245438,0.375592,0.743919,0.539893,0.517378,0.993223,0.731233,0.722549,0.803571,0.694834,0.683346,0.685232,0.430041,0.540226,0.602195,0.155783,0.635343,0.043379,0.178343,0.181233,0.283075,0.343083,0.714499,0.358229,0.784198,0.438109,0.175421
ENSDARG00000063719_8_10,-1.2000,-1.6531,0.875000,0.908859,0.743571,-21.3000,-23.3342,0.375000,0.405931,0.470133,0.228994,0.444345,0.080399,0.360859,0.143818,0.402815,0.999825,0.750502,0.999753,0.756257,0.997431,0.662930,0.999679,0.558185,0.936249,0.506371,0.936811,0.569308,0.994505,0.830226,0.136913,0.135323,0.146166,0.178085,0.514863,0.389076,0.780079,0.503549,0.997939,0.806970,0.990776,0.782325,0.995972,0.416769,0.998054,0.124187,0.997377,0.148516,0.995813,0.076058
ENSDARG00000067966_0_1,-4.8000,-4.8534,0.750000,0.754125,0.606748,-23.5000,-25.2133,1.000000,0.671736,0.450629,0.035960,0.157350,0.989624,0.265181,0.001472,0.013776,0.000926,0.011423,0.043532,0.054728,0.998505,0.268731,0.998716,0.268762,0.999483,0.269844,0.992358,0.256362,0.988657,0.817062,0.039859,0.599630,0.012872,0.655837,0.002095,0.561985,0.998259,0.676080,0.034513,0.584610,0.999517,0.727409,0.999377,0.622267,0.999532,0.682195,0.999719,0.837166,0.999989,0.682174
ENSDARG00000067966_0_2,-2.8000,-3.2142,0.500000,0.467664,0.574000,-23.8000,-25.4419,0.750000,0.660634,0.436104,0.986779,0.015808,0.925591,0.005408,0.927047,0.004063,0.956211,0.006869,0.043832,0.001477,0.010814,0.000829,0.080103,0.032991,0.277629,0.996390,0.680323,0.887186,0.853110,0.389445,0.997841,0.436217,0.999411,0.660317,0.946167,0.691074,0.848605,0.488670,0.735924,0.565348,0.825121,0.583844,0.073395,0.626324,0.014623,0.397811,0.141639,0.989285,0.155840,0.942717
ENSDARG00000067966_0_3,-4.3000,-4.7006,0.250000,0.319727,0.452747,-27.6000,-28.4690,0.375000,0.391240,0.408679,0.984052,0.946453,0.958311,0.931049,0.957846,0.961807,0.990213,0.958149,0.056485,0.126814,0.061547,0.039434,0.028729,0.014236,0.017743,0.002241,0.025355,0.000399,0.429433,0.011179,0.998621,0.986096,0.988794,0.065798,0.989020,0.984934,0.965741,0.068216,0.426532,0.096753,0.013761,0.002700,0.012586,0.002538,0.038573,0.006589,0.051544,0.984083,0.060060,0.984104
ENSDARG00000067966_0_4,-3.6000,-3.7125,1.000000,0.958452,0.609401,-26.0000,-27.0868,0.500000,0.502376,0.463761,0.080496,0.318941,0.080906,0.278026,0.088863,0.360263,0.150018,0.954118,0.925582,0.997645,0.921220,0.120008,0.921085,0.051152,0.104285,0.004480,0.083618,0.005482,0.080097,0.913528,0.086937,0.790666,0.997291,0.461894,0.938524,0.185686,0.923184,0.804094,0.924769,0.986823,0.918967,0.011383,0.988143,0.011004,0.991442,0.999121,0.992599,0.999082,0.989988,0.021815
ENSDARG00000067966_0_6,-4.4000,-4.8227,0.250000,0.330303,0.461082,-22.0000,-23.1079,1.000000,0.751997,0.596787,0.008722,0.093523,0.001366,0.088277,0.003594,0.117048,0.010437,0.756498,0.952337,0.860459,0.685039,0.862740,0.477565,0.144522,0.473188,0.133080,0.996647,0.243443,0.988552,0.890579,0.981764,0.890903,0.999998,0.838679,0.120581,0.661403,0.458412,0.716855,0.970489,0.760220,0.022730,0.641265,0.012280,0.631709,0.027377,0.821878,0.030553,0.836610,1.000000,0.946038
ENSDARG00000067966_0_7,-2.5000,-3.0902,0.625000,0.559641,0.641078,-23.2000,-24.7443,0.500000,0.539481,0.478459,0.953379,0.856355,0.991842,0.136840,0.846737,0.202843,0.450774,0.242107,0.124548,0.121604,0.041256,0.498425,0.069622,0.476322,0.993630,0.247893,0.998670,0.646522,0.946643,0.464049,0.944939,0.470248,0.982390,0.890119,0.918058,0.968565,0.917140,0.962774,0.151587,0.061426,0.045045,0.012181,0.029805,0.010290,0.543351,0.996798,0.874381,0.312231,0.997759,0.991583
ENSDARG00000067966_0_8,-1.9000,-2.6479,0.625000,0.622153,0.572906,-26.0000,-27.0664,0.250000,0.309810,0.411914,0.588539,0.954729,0.407403,0.954872,0.795084,0.549749,0.997248,0.489174,0.051672,0.478707,0.023231,0.945185,0.156607,0.220315,0.720231,0.118266,0.994111,0.943617,0.993853,0.083457,0.438666,0.018723,0.314246,0.003004,0.036878,0.001802,0.710035,0.048969,0.709127,0.049023,0.176837,0.989233,0.356761,0.253460,0.997197,0.998907,0.990780,0.080209,0.999610,0.056877
ENSDARG00000067966_0_10,-2.4000,-2.7166,0.875000,0.790168,0.677279,-24.4000,-25.7896,0.875000,0.829182,0.421570,0.270341,0.065293,0.277123,0.055807,0.099993,0.060247,0.892492,0.265468,0.753096,0.955378,0.742730,0.288864,0.754870,0.014588,0.992431,0.017446,0.882800,0.046185,0.925496,0.024726,0.356783,0.002324,0.276090,0.001608,0.046920,0.037989,0.748113,0.944815,0.761441,0.950723,0.995737,0.950667,0.822386,0.981555,0.990155,0.919259,0.985426,0.930562,0.971164,0.917888
ENSDARG00000068397_9_1,-0.2000,-0.8750,0.625000,0.746739,0.796902,-26.5000,-27.4289,0.375000,0.438266,0.410416,0.995741,0.774387,0.998150,0.750618,0.996866,0.915415,0.995619,0.041127,0.984613,0.026808,0.834514,0.006689,0.814049,0.008276,0.885421,0.093727,0.365638,0.410555,0.553890,0.348126,0.554355,0.953758,0.985268,0.372703,0.997290,0.418782,0.999334,0.996861,0.836219,0.041201,0.464723,0.001211,0.250333,0.001008,0.482158,0.999976,0.979675,0.999987,0.964178,0.047103
ENSDARG00000068397_9_2,-2.4000,-2.7954,0.250000,0.345044,0.463147,-26.8000,-28.6178,0.000000,0.173619,0.366178,0.326814,0.381290,0.242334,0.455313,0.988627,0.344178,0.051781,0.424790,0.056814,0.440658,0.020083,0.486966,0.096378,0.604436,0.850484,0.478770,0.992047,0.432664,0.995135,0.654669,0.996531,0.603541,0.885555,0.627331,0.939779,0.152570,0.188930,0.111958,0.053680,0.100043,0.021348,0.376316,0.023112,0.147118,0.217805,0.133811,0.320812,0.137676,0.994886,0.229464
ENSDARG00000068397_9_3,-6.5000,-6.7056,0.250000,0.284788,0.330792,-28.3000,-30.0161,0.125000,0.146508,0.315073,0.246044,0.993764,0.006350,0.986728,0.009221,0.984203,0.999934,0.991246,0.003648,0.963012,0.001775,0.184011,0.005211,0.004935,0.037451,0.002322,0.998321,0.002879,0.999952,0.003729,0.995473,0.003837,0.034153,0.008735,0.007385,0.993760,0.001517,0.027314,0.003435,0.011714,0.993922,0.052127,0.012275,0.059458,0.008646,0.003267,0.252500,0.008475,0.998627,0.015951
ENSDARG00000068397_9_4,-1.4000,-2.0408,0.750000,0.734946,0.726222,-20.5000,-21.9512,0.750000,0.638969,0.525832,0.925129,0.387345,0.839127,0.262847,0.833101,0.331424,0.952088,0.418465,0.304482,0.165295,0.288125,0.234181,0.522822,0.765380,0.768028,0.258383,0.747198,0.166275,0.976807,0.745935,0.986282,0.781367,0.501685,0.887995,0.311383,0.624196,0.301010,0.623846,0.999926,0.974519,0.841742,0.740860,0.837624,0.679132,0.793260,0.253349,0.794801,0.313534,0.999818,0.902315
ENSDARG00000068397_9_5,-2.5000,-3.0369,0.625000,0.513825,0.607901,-22.6000,-24.3255,0.500000,0.531333,0.472840,0.143464,0.918030,0.011591,0.015762,0.024384,0.038669,0.483299,0.529217,0.654171,0.527895,0.981971,0.067254,0.986445,0.043349,0.945202,0.039253,0.853552,0.037861,0.991681,0.996288,0.986611,0.996311,0.985057,0.996237,0.550325,0.960629,0.478982,0.280976,0.479807,0.273266,0.534413,0.301040,0.472559,0.669529,0.465001,0.711283,0.468367,0.718647,0.661141,0.335295
ENSDARG00000068397_9_6,-1.2000,-1.6269,0.625000,0.632074,0.575736,-20.2000,-22.1345,0.375000,0.577504,0.511110,0.900723,0.553807,0.396183,0.504935,0.346952,0.554936,0.149850,0.451066,0.118666,0.262046,0.123972,0.184776,0.759521,0.675202,0.995503,0.641189,0.995448,0.775201,0.999255,0.500754,0.345672,0.261963,0.326391,0.236288,0.340433,0.403584,0.348340,0.400811,0.399596,0.417426,0.760082,0.413569,0.644767,0.330689,0.759347,0.774041,0.806083,0.980586,0.997944,0.899325
ENSDARG00000068397_9_7,-2.0000,-2.3784,0.375000,0.458768,0.478507,-28.5000,-29.4265,0.625000,0.578525,0.483549,0.346912,0.890687,0.073791,0.903946,0.048710,0.180847,0.996598,0.014358,0.083509,0.029098,0.081335,0.987856,0.163787,0.980385,0.995634,0.068722,0.995631,0.985189,0.999822,0.001011,0.999062,0.000300,0.115199,0.000376,0.024054,0.000159,0.035143,0.011596,0.996885,0.110773,0.104259,0.998066,0.123795,0.733955,0.389579,0.786868,0.996764,0.992608,0.999666,0.994175
ENSDARG00000068397_9_8,0.0000,-0.3076,1.000000,0.984046,0.929864,-22.2000,-24.0272,0.375000,0.519563,0.413725,0.960337,0.553937,0.958795,0.123971,0.761153,0.018680,0.707851,0.008527,0.940728,0.418242,0.998802,0.418456,0.996966,0.072995,0.759050,0.152611,0.705470,0.113778,1.000000,0.992806,1.000000,0.995344,0.935769,0.248646,0.933049,0.216425,1.000000,0.241553,1.000000,0.243596,0.999925,0.246500,0.949554,0.234399,0.992890,0.991868,0.997386,0.994914,0.999563,0.987250
ENSDARG00000068397_9_9,-1.5000,-2.0997,0.500000,0.492452,0.591978,-25.0000,-26.2434,0.375000,0.442360,0.434576,0.990680,0.804813,0.608282,0.805320,0.523585,0.805499,0.498488,0.805736,0.534808,0.131961,0.920902,0.100602,0.515486,0.139395,0.480718,0.902359,0.584954,0.227619,0.599761,0.116396,0.652056,0.124273,0.990222,0.188659,0.980930,0.182535,0.555066,0.140770,0.134967,0.679680,0.082159,0.198903,0.114861,0.673054,0.519932,0.366430,0.556690,0.337067,0.995014,0.960442
ENSDARG00000068397_9_10,-1.7000,-2.0957,0.625000,0.664894,0.685282,-21.2000,-23.0925,0.375000,0.599930,0.467811,0.827621,0.278809,0.800048,0.050925,0.801536,0.056737,0.838193,0.054374,0.837698,0.047118,0.996980,0.106551,0.963779,0.614867,0.877220,0.612432,0.350385,0.804368,0.207124,0.361140,0.047138,0.658437,0.838777,0.911022,0.841346,0.662846,0.845678,0.576652,0.894329,0.684284,0.219071,0.022794,0.213374,0.021374,0.369648,0.961527,0.984973,0.915991,0.950733,0.953969
ENSDARG00000068406_1_1,-2.9000,-3.4448,0.250000,0.283288,0.424881,-27.1000,-27.9357,0.250000,0.252701,0.451432,0.042943,0.966715,0.019101,0.961896,0.518463,0.981333,0.523505,0.947088,0.042632,0.947143,0.033502,0.954522,0.077172,0.197997,0.988263,0.017326,0.988679,0.002993,0.998260,0.006470,0.998802,0.999294,0.999989,0.024265,0.073492,0.006401,0.036455,0.004409,0.018303,0.001338,0.071274,0.000315,0.590934,0.030411,0.049231,0.009151,0.435445,0.970593,0.991170,0.998989
ENSDARG00000068406_1_2,-1.3000,-2.1602,0.750000,0.650716,0.681043,-28.6000,-29.5467,0.375000,0.329087,0.321664,0.661831,0.994783,0.717902,0.118065,0.988121,0.024669,0.670845,0.016404,0.677272,0.016502,0.681057,0.018641,0.988637,0.022791,0.919063,0.988545,0.924617,0.789930,0.411710,0.805421,0.385253,0.003182,0.388816,0.001657,0.686283,0.004863,0.667932,0.012707,0.930479,0.992518,0.986321,0.587628,0.128106,0.012441,0.178374,0.006397,0.703526,0.023287,0.924707,0.992854
ENSDARG00000068406_1_3,-0.6000,-1.1417,0.625000,0.694126,0.748187,-19.4000,-21.4662,0.750000,0.556390,0.544350,0.976091,0.452462,0.977062,0.689566,0.719180,0.520948,0.683079,0.358508,0.690951,0.338526,0.943563,0.430782,0.964687,0.889990,0.977453,0.668539,0.526504,0.462515,0.454191,0.336621,0.509059,0.363175,0.988903,0.924254,0.934216,0.657069,0.824126,0.577145,0.805273,0.569064,0.829247,0.598828,0.372075,0.595018,0.370887,0.731904,0.434211,0.305278,0.982976,0.416817
ENSDARG00000068406_1_4,-5.3000,-5.5012,0.125000,0.166839,0.332728,-23.4000,-25.5511,0.125000,0.182563,0.398424,0.027647,0.495948,0.004203,0.261265,0.002990,0.282775,0.025488,0.301535,0.903224,0.667647,0.140584,0.644512,0.109085,0.438331,0.114547,0.457936,0.999508,0.791680,0.999663,0.750958,0.999899,0.703438,0.993016,0.711956,0.013534,0.149494,0.006161,0.121594,0.187104,0.717558,0.080176,0.203665,0.009395,0.093789,0.013307,0.074204,0.026991,0.074149,0.998045,0.026051
ENSDARG00000068406_1_5,-0.4000,-1.4211,0.125000,0.415541,0.525157,-26.4000,-27.6475,0.375000,0.507083,0.375681,0.791002,0.991849,0.477043,0.995369,0.658098,0.007897,0.992273,0.002734,0.379795,0.001769,0.256568,0.002281,0.235387,0.004208,0.171053,0.045893,0.334588,0.961314,0.983659,0.220249,0.957131,0.035978,0.942216,0.187419,0.350489,0.270493,0.224056,0.421510,0.228374,0.261732,0.249628,0.480303,0.387041,0.855860,0.996609,0.999033,0.372492,0.638666,0.515641,0.129063
ENSDARG00000068406_1_6,0.0000,-0.7422,1.000000,0.746564,0.790455,-19.1000,-20.9574,0.250000,0.466632,0.405375,0.943837,0.705663,0.981470,0.085011,0.798565,0.043709,0.780959,0.063205,0.958642,0.708760,0.713357,0.723775,0.476233,0.805339,0.605647,0.110114,0.586793,0.078131,0.996254,0.322022,0.998160,0.354389,0.996674,0.374324,0.773117,0.320620,0.703687,0.299979,0.744413,0.323525,0.446495,0.596332,0.666543,0.593444,0.679235,0.637527,0.988819,0.501200,0.970205,0.460431
ENSDARG00000068406_1_7,-2.1000,-2.7426,0.375000,0.489539,0.593998,-25.0000,-26.1592,0.625000,0.517285,0.381870,0.408678,0.981987,0.109433,0.973284,0.163989,0.052591,0.252825,0.047867,0.260089,0.043900,0.999985,0.053806,0.999987,0.185753,0.999347,0.996886,0.987539,0.014777,0.939839,0.013547,0.926595,0.013573,0.915342,0.121152,0.479249,0.108851,0.487996,0.266738,0.748158,0.994794,0.085213,0.552858,0.023307,0.552454,0.211157,0.526969,0.935609,0.990811,0.945624,0.144805
ENSDARG00000068406_1_8,0.0000,-0.1177,1.000000,0.950230,0.954423,-20.4000,-21.2522,0.500000,0.470459,0.601107,0.993417,0.940633,0.990862,0.924489,0.983537,0.936161,0.958421,0.979204,0.944018,0.971158,0.897614,0.968094,0.927280,0.930002,0.979423,0.203519,0.925567,0.252934,0.944082,0.151599,0.970197,0.108048,0.972199,0.892631,0.960459,0.657894,0.953453,0.725701,0.924035,0.796402,0.927283,0.795870,0.959422,0.021777,0.959929,0.208811,0.935901,0.257394,0.981359,0.299826
ENSDARG00000068406_1_9,-1.7000,-1.8616,0.375000,0.426649,0.541201,-23.2000,-24.3482,0.250000,0.377447,0.381592,0.997180,0.835679,0.090863,0.840726,0.067146,0.277017,0.075349,0.128118,0.096295,0.114843,0.168703,0.182617,0.990291,0.722961,0.978754,0.896503,0.980649,0.106701,0.981820,0.106567,0.984017,0.105193,0.999761,0.295335,0.999622,0.324907,0.999989,0.364898,0.982985,0.164925,0.152690,0.328301,0.072149,0.276530,0.057326,0.344946,0.069749,0.603107,0.078682,0.611965
ENSDARG00000068406_1_10,-1.9000,-2.3744,0.625000,0.640666,0.654557,-24.0000,-24.6874,0.500000,0.506153,0.456293,0.049093,0.011526,0.023032,0.002504,0.041564,0.004087,0.911685,0.019424,0.928884,0.069215,0.993465,0.991946,0.598549,0.992427,0.994369,0.994845,0.994041,0.981330,0.993400,0.993982,0.929560,0.013799,0.508163,0.001545,0.915898,0.003020,0.917110,0.002065,0.936528,0.010584,0.130491,0.044651,0.111983,0.998296,0.113532,0.998211,0.999909,0.997659,0.999876,0.994740
ENSDARG00000068650_6_1,-5.5000,-5.6340,0.500000,0.480440,0.387821,-23.3000,-25.6979,0.750000,0.682679,0.416302,0.828525,0.157762,0.006039,0.085399,0.004117,0.097420,0.003237,0.100398,0.006866,0.010924,0.009481,0.009588,0.020721,0.126844,0.999897,0.650682,0.999658,0.328433,0.999675,0.238534,0.022912,0.410342,0.011767,0.648293,0.008450,0.625216,0.004662,0.591535,0.001557,0.590691,0.015533,0.578788,0.998525,0.932510,0.845343,0.762366,0.969706,0.707033,0.999743,0.673287
ENSDARG00000068650_6_2,-1.0000,-1.4563,1.000000,0.937530,0.741000,-23.6000,-25.0919,1.000000,0.805213,0.509099,0.255875,0.002745,0.228391,0.001023,0.346373,0.002615,0.888704,0.005982,0.999034,0.030936,0.946348,0.986247,0.500508,0.975259,0.279521,0.018549,0.270876,0.015861,0.983602,0.149303,0.774175,0.809689,0.846344,0.742053,0.998171,0.843503,0.896596,0.844591,0.874354,0.878617,0.947651,0.852787,0.928363,0.730911,0.995746,0.781564,0.926330,0.772005,0.933031,0.737730
ENSDARG00000068650_6_3,-3.7000,-3.8179,0.375000,0.405167,0.516295,-24.5000,-26.4292,0.125000,0.145228,0.184642,0.030749,0.347971,0.008448,0.019313,0.017820,0.142016,0.889582,0.523995,0.085718,0.041684,0.132084,0.068818,0.988914,0.027286,0.989995,0.910440,0.999978,0.249698,0.995009,0.097127,0.990418,0.068571,0.955848,0.034099,0.025424,0.025149,0.021136,0.028357,0.888776,0.049763,0.029686,0.974577,0.139663,0.021545,0.148118,0.019674,0.988729,0.020238,0.999804,0.022518
ENSDARG00000068650_6_4,-7.8000,-7.9221,0.500000,0.500247,0.417323,-23.2000,-25.1419,0.500000,0.416698,0.437800,0.001570,0.233642,0.000082,0.234925,0.000376,0.255886,0.014354,0.129861,0.001499,0.124410,0.164850,0.265668,0.991036,0.982779,0.999460,0.985965,1.000000,0.961982,1.000000,0.950518,0.169572,0.272247,0.001677,0.024535,0.000539,0.024847,0.999482,0.685953,0.000303,0.000804,0.000065,0.000757,0.001591,0.002977,1.000000,0.990623,0.999999,0.740154,0.999998,0.887471
ENSDARG00000068650_6_5,-6.3000,-6.5611,0.625000,0.581174,0.481292,-27.6000,-28.9194,0.625000,0.549856,0.410012,0.742107,0.986901,0.059978,0.007746,0.016019,0.004484,0.041380,0.005289,0.062703,0.002764,0.043896,0.003822,0.940501,0.024149,0.939988,0.026580,0.972244,0.494905,0.975010,0.418185,0.096817,0.858369,0.085806,0.968201,0.125516,0.979671,0.006090,0.654316,0.018679,0.638538,0.948989,0.997406,0.727218,0.018826,0.829559,0.016293,0.994082,0.999429,0.999258,0.094373
ENSDARG00000068650_6_7,0.0000,-0.9833,1.000000,0.828700,0.735246,-27.6000,-28.4868,0.375000,0.383244,0.385356,0.755772,0.303436,0.722013,0.275060,0.770660,0.209148,0.493646,0.282723,0.329846,0.803382,0.640436,0.827376,0.805409,0.927014,0.938408,0.954009,0.702470,0.041412,0.632165,0.005230,0.597527,0.008465,0.686966,0.003918,0.699755,0.059079,0.712677,0.999269,0.734509,0.001438,0.788349,0.001534,0.901953,0.001792,0.928706,0.003344,0.904468,0.999770,0.959183,0.999729
ENSDARG00000068650_6_8,-0.9000,-1.5618,0.625000,0.768720,0.636477,-25.4000,-26.6067,0.250000,0.225668,0.339545,0.471598,0.969337,0.164149,0.942221,0.131118,0.970569,0.576485,0.939508,0.572593,0.315242,0.589294,0.169952,0.943766,0.206190,0.972053,0.219823,0.670882,0.038777,0.323091,0.053168,0.586750,0.121292,0.578009,0.039486,0.977394,0.003853,0.463279,0.000304,0.439549,0.002741,0.415172,0.000549,0.969738,0.006352,0.935504,0.134962,0.959853,0.665101,0.989271,0.991481
ENSDARG00000068650_6_9,-3.1000,-3.1861,0.125000,0.156722,0.324483,-22.2000,-24.0578,0.875000,0.639192,0.464437,0.033577,0.053068,0.010224,0.048943,0.020647,0.463904,0.066260,0.512834,0.989507,0.126356,0.057868,0.167051,0.033433,0.089123,0.033225,0.820656,0.998461,0.845599,0.998375,0.997961,0.999564,0.025456,0.994738,0.024261,0.994813,0.026341,0.023184,0.968966,0.025612,0.515868,0.057939,0.513595,0.073438,0.518190,0.019736,0.639062,0.016815,0.969613,0.042239,0.961900
ENSDARG00000068650_6_10,-3.5000,-3.8796,0.500000,0.560421,0.641842,-20.3000,-22.8377,0.375000,0.444775,0.502580,0.966102,0.471409,0.965995,0.458768,0.999200,0.627705,0.999375,0.591882,0.995502,0.420477,0.999358,0.551438,0.993026,0.685235,0.852442,0.752824,0.024551,0.423006,0.010833,0.374855,0.121746,0.466861,0.425347,0.668934,0.998656,0.937795,0.997445,0.921334,0.998087,0.550720,0.425944,0.218145,0.014315,0.022250,0.009928,0.013579,0.042502,0.436503,0.996494,0.457875
ENSDARG00000068912_1_1,0.0000,-0.4531,1.000000,0.909427,0.890526,-21.9000,-22.8993,0.375000,0.401236,0.463679,0.778754,0.418593,0.874698,0.435044,0.872277,0.446632,0.863826,0.959370,0.963566,0.889412,0.887944,0.902107,0.998099,0.268649,0.950742,0.104731,0.850839,0.013061,0.687528,0.012465,0.882370,0.846362,0.924467,0.767262,0.815313,0.810046,0.970451,0.130899,0.904306,0.093941,0.944390,0.115713,0.919979,0.968282,0.882089,0.055162,0.864114,0.051655,0.974771,0.984189
ENSDARG00000068912_1_2,-3.1000,-3.4294,0.500000,0.599127,0.641815,-24.0000,-25.7186,0.625000,0.619746,0.558605,0.991156,0.933356,0.996326,0.668153,0.998696,0.665251,0.034549,0.711838,0.004429,0.933965,0.008004,0.453749,0.385136,0.396132,0.999991,0.444741,0.999995,0.958088,0.999153,0.019592,0.998625,0.014994,0.627215,0.014267,0.623374,0.975382,0.008613,0.951084,0.382405,0.016059,0.382396,0.004474,0.397100,0.012930,0.999617,0.999682,0.999536,0.999786,0.999976,0.998569
ENSDARG00000068912_1_3,0.0000,-0.0212,1.000000,0.995887,0.995143,-27.5000,-28.4960,0.750000,0.753307,0.490287,0.998691,0.952912,0.999709,0.829750,0.998412,0.873372,0.983420,0.751061,0.999842,0.194925,0.979033,0.125364,1.000000,0.041470,0.998671,0.005347,0.988979,0.002518,0.999322,0.000245,0.998230,0.000291,0.991456,0.002033,0.998340,0.999561,0.987860,0.985112,0.996965,0.030355,0.993871,0.028352,0.997824,0.985769,0.994979,0.999481,0.998292,0.999860,0.998967,0.997964
ENSDARG00000068912_1_4,-4.5000,-4.6238,0.750000,0.729539,0.602958,-23.7000,-25.7433,0.625000,0.476342,0.482953,0.045460,0.314788,0.043423,0.305541,0.048301,0.249647,0.958621,0.609141,0.100824,0.565767,0.999749,0.936073,0.957933,0.969656,0.958106,0.989816,0.958093,0.553645,0.135535,0.052862,0.967708,0.296051,0.049092,0.005341,0.043809,0.009979,0.004793,0.689689,0.957912,0.427577,0.957912,0.484557,0.957691,0.546638,0.999570,0.501792,0.956906,0.650298,0.957720,0.500210
ENSDARG00000068912_1_5,-1.7000,-2.3266,1.000000,0.867751,0.750841,-23.9000,-25.3762,0.875000,0.746259,0.507305,0.980811,0.775040,0.486724,0.767300,0.446597,0.980860,0.420642,0.081597,0.558560,0.013010,0.764230,0.014285,0.889602,0.006468,0.990959,0.095916,0.992612,0.259085,0.267377,0.172908,0.277153,0.160286,0.999531,0.849277,0.958130,0.814736,0.999904,0.915822,0.999931,0.916461,0.804974,0.617345,0.895809,0.691215,0.740333,0.838778,0.757952,0.990105,0.784978,0.185609
ENSDARG00000068912_1_6,-5.0000,-5.1510,0.875000,0.873269,0.523870,-26.6000,-27.3905,0.500000,0.497996,0.371373,0.006896,0.007744,0.000448,0.000632,0.000651,0.000791,0.024012,0.015429,0.207393,0.200432,0.999953,0.999436,0.999889,0.999742,0.999966,0.999474,0.207197,0.200328,0.024045,0.015599,0.009172,0.000780,0.011634,0.003117,0.018359,0.010193,0.995536,0.979939,0.999419,0.988346,0.990980,0.003659,0.991028,0.001467,0.991146,0.002037,0.999682,0.998971,1.000000,0.999353
ENSDARG00000068912_1_7,-3.9000,-4.4984,0.375000,0.296663,0.437051,-25.5000,-26.4269,0.500000,0.507537,0.419667,0.853794,0.333845,0.828209,0.040139,0.995418,0.035075,0.614773,0.038226,0.997743,0.964159,0.035519,0.002570,0.006510,0.001230,0.005595,0.001950,0.007425,0.036887,0.023935,0.936347,0.999601,0.965043,0.999187,0.977569,0.998225,0.990992,0.022438,0.950308,0.007157,0.038146,0.002106,0.032328,0.083861,0.068887,0.019797,0.044524,0.474089,0.966026,0.765630,0.969087
ENSDARG00000068912_1_8,-1.0000,-1.5072,0.375000,0.478918,0.580653,-21.9000,-23.9985,0.500000,0.460065,0.386735,0.291347,0.093347,0.242583,0.057782,0.245599,0.061509,0.302266,0.079860,0.363323,0.198322,0.986144,0.437954,0.776177,0.824390,0.998381,0.638188,0.956581,0.504282,0.947560,0.447004,0.814508,0.325221,0.857249,0.386309,0.667755,0.382549,0.369039,0.801030,0.325459,0.729553,0.332513,0.747183,0.300833,0.719359,0.164011,0.042245,0.805341,0.033872,0.866395,0.224729
ENSDARG00000068912_1_9,-2.6000,-2.9664,0.625000,0.639603,0.527048,-24.5000,-26.3072,0.500000,0.534435,0.295630,0.085172,0.183581,0.083268,0.782604,0.166905,0.139689,0.998365,0.022245,0.416688,0.076146,0.411137,0.083091,0.752383,0.048015,0.692194,0.005489,0.644926,0.004054,0.889135,0.018765,0.127963,0.002467,0.155994,0.270968,0.810376,0.982815,0.413804,0.999622,0.390565,0.998946,0.392648,0.998901,0.919682,0.287195,0.707216,0.002612,0.710166,0.002785,0.772370,0.002606
ENSDARG00000068912_1_10,-3.5000,-3.7882,0.375000,0.429308,0.541282,-21.8000,-23.9757,0.500000,0.553596,0.544081,0.987706,0.190273,0.990339,0.139869,0.999775,0.428254,0.999996,0.926236,0.999993,0.915878,0.037314,0.698082,0.015319,0.478671,0.012245,0.388646,0.008051,0.185785,0.341078,0.288032,0.999983,0.927131,0.999374,0.886001,0.999605,0.793497,0.999889,0.869613,0.354683,0.750461,0.999616,0.707020,0.013190,0.359137,0.012231,0.309671,0.015165,0.181616,0.040085,0.457755
ENSDARG00000069467_1_1,-4.3000,-4.4876,1.000000,0.874756,0.650786,-23.3000,-25.1788,0.375000,0.384232,0.353167,0.002906,0.075266,0.001387,0.019201,0.004678,0.096221,1.000000,0.965904,0.999797,0.811454,1.000000,0.801379,0.999966,0.836148,0.004656,0.005694,0.001498,0.002858,0.002799,0.004598,0.999999,0.306352,0.999992,0.064412,0.790282,0.010894,0.751646,0.008224,0.956994,0.032940,0.999977,0.998130,0.999260,0.995979,1.000000,0.997785,0.746033,0.024231,0.753857,0.005675
ENSDARG00000069467_1_3,-0.4000,-1.1723,0.750000,0.737901,0.713553,-23.2000,-24.4923,0.375000,0.379967,0.396586,0.975315,0.944202,0.648536,0.314706,0.366737,0.113008,0.688070,0.084714,0.603332,0.095098,0.513370,0.040145,0.508171,0.072884,0.849689,0.204322,0.986300,0.604673,0.957594,0.817595,0.615080,0.709307,0.655648,0.891335,0.987733,0.900094,0.712021,0.110964,0.207330,0.009102,0.251088,0.003196,0.855984,0.009511,0.899773,0.009797,0.992771,0.998594,0.996512,0.998482
ENSDARG00000069467_1_4,-3.3000,-3.8948,0.500000,0.554004,0.478436,-23.2000,-24.4445,1.000000,0.890191,0.480055,0.437453,0.124145,0.978325,0.014712,0.007174,0.005175,0.005706,0.005301,0.003769,0.005231,0.025385,0.006584,0.327312,0.012251,0.998681,0.038526,0.998748,0.153886,0.998539,0.735615,0.326361,0.630242,0.029228,0.747906,0.009616,0.971077,0.009445,0.975847,0.018267,0.975677,0.985646,0.986846,0.417423,0.753003,0.996924,0.752902,0.997244,0.747920,0.997467,0.958253
ENSDARG00000069467_1_5,-6.8000,-6.9709,0.250000,0.276981,0.323657,-30.5000,-31.9801,0.375000,0.255511,0.321701,0.989904,0.105392,0.025902,0.083450,0.009072,0.466614,0.007101,0.573297,0.142907,0.576014,0.020569,0.550468,0.014195,0.092152,0.028116,0.094619,0.999724,0.516353,0.999826,0.948347,0.999333,0.362111,0.020645,0.021104,0.006358,0.065506,0.013479,0.066414,0.990505,0.423363,0.975184,0.713199,0.175557,0.698256,0.014220,0.067340,0.008948,0.002227,0.031596,0.007787
ENSDARG00000069467_1_6,-1.8000,-2.0653,1.000000,0.867368,0.741722,-21.0000,-22.6788,0.375000,0.419867,0.391834,0.128341,0.131363,0.064544,0.012400,0.932046,0.057767,0.993590,0.064731,0.988035,0.854777,0.990772,0.745609,0.997314,0.982731,0.062396,0.221195,0.065821,0.223034,1.000000,0.624788,0.916202,0.481024,0.756432,0.078326,0.768054,0.068900,0.855975,0.135346,0.999914,0.970318,0.993874,0.933779,0.913532,0.918542,0.755880,0.089608,0.784474,0.115508,0.867240,0.126937
ENSDARG00000069467_1_7,0.0000,-0.3468,1.000000,0.900546,0.902928,-20.5000,-22.0359,0.750000,0.691166,0.430904,0.956570,0.316587,0.954067,0.302579,0.954728,0.390189,0.956740,0.171036,0.990560,0.109403,0.997680,0.066543,0.754507,0.049643,0.587029,0.030447,0.755728,0.049478,0.950331,0.064145,0.999000,0.947313,0.997245,0.591385,0.871231,0.963949,0.840189,0.944134,0.848578,0.944088,0.895288,0.975115,0.887609,0.561479,0.931505,0.985535,0.934244,0.091504,0.995721,0.063527
ENSDARG00000069467_1_8,0.0000,-0.6433,1.000000,0.794338,0.819115,-25.0000,-25.7826,0.750000,0.741618,0.501388,0.917033,0.037206,0.900806,0.027090,0.857772,0.032243,0.805081,0.999349,0.808493,0.999383,0.925715,0.005977,0.667751,0.001101,0.992352,0.000129,0.668610,0.001991,0.648221,0.019695,0.898150,0.996525,0.937618,0.974124,0.954178,0.725335,0.827579,0.713694,0.549811,0.990620,0.657168,0.922458,0.904981,0.361496,0.488703,0.223840,0.974211,0.999196,0.998072,0.996303
ENSDARG00000069467_1_9,-1.6000,-1.9874,0.875000,0.877084,0.805466,-22.6000,-23.9980,0.875000,0.804398,0.558149,0.931756,0.878468,0.933044,0.305667,0.985184,0.346143,0.448745,0.661305,0.181988,0.077541,0.663713,0.056068,0.944541,0.385238,0.998214,0.223024,0.999622,0.739992,0.961122,0.977160,1.000000,0.064527,0.044725,0.012667,0.050602,0.016529,0.999679,0.934312,0.999538,0.917766,0.999705,0.927473,0.983153,0.898834,0.987699,0.910907,0.996468,0.910925,0.999828,0.918437
ENSDARG00000069467_1_10,-4.0000,-4.2415,0.500000,0.532088,0.620751,-23.0000,-24.5417,0.625000,0.636470,0.483692,0.940886,0.578209,0.940906,0.535971,0.922978,0.598444,0.953963,0.643559,0.244638,0.427625,0.133683,0.334877,0.135496,0.336035,0.086114,0.348261,0.925626,0.457904,0.924642,0.033934,0.998257,0.109175,0.951127,0.178094,0.950733,0.144393,0.975187,0.839840,0.111311,0.901354,0.001292,0.151006,0.001757,0.104544,0.237102,0.975666,0.991842,0.999105,0.987483,0.975849
ENSDARG00000070029_0_1,-3.6000,-3.7201,0.750000,0.729530,0.603915,-23.8000,-24.8421,0.750000,0.747563,0.369841,0.102995,0.114688,0.854690,0.004688,0.009676,0.000934,0.017394,0.001584,0.129285,0.007642,0.926558,0.997954,1.000000,0.163214,0.999998,0.051883,0.999645,0.029371,0.999581,0.012460,0.071052,0.002265,0.131184,0.029628,0.018769,0.965550,0.861445,0.976666,0.022064,0.974920,0.999776,0.999855,0.935382,0.989328,0.999593,0.998570,0.999432,0.051008,0.999776,0.024607
ENSDARG00000070029_0_2,0.0000,-0.4014,1.000000,0.862896,0.859877,-20.7000,-21.9380,0.750000,0.693480,0.591716,0.980200,0.369198,0.984689,0.261007,0.989576,0.308411,0.827450,0.958055,0.807831,0.890887,0.805980,0.693607,0.996957,0.696123,0.999198,0.727302,0.988089,0.797568,0.815581,0.210581,0.539641,0.127168,0.559184,0.246576,0.698335,0.430693,0.999768,0.824374,0.998593,0.713229,0.996373,0.815668,0.853632,0.958098,0.759852,0.847124,0.783092,0.863500,0.813523,0.095157
ENSDARG00000070029_0_3,-2.1000,-2.6259,0.875000,0.856052,0.633950,-22.1000,-23.4769,0.125000,0.199271,0.495734,0.710173,0.543126,0.156586,0.514551,0.044795,0.825263,0.076013,0.827042,0.384446,0.862348,0.994814,0.929692,0.978087,0.606279,0.981939,0.585434,0.909056,0.891671,0.349065,0.850162,0.070671,0.823008,0.174946,0.061935,0.063428,0.036203,0.999001,0.112948,0.855094,0.050570,0.960886,0.090986,0.996049,0.107922,0.996436,0.166317,0.989840,0.907396,0.987679,0.121822
ENSDARG00000070029_0_6,-2.9000,-3.0607,0.750000,0.749714,0.524001,-19.1000,-21.2708,0.750000,0.671882,0.533678,0.976858,0.654483,0.020393,0.125447,0.016571,0.134329,0.016545,0.344642,0.016883,0.471145,0.207346,0.528862,0.997174,0.916076,0.995233,0.666692,0.994632,0.592891,0.201372,0.363095,0.019018,0.121202,0.020286,0.379638,0.015867,0.277356,0.014498,0.412592,0.996324,0.943939,0.997161,0.959716,0.980146,0.620409,0.997396,0.815021,0.998144,0.582731,0.998176,0.763288
ENSDARG00000070029_0_8,-2.6000,-3.6481,0.375000,0.409479,0.456288,-24.1000,-25.6886,0.625000,0.564238,0.502685,0.121064,0.764984,0.110217,0.561279,0.966035,0.844677,0.183687,0.175736,0.131895,0.059968,0.121866,0.050044,0.219290,0.097917,0.995108,0.286861,0.998998,0.936292,0.947862,0.736751,0.914148,0.498508,0.139764,0.526786,0.336408,0.680356,0.341983,0.831794,0.336040,0.825387,0.276427,0.948295,0.925649,0.155586,0.051629,0.115855,0.059140,0.129578,0.948560,0.827056
ENSDARG00000070029_0_9,-2.3000,-2.6012,0.250000,0.312065,0.423964,-23.8000,-26.0826,0.000000,0.142886,0.348991,0.959115,0.368002,0.132647,0.227848,0.076497,0.527195,0.060812,0.526028,0.056438,0.473646,0.047744,0.471675,0.102083,0.905690,0.805010,0.491491,0.983421,0.901039,0.970141,0.898004,0.983849,0.030585,0.805000,0.015538,0.095003,0.034750,0.054960,0.021713,0.053803,0.022872,0.057594,0.050586,0.076207,0.102825,0.162576,0.249774,0.999157,0.376897,0.997222,0.283667
ENSDARG00000070419_0_1,0.0000,-0.3324,1.000000,0.911916,0.922926,-19.1000,-21.0372,0.625000,0.691077,0.606094,0.938465,0.540582,0.974092,0.338936,0.972251,0.474801,0.999418,0.956818,0.998910,0.797104,0.990493,0.776375,0.982371,0.690241,0.999663,0.737868,0.999650,0.773242,0.992553,0.290914,0.662889,0.098249,0.652442,0.118137,1.000000,0.301502,0.924058,0.666220,0.992140,0.526866,0.989873,0.476812,0.999662,0.974230,0.739355,0.948427,0.682247,0.897173,0.967990,0.737383
ENSDARG00000070419_0_2,0.0000,-0.8400,1.000000,0.758701,0.759557,-20.8000,-22.9280,0.375000,0.459444,0.401432,0.791933,0.516226,0.723913,0.460514,0.763407,0.423826,0.792417,0.454242,0.823252,0.197682,0.856394,0.166393,0.820135,0.282742,0.845307,0.528761,0.709649,0.478743,0.651886,0.472591,0.594752,0.155313,0.748489,0.216058,0.729460,0.295515,0.834070,0.160568,0.907708,0.378635,0.723543,0.689088,0.725434,0.662934,0.682022,0.697909,0.672377,0.448173,0.794994,0.342728
ENSDARG00000070419_0_3,-3.9000,-4.0169,0.500000,0.523190,0.618352,-23.3000,-24.1281,0.125000,0.178162,0.542545,0.999994,0.988155,0.999085,0.989309,0.126547,0.857622,0.002132,0.844185,0.002550,0.814947,0.053507,0.807016,0.999943,0.896216,0.999895,0.959256,0.999868,0.994754,0.999999,0.998059,0.998986,0.144498,0.999015,0.131597,0.052291,0.008748,0.010163,0.007039,0.010750,0.030916,0.134779,0.743945,0.991971,0.135975,0.992283,0.137564,0.993298,0.205588,0.999984,0.155519
ENSDARG00000070419_0_4,-1.4000,-1.5209,1.000000,0.985512,0.730485,-22.2000,-23.7987,0.125000,0.334476,0.491609,0.978329,0.808263,0.133068,0.189241,0.132897,0.211123,0.132162,0.415657,0.984781,0.848920,0.997711,0.855715,0.979080,0.829680,0.992138,0.876179,0.151113,0.354979,0.130151,0.389206,0.125146,0.406070,0.989039,0.971344,0.985914,0.512822,0.996933,0.500443,0.988982,0.582737,0.987036,0.016797,0.978108,0.007470,0.974921,0.015664,0.977352,0.057738,0.994846,0.982136
ENSDARG00000070419_0_5,0.0000,-0.9358,1.000000,0.610412,0.659310,-22.3000,-24.4541,0.375000,0.428306,0.483220,0.920609,0.942791,0.778088,0.599128,0.786742,0.640338,0.572602,0.740994,0.481194,0.597005,0.440780,0.604030,0.525830,0.669530,0.634160,0.889607,0.411969,0.158408,0.802951,0.012622,0.984542,0.008234,0.963443,0.375255,0.997204,0.287100,0.778344,0.343528,0.750387,0.266585,0.524218,0.657288,0.550149,0.056166,0.413500,0.162409,0.410153,0.656492,0.459343,0.996884
ENSDARG00000070419_0_7,-3.1000,-3.3305,0.250000,0.314191,0.429099,-25.6000,-27.3134,0.250000,0.264614,0.448319,0.997761,0.991993,0.149065,0.983059,0.008991,0.949538,0.008683,0.817301,0.011330,0.902361,0.034595,0.699006,0.175100,0.164266,0.906124,0.025725,0.999914,0.037505,0.999460,0.975517,0.897722,0.297839,0.879713,0.005355,0.785009,0.002266,0.819937,0.058991,0.210316,0.046115,0.165429,0.315348,0.129225,0.873757,0.129203,0.596641,0.127642,0.101624,0.146763,0.122167
ENSDARG00000070419_0_8,-0.8000,-1.5716,1.000000,0.748242,0.674381,-19.6000,-21.3694,0.625000,0.532848,0.478512,0.523481,0.282481,0.234757,0.253244,0.283316,0.328293,0.515500,0.619110,0.520589,0.603859,0.753967,0.526587,0.686385,0.275851,0.608604,0.189554,0.608052,0.209393,0.958062,0.609574,0.885237,0.581200,0.923734,0.828306,0.936837,0.784274,0.782459,0.780868,0.843869,0.972240,0.597116,0.938576,0.602912,0.092540,0.644862,0.116637,0.581988,0.444251,0.995890,0.133399
ENSDARG00000070419_0_9,-3.7000,-3.8009,1.000000,0.969072,0.691373,-26.0000,-27.1774,0.250000,0.336732,0.414459,0.038391,0.054954,0.028463,0.038704,0.027708,0.049727,0.979491,0.977688,1.000000,0.979500,0.996590,0.975991,0.988829,0.977011,1.000000,0.973374,0.026983,0.033783,0.023728,0.034823,0.024719,0.008468,0.939976,0.491306,0.946274,0.046023,0.981906,0.065710,1.000000,0.514668,0.981286,0.997033,1.000000,0.068948,0.975705,0.038439,0.869254,0.007356,0.998154,0.955680
ENSDARG00000070419_0_10,0.0000,-0.1021,1.000000,0.980535,0.984428,-20.0000,-22.2817,0.625000,0.612992,0.568506,0.988905,0.732371,0.991500,0.860386,0.989877,0.792486,0.998348,0.297505,1.000000,0.399371,0.980581,0.741974,0.992403,0.490674,1.000000,0.673024,0.910256,0.259076,0.994519,0.124450,1.000000,0.292991,0.997894,0.801871,1.000000,0.832024,1.000000,0.913137,1.000000,0.866912,0.851129,0.735429,1.000000,0.669812,1.000000,0.207469,1.000000,0.510896,0.993154,0.168259
ENSDARG00000071150_18_1,-6.1000,-6.1671,0.625000,0.621500,0.497463,-32.3000,-33.3642,0.500000,0.494253,0.308915,0.034434,0.073604,0.928546,0.044107,0.008219,0.051983,0.000712,0.143959,0.000762,0.076577,0.002157,0.812290,0.999840,0.600943,0.999986,0.166597,0.999994,0.167224,0.999917,0.066541,0.002072,0.002781,0.000631,0.017677,0.000647,0.999814,0.032957,0.015495,0.975357,0.000214,0.027024,0.000098,0.936043,0.013597,0.999991,0.999944,0.999983,0.999563,0.999998,0.925298
ENSDARG00000071150_18_2,-0.8000,-1.0272,0.750000,0.809391,0.835965,-21.6000,-22.9703,1.000000,0.867691,0.587360,0.925990,0.059218,0.946079,0.048733,0.970539,0.055103,0.998299,0.066397,0.999238,0.885675,0.970874,0.837411,0.259694,0.029207,0.250076,0.095046,0.999962,0.923057,0.987472,0.424313,0.972921,0.428413,0.963038,0.953104,0.257626,0.674392,0.259009,0.722544,0.999881,0.990353,0.999942,0.985317,0.998287,0.930238,0.999942,0.955082,0.980320,0.827315,0.980122,0.856288
ENSDARG00000071150_18_3,-0.7000,-1.4697,1.000000,0.705476,0.694953,-26.8000,-27.4699,0.250000,0.292435,0.360834,0.318155,0.014346,0.267850,0.003917,0.857540,0.003468,0.452638,0.003017,0.473781,0.003084,0.643396,0.016105,0.944415,0.989515,0.946593,0.995626,0.706440,0.997046,0.702565,0.795083,0.972910,0.797936,0.968957,0.258059,0.841003,0.263940,0.820534,0.990566,0.807420,0.020142,0.629680,0.001427,0.609553,0.134530,0.496821,0.009597,0.618021,0.864653,0.820777,0.054622
ENSDARG00000071150_18_6,0.0000,-0.2761,1.000000,0.957691,0.950071,-20.0000,-22.1519,0.250000,0.363538,0.610130,0.817281,0.862616,0.902485,0.871488,0.925928,0.892204,0.998969,0.900517,0.999707,0.960228,0.900341,0.880652,1.000000,0.973189,1.000000,0.884548,0.994111,0.879487,1.000000,0.577303,0.857363,0.505583,0.943707,0.106471,0.999915,0.294146,0.876509,0.292913,0.992019,0.366215,0.878067,0.602512,0.959840,0.891968,0.998576,0.208506,0.962285,0.131119,0.994320,0.120928
ENSDARG00000071150_18_7,-2.2000,-2.6285,0.625000,0.604824,0.677639,-21.9000,-23.3521,0.625000,0.611624,0.411740,0.967812,0.419906,0.969114,0.332980,0.999967,0.418015,0.999158,0.270282,0.999910,0.222015,0.998941,0.116766,0.498918,0.099669,0.027755,0.029786,0.018099,0.218104,0.594336,0.924899,0.988079,0.204965,0.652089,0.084413,0.998347,0.994688,0.998623,0.783113,1.000000,0.780741,0.151190,0.708668,0.436591,0.316670,0.079821,0.126847,0.580896,0.929369,0.593128,0.252898
ENSDARG00000071150_18_8,-2.3000,-2.8467,0.500000,0.457180,0.470664,-32.5000,-33.9525,0.000000,0.086083,0.230471,0.560661,0.989337,0.103798,0.990845,0.029307,0.033754,0.872734,0.016503,0.036472,0.013262,0.057228,0.023022,0.062734,0.161205,0.989433,0.683133,0.997717,0.998898,0.996089,0.009738,0.989080,0.000931,0.060581,0.000118,0.051474,0.000980,0.117065,0.000971,0.920525,0.000027,0.025153,0.000047,0.085725,0.004501,0.533885,0.017389,0.923916,0.136765,0.999699,0.527987
ENSDARG00000071150_18_9,-2.3000,-2.3529,0.750000,0.757584,0.710254,-19.9000,-21.8269,0.500000,0.455820,0.498751,0.977386,0.509132,0.034774,0.349938,0.045650,0.721292,0.072726,0.784385,0.999354,0.935356,0.985011,0.603799,0.984008,0.701782,0.992607,0.787003,0.990918,0.117657,0.989783,0.067167,0.998592,0.142006,0.073599,0.608951,0.045886,0.010684,0.048286,0.107442,0.988322,0.783628,0.987609,0.185639,0.992363,0.158981,0.999564,0.663029,0.999923,0.870539,0.998722,0.866615
ENSDARG00000071150_18_10,-3.0000,-3.5014,0.500000,0.501733,0.567863,-26.6000,-27.9301,0.250000,0.291201,0.412004,0.244591,0.968647,0.243515,0.959756,0.910236,0.905786,0.234693,0.933009,0.239831,0.985763,0.997312,0.898103,0.485781,0.171800,0.978064,0.012105,0.974720,0.015599,0.998627,0.017393,0.753707,0.016339,0.282310,0.026173,0.702859,0.912284,0.240439,0.029623,0.261109,0.043479,0.989989,0.920650,0.101899,0.278013,0.026586,0.015629,0.721568,0.110899,0.969415,0.019033
ENSDARG00000071497_2_1,-3.6000,-3.6854,0.875000,0.877440,0.696938,-23.8000,-25.5195,1.000000,0.919551,0.521513,0.038194,0.754110,0.014790,0.482069,0.030554,0.547618,0.946938,0.908694,0.952213,0.012561,0.988307,0.010732,1.000000,0.011609,0.999208,0.016208,0.922548,0.132109,1.000000,0.019945,0.023052,0.164208,0.003438,0.013986,0.021133,0.652956,0.999992,0.984599,0.999981,0.964120,0.999941,0.975022,0.999969,0.976509,0.998782,0.928060,0.999969,0.990263,0.999749,0.884880
ENSDARG00000071497_2_2,0.0000,-0.2286,1.000000,0.967791,0.935646,-21.3000,-22.5855,1.000000,0.854940,0.595149,0.861911,0.818574,0.840447,0.067101,0.906695,0.018391,0.994646,0.015656,0.955779,0.077001,0.955942,0.097459,0.926586,0.191149,0.880729,0.893223,0.922091,0.890961,0.919328,0.872925,0.878538,0.564115,0.927904,0.556906,0.899411,0.911371,0.954608,0.924768,0.996589,0.949724,0.998558,0.978080,0.959906,0.985344,0.999523,0.985354,0.966329,0.564764,0.967406,0.540111
ENSDARG00000071497_2_3,-0.4000,-1.0238,0.375000,0.562679,0.644143,-22.3000,-23.4128,0.750000,0.746759,0.509317,0.301154,0.912524,0.983118,0.076506,0.280686,0.022512,0.243908,0.010616,0.258237,0.038973,0.550769,0.038460,0.925534,0.953506,0.962250,0.961596,0.960959,0.979791,0.990690,0.088120,0.992469,0.067815,0.931652,0.061846,0.554436,0.074118,0.251646,0.322359,0.247678,0.978840,0.284790,0.816045,0.964711,0.891644,0.228176,0.898963,0.970534,0.997266,0.999461,0.994837
ENSDARG00000071497_2_4,-2.6000,-3.1833,0.375000,0.503239,0.576400,-25.2000,-26.3204,1.000000,0.884198,0.555216,0.858328,0.009035,0.539508,0.000710,0.655408,0.002512,0.615852,0.002110,0.332453,0.033933,0.339368,0.982369,0.441148,0.061699,0.414057,0.059092,0.408589,0.062400,0.999912,0.968705,0.959303,0.893780,0.938153,0.954388,0.124836,0.894921,0.164120,0.896449,0.580876,0.868675,0.130857,0.849771,0.489156,0.893360,0.553448,0.962369,0.982642,0.754616,0.999978,0.953422
ENSDARG00000071497_2_5,-3.3000,-3.6885,0.625000,0.588990,0.659203,-20.1000,-22.4844,0.500000,0.572041,0.456268,0.905609,0.344317,0.890503,0.126369,0.904880,0.197279,0.947327,0.324127,0.935303,0.331249,0.999283,0.381247,0.654729,0.544425,0.086652,0.174635,0.084237,0.113893,0.126534,0.168586,0.989947,0.893053,0.947144,0.949860,0.937148,0.930185,0.964562,0.919937,0.934356,0.948048,0.914402,0.806884,0.070466,0.069001,0.113363,0.212246,0.115089,0.213680,0.662532,0.476342
ENSDARG00000071497_2_7,-2.2000,-2.2633,0.750000,0.757085,0.617763,-23.0000,-24.8708,0.500000,0.605577,0.422202,0.077495,0.505225,0.062136,0.503289,0.060929,0.503285,0.062089,0.015104,0.979205,0.496928,0.983268,0.271454,0.977304,0.253881,0.994207,0.225015,0.991539,0.131502,0.990575,0.216115,0.061391,0.188818,0.058441,0.288807,0.066325,0.770460,0.061196,0.482561,0.977234,0.572146,0.985781,0.668049,0.987968,0.481838,0.982609,0.609599,0.997358,0.634906,0.998207,0.625056
ENSDARG00000071497_2_8,-1.1000,-1.4361,0.750000,0.813278,0.734272,-22.1000,-23.5155,0.375000,0.395446,0.429976,0.933955,0.964270,0.929631,0.439605,0.955513,0.378158,0.871526,0.368813,0.184440,0.970114,0.150552,0.960257,0.319236,0.012916,0.998401,0.019314,0.980728,0.026523,0.874340,0.284875,0.831974,0.992894,0.148912,0.018211,0.303491,0.022339,0.311656,0.989766,0.995561,0.050303,0.999510,0.018548,0.978422,0.944630,0.918896,0.058629,0.999222,0.545174,0.999468,0.534182
ENSDARG00000071497_2_9,-1.6000,-1.8253,0.625000,0.617750,0.696596,-24.1000,-26.3388,0.250000,0.290121,0.437413,0.832595,0.540964,0.865370,0.420991,0.998391,0.710384,0.999678,0.458108,0.999879,0.420385,0.130956,0.388406,0.139327,0.983809,0.140990,0.388545,0.970583,0.672232,0.964437,0.436034,0.999850,0.427063,0.947856,0.580374,0.923898,0.981613,0.119015,0.265266,0.137588,0.073867,0.144239,0.013362,0.954368,0.005994,0.956249,0.961377,0.813455,0.005288,0.893189,0.014201
ENSDARG00000071497_2_10,-0.4000,-1.0165,0.750000,0.794358,0.740990,-21.3000,-23.6625,0.625000,0.560980,0.446661,0.607232,0.440085,0.556309,0.280875,0.989214,0.188632,0.997836,0.193627,0.517479,0.139843,0.454545,0.326887,0.866745,0.127003,0.825091,0.193286,0.871816,0.681458,0.823547,0.646281,0.431017,0.587128,0.524097,0.640269,0.983262,0.647318,0.989797,0.843261,0.435492,0.381996,0.499109,0.385869,0.997364,0.901702,0.766044,0.408372,0.753963,0.447159,0.929830,0.472164
ENSDARG00000073801_2_1,-0.9000,-1.1754,1.000000,0.992550,0.828393,-21.9000,-23.2436,0.750000,0.677280,0.588633,0.157824,0.018228,0.159565,0.016499,0.983655,0.045959,1.000000,0.052822,0.992161,0.783883,0.993441,0.962718,0.356104,0.426836,0.352054,0.419024,0.999334,0.981197,0.820135,0.826906,0.821792,0.845567,0.991386,0.974782,0.993601,0.943993,0.993820,0.937335,0.983206,0.950106,0.982638,0.898656,0.990227,0.787221,0.998794,0.743132,0.998506,0.099744,0.999607,0.058056
ENSDARG00000073801_2_2,-5.3000,-6.0582,0.375000,0.427322,0.530066,-24.0000,-26.4088,0.250000,0.321088,0.377907,0.998589,0.891083,0.994834,0.825986,0.989443,0.898953,0.004492,0.041444,0.001429,0.065136,0.000222,0.036655,0.000573,0.021705,0.458086,0.093689,0.852981,0.988435,0.999802,0.921112,0.999904,0.123264,0.882393,0.081976,0.690806,0.032301,0.544625,0.027096,0.267294,0.028782,0.007530,0.155930,0.303430,0.670547,0.292805,0.278004,0.312383,0.807951,0.999706,0.568095
ENSDARG00000073801_2_4,-2.8000,-3.2122,0.375000,0.514416,0.573534,-21.9000,-23.9758,0.750000,0.660827,0.522782,0.330824,0.519468,0.053612,0.448532,0.668051,0.463497,0.059716,0.590362,0.380524,0.695193,0.460372,0.596955,0.927466,0.444243,0.927214,0.271329,0.961455,0.185361,0.962563,0.151846,0.997287,0.293761,0.626268,0.508491,0.084769,0.710629,0.052466,0.376710,0.384587,0.875499,0.302010,0.478444,0.338046,0.504643,0.974581,0.873550,0.985756,0.882351,0.993114,0.584787
ENSDARG00000073801_2_5,-2.1000,-2.4946,0.625000,0.673479,0.725300,-21.6000,-23.4339,0.375000,0.495462,0.470498,0.967671,0.849309,0.788522,0.095942,0.801136,0.148695,0.999474,0.221288,0.933951,0.204477,0.988573,0.263651,0.384691,0.614638,0.131436,0.066296,0.134884,0.076605,0.999997,0.984170,0.999899,0.970181,0.987927,0.951013,0.986383,0.958100,0.721217,0.502406,0.787845,0.517695,0.179758,0.067068,0.248383,0.106161,0.465864,0.694769,0.999156,0.998920,0.999221,0.118577
ENSDARG00000073801_2_6,-0.6000,-1.3007,0.500000,0.675878,0.710923,-20.8000,-22.8953,0.375000,0.385026,0.596648,0.965975,0.873852,0.852431,0.858043,0.914096,0.872499,0.949270,0.887286,0.820321,0.760603,0.915267,0.880747,0.994796,0.897573,0.663683,0.851416,0.384158,0.792719,0.291943,0.687966,0.207566,0.355143,0.851932,0.134904,0.985115,0.151564,0.884918,0.713549,0.838976,0.142479,0.988481,0.231997,0.348664,0.128943,0.314814,0.139536,0.373995,0.970692,0.672064,0.601451
ENSDARG00000073801_2_7,-2.5000,-3.5213,0.625000,0.525644,0.527549,-27.1000,-28.8937,0.375000,0.358587,0.404950,0.312340,0.705214,0.143990,0.694407,0.354477,0.677599,0.406431,0.552684,0.164995,0.605893,0.228819,0.756477,0.698072,0.975053,0.999970,0.180232,0.993096,0.056700,0.699103,0.023443,0.652847,0.002243,0.691683,0.000357,0.389789,0.000453,0.564305,0.000291,0.124338,0.002034,0.018985,0.010705,0.125360,0.810599,0.990833,0.936267,0.995458,0.762192,0.996083,0.346157
ENSDARG00000073801_2_8,-12.0000,-12.0230,0.375000,0.378541,0.402891,-27.7000,-29.7759,0.375000,0.255443,0.355539,0.029512,0.393985,0.991183,0.768791,0.007472,0.076355,0.000032,0.059825,0.000020,0.058803,0.000021,0.043551,0.000679,0.035418,0.999996,0.842637,0.999999,0.947253,0.999997,0.813861,0.999819,0.872209,0.000757,0.154548,0.000076,0.145675,0.000073,0.143751,0.000028,0.009072,0.007439,0.044561,0.999999,0.627817,0.020721,0.026030,0.999996,0.570580,0.999996,0.476062
ENSDARG00000073801_2_9,0.0000,-0.0669,1.000000,0.992923,0.984207,-19.7000,-21.5603,0.750000,0.748803,0.572422,0.980093,0.334908,0.997847,0.089381,0.998923,0.093848,0.964309,0.098038,0.957297,0.054340,0.958397,0.125833,0.990113,0.104722,0.997012,0.917324,0.990096,0.819998,0.995866,0.945552,0.954066,0.950167,0.956746,0.923904,0.996880,0.975367,0.987889,0.950741,0.999428,0.966131,0.999052,0.966205,0.999053,0.945543,0.994516,0.944836,0.979538,0.133801,0.987027,0.107802
ENSDARG00000073801_2_10,-0.2000,-0.8003,1.000000,0.954491,0.832104,-18.7000,-20.5609,1.000000,0.691336,0.603410,0.970545,0.542447,0.600243,0.399278,0.499459,0.451224,0.774260,0.500842,0.708972,0.781105,0.769710,0.852575,0.997009,0.352989,0.616923,0.159962,0.607629,0.161199,0.990634,0.967884,0.731752,0.596901,0.739021,0.771106,0.731947,0.471596,0.958474,0.474401,0.978334,0.483058,0.982678,0.558133,0.999552,0.689820,0.995689,0.990356,0.994640,0.986376,0.994613,0.876948
ENSDARG00000073817_2_1,-2.1000,-2.5544,0.500000,0.666780,0.612005,-20.7000,-21.7770,0.500000,0.493348,0.439529,0.542498,0.146796,0.530936,0.130464,0.581800,0.172360,0.580977,0.731754,0.996484,0.398151,0.983886,0.368792,0.470135,0.304431,0.470407,0.850554,0.482438,0.855826,0.063892,0.229769,0.576416,0.313189,0.625997,0.341719,0.581014,0.796182,0.928606,0.174325,0.472961,0.075891,0.481444,0.061849,0.479125,0.108740,0.459803,0.849421,0.944440,0.942772,0.986846,0.937602
ENSDARG00000073817_2_2,-2.9000,-3.0015,1.000000,0.984323,0.707035,-25.2000,-26.1955,0.375000,0.377153,0.454792,0.954402,0.942692,0.043167,0.024496,0.041585,0.019504,0.123477,0.101155,0.999617,0.971600,0.970048,0.972380,0.969677,0.973248,0.920091,0.919822,0.074042,0.067092,0.093281,0.069683,0.076802,0.058201,0.999917,0.958735,0.995166,0.961142,0.954871,0.943344,0.971601,0.984813,0.968443,0.024636,0.997296,0.023158,0.999053,0.024248,0.990977,0.017208,0.997177,0.038677
ENSDARG00000073817_2_3,-3.1000,-3.1907,0.625000,0.625968,0.601475,-20.2000,-21.8571,0.375000,0.568152,0.475866,0.979915,0.300620,0.944210,0.285189,0.983499,0.288732,0.056430,0.187616,0.012170,0.147237,0.016721,0.299033,0.025256,0.116759,0.999094,0.788563,0.998977,0.806661,0.995782,0.795204,0.992139,0.826103,0.017562,0.130380,0.010053,0.141191,0.015604,0.209594,0.056444,0.239410,0.999176,0.954465,0.936591,0.918716,0.999223,0.958990,0.990815,0.572380,0.999840,0.550466
ENSDARG00000073817_2_4,-0.4000,-1.3689,0.625000,0.664748,0.677454,-21.0000,-22.7587,0.625000,0.739386,0.542116,0.601962,0.110699,0.601316,0.025167,0.815766,0.027995,0.414643,0.039884,0.364816,0.235235,0.854206,0.563640,0.999971,0.836696,0.538566,0.169143,0.585218,0.310256,0.912855,0.658022,0.876167,0.974647,0.665600,0.975852,0.781635,0.945752,0.143706,0.524298,0.123646,0.558502,0.943874,0.950842,0.958474,0.944504,0.762006,0.944033,0.789777,0.923394,0.814871,0.123763
ENSDARG00000073817_2_5,-1.5000,-2.1888,0.750000,0.701189,0.674665,-24.6000,-25.5023,0.625000,0.598789,0.467290,0.536081,0.096145,0.800721,0.088041,0.336422,0.086254,0.940645,0.086789,0.405585,0.355521,0.619604,0.121914,0.967110,0.072117,0.999318,0.129666,0.999242,0.914712,0.709997,0.904678,0.338578,0.891925,0.230490,0.807726,0.994754,0.936238,0.585596,0.085365,0.957756,0.056409,0.336220,0.053536,0.672466,0.906961,0.558453,0.904788,0.504943,0.911930,0.999325,0.935088
ENSDARG00000073817_2_6,-2.3000,-2.5224,0.500000,0.493448,0.591593,-21.8000,-23.5964,0.000000,0.214441,0.542537,0.989554,0.788810,0.049782,0.644347,0.023766,0.655704,0.034651,0.816184,0.045568,0.814987,0.992238,0.824565,0.999809,0.969778,0.783390,0.835912,0.999748,0.833273,0.981974,0.661889,0.983802,0.608009,0.999993,0.681756,0.927219,0.340225,0.998340,0.574561,0.848877,0.464494,0.999024,0.109377,0.037875,0.013057,0.034761,0.013692,0.037957,0.020239,0.063534,0.179879
ENSDARG00000073817_2_7,-0.1000,-0.9506,0.500000,0.705415,0.748791,-24.2000,-25.4751,0.750000,0.675281,0.511520,0.941229,0.923770,0.892691,0.161582,0.863868,0.217394,0.950300,0.959128,0.944027,0.272745,0.646794,0.051180,0.657239,0.010044,0.969323,0.006161,0.683786,0.010020,0.415304,0.948254,0.604425,0.295245,0.763518,0.972632,0.748803,0.898587,0.724422,0.065407,0.571566,0.132469,0.975477,0.829650,0.511039,0.914974,0.490577,0.652359,0.781350,0.971271,0.840089,0.937533
ENSDARG00000073817_2_8,-2.7000,-3.1987,0.625000,0.639471,0.530669,-23.7000,-25.4283,1.000000,0.584596,0.456622,0.037255,0.437693,0.046623,0.190391,1.000000,0.301861,0.959356,0.448774,0.042306,0.710360,0.055388,0.548361,0.178382,0.545705,0.999730,0.254811,0.999238,0.259781,0.986030,0.242236,0.164699,0.253623,0.028607,0.262075,0.029449,0.270974,0.596946,0.519651,0.590973,0.541974,0.987422,0.764909,0.452326,0.481171,0.458667,0.515624,0.999988,0.794889,0.999997,0.787577
ENSDARG00000073817_2_9,-4.4000,-4.6744,0.375000,0.403433,0.522283,-26.1000,-26.9595,0.250000,0.295411,0.225160,0.842069,0.115752,0.663602,0.007214,0.649949,0.006892,0.650848,0.005586,0.653489,0.058498,0.353924,0.007217,0.352354,0.004230,0.353966,0.006461,0.350883,0.002792,0.349896,0.002237,0.999491,0.946802,0.997722,0.976236,0.655444,0.982980,0.650718,0.992572,0.002657,0.054915,0.018550,0.055219,0.201856,0.045435,0.350485,0.033108,0.348345,0.038483,0.999410,0.160578
ENSDARG00000073817_2_10,-0.1000,-0.7321,1.000000,0.996457,0.862081,-19.5000,-21.2114,1.000000,0.471819,0.533942,0.315613,0.239575,0.318415,0.238111,0.999967,0.949621,0.998932,0.586512,0.996365,0.577970,0.995986,0.962523,0.998151,0.967619,0.686356,0.810838,0.331146,0.269018,0.632515,0.322600,0.997364,0.461303,0.999163,0.518592,0.995409,0.870601,0.990130,0.909925,0.997912,0.526322,0.999756,0.314909,0.999792,0.278522,0.999776,0.294590,0.997011,0.297528,0.991869,0.282154
ENSDARG00000074184_0_1,-3.9000,-4.0479,0.375000,0.414529,0.522389,-23.5000,-25.4186,0.375000,0.380489,0.310368,0.964232,0.781783,0.966282,0.464346,0.980359,0.239753,0.986619,0.302537,0.991999,0.293855,0.923440,0.030625,0.071574,0.009635,0.022719,0.002146,0.062992,0.001102,0.109003,0.046774,0.099527,0.034511,0.952799,0.956383,0.993183,0.999416,0.998136,0.999910,0.941698,0.999190,0.051958,0.033500,0.024145,0.003161,0.079286,0.000667,0.091926,0.003424,0.135901,0.004645
ENSDARG00000074184_0_2,-1.6000,-2.0392,0.375000,0.458842,0.507101,-27.3000,-28.5561,0.000000,0.264498,0.175424,0.159312,0.006840,0.049769,0.002333,0.054139,0.002566,0.079767,0.001675,0.990993,0.001608,0.347506,0.001993,0.417423,0.004324,0.963045,0.005058,0.995667,0.040216,0.996990,0.789345,0.997301,0.192336,0.419375,0.344191,0.307577,0.177051,0.999662,0.182673,0.983279,0.387226,0.062766,0.390614,0.074234,0.345892,0.068888,0.210901,0.174341,0.209931,0.999988,0.211699
ENSDARG00000074184_0_3,0.0000,-0.5123,1.000000,0.854476,0.839791,-27.1000,-27.9508,0.000000,0.005270,0.449781,0.839406,0.984162,0.799366,0.994104,0.767238,0.368444,0.994438,0.354858,0.764794,0.342101,0.612401,0.298893,0.745731,0.923514,0.999833,0.987659,0.854730,0.976280,1.000000,0.868055,0.885784,0.866596,0.696299,0.988801,0.662310,0.025882,0.876703,0.000119,0.932082,0.000018,0.999843,0.000305,0.694285,0.001203,0.999538,0.012872,0.833777,0.000464,0.837267,0.001295
ENSDARG00000074184_0_4,-4.9000,-5.3600,0.750000,0.699308,0.523576,-25.8000,-27.4572,0.500000,0.473671,0.401312,0.727207,0.804260,0.004939,0.682758,0.004841,0.693310,0.016258,0.700432,0.101205,0.958640,0.419907,0.215535,0.985464,0.084359,0.976497,0.039440,0.999905,0.038795,0.419897,0.016962,0.114629,0.000800,0.106306,0.001571,0.119749,0.357907,0.131318,0.773729,0.881530,0.671584,0.742586,0.940565,0.858043,0.006880,0.861952,0.005395,0.999519,0.033819,0.999770,0.999490
ENSDARG00000074184_0_5,-2.1000,-2.3301,0.625000,0.659757,0.717857,-25.1000,-27.0191,0.250000,0.244991,0.387599,0.870163,0.212432,0.883209,0.188942,0.882523,0.708291,0.964472,0.844230,0.988293,0.572890,0.998237,0.509677,0.992736,0.634431,0.967364,0.415512,0.285593,0.762311,0.131748,0.475474,0.133160,0.239566,0.981592,0.228293,0.899934,0.369744,0.894637,0.484011,0.899084,0.057229,0.989844,0.028981,0.995973,0.172777,0.147825,0.275381,0.148290,0.350637,0.302468,0.221172
ENSDARG00000074184_0_6,-1.9000,-2.0886,1.000000,0.890038,0.609490,-21.5000,-23.6832,0.500000,0.412100,0.462730,0.975616,0.732229,0.217248,0.177172,0.215197,0.182589,0.229420,0.236900,0.233810,0.645385,0.888603,0.665043,0.878707,0.787928,0.833952,0.921607,0.195357,0.380827,0.073269,0.354698,0.095643,0.336466,0.232679,0.536963,0.999604,0.867795,0.997085,0.608375,0.898147,0.541333,0.874099,0.533507,0.922117,0.357591,0.799742,0.065905,0.794883,0.288428,0.834626,0.033866
ENSDARG00000074184_0_7,-3.7000,-3.7392,0.750000,0.752819,0.604627,-25.6000,-26.7775,0.625000,0.629872,0.525951,0.046447,0.527666,0.976971,0.520214,0.020726,0.296423,0.994475,0.344930,0.011472,0.935879,0.009525,0.888591,0.993535,0.928933,0.994580,0.983576,0.997135,0.037980,0.999754,0.000421,0.011352,0.000261,0.014024,0.015161,0.992865,0.999566,0.039326,0.035622,0.975849,0.002708,0.019300,0.003413,0.995454,0.999993,0.999950,0.999978,0.999876,0.999896,0.999930,0.997799
ENSDARG00000074184_0_8,-0.8000,-1.0837,0.750000,0.818851,0.834564,-22.0000,-22.9677,0.625000,0.637668,0.521085,0.969504,0.915924,0.994058,0.169900,1.000000,0.206708,1.000000,0.994712,1.000000,0.167905,0.274128,0.052690,0.257303,0.048822,1.000000,0.994709,0.998978,0.107711,1.000000,0.263224,0.824803,0.773969,0.821700,0.624079,1.000000,0.991549,1.000000,0.881815,0.998176,0.087438,0.285991,0.126417,0.266637,0.019451,1.000000,0.999914,1.000000,0.999808,1.000000,0.994951
ENSDARG00000074184_0_9,-0.1000,-1.1919,0.750000,0.846935,0.786448,-21.8000,-23.3462,0.625000,0.577135,0.559669,0.849030,0.826630,0.890157,0.365854,0.855396,0.434876,1.000000,0.441548,0.503074,0.499543,0.175872,0.550007,0.439314,0.547574,1.000000,0.828229,0.995962,0.740624,1.000000,0.944574,0.703014,0.215710,0.541668,0.181136,1.000000,0.497436,0.492487,0.099090,0.541884,0.032037,0.746224,0.031520,1.000000,0.987197,0.994886,0.987794,1.000000,0.998317,1.000000,0.983687
ENSDARG00000074184_0_10,-4.6000,-4.6310,0.875000,0.868563,0.505831,-22.7000,-23.9853,0.500000,0.608333,0.410074,0.032421,0.179616,0.025021,0.042128,0.023281,0.083798,0.019155,0.350405,0.033424,0.257388,0.997964,0.850501,0.996270,0.642944,0.996353,0.593608,0.019226,0.024195,0.004921,0.037106,0.006469,0.044978,0.013606,0.228145,0.028463,0.411468,0.997466,0.866670,0.996843,0.829638,0.986865,0.965447,0.982448,0.314801,0.978421,0.258319,0.978314,0.251927,0.999687,0.968394
ENSDARG00000074397_1_1,-3.3000,-3.7021,0.250000,0.346650,0.476959,-22.7000,-24.5675,0.250000,0.371445,0.437520,0.985003,0.593776,0.985608,0.555921,0.236607,0.756130,0.191833,0.358469,0.994072,0.347705,0.053706,0.196982,0.005103,0.072346,0.005276,0.609797,0.312200,0.538243,0.999591,0.708742,0.998603,0.597773,0.998382,0.442945,0.998799,0.697806,0.309420,0.798036,0.006008,0.047591,0.004135,0.215778,0.055797,0.579919,0.183090,0.047138,0.215991,0.048581,0.999958,0.536713
ENSDARG00000074397_1_2,-0.8000,-1.3728,0.875000,0.823497,0.745652,-23.3000,-24.6243,0.250000,0.344957,0.487433,0.871859,0.943808,0.549783,0.923303,0.260092,0.943083,0.586928,0.946430,0.570212,0.167551,0.734665,0.084008,0.986254,0.051673,0.936456,0.052020,0.892122,0.067329,0.871992,0.976784,0.548377,0.908616,0.516326,0.924401,0.587930,0.295866,0.764914,0.349395,0.980325,0.984386,0.992604,0.052513,0.652170,0.015021,0.648128,0.011673,0.977084,0.997667,0.984818,0.053133
ENSDARG00000074397_1_3,-5.2000,-5.6658,0.250000,0.360023,0.446785,-25.8000,-27.1209,0.375000,0.341665,0.339415,0.242620,0.157232,0.046005,0.043126,0.020406,0.044760,0.022366,0.060377,0.998661,0.982482,0.757214,0.968075,0.136437,0.946244,0.276170,0.036254,0.927543,0.016005,0.927479,0.020887,0.933987,0.134487,0.766635,0.645059,0.090183,0.623550,0.358363,0.989044,0.973816,0.207002,0.054925,0.011639,0.065900,0.053221,0.042827,0.000387,0.314238,0.029986,0.979930,0.818489
ENSDARG00000074397_1_4,-1.9000,-2.1175,0.500000,0.532176,0.622634,-21.4000,-22.6824,0.375000,0.396831,0.407974,0.056367,0.148267,0.050767,0.141631,0.992178,0.187072,0.191880,0.334886,0.201124,0.810724,0.996563,0.808307,0.867646,0.210046,0.861554,0.125459,0.991933,0.173524,0.989211,0.184508,0.998252,0.935216,0.997790,0.925198,0.074101,0.071835,0.087179,0.052895,0.246282,0.088687,0.240990,0.140805,0.977138,0.940522,0.816245,0.875747,0.816077,0.870727,0.999393,0.133428
ENSDARG00000074397_1_6,0.0000,-0.3456,1.000000,0.950217,0.930873,-24.6000,-25.6625,0.500000,0.505380,0.560582,0.848751,0.753683,0.988016,0.541805,0.999458,0.863964,0.930223,0.069235,0.971988,0.018495,0.880541,0.010447,0.726128,0.028744,0.936966,0.982924,0.999738,0.976141,0.860811,0.975773,1.000000,0.957460,0.873105,0.989924,0.808190,0.029370,0.915903,0.010523,0.990345,0.007198,0.913601,0.007182,0.999848,0.998799,0.989357,0.998610,0.986061,0.999557,0.998430,0.991799
ENSDARG00000074397_1_7,-1.9000,-2.4255,1.000000,0.783635,0.696591,-23.9000,-25.5868,0.000000,0.036587,0.385669,0.515982,0.668857,0.535740,0.657141,0.414649,0.657465,0.861972,0.980474,0.861779,0.979528,0.998602,0.473609,0.976539,0.361094,0.598570,0.339063,0.595913,0.351170,0.168047,0.660687,0.564933,0.617978,0.570013,0.673619,0.993287,0.171670,0.991942,0.028526,0.476981,0.015443,0.477460,0.017376,0.467533,0.015637,0.962829,0.021270,0.919741,0.014345,0.979306,0.008426
ENSDARG00000074397_1_8,0.0000,-0.0983,1.000000,0.990061,0.974894,-19.0000,-20.0950,1.000000,0.877387,0.674833,0.922707,0.173893,0.985288,0.105596,0.967960,0.183601,0.960391,0.924013,0.956239,0.833464,0.967091,0.925571,0.995359,0.033147,0.915724,0.048570,0.999280,0.774685,0.978095,0.983579,0.967209,0.811471,0.962037,0.679973,0.961564,0.677522,0.991552,0.741449,0.987418,0.890265,0.996273,0.972024,0.994057,0.970696,0.994041,0.927335,0.996723,0.932379,0.998863,0.907429
ENSDARG00000074397_1_9,-6.7000,-6.7258,0.375000,0.380919,0.504727,-27.1000,-28.3248,0.500000,0.491779,0.519485,0.999887,0.919694,0.991552,0.848436,0.011240,0.887082,0.000061,0.962616,0.000053,0.967888,0.009146,0.358335,0.035455,0.289991,0.999922,0.180642,0.999953,0.868987,0.999974,0.129387,0.999969,0.037916,0.999968,0.004494,0.035341,0.018971,0.002493,0.867900,0.000175,0.183425,0.006740,0.002738,0.002664,0.001292,0.999980,0.991761,0.999979,0.985295,0.999980,0.882850
ENSDARG00000074397_1_10,-3.9000,-3.9746,0.875000,0.839985,0.685968,-23.8000,-25.0968,0.625000,0.565836,0.460936,0.096076,0.583587,0.057127,0.521489,0.018337,0.721625,0.957191,0.469742,0.941469,0.396870,0.960757,0.367754,0.995507,0.992679,0.955029,0.226144,0.957003,0.211828,0.959175,0.188891,0.053547,0.005964,0.048269,0.005449,0.014952,0.006489,0.955800,0.982358,0.955540,0.886417,0.956369,0.867181,0.956654,0.806384,0.951958,0.879737,0.953862,0.065677,0.974743,0.032445
ENSDARG00000074474_8_1,-6.0000,-6.1428,0.250000,0.279691,0.423732,-23.3000,-25.3088,0.125000,0.257854,0.359167,0.995818,0.626912,0.989038,0.590893,0.994593,0.683084,0.004972,0.145818,0.006260,0.119519,0.004504,0.182589,0.002372,0.111759,0.055097,0.269182,0.187870,0.437842,0.996873,0.849481,0.999801,0.534341,0.999918,0.569090,0.996626,0.698139,0.190066,0.389311,0.054070,0.296957,0.000913,0.155676,0.002396,0.117517,0.000859,0.154260,0.002755,0.144730,0.989840,0.106240
ENSDARG00000074474_8_2,-2.7000,-3.4709,0.625000,0.521827,0.497668,-26.5000,-28.3670,0.375000,0.421509,0.362905,0.361639,0.560717,0.272599,0.558678,0.498362,0.323462,0.695972,0.093848,0.205677,0.214157,0.265379,0.457204,0.629055,0.706224,0.539540,0.651543,0.794648,0.072469,0.793617,0.100245,0.476509,0.075187,0.245739,0.072289,0.707805,0.161728,0.223509,0.007784,0.144541,0.068260,0.278212,0.566221,0.702682,0.352542,0.622600,0.327712,0.590107,0.972143,0.905161,0.915682
ENSDARG00000074474_8_3,-6.4000,-6.6680,0.500000,0.488290,0.551822,-27.4000,-28.4448,0.375000,0.385901,0.275987,0.007860,0.983057,0.000443,0.068522,0.000617,0.008611,0.008137,0.007388,0.997115,0.010184,0.805765,0.012170,0.807299,0.010914,0.903843,0.023309,0.987995,0.165676,0.999095,0.993303,0.842297,0.140387,0.769663,0.009019,0.903619,0.003624,0.988074,0.008056,0.005553,0.037357,0.015935,0.991626,0.010026,0.989538,0.016311,0.994630,0.966848,0.046641,0.999953,0.015736
ENSDARG00000074474_8_4,-4.3000,-4.5145,0.875000,0.846650,0.681744,-25.0000,-26.4385,0.625000,0.561948,0.584919,0.739169,0.965345,0.104149,0.872808,0.002737,0.829050,0.007846,0.827048,0.999552,0.973081,0.999984,0.966705,0.994568,0.424992,0.991569,0.281025,0.994547,0.905139,0.904246,0.103471,0.019352,0.014248,0.103949,0.039886,0.016858,0.051555,0.994728,0.548810,0.810827,0.538539,0.988531,0.548713,0.995434,0.436691,0.990636,0.404996,0.993092,0.984041,0.983097,0.982238
ENSDARG00000074474_8_5,-1.5000,-2.0221,0.375000,0.493616,0.566296,-23.6000,-25.5579,0.375000,0.421860,0.327178,0.919207,0.853289,0.301126,0.067859,0.273520,0.057342,0.259801,0.013457,0.218089,0.016774,0.336308,0.149526,0.995387,0.007220,0.803016,0.003874,0.592325,0.005486,0.726099,0.185908,0.979497,0.934023,0.972618,0.873916,0.880239,0.957936,0.931299,0.985419,0.863714,0.893783,0.211040,0.049813,0.223277,0.150066,0.242094,0.030241,0.295355,0.153288,0.301907,0.154336
ENSDARG00000074474_8_6,0.0000,-0.5137,1.000000,0.876652,0.866161,-19.5000,-20.6423,0.500000,0.527573,0.551192,0.729212,0.286913,0.764651,0.293773,0.999426,0.896529,0.979754,0.508230,0.988469,0.250928,0.961329,0.206591,0.993675,0.727182,0.765595,0.933154,0.728588,0.373869,0.702935,0.379056,0.853228,0.972487,0.843148,0.974546,0.887603,0.108611,0.932917,0.100189,0.997250,0.112106,0.996435,0.986700,0.763920,0.947213,0.693633,0.935460,0.741971,0.945336,0.999483,0.084972
ENSDARG00000074474_8_7,0.0000,-0.3089,1.000000,0.922372,0.891852,-23.1000,-24.2926,1.000000,0.903563,0.533984,0.678428,0.002441,0.657410,0.000837,0.714470,0.001361,0.940357,0.004626,0.948931,0.999099,0.991836,0.870387,0.973874,0.991973,0.992722,0.028417,0.929196,0.005066,0.964992,0.007475,0.912400,0.180707,0.753439,0.358796,0.792131,0.819363,0.817911,0.734353,0.900639,0.760049,0.896205,0.991220,0.998650,0.977928,0.998708,0.978852,0.986260,0.983301,0.988473,0.983437
ENSDARG00000074474_8_8,0.0000,-0.1711,1.000000,0.977891,0.956985,-23.8000,-25.3771,0.625000,0.511261,0.470306,0.998910,0.833365,0.996728,0.828436,0.835941,0.277639,0.787541,0.361736,0.992558,0.252112,0.998722,0.325580,0.993175,0.143347,0.987859,0.476321,0.982154,0.593653,0.966881,0.430060,0.876724,0.343599,0.899381,0.450177,0.957371,0.542075,0.956578,0.546263,0.981323,0.048746,0.994128,0.388099,0.996029,0.911544,0.973553,0.399671,0.991330,0.628117,0.972816,0.625573
ENSDARG00000074474_8_9,-5.3000,-5.8230,0.500000,0.419938,0.535378,-22.5000,-24.2112,0.375000,0.389020,0.565373,0.980762,0.857791,0.024534,0.662487,0.034530,0.708639,0.027773,0.742134,0.021771,0.825608,0.981259,0.862217,0.484170,0.831682,0.825549,0.841527,0.973353,0.638084,0.999968,0.658689,0.999817,0.262855,0.994563,0.303575,0.478810,0.906316,0.831010,0.114548,0.014664,0.011738,0.014558,0.024016,0.000403,0.037942,0.020757,0.717846,0.999317,0.966855,0.999986,0.332902
ENSDARG00000074474_8_10,-2.6000,-3.2018,0.250000,0.409836,0.527829,-22.0000,-23.5153,0.125000,0.173228,0.386146,0.999548,0.411882,0.998953,0.410763,0.724451,0.372497,0.527679,0.280969,0.046442,0.256401,0.030326,0.304363,0.479993,0.885450,0.423496,0.785535,0.461659,0.771209,0.585767,0.783504,0.999916,0.844065,0.999654,0.230448,0.956022,0.091903,0.948130,0.116498,0.572745,0.972613,0.046883,0.090132,0.007774,0.006056,0.006492,0.004511,0.220229,0.052512,0.520412,0.051601
ENSDARG00000074739_1_1,0.0000,-0.1546,1.000000,0.977840,0.966282,-23.7000,-24.6025,0.625000,0.651702,0.408530,0.874512,0.816043,0.954442,0.805557,0.991087,0.011746,0.987105,0.007468,0.999929,0.013496,0.989350,0.006126,1.000000,0.835628,0.908638,0.013049,0.902608,0.007528,0.898041,0.024292,0.999410,0.221140,0.997807,0.194909,0.998805,0.191018,0.999646,0.189316,0.975346,0.191875,0.999488,0.999896,0.999476,0.999896,0.965478,0.999660,0.916849,0.820384,0.967632,0.821571
ENSDARG00000074739_1_2,-1.3000,-1.7484,0.250000,0.413236,0.529272,-22.7000,-23.9907,0.500000,0.497715,0.494417,0.826947,0.926747,0.151254,0.253501,0.116647,0.228676,0.955045,0.939085,0.124687,0.072962,0.292429,0.081230,0.983963,0.865516,0.441472,0.141314,0.404018,0.105618,0.988370,0.826758,0.996029,0.739082,0.998697,0.726133,0.842114,0.963848,0.413823,0.063785,0.260593,0.068398,0.094823,0.033435,0.111068,0.054555,0.983352,0.939287,0.281715,0.909472,0.318400,0.948944
ENSDARG00000074739_1_3,-0.4000,-1.0642,0.375000,0.547659,0.615367,-29.8000,-31.7396,0.250000,0.269880,0.268615,0.424431,0.966549,0.248647,0.186717,0.247153,0.215010,0.255664,0.503871,0.341682,0.590941,0.981062,0.238404,0.765076,0.344769,0.998192,0.156739,0.958639,0.002358,0.956918,0.001978,0.968769,0.002381,0.779836,0.003544,0.344524,0.015961,0.258453,0.003563,0.220450,0.019697,0.194858,0.021979,0.389391,0.189958,0.993406,0.612237,0.988501,0.845977,0.991693,0.449667
ENSDARG00000074739_1_4,-3.8000,-3.9482,0.250000,0.320244,0.436598,-25.1000,-26.5854,0.125000,0.133168,0.271900,0.979277,0.874397,0.996106,0.059471,0.068797,0.003854,0.045498,0.002487,0.928874,0.016000,0.117023,0.986666,0.082547,0.262277,0.071632,0.075236,0.089153,0.068206,0.921045,0.993877,0.933177,0.994658,0.936879,0.035530,0.999579,0.009418,0.099861,0.005568,0.047797,0.008650,0.072994,0.992468,0.111551,0.031227,0.995717,0.009895,0.106490,0.003688,0.127965,0.004429
ENSDARG00000074739_1_5,-1.6000,-2.5670,0.500000,0.559820,0.642334,-27.7000,-29.3556,0.375000,0.385022,0.411899,0.948960,0.778521,0.909506,0.709971,0.917678,0.659781,0.932909,0.675229,0.655513,0.593063,0.992996,0.225170,0.286858,0.391049,0.209801,0.384930,0.204600,0.686020,0.451076,0.005203,0.858213,0.003403,1.000000,0.045460,0.978916,0.996357,0.995444,0.997801,0.581337,0.070292,0.291934,0.012231,0.275813,0.003148,0.028440,0.000142,0.399156,0.003771,0.927518,0.996433
ENSDARG00000074739_1_6,-3.5000,-3.6146,0.875000,0.845062,0.610655,-20.6000,-23.1992,0.500000,0.545094,0.426202,0.973048,0.529199,0.095374,0.374834,0.090214,0.413909,0.098988,0.606734,0.130803,0.572956,0.991516,0.773256,0.972866,0.232600,0.973091,0.172493,0.967231,0.180346,0.068834,0.019774,0.039391,0.018429,0.051255,0.268749,0.104838,0.832679,0.977512,0.969436,0.972403,0.957279,0.994454,0.959096,0.938211,0.418102,0.901428,0.044617,0.898857,0.027849,0.972796,0.151696
ENSDARG00000074739_1_7,-2.5000,-2.8396,0.500000,0.498841,0.594356,-23.3000,-24.6432,0.375000,0.469360,0.478673,0.958730,0.878645,0.790502,0.441538,0.962476,0.485789,0.969353,0.941504,0.133391,0.233352,0.029893,0.169972,0.032149,0.495732,0.074589,0.491542,0.994482,0.492303,0.998281,0.084637,0.999825,0.564929,0.952716,0.538643,0.030687,0.539725,0.031347,0.565246,0.032920,0.356996,0.136427,0.300908,0.999943,0.349176,0.999950,0.374082,0.759461,0.340839,0.999994,0.927911
ENSDARG00000074739_1_9,0.0000,-0.6769,1.000000,0.857806,0.810946,-20.4000,-21.7012,1.000000,0.871528,0.501361,0.444281,0.231661,0.374178,0.132019,0.661837,0.144835,1.000000,0.981967,0.897580,0.171832,0.829013,0.952558,0.926802,0.118386,1.000000,0.110138,0.991518,0.118415,0.712894,0.031114,0.904537,0.033856,0.613829,0.028215,0.639757,0.838741,0.894895,0.816061,0.777210,0.943894,0.778437,0.936180,0.940834,0.995928,0.998176,0.926924,0.914028,0.594145,0.919113,0.920352
ENSDARG00000074919_0_1,0.0000,-0.2226,1.000000,0.916931,0.934266,-26.0000,-27.2370,0.500000,0.397729,0.431377,0.987022,0.547787,0.989608,0.536250,0.938639,0.487209,0.981584,0.491421,0.853658,0.499598,0.867790,0.942075,0.967581,0.172049,0.973412,0.165496,0.918255,0.369299,0.956871,0.293752,0.944313,0.393553,0.971142,0.547218,0.972908,0.533444,0.981902,0.539797,0.978430,0.037099,0.984970,0.035573,0.798860,0.020106,0.715765,0.036806,0.953580,0.996467,0.949030,0.982541
ENSDARG00000074919_0_2,-3.5000,-3.7403,0.375000,0.399693,0.517504,-25.4000,-27.2535,0.375000,0.440312,0.451204,0.945106,0.948118,0.927100,0.732530,0.987419,0.791746,0.994510,0.613102,0.249242,0.513182,0.021045,0.696094,0.022788,0.136471,0.006202,0.031665,0.005712,0.001015,0.997476,0.353423,0.998263,0.352121,0.997671,0.332128,0.997744,0.338591,0.017575,0.340002,0.018683,0.311202,0.022521,0.378657,0.018560,0.623439,0.249559,0.802048,0.925864,0.671976,0.947040,0.056577
ENSDARG00000074919_0_4,-1.6000,-1.8468,0.500000,0.542025,0.624467,-23.4000,-24.9809,0.125000,0.348656,0.492774,0.151541,0.879301,0.830078,0.731492,0.214192,0.742330,0.213995,0.846122,0.085656,0.907956,0.861461,0.358402,0.961415,0.241361,0.999330,0.321040,0.976135,0.962936,0.955146,0.292154,0.960954,0.318617,0.943240,0.464528,0.107985,0.383368,0.100727,0.391513,0.224077,0.935756,0.992106,0.057771,0.099426,0.017458,0.816818,0.024529,0.997183,0.492907,0.997880,0.485944
ENSDARG00000074919_0_5,-2.0000,-2.1197,0.500000,0.539269,0.631306,-24.9000,-25.7198,0.625000,0.588664,0.408556,0.980525,0.941448,0.990016,0.898250,0.972343,0.093733,0.146945,0.142500,0.097719,0.032467,0.962258,0.012373,0.954364,0.117260,0.080147,0.100828,0.129975,0.044243,0.999072,0.049998,0.999306,0.226587,0.999302,0.802125,0.948633,0.789385,0.056060,0.757154,0.122037,0.998600,0.998639,0.986827,0.968119,0.107609,0.152753,0.036769,0.079136,0.034487,0.988774,0.998483
ENSDARG00000074919_0_6,-2.3000,-3.3212,0.625000,0.437675,0.544212,-23.7000,-24.8926,0.375000,0.464143,0.491920,0.932731,0.965830,0.918500,0.072815,0.308631,0.080070,0.354485,0.065530,0.463077,0.080713,0.334718,0.869452,0.101470,0.279384,0.150372,0.388008,0.973975,0.930779,0.970978,0.783658,0.933174,0.739143,0.940733,0.869876,0.625580,0.157901,0.709666,0.189880,0.760400,0.682362,0.169450,0.280428,0.436583,0.310537,0.124124,0.864911,0.315861,0.345167,0.359732,0.881962
ENSDARG00000074919_0_7,-4.7000,-5.2958,0.250000,0.360914,0.488730,-22.2000,-24.3267,0.250000,0.285006,0.484976,0.362888,0.592193,0.008514,0.386954,0.002248,0.432009,0.282337,0.463134,0.004175,0.346252,0.227182,0.435932,1.000000,0.968452,1.000000,0.988704,1.000000,0.649359,0.999983,0.587292,0.999962,0.577623,1.000000,0.991571,0.659266,0.317028,0.261249,0.165500,0.999999,0.371094,0.031783,0.063822,0.002633,0.050174,0.281280,0.611721,0.287232,0.086789,0.363868,0.613923
ENSDARG00000074919_0_8,-0.4000,-0.9915,1.000000,0.905142,0.794204,-21.3000,-22.6474,0.375000,0.411773,0.496920,0.348297,0.347795,0.365021,0.337244,1.000000,0.903408,0.986760,0.955980,1.000000,0.976688,1.000000,0.962475,1.000000,0.987203,0.358076,0.353176,0.346261,0.360413,1.000000,0.346759,0.631040,0.064212,0.607497,0.048865,1.000000,0.999202,0.995644,0.094959,1.000000,0.101492,1.000000,0.998533,0.990763,0.998333,1.000000,0.088146,0.624518,0.006434,0.630210,0.007081
ENSDARG00000074919_0_9,-1.2000,-1.9052,0.625000,0.597871,0.648575,-27.3000,-27.9840,0.625000,0.578193,0.351213,0.515864,0.025017,0.408427,0.014936,0.555644,0.004433,0.981835,0.001830,0.535223,0.001313,0.563559,0.002942,0.643611,0.009286,0.638973,0.999411,0.502888,0.993926,0.848352,0.100614,0.997635,0.111975,0.996527,0.133035,0.995498,0.922014,0.566110,0.992052,0.564409,0.974376,0.643185,0.726343,0.199475,0.996818,0.198268,0.008697,0.643813,0.001876,0.972213,0.003368
ENSDARG00000074919_0_10,-2.5000,-2.8503,0.500000,0.483379,0.582102,-26.0000,-27.2680,0.375000,0.406258,0.460397,0.995885,0.676975,0.107012,0.605568,0.015899,0.610385,0.015621,0.760879,0.180093,0.693070,0.805040,0.355458,0.702119,0.257681,0.999952,0.253819,0.999787,0.293992,0.999778,0.980708,0.995952,0.236306,0.957873,0.233033,0.701396,0.232644,0.034838,0.014930,0.013331,0.000372,0.013598,0.000282,0.105708,0.022777,0.999344,0.999544,0.999370,0.999511,0.999445,0.980005
ENSDARG00000075281_0_1,-0.4000,-1.0513,0.750000,0.738269,0.712720,-21.3000,-22.9079,0.375000,0.398250,0.518504,0.995006,0.956786,0.862787,0.944496,0.382748,0.937402,0.452931,0.921235,0.293727,0.927969,0.783547,0.965974,0.772239,0.793129,0.772876,0.156176,0.814006,0.044138,0.895261,0.038702,0.883729,0.095327,0.439395,0.402746,0.238338,0.934589,0.449733,0.664741,0.790782,0.348391,0.798013,0.833841,0.811553,0.012870,0.966387,0.041900,0.860515,0.222712,0.990834,0.126958
ENSDARG00000075281_0_2,-3.7000,-4.4395,0.375000,0.400637,0.516859,-21.5000,-23.9279,0.000000,0.293524,0.412803,0.985982,0.420018,0.985475,0.389279,0.988818,0.486707,0.115074,0.554329,0.107249,0.549817,0.360347,0.668610,0.319857,0.492689,0.008560,0.175197,0.275418,0.133745,0.990822,0.705129,0.997104,0.696108,0.997380,0.636231,0.997570,0.689824,0.989878,0.717923,0.999179,0.506651,0.019382,0.072242,0.014747,0.070294,0.019715,0.031316,0.048577,0.102580,0.116052,0.157364
ENSDARG00000075281_0_3,-2.7000,-2.8094,0.625000,0.606115,0.597742,-22.7000,-23.9296,0.500000,0.483907,0.361650,0.153251,0.276593,0.136227,0.268028,0.097508,0.288478,0.048261,0.447180,0.874528,0.020918,0.879700,0.020963,0.883671,0.017737,0.905426,0.020644,0.998646,0.051507,0.999677,0.072084,0.996525,0.964557,0.132509,0.913054,0.044144,0.989738,0.024855,0.152526,0.032127,0.014236,0.880824,0.016747,0.905530,0.048255,0.962993,0.660744,0.998586,0.994561,0.999861,0.994448
ENSDARG00000075281_0_4,-0.3000,-1.2884,0.625000,0.524195,0.619040,-21.4000,-23.0265,0.500000,0.393334,0.538924,0.997712,0.966750,0.998605,0.693616,0.997187,0.558893,0.328791,0.562968,0.190268,0.602248,0.129551,0.936810,0.358697,0.903905,0.468774,0.768335,0.732483,0.686622,0.989248,0.418025,0.997803,0.447537,0.998114,0.086096,0.777206,0.033778,0.781422,0.043400,0.517745,0.256140,0.426364,0.543140,0.360885,0.381237,0.381640,0.782734,0.421050,0.935949,0.527246,0.170292
ENSDARG00000075281_0_5,-0.6000,-1.0423,0.375000,0.538206,0.629437,-21.1000,-22.1133,0.625000,0.632789,0.583337,0.991671,0.977060,0.991878,0.323306,0.964154,0.040933,0.999936,0.047604,0.468395,0.069982,0.243133,0.379986,0.215163,0.964470,0.206094,0.768284,0.214578,0.676952,0.999641,0.917995,0.999623,0.728611,0.988818,0.709237,0.999271,0.059472,0.998999,0.036252,0.210632,0.027699,0.213337,0.982835,0.214436,0.982356,0.241525,0.989487,0.465318,0.992805,0.962133,0.991411
ENSDARG00000075281_0_6,0.0000,-0.4544,1.000000,0.812594,0.832536,-22.2000,-24.2294,0.750000,0.527319,0.436726,0.972578,0.606739,0.953696,0.593336,0.913798,0.247742,0.608642,0.239236,0.561375,0.103978,0.575009,0.799653,0.839249,0.824266,0.972950,0.976806,0.974247,0.094282,0.977487,0.001824,0.979711,0.003406,0.821225,0.024695,0.810759,0.040501,0.747018,0.220861,0.536423,0.383691,0.719972,0.371958,0.810945,0.363085,0.918367,0.876740,0.970499,0.995710,0.986771,0.966007
ENSDARG00000075281_0_7,-2.8000,-3.3674,0.250000,0.222250,0.376989,-20.7000,-22.9759,0.375000,0.430814,0.423627,0.996760,0.664310,0.046270,0.455640,0.013120,0.496886,0.007138,0.424587,0.004707,0.492339,0.027952,0.469122,0.131597,0.701701,0.560373,0.448326,0.983415,0.269411,0.998882,0.257307,0.999782,0.182113,0.991775,0.164291,0.989692,0.198908,0.535795,0.318908,0.132646,0.537005,0.024901,0.413835,0.015680,0.685873,0.016372,0.520137,0.018581,0.323892,0.044334,0.447954
ENSDARG00000075281_0_8,-2.7000,-3.0638,0.500000,0.449142,0.559139,-25.9000,-27.3514,0.125000,0.123076,0.341927,0.779252,0.972126,0.657865,0.995432,0.847836,0.714264,0.185672,0.652910,0.014607,0.796022,0.067930,0.404767,0.043807,0.962794,0.996727,0.108118,0.999858,0.085616,0.999040,0.053096,0.999304,0.092695,0.997742,0.016080,0.993587,0.002993,0.989141,0.009277,0.036768,0.004243,0.017018,0.001664,0.014859,0.001991,0.100234,0.008096,0.763141,0.076832,0.678390,0.879513
ENSDARG00000075281_0_9,-3.0000,-3.4806,0.500000,0.547982,0.578109,-21.0000,-23.1163,0.750000,0.737879,0.529902,0.893160,0.758993,0.159715,0.287298,0.192121,0.320735,0.273107,0.509322,0.989988,0.699804,0.999415,0.609014,0.259086,0.614300,0.162711,0.084233,0.852341,0.414533,0.999680,0.142730,0.999775,0.140856,0.397221,0.113188,0.261831,0.411755,1.000000,0.942885,1.000000,0.994789,1.000000,0.942830,0.055124,0.957492,0.032372,0.601371,0.034539,0.612207,0.999986,0.439706
ENSDARG00000075281_0_10,-1.8000,-2.1383,0.500000,0.572531,0.709009,-20.4000,-22.8515,0.500000,0.511051,0.456461,0.877148,0.468257,0.870023,0.381493,0.880364,0.548616,0.987630,0.534701,0.987560,0.410478,0.992344,0.455244,1.000000,0.641219,0.882011,0.664612,1.000000,0.439626,0.849765,0.366085,0.171855,0.069370,0.101226,0.061108,0.086219,0.073638,0.999989,0.989573,0.999978,0.991247,0.980407,0.983332,0.982782,0.923464,0.099852,0.019806,0.100236,0.016691,0.330783,0.090657
ENSDARG00000075593_0_1,0.0000,-0.1991,1.000000,0.963847,0.955734,-21.5000,-23.1400,0.500000,0.468023,0.560706,0.741900,0.965073,0.842557,0.411523,0.999952,0.271669,0.998803,0.216207,0.997466,0.224467,0.919834,0.206291,0.995743,0.996228,0.997242,0.995201,0.973008,0.980782,0.954472,0.806657,0.997433,0.806661,0.985492,0.589183,0.994089,0.616846,0.873837,0.990264,0.871911,0.991775,0.997917,0.994859,0.996560,0.121296,0.997184,0.011700,0.992196,0.009829,0.987081,0.007617
ENSDARG00000075593_0_3,-0.2000,-0.9052,0.500000,0.704379,0.749503,-19.2000,-21.1357,0.500000,0.562233,0.507735,0.981524,0.844902,0.895951,0.402082,0.532329,0.523452,0.991831,0.693959,0.414391,0.367379,0.396263,0.310005,0.474393,0.585201,0.881798,0.329079,0.901139,0.200750,0.992270,0.871393,0.955739,0.322382,0.937406,0.206260,0.946689,0.180990,0.533894,0.204784,0.376863,0.742986,0.284345,0.305254,0.911754,0.883224,0.601267,0.439179,0.985323,0.881806,0.994895,0.859638
ENSDARG00000075593_0_4,-2.5000,-2.7303,1.000000,0.905013,0.680404,-26.9000,-27.6668,1.000000,0.979970,0.535629,0.186363,0.008559,0.183315,0.001674,0.162887,0.874975,0.999024,0.987058,0.963757,0.019003,0.963612,0.002090,0.171819,0.000078,0.054634,0.000015,0.054794,0.000098,0.840324,0.009030,0.903251,0.043604,0.884194,0.926642,0.998209,0.996850,0.999495,0.996417,0.975445,0.995162,0.964752,0.998320,0.846764,0.999135,0.797450,0.976999,0.729754,0.929388,0.928234,0.947491
ENSDARG00000075593_0_5,-1.8000,-1.9726,1.000000,0.961658,0.717325,-20.4000,-21.8846,1.000000,0.847985,0.569662,0.125218,0.022944,0.120595,0.017975,0.233228,0.440676,0.928210,0.589997,0.923148,0.190981,0.923511,0.197568,0.925728,0.989050,0.234390,0.847063,0.126357,0.039420,0.128831,0.038528,0.992682,0.258372,0.991340,0.976781,0.999334,0.889063,0.998843,0.848801,0.999284,0.831747,0.927231,0.979692,0.922235,0.854245,0.918506,0.894730,0.927982,0.676557,0.999852,0.809047
ENSDARG00000075593_0_6,-2.0000,-2.4664,0.875000,0.720949,0.609062,-25.9000,-26.9995,1.000000,0.939756,0.547209,0.761625,0.002521,0.041091,0.000346,0.140655,0.003841,0.494260,0.154639,0.164928,0.999136,0.619615,0.307350,0.916673,0.019291,0.955779,0.002086,0.918613,0.000205,0.438801,0.003659,0.497083,0.973100,0.464528,0.959947,0.407383,0.975863,0.942039,0.932975,0.673064,0.920093,0.639251,0.905556,0.858179,0.930755,0.633082,0.924096,0.616910,0.957590,0.997684,0.971122
ENSDARG00000075593_0_7,-0.8000,-1.1570,0.625000,0.699096,0.620306,-23.5000,-24.6358,0.750000,0.693180,0.486082,0.218774,0.121910,0.199899,0.118248,0.196109,0.119283,0.987994,0.056756,0.298274,0.084270,0.323860,0.129962,0.998504,0.088468,0.993716,0.159769,0.984412,0.624282,0.374766,0.895692,0.337567,0.874057,0.899471,0.903512,0.201647,0.966384,0.212542,0.858707,0.231826,0.860997,0.994022,0.832112,0.991862,0.810509,0.980260,0.810109,0.987697,0.360085,0.992916,0.046534
ENSDARG00000075593_0_8,-2.9000,-3.5044,0.500000,0.572811,0.525635,-26.8000,-28.2407,0.250000,0.253397,0.407652,0.262217,0.271120,0.216310,0.133398,0.087846,0.759479,0.073383,0.865329,0.128882,0.978030,0.590045,0.874322,0.941192,0.169208,0.946837,0.255332,0.973543,0.558452,0.975745,0.273569,0.631149,0.983399,0.103058,0.004232,0.139232,0.002436,0.103973,0.003061,0.969902,0.013775,0.924246,0.000313,0.224795,0.000204,0.232592,0.008727,0.992368,0.999675,0.995379,0.998986
ENSDARG00000075593_0_9,-0.1000,-0.6778,1.000000,0.963364,0.865636,-20.1000,-22.0911,0.250000,0.266943,0.538905,0.359150,0.786240,0.370652,0.784449,0.992252,0.928630,0.987339,0.911387,0.994887,0.787093,0.997934,0.871522,0.996136,0.838858,0.986071,0.863371,0.584084,0.602918,0.578045,0.357682,0.984318,0.496176,0.774938,0.414234,0.787719,0.899854,0.999463,0.927079,0.994521,0.066873,0.998868,0.108652,0.997185,0.058503,0.961450,0.050149,0.971318,0.012867,0.996389,0.011567
ENSDARG00000075593_0_10,0.0000,-0.4631,1.000000,0.765484,0.815023,-27.9000,-28.7957,0.375000,0.435239,0.387182,0.914430,0.994269,0.991437,0.035179,0.684804,0.030072,0.672420,0.033568,0.727234,0.076623,0.772583,0.299968,0.581616,0.919583,0.853677,0.814607,0.992099,0.953441,0.998936,0.088752,0.995067,0.009981,0.992275,0.005675,0.544750,0.000194,0.529468,0.005364,0.865879,0.093149,0.681122,0.960340,0.802518,0.255840,0.722468,0.169984,0.981987,0.998871,0.995684,0.998172
ENSDARG00000075849_6_1,0.0000,-0.3349,1.000000,0.876737,0.896698,-19.7000,-21.2118,0.625000,0.452029,0.634117,0.936076,0.688000,0.952472,0.555149,0.968146,0.573397,0.998898,0.995730,0.995488,0.820948,0.726844,0.789745,0.609191,0.738940,0.739497,0.983580,0.999303,0.722246,0.998008,0.625747,0.996591,0.611395,0.999556,0.961226,0.967239,0.511300,1.000000,0.505403,0.732083,0.579348,0.686546,0.063058,0.687685,0.021764,0.941432,0.021136,0.999728,0.960458,0.999179,0.953764
ENSDARG00000075849_6_2,0.0000,-0.6922,1.000000,0.820096,0.841594,-23.4000,-24.8762,0.125000,0.205752,0.462784,0.815450,0.984114,0.961703,0.883474,0.959366,0.405790,0.984839,0.285576,0.792340,0.363059,0.569849,0.309075,0.638316,0.747771,0.994846,0.409089,1.000000,0.568105,0.999539,0.928976,0.853277,0.856070,0.701582,0.868561,0.822860,0.265184,0.529542,0.283649,0.782309,0.982661,0.999567,0.020180,0.998972,0.019706,0.823891,0.019858,0.614963,0.020440,0.988661,0.034335
ENSDARG00000075849_6_3,0.0000,-0.5317,1.000000,0.805505,0.837203,-20.1000,-21.4493,0.875000,0.620344,0.554404,0.936353,0.181879,0.988217,0.157784,0.989285,0.136552,0.972750,0.818113,0.642151,0.823745,0.623876,0.805324,0.763271,0.132897,0.657632,0.200538,0.879533,0.887783,0.883822,0.637298,0.990677,0.693824,0.972457,0.649591,0.819118,0.531051,0.873375,0.522423,0.604317,0.511099,0.657243,0.932442,0.655155,0.665978,0.878433,0.643196,0.981626,0.944819,0.974773,0.211747
ENSDARG00000075849_6_4,0.0000,-0.7600,1.000000,0.646762,0.650359,-21.0000,-22.2354,0.500000,0.602374,0.402495,0.703927,0.942936,0.384781,0.882825,0.364077,0.086470,0.401327,0.057612,0.610975,0.045554,0.387747,0.055110,0.659780,0.104343,0.998564,0.920442,0.991752,0.038444,0.990730,0.019429,0.990852,0.061414,0.348565,0.016322,0.329703,0.012838,0.570356,0.036643,0.399740,0.372468,0.373636,0.985754,0.509600,0.982317,0.992753,0.990531,0.999297,0.989748,0.999010,0.448694
ENSDARG00000075849_6_5,-5.7000,-5.7502,0.625000,0.626183,0.603986,-28.3000,-29.8133,0.250000,0.230891,0.395154,0.957299,0.986929,0.028796,0.968868,0.000231,0.966615,0.000350,0.967441,0.055299,0.833684,0.998365,0.354091,0.999576,0.268938,0.999957,0.534052,0.999952,0.154574,0.998963,0.014464,0.999692,0.005723,0.031773,0.000579,0.000544,0.000198,0.023347,0.000863,0.003139,0.000892,0.999884,0.013357,0.999789,0.000961,0.983086,0.002078,0.999981,0.999905,0.999698,0.828874
ENSDARG00000075849_6_6,-0.9000,-1.5845,0.375000,0.506389,0.573897,-21.0000,-23.0922,0.375000,0.377043,0.512997,0.479341,0.895171,0.884561,0.885848,0.082698,0.746417,0.111897,0.669726,0.173273,0.651766,0.200811,0.841406,0.807989,0.611952,0.996091,0.574546,0.996747,0.530196,0.994844,0.044380,0.975705,0.166319,0.722878,0.625865,0.137394,0.601541,0.101085,0.484155,0.124173,0.045821,0.194962,0.028448,0.983291,0.036287,0.511235,0.212635,0.999096,0.908116,0.999871,0.699342
ENSDARG00000075849_6_7,-1.7000,-1.9061,0.875000,0.867474,0.639359,-21.5000,-23.0989,0.625000,0.774479,0.513925,0.111633,0.179647,0.953265,0.387116,0.056429,0.667791,0.053048,0.157049,0.226153,0.068685,0.999997,0.070453,0.995478,0.077276,0.999982,0.714819,0.264111,0.360509,0.095805,0.533690,0.100680,0.274750,0.990816,0.590882,0.092509,0.494173,0.999792,0.688139,0.999828,0.995239,0.999850,0.997623,0.962051,0.979819,0.959356,0.912492,0.960950,0.998597,0.965455,0.129752
ENSDARG00000075849_6_8,-3.8000,-3.9925,0.750000,0.763168,0.533738,-22.1000,-24.1248,0.375000,0.466822,0.390713,0.121618,0.758936,0.015435,0.192457,0.015796,0.040900,0.040206,0.039025,0.176881,0.056125,0.993543,0.728406,0.993146,0.322457,0.996326,0.303472,0.999877,0.376451,0.177784,0.595995,0.036726,0.561361,0.002076,0.104093,0.002241,0.029453,0.119579,0.267721,0.999281,0.814704,0.999825,0.802930,0.998689,0.850710,0.994111,0.374729,0.994283,0.272767,0.997334,0.321559
ENSDARG00000075849_6_10,0.0000,-0.7233,1.000000,0.953626,0.851771,-22.7000,-23.8114,0.625000,0.645451,0.564612,0.999737,0.844449,0.973428,0.843848,0.552315,0.981427,0.340891,0.981099,0.740107,0.255785,0.914704,0.113718,0.999127,0.076537,0.897056,0.980197,0.576517,0.007582,0.674350,0.010379,0.871755,0.036757,0.866433,0.996860,0.999102,0.997859,0.988099,0.930368,0.980606,0.197213,0.955113,0.017348,0.884400,0.024155,0.911079,0.999458,0.910635,0.999483,0.999971,0.997720
ENSDARG00000076177_24_1,-0.1000,-0.7232,0.750000,0.850406,0.836879,-17.8000,-19.7041,1.000000,0.855945,0.591553,0.415648,0.304020,0.394980,0.291250,0.801324,0.309044,0.948530,0.354559,0.918300,0.412624,0.995470,0.972937,0.965340,0.584561,0.941391,0.354154,0.921354,0.394326,0.992468,0.128715,0.808841,0.211634,0.830690,0.665672,0.394128,0.771636,0.520279,0.486002,0.987577,0.963073,0.991347,0.954884,0.994286,0.858510,0.955544,0.928006,0.960356,0.956632,0.999731,0.928818
ENSDARG00000076177_24_2,-5.8000,-6.3776,0.250000,0.190093,0.346660,-24.9000,-26.5969,1.000000,0.704321,0.426910,0.001611,0.002104,0.000088,0.000582,0.001356,0.006049,0.004798,0.993845,0.021951,0.008188,0.316908,0.002876,0.701865,0.004721,0.407236,0.015169,0.988007,0.200080,0.988157,0.905173,0.984604,0.443170,0.995880,0.321681,0.417004,0.330698,0.026349,0.879512,0.023066,0.956390,0.016100,0.880974,0.013175,0.870031,0.011871,0.874553,0.013274,0.454664,0.999907,0.387744
ENSDARG00000076177_24_3,0.0000,-0.4170,1.000000,0.977285,0.911488,-24.0000,-25.8020,0.500000,0.382692,0.513085,0.591990,0.858037,0.679136,0.594807,0.996052,0.792636,0.999253,0.540610,0.984113,0.246890,0.987258,0.204611,0.997584,0.215460,0.862051,0.321903,0.969151,0.957429,0.707307,0.925307,0.674515,0.826703,0.963070,0.715783,0.970684,0.474084,0.991271,0.495190,0.999085,0.076045,0.970755,0.060143,0.982055,0.019908,0.954272,0.026141,0.962662,0.953449,0.987497,0.956573
ENSDARG00000076177_24_4,0.0000,-0.2140,1.000000,0.991721,0.928125,-19.0000,-21.2066,0.125000,0.426980,0.556914,0.755435,0.684365,0.730966,0.634518,0.801279,0.693588,0.999032,0.843888,0.998293,0.740386,0.998925,0.746691,0.911537,0.770493,0.897823,0.936697,0.873004,0.464680,0.887030,0.398018,0.861837,0.367020,0.913564,0.442098,0.973625,0.628930,0.995239,0.334084,0.986168,0.628620,0.983551,0.591498,0.997985,0.706408,0.998283,0.365923,0.999190,0.110998,0.999728,0.049380
ENSDARG00000076177_24_5,0.0000,-0.0527,1.000000,0.977681,0.980904,-25.6000,-26.6609,0.375000,0.342712,0.438969,0.998664,0.956875,0.983982,0.935335,0.981381,0.939399,0.997147,0.450083,0.993567,0.261830,0.979935,0.663630,0.994810,0.597371,0.951770,0.673320,0.950405,0.143467,0.980105,0.064696,0.992921,0.078644,0.991950,0.273035,0.985343,0.707848,0.974653,0.145153,0.992933,0.411018,0.966181,0.083920,0.974196,0.643949,0.987455,0.643516,0.966757,0.052430,0.973928,0.053859
ENSDARG00000076177_24_6,-0.5000,-1.0619,1.000000,0.984653,0.837402,-23.4000,-24.5849,0.375000,0.426274,0.514541,0.193981,0.598260,0.219319,0.069409,1.000000,0.246304,0.991447,0.293048,1.000000,0.478685,0.966036,0.952637,1.000000,0.605042,0.908195,0.572038,0.663632,0.854922,0.342313,0.830918,0.585931,0.891794,0.999962,0.487571,0.993224,0.437664,0.999927,0.997731,0.976485,0.939081,0.995335,0.031640,0.989011,0.000614,0.971973,0.001889,0.962206,0.004980,0.989064,0.996594
ENSDARG00000076177_24_7,0.0000,-0.0221,1.000000,0.994043,0.994468,-21.3000,-22.7338,0.375000,0.446323,0.583522,0.998847,0.942978,0.999574,0.723272,0.996229,0.748957,0.999854,0.894580,0.998900,0.836671,0.987069,0.774656,0.984057,0.755592,0.998009,0.910884,0.998119,0.938505,0.999690,0.284201,0.992941,0.255981,0.983735,0.033575,0.998749,0.038172,0.988871,0.017348,0.984394,0.580763,0.998813,0.957751,0.997620,0.983871,0.998067,0.500024,0.993331,0.466421,0.992495,0.026230
ENSDARG00000076177_24_8,0.0000,-0.0438,1.000000,0.984246,0.986161,-25.1000,-26.1134,0.625000,0.578228,0.445390,0.996455,0.690496,0.999154,0.699277,0.989187,0.137250,0.998543,0.004372,0.985137,0.006107,0.957958,0.016404,0.997918,0.172011,0.965741,0.997175,0.969672,0.897891,0.997456,0.248483,0.998189,0.135466,0.993831,0.277047,0.998185,0.765371,0.995602,0.085497,0.982331,0.296236,0.948720,0.038717,0.968392,0.727653,0.998755,0.727377,0.982776,0.999351,0.999209,0.985625
ENSDARG00000076177_24_9,0.0000,-0.3353,1.000000,0.963133,0.898227,-24.2000,-25.4834,0.875000,0.868582,0.523905,0.974026,0.748096,0.804577,0.365981,0.788888,0.784366,0.764600,0.242498,0.969695,0.226536,0.969251,0.987387,0.992470,0.035173,0.996458,0.005679,0.892336,0.002941,0.597780,0.003268,0.740736,0.034815,0.768657,0.092707,0.997834,0.979539,0.997027,0.978493,0.986851,0.976834,0.982312,0.991719,0.984819,0.995477,0.992497,0.981460,0.873597,0.984870,0.890130,0.060263
ENSDARG00000076177_24_10,0.0000,-0.3732,1.000000,0.959636,0.899086,-22.1000,-23.6147,0.500000,0.458942,0.390257,0.955057,0.954398,0.750601,0.953743,0.711304,0.403141,0.977499,0.924933,0.907343,0.100559,0.999537,0.126077,0.924579,0.082988,0.916349,0.106008,0.805216,0.026129,0.955487,0.007985,0.757845,0.043134,0.643820,0.404523,0.994830,0.367055,0.926439,0.598115,0.919974,0.687862,0.914173,0.253196,0.989960,0.435270,0.970252,0.078737,0.962753,0.639962,0.998707,0.611336
ENSDARG00000076292_19_1,-2.9000,-2.9759,0.375000,0.396634,0.516947,-26.8000,-27.6414,0.375000,0.361896,0.395728,0.996819,0.967537,0.101328,0.928422,0.031877,0.994405,0.012300,0.050609,0.012339,0.043758,0.021696,0.009341,0.999613,0.002720,0.998297,0.063366,0.999251,0.970047,0.998206,0.951415,0.998011,0.027927,0.996119,0.009841,0.997204,0.000621,0.997298,0.000986,0.021678,0.038732,0.014976,0.125288,0.009246,0.056006,0.033560,0.998954,0.099982,0.819790,0.999128,0.854791
ENSDARG00000076292_19_2,-3.2000,-3.4194,0.625000,0.641693,0.523090,-27.0000,-27.8986,0.125000,0.164792,0.413981,0.117530,0.990650,0.007220,0.977619,0.004994,0.970194,0.014354,0.974956,0.152761,0.913478,0.935090,0.923825,0.999539,0.981210,0.999901,0.180934,0.995925,0.009218,0.932595,0.007463,0.149937,0.016025,0.018417,0.015703,0.008851,0.004354,0.008922,0.003680,0.117920,0.971292,0.998937,0.010437,0.999393,0.017134,0.999841,0.089223,0.999786,0.048697,0.999893,0.173520
ENSDARG00000076292_19_3,-1.2000,-1.4975,1.000000,0.868499,0.696877,-23.9000,-25.3100,0.125000,0.186425,0.411477,0.150146,0.244803,0.126834,0.145193,0.202551,0.141163,0.926140,0.799688,0.926615,0.805545,0.998131,0.929194,0.999226,0.831022,0.863490,0.828505,0.185119,0.364306,0.320775,0.373050,0.326078,0.299078,0.964432,0.976585,0.949145,0.214841,0.788204,0.212799,0.797607,0.024257,0.992489,0.005176,0.926026,0.002295,0.769071,0.001091,0.837339,0.031523,0.888113,0.999417
ENSDARG00000076292_19_4,0.0000,-0.5291,1.000000,0.832563,0.858175,-22.8000,-24.3349,0.750000,0.632758,0.481373,0.934533,0.231537,0.966948,0.223816,0.974402,0.230502,0.995333,0.588747,0.977258,0.373072,0.976297,0.618131,0.770987,0.431613,0.633864,0.060458,0.574350,0.060263,0.930206,0.106495,0.914751,0.783226,0.854065,0.857537,0.920181,0.956929,0.988246,0.742451,0.988176,0.700380,0.989506,0.992073,0.933330,0.645133,0.528523,0.942069,0.544351,0.058041,0.768188,0.024989
ENSDARG00000076292_19_6,-3.6000,-4.0798,0.375000,0.445328,0.551428,-24.0000,-26.0712,0.375000,0.382000,0.316940,0.959488,0.529074,0.656893,0.438727,0.656588,0.501541,0.997948,0.322650,0.651864,0.077420,0.612095,0.052178,0.478581,0.094200,0.356505,0.067190,0.353338,0.059115,0.351714,0.058764,0.390928,0.116788,0.999999,0.965155,0.653416,0.924567,0.652029,0.922193,0.997962,0.916126,0.053431,0.067458,0.015806,0.013819,0.357010,0.102458,0.355978,0.102312,0.476994,0.007066
ENSDARG00000076292_19_7,0.0000,-0.5019,1.000000,0.926926,0.887696,-25.9000,-26.6687,0.875000,0.801312,0.597389,0.975992,0.140513,0.999049,0.135207,0.992897,0.133245,0.453032,0.126852,0.464398,0.121714,0.999620,0.133989,0.999967,0.142102,0.998966,0.977076,0.998298,0.886163,0.764578,0.883395,0.727514,0.966304,0.964208,0.890721,0.872086,0.853950,0.749809,0.988945,0.858096,0.847086,0.983434,0.851571,0.999549,0.873739,0.969582,0.832291,0.992902,0.995324,0.989952,0.167593
ENSDARG00000076292_19_8,-1.0000,-1.6676,0.375000,0.564992,0.645727,-22.8000,-23.8420,0.500000,0.562168,0.514029,0.962911,0.954092,0.955603,0.679560,0.963810,0.615623,0.993715,0.537279,0.582959,0.523624,0.999643,0.901574,0.297929,0.611099,0.106369,0.495543,0.117481,0.125968,0.440561,0.042342,0.999839,0.052540,0.973781,0.243989,0.964964,0.739801,0.413787,0.564410,0.433630,0.979822,0.274609,0.360786,0.398154,0.371182,0.701615,0.415027,0.446083,0.808937,0.887096,0.257378
ENSDARG00000076292_19_9,-9.8000,-9.8741,0.250000,0.264038,0.311554,-25.5000,-27.4320,0.250000,0.255238,0.374131,0.109155,0.355484,0.001504,0.294768,0.001384,0.421917,0.000426,0.294477,0.000705,0.273713,0.000316,0.189177,0.002923,0.225379,0.999683,0.832113,0.999724,0.766088,0.999719,0.756619,0.999995,0.989832,0.003240,0.041149,0.000365,0.087405,0.000704,0.040100,0.000424,0.006910,0.001094,0.002247,0.000873,0.000663,0.109195,0.056526,0.999681,0.976430,0.999971,0.871625
ENSDARG00000076292_19_10,-2.7000,-2.7159,0.750000,0.754134,0.704787,-24.7000,-25.9421,0.625000,0.617676,0.593073,0.999224,0.881891,0.999356,0.853209,0.019884,0.934473,0.016664,0.915400,0.016005,0.802697,0.999140,0.353227,0.999790,0.472792,0.999635,0.668898,0.999997,0.968974,0.999204,0.036033,1.000000,0.029556,0.013778,0.002903,0.014211,0.005564,0.023714,0.010720,0.997395,0.007106,0.999711,0.966568,0.999998,0.976970,0.999959,0.999952,0.999034,0.999541,0.999048,0.974989
ENSDARG00000076485_12_1,0.0000,-0.1036,1.000000,0.975870,0.970120,-21.6000,-23.5476,0.625000,0.563005,0.498692,0.979751,0.874240,0.974215,0.421733,0.980117,0.475170,0.974513,0.387030,0.963400,0.503659,0.969713,0.706257,0.990915,0.331912,0.987435,0.323568,0.946472,0.359293,0.954782,0.477629,0.938334,0.558634,0.935784,0.050673,0.996825,0.007720,0.998253,0.004957,0.906633,0.264959,0.963503,0.974281,0.978208,0.916371,0.973971,0.608125,0.993059,0.953268,0.996506,0.774360
ENSDARG00000076485_12_2,-2.8000,-2.9443,0.500000,0.522478,0.525849,-23.1000,-24.8826,0.500000,0.399520,0.470282,0.138747,0.869282,0.035905,0.515184,0.981868,0.443367,0.988705,0.610020,0.017830,0.757402,0.023619,0.636398,0.080383,0.255794,0.996204,0.150422,0.999591,0.166096,0.997809,0.295948,0.992151,0.646182,0.084354,0.863396,0.028157,0.153168,0.023409,0.113372,0.995517,0.713016,0.999119,0.799216,0.020197,0.167226,0.128646,0.180132,0.996956,0.538639,0.987820,0.531391
ENSDARG00000076485_12_3,-2.2000,-2.6649,0.750000,0.693390,0.634025,-25.5000,-26.3833,1.000000,0.943404,0.485475,0.985548,0.896258,0.163708,0.910749,0.142430,0.178594,0.185154,0.006222,0.556819,0.008733,0.527543,0.015912,0.788667,0.023818,0.999909,0.107507,0.992808,0.005266,0.998427,0.000171,0.735886,0.001495,0.056492,0.007535,0.298120,0.982812,0.028762,0.966604,0.709208,0.990072,0.654847,0.944904,0.931110,0.992841,0.930179,0.754722,0.998336,0.962359,0.996554,0.952922
ENSDARG00000076485_12_4,-0.1000,-1.0083,1.000000,0.867813,0.736619,-19.6000,-22.0377,0.250000,0.348917,0.474695,0.674438,0.731757,0.562153,0.483828,0.557418,0.486068,0.625754,0.585017,0.998384,0.773795,0.756866,0.690054,0.864224,0.693665,0.736287,0.747680,0.379284,0.390399,0.317621,0.367562,0.586016,0.370731,0.731426,0.382013,0.911053,0.505669,0.872584,0.231153,0.733871,0.459006,0.783066,0.321718,0.822678,0.598051,0.994463,0.252041,0.849378,0.259528,0.975412,0.164167
ENSDARG00000076485_12_5,-0.9000,-1.5492,0.625000,0.617963,0.687971,-24.6000,-26.0058,0.125000,0.232920,0.323277,0.879200,0.195808,0.876138,0.234177,0.916445,0.801423,0.646101,0.767618,0.936079,0.114274,0.268534,0.253036,0.181860,0.158765,0.177624,0.051804,0.967701,0.161144,0.985600,0.858352,0.990185,0.881644,0.990243,0.124140,0.158823,0.027558,0.141987,0.025734,0.262357,0.054653,0.620751,0.085665,0.856763,0.088013,0.938562,0.154878,0.978743,0.473215,0.985718,0.953642
ENSDARG00000076485_12_6,-1.1000,-1.7432,0.500000,0.630038,0.610971,-24.1000,-25.8769,0.250000,0.254674,0.426239,0.595119,0.989768,0.950690,0.837359,0.973216,0.499201,0.308818,0.335322,0.107075,0.396517,0.080835,0.272315,0.145855,0.516551,0.976756,0.397652,0.975585,0.674202,0.997034,0.543733,0.963673,0.516618,0.104452,0.508141,0.151304,0.720336,0.136561,0.789005,0.314291,0.401077,0.999707,0.002451,0.986802,0.004003,0.978074,0.073184,0.540999,0.008798,0.932570,0.038540
ENSDARG00000076485_12_7,0.0000,-0.4944,1.000000,0.782887,0.827656,-24.3000,-26.3470,0.750000,0.695762,0.547613,0.953032,0.961770,0.932500,0.571556,0.812138,0.585516,0.728717,0.645997,0.910514,0.703733,0.746586,0.934573,0.694952,0.926852,0.730095,0.041960,0.905208,0.003223,0.947081,0.001222,0.993029,0.001502,0.936182,0.008260,0.887565,0.917870,0.820387,0.363052,0.594516,0.912458,0.738122,0.892250,0.733624,0.955899,0.961004,0.996627,0.721448,0.448876,0.806429,0.079065
ENSDARG00000076485_12_8,-1.8000,-2.0187,0.625000,0.677285,0.729400,-22.4000,-23.7734,0.250000,0.256012,0.499615,0.933108,0.915988,0.950402,0.905173,0.927216,0.912262,0.100300,0.933551,0.126851,0.076906,0.281967,0.080922,0.984822,0.118021,0.982674,0.186064,0.989503,0.980012,0.999831,0.980476,0.958977,0.885803,0.934076,0.969028,0.232889,0.854717,0.127050,0.902776,0.104868,0.019039,0.999866,0.107389,0.989069,0.070660,0.985194,0.064102,0.983631,0.018831,0.995710,0.010585
ENSDARG00000076485_12_9,-0.7000,-1.0125,1.000000,0.991905,0.822188,-22.0000,-23.9635,0.125000,0.278808,0.421923,0.374948,0.785230,0.378062,0.650788,0.841214,0.722803,0.832187,0.165975,0.845326,0.132750,0.988120,0.156141,0.983245,0.264612,0.990498,0.256772,0.373897,0.591642,0.222700,0.690487,0.836445,0.909113,0.841868,0.881674,0.998067,0.196097,0.986224,0.227894,0.985305,0.222565,0.998461,0.959305,0.997877,0.259782,0.986635,0.224199,0.987255,0.045313,0.995419,0.095309
ENSDARG00000076485_12_10,0.0000,-0.7445,1.000000,0.745565,0.793540,-21.6000,-23.4100,0.750000,0.646677,0.486009,0.902455,0.921652,0.930497,0.467728,0.777284,0.191929,0.724438,0.182288,0.751436,0.247801,0.819431,0.277606,0.746872,0.179335,0.850410,0.790617,0.773956,0.292011,0.671903,0.040996,0.975161,0.051177,0.982429,0.903633,0.764619,0.883205,0.747968,0.625385,0.606164,0.957616,0.743464,0.970465,0.458962,0.617834,0.698702,0.988761,0.974440,0.116110,0.970200,0.014037
ENSDARG00000076638_0_1,-2.1000,-2.4757,0.375000,0.502158,0.588078,-21.0000,-22.2362,0.125000,0.248333,0.507784,0.915098,0.333837,0.253981,0.333775,0.311788,0.929274,0.273663,0.416371,0.999387,0.954651,0.413358,0.967059,0.427566,0.846086,0.952081,0.863610,0.999928,0.989537,0.716037,0.347443,0.763628,0.817375,0.717776,0.369990,0.936437,0.472504,0.424342,0.192745,0.407607,0.165056,0.988056,0.995437,0.087107,0.008399,0.086459,0.008253,0.087705,0.008165,0.999553,0.136105
ENSDARG00000076638_0_2,-4.2000,-4.3453,0.500000,0.531182,0.620941,-24.0000,-25.2865,0.250000,0.298254,0.417357,0.985427,0.132561,0.985029,0.122425,0.990440,0.193501,0.996947,0.684163,0.999759,0.737771,0.999878,0.946958,0.201608,0.912732,0.008032,0.389328,0.008147,0.399838,0.011409,0.393452,0.988732,0.929821,0.993951,0.118549,0.999085,0.040508,0.999647,0.081262,0.999455,0.240208,0.019173,0.025446,0.014766,0.007388,0.015667,0.007054,0.202345,0.991518,0.999320,0.992650
ENSDARG00000076638_0_3,-3.8000,-3.8708,1.000000,0.986984,0.693933,-26.1000,-27.2026,0.000000,0.087568,0.274858,0.006265,0.008505,0.002726,0.004512,0.023861,0.031510,0.999248,0.999244,0.999886,0.999898,0.999995,0.999709,0.999853,0.999324,0.016851,0.017907,0.003267,0.004989,0.013412,0.012952,0.924381,0.504943,0.993050,0.213121,0.997423,0.551590,0.995385,0.037109,0.996693,0.021288,0.930029,0.019219,0.999632,0.020244,0.997608,0.003222,0.991032,0.007426,0.988074,0.040447
ENSDARG00000076638_0_4,-3.9000,-3.9289,0.875000,0.874095,0.696751,-22.7000,-24.1873,0.375000,0.469853,0.527693,0.006382,0.107758,0.004420,0.086853,0.005863,0.197620,0.996785,0.962752,0.960586,0.893302,0.997581,0.905233,0.997028,0.953562,0.999008,0.888169,0.985903,0.943897,0.976902,0.791046,0.006438,0.033310,0.005361,0.031528,0.006981,0.034990,0.999266,0.916780,0.999199,0.444293,0.997198,0.470666,0.996894,0.474026,0.996801,0.893347,0.996911,0.428947,0.999508,0.095774
ENSDARG00000076638_0_5,0.0000,-0.2049,1.000000,0.959488,0.943524,-24.3000,-25.3477,0.625000,0.674657,0.453577,0.957646,0.924841,0.931849,0.126410,0.936706,0.196316,0.890068,0.994237,0.928062,0.283969,0.933673,0.040683,0.959960,0.998567,0.929464,0.000628,0.994826,0.000283,0.994011,0.002673,0.878264,0.020622,0.860049,0.085049,0.885130,0.984668,0.997859,0.986020,0.830940,0.864484,0.996158,0.235652,0.993673,0.210504,0.980857,0.150632,0.994486,0.974053,0.996801,0.991244
ENSDARG00000076638_0_6,-12.2000,-12.3170,0.250000,0.255621,0.404406,-27.9000,-29.4959,0.250000,0.258753,0.406307,0.885880,0.866166,0.003800,0.076929,0.002207,0.004674,0.002227,0.003917,0.107742,0.100752,0.000367,0.002790,0.051990,0.051116,1.000000,0.970732,0.989845,0.988474,1.000000,0.999350,0.999964,0.995776,0.999126,0.995447,0.887378,0.892193,0.048959,0.074638,0.106775,0.100468,0.000048,0.002654,0.000020,0.002037,0.000028,0.071724,0.001760,0.074941,1.000000,0.851366
ENSDARG00000076638_0_7,-3.8000,-4.1937,0.625000,0.624123,0.574378,-22.7000,-24.5867,0.000000,0.147924,0.346744,0.977800,0.864441,0.011467,0.077092,0.006756,0.059501,0.005800,0.179718,0.326361,0.292653,0.417900,0.348470,0.999220,0.850479,0.999898,0.852053,1.000000,0.757396,0.458673,0.356153,0.292056,0.374034,0.998649,0.739497,0.002711,0.130933,0.003454,0.078511,0.007071,0.267689,0.999889,0.305765,0.999435,0.175269,0.981246,0.038452,0.999517,0.143936,0.999663,0.042836
ENSDARG00000076638_0_8,-0.9000,-1.2972,0.625000,0.692995,0.737009,-21.0000,-22.9897,0.375000,0.564125,0.443461,0.852904,0.166104,0.281305,0.164232,0.284187,0.021918,0.454627,0.006222,0.978210,0.006819,0.887259,0.005632,0.882082,0.055748,0.975983,0.842356,0.907996,0.810313,0.872998,0.758386,0.999018,0.868738,0.819658,0.649757,0.267678,0.331244,0.340618,0.377696,0.286592,0.544244,0.891290,0.857189,0.999035,0.952363,0.890792,0.682694,0.880457,0.362079,0.987498,0.405494
ENSDARG00000076638_0_9,-5.3000,-5.6823,0.375000,0.381412,0.367887,-29.6000,-30.4626,0.250000,0.258481,0.320403,0.029599,0.801149,0.023424,0.739520,0.030691,0.833222,0.018518,0.672546,0.018465,0.173593,0.019267,0.004222,0.564769,0.003857,0.991713,0.002823,0.984831,0.010655,0.998199,0.099107,0.596714,0.997442,0.030250,0.002079,0.040660,0.000055,0.026492,0.000021,0.016337,0.000462,0.017334,0.003834,0.015501,0.058126,0.959683,0.054643,0.983722,0.999854,0.991569,0.950853
ENSDARG00000076638_0_10,-2.1000,-2.6814,0.375000,0.400994,0.519044,-20.0000,-22.3552,0.375000,0.438917,0.621139,0.043342,0.597348,0.017414,0.466691,0.062147,0.624288,0.315195,0.664954,0.432945,0.707488,0.744311,0.677976,0.575002,0.868502,0.999890,0.938717,0.992708,0.786984,0.992299,0.780491,0.997995,0.924216,0.999678,0.873795,0.931214,0.892375,0.887334,0.877700,0.191130,0.753315,0.092017,0.265090,0.994261,0.497599,0.029721,0.076866,0.029456,0.073666,0.052822,0.074729
ENSDARG00000076657_0_1,-2.3000,-2.7778,0.375000,0.397685,0.496267,-23.0000,-24.7232,0.625000,0.483419,0.432364,0.929221,0.672450,0.117998,0.638122,0.019681,0.093250,0.096671,0.283277,0.097610,0.296244,0.104553,0.277296,0.998721,0.943693,0.540106,0.739326,0.917361,0.120724,0.925482,0.145667,0.996631,0.326190,0.999834,0.243685,0.997537,0.257349,0.617930,0.470184,0.998655,0.274593,0.102796,0.443026,0.094499,0.668672,0.091738,0.686835,0.090071,0.698110,0.188252,0.368580
ENSDARG00000076657_0_2,-1.0000,-1.4906,0.750000,0.748636,0.785190,-26.5000,-27.4029,0.500000,0.530531,0.375069,0.955634,0.025316,0.786841,0.013829,0.778869,0.014754,0.879847,0.059270,0.972391,0.162744,0.892505,0.928806,0.969353,0.995992,0.917001,0.007499,0.401321,0.006292,0.328782,0.971686,0.985398,0.039207,0.846779,0.031738,0.792666,0.057923,0.747288,0.242499,0.741230,0.861562,0.932180,0.232788,0.461791,0.706379,0.363577,0.147049,0.965044,0.999407,0.985311,0.996641
ENSDARG00000076657_0_3,0.0000,-0.3273,1.000000,0.867770,0.920048,-19.3000,-21.2275,0.500000,0.562428,0.645566,0.988386,0.714593,0.993530,0.691143,0.998839,0.717600,0.951480,0.932344,0.950690,0.874687,0.997061,0.905633,0.991059,0.954212,0.991422,0.552684,0.999246,0.550489,0.999713,0.587424,0.999892,0.505849,0.597488,0.425240,0.610552,0.531109,1.000000,0.852001,0.992440,0.675786,0.998765,0.391329,0.997862,0.434045,0.690905,0.463495,0.669265,0.960004,0.982369,0.191650
ENSDARG00000076657_0_4,-1.3000,-1.7136,0.625000,0.625451,0.696270,-25.9000,-27.7000,0.500000,0.492793,0.452694,0.817066,0.775028,0.708279,0.339299,0.852460,0.384024,0.889892,0.818557,0.994277,0.577687,0.313662,0.579319,0.289810,0.908340,0.283175,0.110511,0.889968,0.133832,0.892431,0.132866,0.992576,0.159965,0.998192,0.192102,0.198324,0.832228,0.302543,0.870647,0.092588,0.170235,0.750657,0.024151,0.936760,0.100665,0.854778,0.237619,0.872570,0.829969,0.995389,0.876831
ENSDARG00000076657_0_5,-3.8000,-4.1753,0.500000,0.458296,0.566497,-24.4000,-26.4808,0.000000,0.171309,0.490423,0.999024,0.937237,0.999706,0.801095,0.996180,0.793123,0.587269,0.632144,0.018520,0.770151,0.017577,0.615267,0.989333,0.667058,0.007658,0.754817,0.049866,0.653792,0.999254,0.488246,0.999463,0.873950,0.999733,0.451115,0.995696,0.037894,0.995936,0.064890,0.045383,0.026090,0.018569,0.089500,0.988555,0.019733,0.006143,0.008007,0.028470,0.565306,0.587614,0.559054
ENSDARG00000076657_0_6,-1.9000,-2.2275,0.875000,0.859358,0.644866,-23.2000,-24.5934,0.625000,0.556670,0.485376,0.970766,0.433824,0.964334,0.418143,0.050423,0.061179,0.061618,0.065536,0.083438,0.091002,0.357630,0.624824,0.946849,0.900698,0.968688,0.650331,0.971999,0.712062,0.405973,0.580578,0.143379,0.357531,0.097355,0.358459,0.122343,0.583977,0.940640,0.954520,0.935169,0.243767,0.943162,0.249286,0.941209,0.521615,0.999805,0.841517,0.994883,0.519689,0.997651,0.538986
ENSDARG00000076657_0_7,-2.2000,-2.4794,1.000000,0.886448,0.697122,-22.0000,-24.5911,0.500000,0.592040,0.384425,0.360310,0.913696,0.259123,0.155837,0.217861,0.054948,0.941248,0.113010,0.976420,0.103563,0.889491,0.127844,0.817767,0.552205,0.065276,0.880123,0.045895,0.018650,0.337767,0.012879,0.961768,0.008731,0.977930,0.010698,0.978075,0.075714,0.956287,0.994591,0.957443,0.595473,0.802325,0.820668,0.785672,0.322056,0.790181,0.351899,0.836099,0.580906,0.985500,0.995016
ENSDARG00000076657_0_8,-3.7000,-3.7593,0.500000,0.514228,0.512882,-22.7000,-24.3567,0.375000,0.340459,0.480194,0.005047,0.336788,0.003313,0.327297,0.039703,0.488684,0.983732,0.980283,0.034656,0.845615,0.064095,0.885279,0.998633,0.970270,0.986361,0.295878,0.983216,0.175812,0.982700,0.441978,0.999769,0.976174,0.062597,0.156144,0.044019,0.083041,0.990148,0.128887,0.037303,0.002067,0.020495,0.003687,0.022530,0.006362,0.999786,0.994978,0.999783,0.616265,0.999758,0.888388
ENSDARG00000076657_0_9,-0.4000,-1.0505,1.000000,0.970163,0.792971,-25.4000,-26.0188,0.125000,0.212927,0.241677,0.192431,0.002441,0.196437,0.000712,0.644856,0.001132,0.901465,0.000431,0.999896,0.000473,0.995966,0.000495,0.643019,0.005276,0.534871,0.018744,0.403435,0.995370,0.735188,0.994203,0.855086,0.980198,0.995465,0.130657,0.995762,0.086582,0.996056,0.078552,0.995126,0.098973,0.948407,0.111066,0.900886,0.113357,0.931275,0.106595,0.996357,0.996920,0.997434,0.111372
ENSDARG00000076657_0_10,0.0000,-0.3483,1.000000,0.932382,0.890780,-17.8000,-20.0633,0.875000,0.726787,0.615290,0.750066,0.271758,0.749086,0.268749,0.771815,0.606351,0.992114,0.837813,0.998506,0.964472,0.984867,0.769463,0.900396,0.888062,0.875890,0.881023,0.712791,0.145378,0.817024,0.196326,0.850699,0.238981,0.953293,0.423124,0.933583,0.866574,0.988837,0.951712,0.874325,0.692955,0.886590,0.963765,0.899437,0.666332,0.936014,0.585334,0.966744,0.941784,0.973528,0.145840
ENSDARG00000077293_7_1,-1.8000,-2.1701,1.000000,0.967366,0.656855,-24.4000,-26.3799,0.625000,0.588382,0.497890,0.320018,0.826588,0.135214,0.651228,0.112627,0.817004,0.239839,0.797871,0.994650,0.837360,0.995800,0.843192,0.997992,0.364605,0.903918,0.008642,0.163942,0.001064,0.068535,0.003649,0.115025,0.001042,0.350617,0.098501,0.995610,0.946576,0.986489,0.618813,0.994662,0.983879,0.995773,0.992262,0.923828,0.085171,0.925112,0.083094,0.919548,0.940635,0.997903,0.056626
ENSDARG00000077293_7_2,-0.5000,-0.9344,0.750000,0.786637,0.816605,-22.8000,-24.0037,0.375000,0.437557,0.509212,0.851178,0.885400,0.322082,0.885544,0.432668,0.908978,0.911203,0.915103,0.946467,0.890566,0.885308,0.860134,0.981524,0.203473,0.916973,0.045128,0.943621,0.054084,0.908645,0.078692,0.949294,0.194447,0.990041,0.762239,0.335248,0.256945,0.418969,0.453744,0.902255,0.843632,0.940668,0.874287,0.823844,0.717617,0.877120,0.025092,0.996057,0.028707,0.998931,0.300432
ENSDARG00000077293_7_5,-1.8000,-2.7604,0.250000,0.361886,0.471295,-25.5000,-26.2988,0.375000,0.385147,0.415805,0.413032,0.100460,0.232578,0.091499,0.405301,0.098907,0.428878,0.975025,0.499033,0.959139,0.500173,0.973768,0.119223,0.021008,0.119582,0.004408,0.998959,0.018822,0.999500,0.062692,0.916872,0.960115,0.897691,0.969090,0.033478,0.977876,0.122702,0.965845,0.999595,0.994338,0.500060,0.039327,0.189446,0.008660,0.223494,0.016070,0.318519,0.006480,0.507791,0.072581
ENSDARG00000077293_7_6,-5.1000,-5.2115,1.000000,0.994078,0.612760,-24.6000,-26.3025,0.875000,0.681999,0.349639,0.004022,0.108156,0.001269,0.004943,0.001719,0.003905,0.145587,0.014258,0.998034,0.121447,0.999999,0.757025,0.998896,0.166343,0.999071,0.062943,0.146844,0.038940,0.002576,0.256698,0.001557,0.000432,0.003000,0.001698,0.999443,0.764530,0.979869,0.621475,0.998832,0.965249,0.998272,0.933627,0.998277,0.955600,0.997833,0.751906,0.982548,0.401193,0.997550,0.062411
ENSDARG00000077293_7_8,-2.1000,-2.6930,1.000000,0.806129,0.657578,-27.1000,-28.3580,0.750000,0.751084,0.437391,0.354914,0.419898,0.224984,0.394369,0.231856,0.207630,0.456719,0.004877,0.782174,0.018777,0.999951,0.440758,0.761364,0.564638,0.764797,0.564596,0.998409,0.018249,0.607921,0.035807,0.465114,0.034133,0.054320,0.035421,0.431708,0.981652,0.883420,0.990070,0.997228,0.997599,0.962667,0.999402,0.689797,0.985401,0.781227,0.999841,0.791242,0.045266,0.911740,0.009444
ENSDARG00000077293_7_10,-2.0000,-2.4234,0.625000,0.585270,0.665492,-24.9000,-26.2746,0.125000,0.164838,0.574074,0.026661,0.478717,0.021051,0.472450,0.041728,0.957172,0.959276,0.989560,0.688039,0.993103,0.976713,0.994946,0.957193,0.902795,0.970038,0.706302,0.988324,0.779998,0.999708,0.980152,0.999214,0.942737,0.999747,0.964846,0.543309,0.113264,0.973617,0.066457,0.976598,0.107031,0.063904,0.000842,0.060896,0.000142,0.063995,0.000158,0.999888,0.030952,0.999952,0.999855
ENSDARG00000077353_15_2,-3.5000,-3.5515,0.500000,0.503041,0.602394,-27.3000,-27.8799,0.500000,0.505116,0.418007,0.997513,0.989215,0.997268,0.040974,0.973051,0.037757,0.996635,0.049272,0.014194,0.105376,0.003911,0.964671,0.005531,0.986069,0.036511,0.121046,0.999791,0.007968,0.999887,0.004616,0.999664,0.017810,0.999605,0.994434,0.992799,0.991836,0.990277,0.950398,0.039048,0.951137,0.012886,0.069879,0.010025,0.048494,0.011803,0.005236,0.969552,0.027306,0.997935,0.996642
ENSDARG00000077353_15_3,-1.5000,-2.1611,0.625000,0.578962,0.651546,-26.7000,-28.2048,0.250000,0.288048,0.427615,0.774624,0.371426,0.868178,0.360857,0.899848,0.362075,0.571927,0.249040,0.731701,0.856124,0.550420,0.371560,0.581727,0.255089,0.626557,0.506966,0.997046,0.687616,0.652428,0.986140,0.613586,0.624921,0.531185,0.616102,0.838223,0.612494,0.883492,0.327266,0.494950,0.339696,0.620105,0.007619,0.263090,0.001291,0.362894,0.000461,0.402649,0.017804,0.766289,0.997753
ENSDARG00000077353_15_4,-2.5000,-3.4985,0.500000,0.500715,0.581406,-26.3000,-27.6354,0.500000,0.458848,0.356438,0.796063,0.236008,0.561404,0.082735,0.650364,0.112602,0.771333,0.335431,0.455475,0.230816,0.377805,0.393330,0.369076,0.016406,0.202630,0.004946,0.813288,0.138291,0.821566,0.962911,0.991673,0.943064,0.811716,0.001443,0.189678,0.001237,0.190269,0.000599,0.377711,0.003396,0.309956,0.026463,0.453857,0.646002,0.519783,0.997692,0.973602,0.998479,0.990861,0.996916
ENSDARG00000077353_15_5,-5.8000,-5.8604,0.375000,0.386255,0.504485,-28.9000,-29.9220,0.125000,0.163020,0.250701,0.979020,0.148634,0.976291,0.016505,0.040078,0.064160,0.047817,0.857433,0.980699,0.867543,0.035839,0.876845,0.002498,0.076448,0.008236,0.147928,0.947992,0.173185,0.994525,0.274620,0.994940,0.200502,0.991732,0.006056,0.054376,0.005717,0.029003,0.209706,0.062688,0.028142,0.951304,0.007183,0.035591,0.004805,0.012360,0.000881,0.976394,0.997145,0.968321,0.050585
ENSDARG00000077353_15_6,-0.2000,-0.8216,0.625000,0.726915,0.778036,-29.2000,-31.0588,0.250000,0.264596,0.431294,0.325270,0.872002,0.328767,0.678705,0.999630,0.624359,0.998508,0.811778,0.606989,0.827974,0.796092,0.966724,0.821528,0.553397,0.956361,0.231033,0.960768,0.936389,0.982085,0.003886,0.998954,0.001921,0.970458,0.000937,0.950710,0.053242,0.575824,0.642073,0.841453,0.366726,0.827654,0.000222,0.322397,0.000021,0.312853,0.001531,0.985094,0.999990,0.999339,0.052966
ENSDARG00000077353_15_7,-8.0000,-8.0725,0.375000,0.388158,0.410948,-24.0000,-25.9775,1.000000,0.332457,0.372680,0.986712,0.956586,0.095397,0.102613,0.003532,0.012770,0.000874,0.013482,0.000131,0.328475,0.010409,0.336108,0.013088,0.015252,0.999339,0.671054,0.999994,0.666138,0.999939,0.685356,1.000000,0.851801,0.004277,0.154316,0.001122,0.159603,0.000046,0.256045,0.000507,0.198571,0.000818,0.198198,0.102776,0.272501,0.999999,0.546735,0.999999,0.491335,0.999999,0.536669
ENSDARG00000077353_15_8,-0.9000,-1.1962,0.875000,0.879163,0.815849,-23.0000,-24.4070,0.250000,0.283426,0.558197,0.918871,0.845837,0.923792,0.840349,0.941811,0.628843,0.967349,0.687395,0.958817,0.655129,0.372621,0.855438,0.321978,0.876053,0.967258,0.955431,0.866123,0.827284,0.807638,0.809819,0.863556,0.818235,0.373860,0.096720,0.341940,0.046286,0.993784,0.154276,0.915354,0.027879,0.923296,0.139186,0.956993,0.826815,0.979162,0.998735,0.957252,0.054411,0.965518,0.019820
ENSDARG00000077353_15_9,-1.8000,-2.1626,0.750000,0.764806,0.774627,-29.9000,-31.0478,0.750000,0.767133,0.391480,0.991718,0.013206,0.995269,0.002840,0.666541,0.001547,0.632445,0.004284,0.417488,0.001216,0.045351,0.000154,0.997778,0.001590,0.998348,0.002530,0.999673,0.274435,0.997574,0.434098,0.998056,0.831042,0.633844,0.125592,0.407065,0.157406,0.036800,0.010828,0.695943,0.995104,0.985327,0.994596,0.995537,0.994566,0.998792,0.997386,0.999094,0.995290,0.999888,0.991893
ENSDARG00000077353_15_10,-0.2000,-1.1609,0.625000,0.696896,0.718816,-22.1000,-23.8555,0.625000,0.567321,0.415032,0.781794,0.103068,0.752212,0.069686,0.865141,0.082677,0.738665,0.112168,0.764694,0.715923,0.999056,0.714918,0.886997,0.913601,0.497427,0.013131,0.329408,0.008122,0.300147,0.007415,0.888234,0.085359,0.997371,0.935995,0.880348,0.421797,0.882005,0.246620,0.996614,0.257589,0.433511,0.651881,0.441361,0.577566,0.509685,0.549376,0.655139,0.906830,0.776503,0.926909
ENSDARG00000077489_1_1,-2.7000,-3.7066,0.500000,0.398852,0.512941,-31.6000,-32.6525,0.500000,0.575840,0.331924,0.457398,0.907813,0.399720,0.922756,0.973234,0.179975,0.189263,0.004339,0.177845,0.002015,0.954900,0.001405,0.362547,0.004297,0.328675,0.001182,0.631799,0.000117,0.828134,0.000147,0.834068,0.000168,0.930418,0.007543,0.621342,0.920383,0.696576,0.431032,0.102172,0.192733,0.160932,0.184092,0.680108,0.159405,0.151755,0.857089,0.026571,0.885981,0.751363,0.976003
ENSDARG00000077489_1_2,-1.7000,-2.2791,0.250000,0.457114,0.472970,-21.0000,-23.1072,0.500000,0.492749,0.560454,0.183305,0.680890,0.077688,0.536600,0.078699,0.724200,0.293892,0.710129,0.298664,0.763091,0.459603,0.537611,0.476961,0.333910,0.886057,0.659294,0.908286,0.523481,0.891776,0.811311,0.820413,0.852924,0.427155,0.133640,0.479331,0.093814,0.300501,0.041889,0.210205,0.041147,0.730018,0.055243,0.309048,0.928028,0.316723,0.888030,0.316861,0.920426,0.994222,0.973415
ENSDARG00000077489_1_3,-0.8000,-1.3787,0.500000,0.552603,0.647441,-25.8000,-27.3511,0.625000,0.634061,0.428924,0.879864,0.855598,0.879239,0.868537,0.651319,0.174228,0.323796,0.012522,0.270720,0.018634,0.265863,0.027393,0.994635,0.073993,0.381694,0.081971,0.981044,0.831755,0.978687,0.259304,0.983178,0.098722,0.937952,0.203334,0.903184,0.354610,0.975949,0.609481,0.317059,0.317321,0.999033,0.524173,0.214402,0.998209,0.123002,0.633480,0.117165,0.638089,0.771030,0.997129
ENSDARG00000077489_1_4,-0.2000,-0.9158,0.750000,0.809448,0.819788,-22.7000,-25.0329,0.625000,0.695116,0.531126,0.963433,0.815170,0.993356,0.366022,0.926374,0.234628,0.872703,0.642923,0.941199,0.558121,0.995051,0.199739,0.999905,0.748869,0.976932,0.343346,0.684715,0.241522,0.245201,0.158239,0.590804,0.206901,0.730501,0.546118,1.000000,0.563083,0.982593,0.457484,0.685355,0.407365,0.361875,0.262742,0.722356,0.952654,0.723967,0.951568,0.999631,0.990477,0.999807,0.975558
ENSDARG00000077489_1_5,-4.9000,-4.9128,0.500000,0.502619,0.502734,-21.3000,-23.8407,0.500000,0.467000,0.592272,0.996947,0.664195,0.008292,0.592594,0.003628,0.870088,0.005128,0.893354,0.999991,0.944688,0.004881,0.596957,0.008154,0.629264,0.999999,0.783067,0.999981,0.749326,0.999903,0.351274,0.999893,0.484266,0.006921,0.550359,0.007178,0.122353,0.004833,0.129649,0.004067,0.130810,0.005671,0.083581,0.999558,0.943528,0.999658,0.987189,0.999997,0.829648,0.999993,0.509243
ENSDARG00000077489_1_6,-1.6000,-2.0725,1.000000,0.844630,0.669966,-25.0000,-25.9518,0.375000,0.378976,0.318689,0.169665,0.153589,0.092470,0.043935,0.209981,0.047834,0.925876,0.994176,0.871051,0.023226,0.856221,0.009877,0.988288,0.020982,0.294103,0.070305,0.278489,0.971572,0.288971,0.972985,0.789693,0.029656,0.877477,0.003830,0.733163,0.000390,0.629244,0.000539,0.867638,0.015352,0.976618,0.999599,0.987003,0.999865,0.975532,0.999898,0.782510,0.015380,0.805334,0.000782
ENSDARG00000077489_1_7,-3.0000,-3.5856,0.500000,0.483122,0.574919,-23.5000,-25.1230,0.500000,0.559861,0.575374,0.956870,0.899313,0.938831,0.452560,0.999657,0.459165,0.056125,0.883149,0.014700,0.891195,0.125535,0.937202,0.188332,0.945518,0.852800,0.561149,0.644054,0.631437,0.942391,0.087695,0.960480,0.080571,0.953620,0.199635,0.911195,0.165455,0.567856,0.875190,0.997994,0.834478,0.117112,0.829260,0.094313,0.270272,0.087742,0.258356,0.088767,0.250982,0.999998,0.994898
ENSDARG00000077489_1_8,-3.8000,-4.0199,0.875000,0.867041,0.624294,-25.6000,-27.0783,1.000000,0.749708,0.523636,0.083035,0.070335,0.960749,0.099058,1.000000,0.107689,0.013062,0.082405,0.010128,0.917882,0.188956,0.981946,0.995242,0.103970,0.992694,0.058023,0.994769,0.059807,0.273415,0.728601,0.016816,0.681368,0.020680,0.583970,0.900478,0.618791,0.999994,0.635131,0.079842,0.575220,0.999950,0.994783,0.965692,0.810857,0.997355,0.843577,0.995224,0.815436,0.997797,0.703873
ENSDARG00000077489_1_9,-2.0000,-2.9423,0.500000,0.578717,0.619373,-26.3000,-27.5921,0.500000,0.530636,0.333446,0.845026,0.004453,0.850781,0.002961,0.861428,0.131232,0.998473,0.994881,0.999402,0.099404,0.695061,0.006538,0.390234,0.000519,0.359127,0.002620,0.563576,0.094752,0.022135,0.102156,0.189237,0.098987,0.983235,0.885324,0.995805,0.996920,0.997721,0.994723,0.999821,0.994706,0.164198,0.123371,0.156963,0.099361,0.231563,0.745375,0.391755,0.251800,0.691915,0.038829
ENSDARG00000077489_1_10,-0.6000,-1.6113,0.625000,0.651317,0.716866,-24.2000,-25.7408,0.500000,0.548180,0.456667,0.550844,0.216960,0.549047,0.025205,0.996406,0.015962,0.616273,0.042751,0.981126,0.781731,1.000000,0.952862,0.600430,0.489683,0.536859,0.372859,0.548731,0.905142,1.000000,0.499313,0.748196,0.376142,0.998877,0.069281,0.648446,0.012052,0.801236,0.013616,0.614329,0.018606,0.549745,0.986049,0.449793,0.989617,0.543138,0.995670,0.607524,0.996116,0.996328,0.373716
ENSDARG00000077842_7_2,-1.3000,-1.8437,0.625000,0.643154,0.706566,-25.5000,-26.2844,0.375000,0.397428,0.367573,0.956745,0.931285,0.893990,0.928458,0.853521,0.396351,0.961962,0.305392,0.485690,0.262659,0.986392,0.239193,0.999485,0.907829,0.461954,0.063404,0.456737,0.049742,0.670418,0.056208,0.620865,0.022379,0.638341,0.009126,0.994616,0.005237,0.418510,0.009412,0.480297,0.974642,0.999620,0.080907,0.964967,0.104232,0.112500,0.082393,0.576404,0.964023,0.598314,0.958579
ENSDARG00000077842_7_3,-2.9000,-2.9623,1.000000,0.992846,0.703340,-22.0000,-23.4317,1.000000,0.675686,0.559934,0.015739,0.007492,0.010681,0.003702,0.033866,0.011046,0.999599,0.271073,0.980738,0.478610,0.998299,0.466329,0.998156,0.491384,0.999687,0.991842,0.971910,0.958481,0.057897,0.732485,0.030415,0.716622,0.027038,0.664130,0.974596,0.891713,0.975540,0.947458,0.999995,0.973281,0.999717,0.955661,0.999655,0.454290,0.999459,0.406276,0.995216,0.374752,0.998592,0.402058
ENSDARG00000077842_7_4,-0.8000,-1.0996,0.625000,0.700362,0.690316,-26.3000,-27.4042,0.250000,0.266237,0.325178,0.987166,0.996978,0.995913,0.997983,0.274300,0.997852,0.200854,0.154128,0.171599,0.035726,0.283961,0.036270,0.992398,0.036863,0.999673,0.043014,0.998243,0.998576,0.993429,0.063597,0.995627,0.004299,0.310249,0.008383,0.214922,0.004496,0.225523,0.004010,0.243721,0.001834,0.964906,0.000411,0.978632,0.001524,0.980837,0.579659,0.998463,0.946006,0.995895,0.591960
ENSDARG00000077842_7_5,-1.8000,-2.1281,0.750000,0.730909,0.566092,-30.9000,-32.6454,0.000000,0.092305,0.319708,0.312807,0.661380,0.230113,0.614220,0.232926,0.652290,0.242796,0.868474,0.335070,0.859043,0.963748,0.828251,0.871205,0.108848,0.832449,0.074222,0.848213,0.987069,0.178322,0.000922,0.207022,0.000462,0.219902,0.000528,0.224682,0.000255,0.300961,0.043054,0.998826,0.002190,0.838715,0.025288,0.805185,0.000568,0.815208,0.005585,0.865379,0.127191,0.998316,0.534310
ENSDARG00000077842_7_6,-3.3000,-3.9533,0.625000,0.505599,0.599723,-28.9000,-29.8791,0.375000,0.366035,0.327726,0.489938,0.943154,0.465199,0.956651,0.603158,0.958054,0.602565,0.026454,0.560739,0.012178,0.757289,0.044087,0.652747,0.040805,0.579802,0.169942,0.626276,0.136148,0.859871,0.046133,0.844818,0.039474,0.907270,0.253151,0.975173,0.113679,0.183219,0.026568,0.101785,0.089772,0.017296,0.060748,0.467383,0.851256,0.539654,0.759484,0.875889,0.965029,0.884392,0.061746
ENSDARG00000077842_7_7,-2.1000,-2.9940,0.500000,0.673123,0.599202,-25.3000,-26.2122,0.875000,0.871909,0.419381,0.559153,0.897851,0.743471,0.064404,0.117186,0.012688,0.108584,0.013509,0.501334,0.020814,0.531006,0.101251,0.631605,0.136400,0.998760,0.087246,0.775179,0.035879,0.635980,0.012893,0.626259,0.006000,0.370548,0.023409,0.412629,0.974913,0.416443,0.978462,0.560066,0.973319,0.741139,0.981084,0.294228,0.976635,0.985352,0.996018,0.979542,0.991594,0.995584,0.103248
ENSDARG00000077842_7_8,0.0000,-0.2675,1.000000,0.978244,0.935379,-24.1000,-25.8548,0.750000,0.731258,0.461936,0.978599,0.283937,0.839392,0.248207,0.721581,0.263700,0.864107,0.511133,0.993664,0.333131,1.000000,0.376404,0.984741,0.407111,0.989269,0.548482,0.998454,0.120121,0.996110,0.119362,0.847053,0.103810,0.668662,0.073259,0.881106,0.875493,0.993069,0.715651,0.993902,0.235241,0.998230,0.416510,0.998701,0.983750,0.996573,0.883820,0.985562,0.872322,0.978807,0.867276
ENSDARG00000077842_7_9,-2.1000,-2.5675,1.000000,0.900078,0.725919,-24.5000,-25.6531,0.250000,0.349089,0.434107,0.140507,0.143371,0.102333,0.047413,0.865164,0.749484,0.932135,0.796925,0.991708,0.825056,0.983941,0.842283,0.976111,0.896095,1.000000,0.968253,0.116938,0.224427,0.113784,0.087431,0.556472,0.180094,0.538670,0.128606,0.998431,0.998275,0.993700,0.191035,0.999330,0.189653,0.991790,0.191637,0.999986,0.999183,0.993981,0.213169,0.609288,0.004668,0.614116,0.005090
ENSDARG00000077842_7_10,0.0000,-0.5598,1.000000,0.830029,0.852958,-24.3000,-25.6336,0.375000,0.411616,0.493773,0.958792,0.949198,0.779489,0.743844,0.744928,0.772962,0.493360,0.968241,0.978059,0.196596,0.973035,0.197133,0.576704,0.755866,0.999857,0.520002,0.986326,0.404754,0.997027,0.927412,0.948784,0.075091,0.982564,0.071435,0.996729,0.043418,0.730125,0.934508,0.908594,0.977536,0.999968,0.166291,0.825418,0.127036,0.719883,0.955429,0.705775,0.057641,0.753741,0.031068
ENSDARG00000077860_5_1,-5.2000,-5.5404,0.750000,0.749798,0.658156,-24.1000,-25.3496,0.625000,0.617064,0.446213,0.005516,0.903777,0.003282,0.876676,0.006083,0.694497,0.997712,0.054775,0.579264,0.035589,0.997657,0.054168,0.999401,0.085987,0.998491,0.137296,0.998041,0.811651,0.579224,0.232557,0.996165,0.064270,0.003897,0.036510,0.002151,0.006400,0.004969,0.008111,0.999986,0.999399,0.997825,0.971407,0.997678,0.973410,0.998117,0.976304,0.998367,0.941657,0.999293,0.059822
ENSDARG00000077860_5_2,-7.1000,-7.1153,0.625000,0.625197,0.502486,-24.5000,-26.0340,0.250000,0.260616,0.353055,0.001567,0.063706,0.000032,0.005774,0.000036,0.004314,0.003453,0.008746,0.022403,0.028893,0.997475,0.950249,0.999959,0.981274,0.999992,0.977057,0.999992,0.964214,0.999942,0.968441,0.019807,0.019453,0.003491,0.004053,0.000071,0.000183,0.000063,0.000138,0.001588,0.001600,0.999947,0.727017,0.999974,0.144788,0.999995,0.165899,0.999995,0.750427,0.999946,0.294874
ENSDARG00000077860_5_3,-3.2000,-3.7576,0.750000,0.740791,0.659480,-24.6000,-26.2304,0.125000,0.230694,0.433554,0.110552,0.300409,0.109442,0.285675,0.071906,0.193967,0.709675,0.497500,0.603928,0.397447,0.992907,0.683514,0.999333,0.740848,0.999328,0.915886,0.998231,0.888743,0.514116,0.613945,0.904596,0.939957,0.249256,0.367631,0.006072,0.242901,0.007752,0.453603,0.918835,0.128511,0.999419,0.017480,0.998629,0.959564,0.997645,0.032651,0.998440,0.007224,0.999535,0.003616
ENSDARG00000077860_5_4,-2.1000,-2.1923,0.625000,0.648324,0.714753,-24.3000,-26.0027,0.500000,0.495862,0.544942,0.985255,0.934234,0.984369,0.373247,0.134687,0.358572,0.083654,0.909669,0.047632,0.874772,0.984035,0.718640,0.980271,0.697713,0.965114,0.409758,0.983760,0.120262,0.994807,0.275809,0.980966,0.501511,0.983918,0.757746,0.998809,0.101149,0.088560,0.044943,0.034155,0.000609,0.084775,0.020256,0.994122,0.847263,0.999916,0.990234,0.986813,0.979464,0.999438,0.982980
ENSDARG00000077860_5_5,-1.7000,-2.2400,0.500000,0.501999,0.597992,-23.2000,-24.2267,0.750000,0.676827,0.484090,0.872934,0.298068,0.356377,0.281753,0.249805,0.278114,0.164082,0.054996,0.199061,0.751694,0.948162,0.036680,0.889066,0.032464,0.750501,0.040677,0.748919,0.628837,0.818888,0.502816,0.988175,0.652742,0.957869,0.708336,0.982440,0.846293,0.305815,0.145194,0.068583,0.178638,0.153337,0.975705,0.235438,0.890290,0.742264,0.714694,0.589638,0.700855,0.938477,0.962946
ENSDARG00000077860_5_6,-1.8000,-2.3756,0.625000,0.631843,0.499141,-25.4000,-26.8359,0.250000,0.258526,0.191589,0.506548,0.047344,0.291249,0.044306,0.253660,0.035408,0.223248,0.048477,0.209319,0.129246,0.279306,0.129323,0.766648,0.075714,0.802042,0.084584,0.804526,0.152665,0.248185,0.014584,0.272530,0.008033,0.270826,0.993900,0.274598,0.036543,0.296162,0.008218,0.308968,0.006283,0.761152,0.002865,0.757980,0.003209,0.766604,0.014827,0.890061,0.998523,0.999216,0.997738
ENSDARG00000077860_5_7,-0.2000,-1.1698,0.500000,0.711436,0.695169,-25.1000,-26.9028,0.375000,0.476846,0.433171,0.569791,0.624065,0.537614,0.606352,0.754374,0.323852,0.581192,0.298247,0.449500,0.355345,0.753558,0.738014,0.670325,0.006722,0.733706,0.010225,0.964105,0.063922,0.764044,0.561682,0.750676,0.783580,0.683003,0.476644,0.794984,0.391756,0.670179,0.385512,0.709049,0.976297,0.987636,0.028021,0.494826,0.008781,0.552046,0.030512,0.728403,0.996738,0.754362,0.997155
ENSDARG00000077860_5_8,-3.7000,-3.9594,0.625000,0.600852,0.613769,-25.3000,-26.9224,0.375000,0.332718,0.481086,0.039632,0.737954,0.036641,0.764268,0.007803,0.978102,0.969798,0.718263,0.966211,0.374488,0.152133,0.358426,0.999888,0.648928,0.986498,0.641580,0.979978,0.579850,0.992637,0.190107,0.999574,0.332120,0.337777,0.635900,0.841127,0.568550,0.977628,0.071652,0.007806,0.002004,0.023543,0.000954,0.019100,0.002778,0.968639,0.027501,0.969307,0.998250,0.999666,0.990051
ENSDARG00000077860_5_9,-0.2000,-0.9606,1.000000,0.818446,0.758694,-22.3000,-23.1738,0.500000,0.498258,0.359368,0.654430,0.008750,0.644426,0.006191,0.639913,0.017634,0.928801,0.005536,0.922672,0.005625,0.862921,0.014236,0.663213,0.016063,0.626652,0.017697,0.694147,0.997308,0.694210,0.975917,0.651489,0.964825,0.643444,0.171513,0.990207,0.049250,0.975788,0.033079,0.698929,0.034832,0.621309,0.045624,0.629519,0.958202,0.762387,0.930739,0.924020,0.963455,0.945408,0.970880
ENSDARG00000077860_5_10,-1.5000,-1.9973,0.500000,0.542679,0.632357,-22.0000,-23.1726,0.375000,0.463105,0.536867,0.969477,0.919679,0.977214,0.963731,0.083478,0.967564,0.067995,0.961733,0.539827,0.950513,0.101417,0.887926,0.586854,0.970250,0.999744,0.068789,0.998082,0.088266,0.996497,0.033930,0.985269,0.068913,0.999849,0.151206,0.952542,0.979525,0.926956,0.162905,0.511931,0.186093,0.074180,0.426510,0.126843,0.325721,0.546507,0.352791,0.592071,0.706683,0.610400,0.564614
ENSDARG00000078199_0_1,-3.9000,-4.2877,0.250000,0.410722,0.473644,-24.0000,-26.3197,0.250000,0.293701,0.463638,0.816664,0.877235,0.783287,0.824951,0.770508,0.714877,0.092837,0.663807,0.081805,0.679421,0.096789,0.662015,0.327080,0.849892,0.334033,0.500122,0.446642,0.136060,0.991540,0.129130,0.763379,0.288283,0.682545,0.597367,0.677657,0.045801,0.383815,0.185335,0.334757,0.338182,0.335496,0.854718,0.314101,0.131143,0.183610,0.683135,0.166945,0.045814,0.889395,0.065479
ENSDARG00000078199_0_2,-4.8000,-5.5674,0.375000,0.366286,0.492789,-25.0000,-26.4228,0.375000,0.378383,0.289700,0.998443,0.045105,0.995451,0.024227,0.778622,0.039016,0.390980,0.030753,0.579951,0.262046,0.025679,0.132307,0.009632,0.013133,0.187740,0.027516,0.425285,0.059338,0.535172,0.203327,0.999266,0.956297,0.999270,0.973878,0.583844,0.973130,0.133474,0.292055,0.248294,0.090895,0.005112,0.066629,0.184497,0.057483,0.194613,0.087682,0.773450,0.812507,0.807002,0.646686
ENSDARG00000078199_0_3,0.0000,-0.6749,1.000000,0.767199,0.807039,-19.5000,-21.3062,0.250000,0.364976,0.478659,0.999417,0.937374,0.999609,0.965808,0.485535,0.913164,0.342001,0.899826,0.401064,0.845673,0.999609,0.938507,0.844908,0.364604,0.999937,0.220817,0.997288,0.191362,0.995725,0.198395,0.996878,0.075085,0.941207,0.102753,0.940491,0.126408,0.990386,0.973024,0.531261,0.322274,0.644330,0.272252,0.487629,0.940195,0.749198,0.109828,0.826937,0.114937,0.967363,0.060890
ENSDARG00000078199_0_4,-3.8000,-3.8370,0.500000,0.502450,0.601599,-21.1000,-22.8061,0.500000,0.508569,0.505261,0.998443,0.526239,0.996507,0.306746,0.997719,0.296028,1.000000,0.936615,0.029732,0.024750,0.005522,0.019743,0.006271,0.041995,0.008400,0.035648,0.975915,0.959880,1.000000,0.978284,0.993870,0.952991,0.999993,0.957746,0.999959,0.944103,0.977561,0.945208,0.992427,0.937139,0.999414,0.999193,0.007360,0.067470,0.006953,0.069396,0.006325,0.064242,0.029602,0.041803
ENSDARG00000078199_0_5,-5.2000,-5.5204,0.500000,0.458515,0.566503,-27.5000,-28.7052,0.500000,0.504005,0.425069,0.654101,0.332676,0.953393,0.040233,0.015199,0.018319,0.006757,0.013667,0.003474,0.008345,0.038556,0.016158,0.996789,0.986872,0.996970,0.990029,0.999882,0.886561,0.999873,0.896178,0.999996,0.141938,0.996942,0.138361,0.033682,0.325766,0.000391,0.113044,0.002252,0.712067,0.042135,0.944888,0.976158,0.980638,0.636178,0.863356,0.978076,0.066134,0.999249,0.026147
ENSDARG00000078199_0_6,-1.5000,-1.8609,0.875000,0.781723,0.686105,-27.4000,-28.5366,0.375000,0.347436,0.322263,0.297450,0.918282,0.719033,0.135944,0.132791,0.215084,0.101724,0.966853,0.851090,0.252138,0.916740,0.004813,0.932869,0.000666,0.947722,0.031355,0.943595,0.999574,0.998630,0.047779,0.356883,0.026038,0.269798,0.067246,0.912565,0.004392,0.114032,0.004551,0.714859,0.008691,0.738629,0.041651,0.790388,0.069843,0.994332,0.661000,0.994957,0.993636,0.994021,0.995725
ENSDARG00000078199_0_7,-2.4000,-2.6324,0.625000,0.611484,0.617958,-25.2000,-26.8985,0.375000,0.323016,0.446251,0.204245,0.949034,0.185351,0.922489,0.149063,0.970578,0.999130,0.618385,0.150285,0.347293,0.833265,0.286279,0.831293,0.140603,0.833729,0.707161,0.995221,0.391325,0.994118,0.322927,0.296968,0.601473,0.994624,0.083343,0.191983,0.038967,0.030147,0.578660,0.031865,0.002369,0.826958,0.010798,0.859582,0.423637,0.960881,0.424495,0.999190,0.998153,0.991263,0.107046
ENSDARG00000078199_0_8,-1.0000,-1.7884,1.000000,0.875174,0.733063,-22.1000,-23.8705,0.250000,0.367276,0.526252,0.309994,0.202994,0.322452,0.185080,0.999121,0.752620,0.468359,0.715515,0.593180,0.637249,0.806273,0.979328,0.999556,0.969414,0.943286,0.932038,0.783556,0.701409,0.658155,0.616235,0.383501,0.446503,0.392448,0.448447,0.951456,0.302750,0.877998,0.251781,0.877938,0.778492,0.749064,0.176415,0.747267,0.153731,0.804977,0.154379,0.999809,0.998180,0.992880,0.122481
ENSDARG00000078199_0_9,-2.5000,-2.8073,0.625000,0.609630,0.683425,-24.8000,-25.8424,0.625000,0.636241,0.490189,0.995555,0.931136,0.995105,0.151229,0.999988,0.246812,0.995613,0.974786,1.000000,0.368835,0.310208,0.039766,0.015956,0.040654,0.074461,0.969593,0.684907,0.009220,1.000000,0.007200,0.760240,0.009355,0.959431,0.965260,0.920267,0.989478,0.963331,0.886947,0.355062,0.107962,0.126202,0.110547,0.063330,0.009348,0.723401,0.999309,0.725453,0.999192,0.999998,0.987142
ENSDARG00000078199_0_10,-4.7000,-5.1202,0.250000,0.370278,0.454892,-22.6000,-24.4801,0.500000,0.392420,0.494769,0.069416,0.391742,0.066585,0.254748,0.072028,0.575701,0.074387,0.656029,0.801660,0.743174,0.700713,0.690529,0.994504,0.798944,0.410382,0.415938,0.421302,0.405098,0.932582,0.516451,0.801068,0.643139,0.790996,0.664528,0.342990,0.346499,0.412152,0.461247,0.999463,0.979205,0.154403,0.176323,0.008830,0.080080,0.005485,0.071297,0.038926,0.078658,0.999978,0.946047
ENSDARG00000078251_0_1,-2.8000,-3.5054,0.625000,0.528167,0.614758,-22.5000,-24.4219,0.375000,0.380726,0.387407,0.996207,0.594874,0.953616,0.062224,0.930892,0.013314,0.542029,0.012348,0.337505,0.015893,0.768855,0.994216,0.056850,0.014531,0.282049,0.012279,0.280913,0.011303,0.960892,0.986519,0.964149,0.991806,0.995857,0.993018,0.952861,0.994429,0.953751,0.992351,0.995084,0.990830,0.049629,0.004147,0.049780,0.003056,0.057877,0.015894,0.440173,0.023090,0.726183,0.022012
ENSDARG00000078251_0_2,-0.5000,-1.1684,0.625000,0.718551,0.688869,-20.1000,-21.7491,0.250000,0.428592,0.542447,0.198958,0.507844,0.206062,0.486659,0.911241,0.745129,0.507568,0.734240,0.347960,0.762452,0.652585,0.741661,0.910287,0.730640,0.999879,0.438233,0.988944,0.318768,0.844507,0.345398,0.886642,0.818593,0.574331,0.790577,0.293841,0.196896,0.884472,0.244774,0.442171,0.260879,0.313653,0.351369,0.836376,0.219470,0.978753,0.252921,0.999995,0.976766,0.999150,0.925661
ENSDARG00000078251_0_3,-1.0000,-1.2433,0.625000,0.701909,0.744715,-24.9000,-25.6557,0.500000,0.474247,0.456287,0.956840,0.917134,0.896764,0.915640,0.167980,0.914056,0.262653,0.032484,0.263509,0.020534,0.990693,0.093210,0.964739,0.105658,0.984611,0.347572,0.989016,0.987532,0.973187,0.052389,0.926331,0.032261,0.902714,0.913299,0.936074,0.907619,0.244025,0.022237,0.254535,0.020556,0.285875,0.041721,0.994964,0.054567,0.991387,0.908660,0.957278,0.955376,0.951133,0.883240
ENSDARG00000078251_0_4,0.0000,-0.0161,1.000000,0.996326,0.996706,-19.6000,-21.6656,0.500000,0.350575,0.560523,0.999523,0.937881,0.999797,0.902906,0.999024,0.930912,0.998093,0.930637,0.999330,0.715019,0.994495,0.727515,0.997314,0.649064,0.999451,0.709969,0.994611,0.606141,0.998380,0.327503,0.995603,0.467980,0.987879,0.500322,0.998226,0.713942,0.999816,0.274422,0.990855,0.212561,0.999881,0.435092,0.995785,0.369616,0.988323,0.277153,0.998036,0.342316,0.999691,0.179500
ENSDARG00000078251_0_5,-3.5000,-3.6040,0.625000,0.613266,0.595308,-24.9000,-25.9680,0.375000,0.424402,0.373748,0.082008,0.056889,0.043973,0.041555,0.908111,0.031700,0.941651,0.054720,0.992084,0.050568,0.015507,0.895617,0.014008,0.889305,0.954324,0.983822,0.997336,0.133778,0.995532,0.092852,0.995662,0.170859,0.059846,0.678076,0.057790,0.913117,0.952946,0.329582,0.906406,0.062430,0.941356,0.749245,0.077166,0.022219,0.043018,0.248832,0.961328,0.999889,0.966118,0.069906
ENSDARG00000078251_0_6,-2.0000,-2.6560,0.625000,0.502480,0.562260,-27.8000,-29.5239,0.625000,0.524840,0.430205,0.985632,0.743836,0.982448,0.554651,0.494388,0.893579,0.072805,0.005504,0.038582,0.001488,0.563703,0.001285,0.178180,0.001847,0.858370,0.101276,0.694566,0.999502,0.749385,0.967606,0.978222,0.112677,0.629084,0.022125,0.464167,0.006348,0.462213,0.000971,0.245463,0.066327,0.567910,0.943170,0.560442,0.796066,0.562007,0.735278,0.561373,0.727469,0.596261,0.923090
ENSDARG00000078251_0_7,-1.1000,-1.5732,0.375000,0.496935,0.589809,-24.7000,-26.3643,0.125000,0.186363,0.335254,0.912353,0.114800,0.857189,0.106903,0.997706,0.079030,0.375618,0.077266,0.163875,0.075248,0.131988,0.099674,0.171634,0.886616,0.284753,0.523365,0.996657,0.896910,0.992459,0.705640,0.966278,0.737225,0.970181,0.911494,0.925503,0.958396,0.911504,0.038846,0.305992,0.003087,0.171818,0.007820,0.166202,0.005939,0.190976,0.016382,0.374279,0.089333,0.929206,0.371102
ENSDARG00000078251_0_8,0.0000,-0.4192,1.000000,0.801353,0.837635,-22.7000,-24.4875,0.500000,0.480369,0.517490,0.991396,0.894973,0.995291,0.594081,0.998477,0.496900,0.994370,0.803384,0.632120,0.630040,0.517547,0.744730,0.574549,0.356420,0.670156,0.164315,0.996817,0.175687,0.996999,0.260252,0.985624,0.571323,0.988535,0.814732,0.970905,0.058093,0.938114,0.213313,0.948210,0.236525,0.681230,0.228082,0.608568,0.816687,0.603972,0.816856,0.660810,0.828181,0.999011,0.645216
ENSDARG00000078251_0_9,-3.8000,-3.8205,1.000000,0.998050,0.702821,-24.6000,-25.7837,0.500000,0.510058,0.501082,0.005821,0.016764,0.002247,0.004698,0.023275,0.025457,0.999314,0.991138,0.999995,0.999519,0.999144,0.990129,0.999461,0.989519,0.021225,0.020310,0.007245,0.016494,0.017342,0.026623,0.998266,0.938706,0.998696,0.921806,0.998357,0.926218,0.997324,0.883950,0.997987,0.891630,0.996045,0.900966,0.997681,0.447450,0.997861,0.007997,0.999829,0.004025,0.999314,0.018230
ENSDARG00000078251_0_10,-1.0000,-1.8659,0.875000,0.742945,0.639468,-22.4000,-23.4057,0.625000,0.641027,0.478386,0.545086,0.304456,0.507483,0.027418,0.637161,0.015462,0.073415,0.073583,0.160788,0.934524,0.491115,0.032846,0.997646,0.020349,0.999174,0.081653,0.743267,0.924430,0.458346,0.979655,0.781987,0.979797,0.450324,0.065336,0.473533,0.068650,0.640760,0.072108,0.634162,0.103999,0.597101,0.993252,0.626290,0.968468,0.990727,0.973846,0.981216,0.971784,0.999772,0.976111
ENSDARG00000078355_0_1,-3.0000,-3.0948,0.875000,0.846409,0.697163,-26.7000,-27.8933,0.500000,0.502005,0.286975,0.096304,0.031200,0.086129,0.013035,0.069816,0.907082,0.966990,0.095908,0.996564,0.002910,0.934477,0.003304,0.924245,0.008222,0.923701,0.020986,0.986786,0.126280,0.998102,0.448538,0.091342,0.059494,0.097532,0.006509,0.024040,0.001912,0.886380,0.008673,0.936864,0.999699,0.999229,0.998814,0.996927,0.998063,0.979880,0.998188,0.957248,0.006779,0.990705,0.003908
ENSDARG00000078355_0_2,-3.5000,-3.6354,0.375000,0.383729,0.500825,-31.7000,-32.6409,0.250000,0.255999,0.353026,0.121827,0.660413,0.007516,0.588963,0.007099,0.592166,0.007979,0.887067,0.009588,0.035514,0.999002,0.131491,0.925795,0.159737,0.943090,0.997682,0.995922,0.844437,0.996485,0.114612,0.993111,0.000430,0.939255,0.000022,0.932052,0.000269,0.016725,0.000158,0.015256,0.042375,0.013499,0.000698,0.004022,0.000683,0.111260,0.004838,0.988501,0.999499,0.988519,0.999475
ENSDARG00000078355_0_3,-4.0000,-4.3345,0.625000,0.733469,0.659236,-23.2000,-24.8006,0.375000,0.343859,0.346037,0.996293,0.949867,0.677331,0.018933,0.629842,0.018410,0.637089,0.028337,0.667523,0.069119,0.993585,0.969726,0.343306,0.954340,0.326808,0.952423,0.021171,0.053805,0.671652,0.050987,0.674967,0.048278,0.677395,0.055637,0.998146,0.736428,0.996887,0.783350,0.996611,0.455630,0.325921,0.019707,0.326486,0.007699,0.337681,0.397890,0.935102,0.118630,0.950921,0.231543
ENSDARG00000078355_0_4,-5.3000,-5.6526,0.375000,0.341156,0.472486,-23.5000,-24.7316,0.500000,0.545088,0.463444,0.998034,0.074089,0.998005,0.064670,0.635316,0.049861,0.066108,0.025802,0.002868,0.021108,0.002168,0.030404,0.005607,0.879692,0.018229,0.869352,0.997169,0.962650,0.999028,0.665667,0.998654,0.915172,0.999288,0.349712,0.018253,0.438969,0.006304,0.919731,0.002367,0.039233,0.001665,0.012089,0.064722,0.036829,0.643538,0.959258,0.992984,0.993394,0.999416,0.961204
ENSDARG00000078355_0_5,-1.9000,-2.1334,0.875000,0.761812,0.595120,-21.1000,-22.8374,0.875000,0.570154,0.503756,0.300260,0.709740,0.993973,0.295028,0.094509,0.209763,0.067068,0.256176,0.048749,0.879124,0.760186,0.884095,0.763146,0.917486,0.996032,0.384950,0.963923,0.156644,0.260415,0.062448,0.278882,0.063925,0.280767,0.694503,0.995718,0.597740,0.260894,0.543740,0.968158,0.912360,0.763379,0.879536,0.758259,0.547962,0.758663,0.512950,0.781025,0.522261,0.808395,0.044686
ENSDARG00000078355_0_6,-1.4000,-2.0812,0.625000,0.612731,0.672492,-20.6000,-22.7793,0.500000,0.559207,0.418766,0.912535,0.566486,0.898653,0.258560,0.997346,0.160944,0.656838,0.342356,0.999886,0.349519,0.312804,0.967150,0.174721,0.035537,0.050705,0.023232,0.849483,0.051544,0.846586,0.043454,0.849761,0.121901,0.998677,0.980969,0.262895,0.939225,0.258391,0.933972,0.314650,0.939852,0.998094,0.967679,0.490625,0.151017,0.851100,0.195142,0.854446,0.183617,0.871651,0.163155
ENSDARG00000078355_0_7,-3.4000,-3.7609,0.500000,0.481446,0.524703,-23.3000,-25.0514,0.375000,0.412576,0.452087,0.295910,0.935118,0.022486,0.913885,0.002987,0.918376,0.007716,0.634048,0.711084,0.192142,0.406004,0.316469,0.983899,0.306524,0.950715,0.331976,0.931126,0.913796,0.921328,0.137398,0.983789,0.089813,0.425454,0.051591,0.985049,0.223925,0.237524,0.264830,0.203713,0.277408,0.226286,0.271683,0.021834,0.307375,0.723805,0.665363,0.723605,0.652557,0.729749,0.637465
ENSDARG00000078355_0_8,-0.4000,-1.4227,0.500000,0.504162,0.601109,-26.0000,-28.7076,0.000000,0.040581,0.137857,0.934390,0.995420,0.932221,0.140570,0.422532,0.083924,0.607657,0.025764,0.226184,0.020026,0.318477,0.016659,0.281295,0.006799,0.284018,0.036097,0.996456,0.021075,0.991291,0.067329,0.994954,0.983634,0.999411,0.035203,0.155770,0.009706,0.153680,0.034202,0.151424,0.250418,0.364719,0.014411,0.871515,0.000323,0.577208,0.001113,0.764828,0.001326,0.994149,0.013152
ENSDARG00000078355_0_9,0.0000,-0.3281,1.000000,0.949332,0.937655,-21.5000,-23.3242,0.625000,0.612922,0.547263,0.834813,0.744151,0.989851,0.259578,0.999530,0.466989,0.784248,0.682778,0.986475,0.497237,0.999646,0.820826,0.933082,0.079263,0.996074,0.040713,0.999701,0.358330,0.939178,0.679910,0.696145,0.415585,0.999705,0.996514,0.999812,0.939436,0.747722,0.897117,1.000000,0.045896,0.934735,0.007883,0.932686,0.015755,1.000000,0.999375,0.982844,0.999315,0.996856,0.998599
ENSDARG00000078355_0_10,-3.4000,-3.6622,0.375000,0.381944,0.502733,-25.0000,-26.7062,0.125000,0.134932,0.315532,0.996529,0.947013,0.100196,0.894288,0.008044,0.888963,0.005762,0.522146,0.005646,0.572359,0.175675,0.536729,0.920677,0.612560,0.821620,0.136896,0.997545,0.013361,0.997838,0.009609,0.996628,0.047284,0.972940,0.049977,0.849037,0.219800,0.097441,0.657169,0.005997,0.023294,0.003918,0.036790,0.003686,0.005834,0.096545,0.010069,0.999046,0.068279,0.999884,0.058223
ENSDARG00000078578_0_2,-5.4000,-5.5899,0.500000,0.500143,0.575733,-21.9000,-23.8459,0.750000,0.523296,0.533430,0.982804,0.852719,0.010399,0.292415,0.007995,0.320852,0.006594,0.526954,0.002873,0.017833,0.991831,0.415334,0.755255,0.316492,0.999795,0.436926,0.999789,0.984464,0.999650,0.984638,0.756676,0.892210,0.999849,0.441402,0.005990,0.035501,0.001318,0.136107,0.000335,0.481763,0.002797,0.544786,0.999943,0.813390,0.990765,0.701817,0.999995,0.756237,0.999998,0.716771
ENSDARG00000078578_0_3,0.0000,-0.3114,1.000000,0.887448,0.908273,-26.5000,-27.0376,0.500000,0.494317,0.399687,0.975046,0.997144,0.868034,0.107065,0.870988,0.013636,0.954513,0.001777,0.912498,0.001987,0.863677,0.001563,0.850341,0.000634,0.916736,0.017927,0.965957,0.081286,0.957024,0.995804,0.952973,0.952909,0.978081,0.867470,0.802127,0.995206,0.667783,0.012280,0.877759,0.001619,0.922805,0.002662,0.960687,0.958398,0.976840,0.966971,0.923595,0.969563,0.967988,0.047841
ENSDARG00000078578_0_5,-3.1000,-3.1824,0.750000,0.747336,0.519812,-22.6000,-24.3790,0.500000,0.500990,0.343719,0.054675,0.266967,0.048709,0.265111,0.995567,0.683511,0.037606,0.855332,0.046665,0.150259,0.087478,0.100435,0.998264,0.107110,0.998074,0.215329,0.995434,0.139897,0.088612,0.021884,0.039840,0.014345,0.026628,0.046280,0.041623,0.040652,0.049577,0.952405,0.978676,0.959934,0.983422,0.962827,0.997838,0.956260,0.971539,0.036952,0.971203,0.036457,0.984810,0.062434
ENSDARG00000078578_0_6,-0.3000,-1.0219,1.000000,0.818204,0.736349,-23.0000,-24.3313,0.500000,0.519177,0.407307,0.572562,0.311195,0.432249,0.220317,0.435347,0.260910,0.990837,0.794885,0.946339,0.339266,0.988162,0.256189,0.304300,0.135313,0.294173,0.794992,0.616829,0.820111,0.875582,0.036904,0.884688,0.014122,0.840273,0.008525,0.822157,0.186240,0.859722,0.259653,0.988616,0.955511,0.742304,0.757916,0.773396,0.754460,0.850854,0.760839,0.729643,0.245216,0.778939,0.233579
ENSDARG00000078578_0_7,-1.0000,-1.8459,0.500000,0.635203,0.682926,-21.6000,-23.2062,0.500000,0.617303,0.506997,0.717420,0.571834,0.497442,0.538521,0.147641,0.914361,1.000000,0.628472,0.966223,0.508442,0.520624,0.123179,0.571280,0.043449,0.593798,0.021683,0.572322,0.068169,0.993874,0.939183,0.997156,0.449129,0.999122,0.395098,0.626013,0.453223,0.208167,0.400711,0.583086,0.757893,0.972705,0.743928,0.998499,0.806425,0.661387,0.720497,0.651258,0.614969,0.380511,0.440775
ENSDARG00000078578_0_8,-0.9000,-1.4881,0.750000,0.871406,0.810432,-21.7000,-23.2868,0.625000,0.585994,0.580635,0.567157,0.644444,0.577795,0.472578,0.999608,0.871560,0.986569,0.243734,0.998258,0.216226,0.979203,0.208043,0.889832,0.193243,0.131880,0.645857,0.212415,0.668808,0.995948,0.948078,0.934754,0.925691,0.963960,0.886476,0.994447,0.900026,0.992349,0.426975,0.999838,0.493371,0.536969,0.152988,0.544544,0.641334,0.999587,0.811379,0.943084,0.590325,0.960431,0.671557
ENSDARG00000078578_0_9,0.0000,-0.9899,1.000000,0.735223,0.748834,-25.0000,-25.8837,0.750000,0.753327,0.410765,0.799246,0.115659,0.637811,0.003138,0.795347,0.001869,0.925309,0.000705,0.786951,0.000156,0.662228,0.003360,0.561081,0.030612,0.367195,0.996693,0.632906,0.039174,0.977201,0.036101,0.955505,0.002435,0.994114,0.958778,0.802974,0.996689,0.865413,0.999624,0.534661,0.999137,0.825690,0.999610,0.552679,0.992387,0.700480,0.998114,0.687848,0.036716,0.912038,0.004333
ENSDARG00000078578_0_10,-5.2000,-5.6242,0.625000,0.600228,0.540363,-26.6000,-28.2055,0.125000,0.212586,0.207121,0.127024,0.155256,0.998189,0.992330,0.007349,0.015506,0.000755,0.003628,0.002294,0.004006,0.485068,0.002026,0.891761,0.099402,0.893858,0.148287,0.999564,0.028765,0.995418,0.048040,0.488284,0.942727,0.115862,0.001763,0.115164,0.001204,0.119382,0.004514,0.892699,0.005706,0.016028,0.006691,0.999457,0.909780,0.885817,0.372401,0.885236,0.248292,0.888043,0.152098
ENSDARG00000078582_31_1,-0.9000,-1.4763,0.375000,0.543465,0.617875,-24.3000,-25.4581,1.000000,0.759966,0.465907,0.526558,0.021710,0.313301,0.017855,0.251396,0.009648,0.162010,0.008278,0.202127,0.045418,0.902552,0.072263,0.819913,0.299845,0.988418,0.797194,0.988009,0.178516,0.989016,0.190176,0.981239,0.719179,0.885242,0.878323,0.238076,0.867486,0.170965,0.874734,0.164447,0.628374,0.341036,0.622534,0.530952,0.639893,0.955626,0.755375,0.950532,0.769905,0.996084,0.921425
ENSDARG00000078582_31_2,-1.8000,-2.1169,0.625000,0.626881,0.686171,-21.9000,-23.2578,0.500000,0.501092,0.446456,0.675877,0.860073,0.717846,0.063495,0.732013,0.167721,0.964741,0.218682,0.981098,0.095924,0.927505,0.611331,0.912694,0.920025,0.238481,0.214046,0.320044,0.752336,0.321679,0.244048,0.963368,0.300693,0.953033,0.472006,0.857245,0.812687,0.829571,0.831018,0.824032,0.092489,0.103496,0.061726,0.188859,0.111283,0.217587,0.932099,0.998611,0.995352,0.995643,0.172082
ENSDARG00000078582_31_3,0.0000,-0.0737,1.000000,0.961344,0.967319,-20.9000,-22.1951,0.250000,0.430175,0.433884,0.995717,0.736188,0.996158,0.547555,0.989390,0.881878,0.993654,0.019444,0.930585,0.013466,0.919869,0.011826,0.917060,0.016775,0.943651,0.973910,0.984969,0.978850,0.998648,0.030940,0.990415,0.028326,0.995507,0.997128,0.938399,0.241985,0.924168,0.235272,0.918235,0.190547,0.924111,0.193688,0.998381,0.976390,0.992743,0.991387,0.999250,0.320775,0.995469,0.291356
ENSDARG00000078582_31_4,-5.9000,-5.9866,0.250000,0.268365,0.414690,-27.3000,-28.6384,0.375000,0.324112,0.382956,0.122840,0.924995,0.016095,0.331684,0.002404,0.357342,0.000139,0.719557,0.003542,0.674893,0.998384,0.760543,0.003818,0.234988,0.999685,0.081015,0.999997,0.049092,0.999997,0.074373,0.999978,0.404552,0.999999,0.453179,0.999951,0.615861,0.001881,0.616924,0.999195,0.241411,0.004393,0.026848,0.000151,0.001470,0.003351,0.005915,0.017006,0.088927,0.120994,0.995540
ENSDARG00000078582_31_5,-0.9000,-1.1076,0.750000,0.799074,0.836145,-22.4000,-23.6466,0.375000,0.393409,0.570713,0.972739,0.931677,0.996491,0.822902,1.000000,0.842871,1.000000,0.994677,1.000000,0.849406,0.283118,0.794766,0.260526,0.798668,1.000000,0.515846,0.917736,0.349438,0.902167,0.338889,1.000000,0.996786,0.997528,0.031055,0.997571,0.005857,0.203165,0.003546,0.198755,0.003676,1.000000,0.997785,1.000000,0.097073,0.996830,0.056946,0.996269,0.993086,1.000000,0.989303
ENSDARG00000078582_31_6,0.0000,-0.2599,1.000000,0.899066,0.911402,-24.9000,-25.8086,0.750000,0.716778,0.513107,0.998172,0.908737,0.810353,0.215034,0.762135,0.175253,0.683533,0.166093,0.992144,0.053373,0.998059,0.042297,0.926161,0.800974,0.987755,0.864057,0.934576,0.204228,0.983619,0.125598,0.967871,0.134986,0.991133,0.837291,0.978354,0.949302,0.951718,0.924666,0.980800,0.971635,0.959922,0.930427,0.988391,0.912824,0.763594,0.961673,0.764925,0.067832,0.804825,0.015865
ENSDARG00000078582_31_7,0.0000,-0.5104,1.000000,0.952295,0.884167,-21.1000,-22.3107,0.250000,0.485834,0.557184,0.832948,0.819269,0.819021,0.666319,0.872519,0.693963,0.769663,0.887795,0.777219,0.633447,0.996752,0.591364,0.943894,0.554430,1.000000,0.893405,0.954941,0.184393,0.997416,0.209299,0.562296,0.343635,0.538322,0.779688,1.000000,0.505668,0.797162,0.459449,0.999929,0.847023,0.984651,0.158837,0.944645,0.289641,0.958616,0.350995,0.958443,0.944670,0.974913,0.330391
ENSDARG00000078582_31_8,0.0000,-0.1987,1.000000,0.949095,0.944669,-22.3000,-23.7050,0.500000,0.564941,0.412160,0.749962,0.994761,0.790056,0.977305,0.999863,0.673572,0.979606,0.850277,0.972262,0.196844,0.954409,0.001659,0.987045,0.002202,0.988565,0.003942,0.988506,0.004128,0.980286,0.004396,0.943413,0.005975,0.966647,0.008615,0.999346,0.161409,0.822393,0.159310,0.824948,0.151754,0.996040,0.929751,0.994576,0.976427,0.985907,0.986332,0.984155,0.979948,0.985398,0.174600
ENSDARG00000078582_31_9,-3.2000,-3.3972,0.500000,0.520044,0.615571,-24.2000,-25.9812,0.125000,0.168198,0.476005,0.997294,0.791247,0.964371,0.639387,0.998058,0.732631,0.943500,0.724706,0.940136,0.815218,0.944016,0.944632,0.270947,0.909742,0.010590,0.784014,0.013920,0.638171,0.070589,0.658322,0.998366,0.254241,0.999269,0.282208,0.988492,0.966179,0.942426,0.026610,0.954787,0.026611,0.944580,0.083556,0.007075,0.026164,0.014679,0.107227,0.071712,0.095540,0.236605,0.013701
ENSDARG00000078582_31_10,0.0000,-0.4322,1.000000,0.920347,0.881184,-22.9000,-24.7686,0.500000,0.402248,0.522721,0.969509,0.977152,0.990027,0.975262,0.804823,0.955575,0.835398,0.970744,0.761439,0.820693,0.855768,0.791404,0.873855,0.797769,0.862885,0.779326,0.989964,0.064188,0.862264,0.080641,0.700454,0.010388,0.754515,0.013293,0.891102,0.021943,0.926474,0.086661,0.999205,0.963707,0.892869,0.587694,0.976362,0.496566,0.987409,0.921636,0.808906,0.097498,0.880449,0.042278
ENSDARG00000079097_24_1,-2.0000,-2.0539,0.750000,0.764569,0.621493,-20.8000,-22.5411,0.625000,0.374086,0.395545,0.988547,0.433308,0.060333,0.054601,0.051150,0.051825,0.051516,0.046519,0.066899,0.053095,1.000000,0.298350,0.999092,0.963072,0.992375,0.977920,0.989879,0.578170,0.987040,0.517406,0.057308,0.325483,0.069172,0.618456,0.070240,0.441208,0.064644,0.432888,0.994257,0.932107,0.994469,0.400925,0.998982,0.450061,0.998428,0.090418,0.997594,0.125841,0.997940,0.119242
ENSDARG00000079097_24_2,-6.7000,-7.0872,0.250000,0.311542,0.449222,-23.7000,-25.8917,0.250000,0.281950,0.383162,0.999503,0.740557,0.996753,0.517425,0.206824,0.063557,0.977754,0.698713,0.001995,0.018136,0.000592,0.032973,0.000049,0.014132,0.000587,0.016651,0.308071,0.325945,0.999998,0.996274,0.999999,0.994100,0.999981,0.989186,0.999968,0.987972,0.308064,0.315779,0.000663,0.016883,0.000104,0.017366,0.002980,0.108622,0.012257,0.048677,0.987366,0.726037,0.180938,0.034263
ENSDARG00000079097_24_3,0.0000,-0.4738,1.000000,0.891006,0.817068,-27.1000,-28.1941,0.500000,0.457451,0.236766,0.592626,0.994632,0.512003,0.009757,0.850403,0.003995,0.655171,0.002306,0.768375,0.001797,0.828315,0.003307,0.995420,0.022446,0.989595,0.001482,0.872038,0.006522,0.719108,0.004236,0.653488,0.007455,0.776766,0.017773,0.596048,0.004401,0.584396,0.000921,0.986169,0.003657,0.982872,0.026926,0.993800,0.646436,0.990613,0.990844,0.996146,0.993033,0.998007,0.993389
ENSDARG00000079097_24_4,-0.7000,-1.2352,0.875000,0.860461,0.705788,-21.6000,-23.1949,0.500000,0.508876,0.472353,0.440217,0.455210,0.395222,0.456860,0.367623,0.516214,0.484993,0.565107,0.968266,0.517665,0.818663,0.395397,0.830573,0.961503,0.840267,0.835172,0.987656,0.306491,0.429356,0.305531,0.340076,0.044868,0.329159,0.016035,0.499461,0.019928,0.987063,0.021166,0.997254,0.025184,0.841537,0.080883,0.833617,0.986833,0.797780,0.978139,0.959696,0.978983,0.967281,0.979887
ENSDARG00000079097_24_5,-2.3000,-2.5719,0.500000,0.526825,0.621654,-29.7000,-31.7971,0.250000,0.270139,0.360011,0.956759,0.851496,0.942773,0.726488,0.968950,0.535113,0.259286,0.607292,0.079924,0.606828,0.107207,0.579389,0.090120,0.213045,0.908197,0.049367,0.929623,0.021911,0.988435,0.084257,0.993381,0.111115,0.993839,0.652804,0.980573,0.779216,0.991363,0.879530,0.865341,0.294862,0.940540,0.114298,0.162916,0.041067,0.017167,0.017699,0.021398,0.020762,0.235299,0.013678
ENSDARG00000079097_24_6,-7.2000,-7.2838,0.375000,0.390912,0.512704,-25.7000,-26.5019,0.625000,0.611149,0.500176,0.999998,0.357835,0.999989,0.315533,0.125359,0.367977,0.000628,0.959106,0.000068,0.959267,0.000504,0.075701,0.000744,0.006337,0.999761,0.040071,0.999979,0.040122,0.999975,0.950234,0.999996,0.995723,0.999780,0.046418,1.000000,0.039840,0.000756,0.002773,0.000484,0.008021,0.000059,0.956402,0.000664,0.956477,0.125860,0.962684,0.999533,0.996045,0.999941,0.966953
ENSDARG00000079097_24_8,-9.2000,-9.3808,0.125000,0.126901,0.225934,-31.9000,-33.4417,0.500000,0.416145,0.332418,0.003468,0.059911,0.000081,0.050923,0.004140,0.085110,0.004124,0.016783,0.000124,0.009122,0.001795,0.010007,0.001417,0.001827,0.244199,0.002625,0.999993,0.129540,0.999997,0.987093,1.000000,0.967845,0.244130,0.998407,0.001290,0.865136,0.002008,0.718532,0.000124,0.737864,0.004119,0.991480,0.004134,0.002263,0.000095,0.000706,0.003482,0.001288,0.999957,0.011892
ENSDARG00000079097_24_9,0.0000,-0.3281,1.000000,0.894542,0.905366,-25.0000,-26.6051,0.500000,0.482125,0.466326,0.917880,0.923878,0.928914,0.895019,0.913835,0.479039,0.919244,0.510459,0.922180,0.761484,0.997586,0.740767,0.717264,0.914703,0.838534,0.153622,0.989312,0.086975,0.833284,0.001004,0.976874,0.000112,0.996080,0.002458,0.948098,0.022378,0.931648,0.973448,0.996198,0.941341,0.996966,0.992525,0.723146,0.030205,0.877153,0.034224,0.798688,0.116589,0.884438,0.746287
ENSDARG00000079097_24_10,-1.5000,-1.8739,1.000000,0.941413,0.746268,-25.2000,-26.8402,0.500000,0.701926,0.425177,0.286798,0.956667,0.210030,0.029142,0.374951,0.040933,0.991547,0.041286,0.985990,0.981581,0.990680,0.078535,0.994800,0.193201,0.998878,0.139164,0.906266,0.277919,0.125347,0.011203,0.156819,0.046496,0.371954,0.092003,0.931684,0.433485,0.990366,0.933057,0.997784,0.975668,0.998501,0.966966,0.901654,0.960103,0.827513,0.426776,0.934701,0.459689,0.949096,0.459667
ENSDARG00000079348_0_2,-5.1000,-5.1950,0.375000,0.393600,0.514875,-22.8000,-24.8649,0.625000,0.608972,0.509083,0.996654,0.605517,0.009180,0.465639,0.009816,0.524573,0.999950,0.619687,0.006170,0.082113,0.000918,0.027370,0.126219,0.120289,0.999946,0.134026,0.999909,0.984339,0.999992,0.572238,0.999961,0.305763,0.999996,0.868335,0.999583,0.863891,0.125824,0.867308,0.001172,0.082501,0.006456,0.069527,0.999758,0.132152,0.009775,0.937811,0.006257,0.938743,0.999973,0.979842
ENSDARG00000079348_0_3,0.0000,-0.2904,1.000000,0.832746,0.865982,-26.7000,-27.7574,0.500000,0.559312,0.415198,0.996287,0.646592,0.756793,0.981002,0.996198,0.991548,0.679327,0.007521,0.645995,0.004867,0.648342,0.005982,0.980459,0.024803,0.970233,0.111928,0.990507,0.975527,0.998116,0.051142,0.997686,0.002654,0.997739,0.025893,0.675718,0.956699,0.643029,0.281061,0.648050,0.969641,0.980624,0.070985,0.727322,0.090370,0.999655,0.990109,0.994488,0.991471,0.993082,0.124163
ENSDARG00000079348_0_4,-1.0000,-1.2387,1.000000,0.983652,0.827740,-21.5000,-23.4446,1.000000,0.667998,0.519535,0.243836,0.229141,0.251002,0.125342,1.000000,0.177091,0.975547,0.231292,1.000000,0.859801,0.935539,0.723842,0.910017,0.124017,0.991402,0.360985,1.000000,0.738839,0.948782,0.388039,0.197031,0.398071,0.232416,0.690256,1.000000,0.782176,0.929748,0.621089,0.995951,0.734090,1.000000,0.963768,0.978793,0.923975,1.000000,0.551564,0.970857,0.466278,0.993871,0.301040
ENSDARG00000079348_0_5,-5.7000,-5.7417,0.500000,0.492793,0.594004,-23.2000,-24.7929,0.500000,0.569348,0.448552,0.999155,0.081259,0.999162,0.078144,0.999171,0.096959,0.011119,0.041350,0.002414,0.681927,0.001996,0.665589,0.010704,0.103953,0.998522,0.332054,0.953404,0.382699,0.965459,0.867264,0.997546,0.577070,0.999076,0.507978,0.999040,0.498488,0.967895,0.876350,0.953079,0.840340,0.009025,0.597070,0.001471,0.608880,0.001081,0.224862,0.010823,0.400526,0.999930,0.508268
ENSDARG00000079348_0_6,-4.1000,-4.8756,0.625000,0.503120,0.582652,-22.1000,-24.3723,0.375000,0.404575,0.448186,0.779734,0.496007,0.649156,0.489537,0.861459,0.540733,0.656549,0.556110,0.850095,0.913506,0.021356,0.662198,0.002803,0.381814,0.006398,0.225105,0.996130,0.225568,0.997182,0.225185,0.997508,0.235571,0.809716,0.775789,0.015573,0.616423,0.007035,0.726723,0.055960,0.765906,0.899201,0.270262,0.801489,0.169694,0.389030,0.139464,0.861208,0.285459,0.995461,0.262667
ENSDARG00000079348_0_7,-4.3000,-4.4336,0.875000,0.856837,0.611151,-22.9000,-23.7592,0.625000,0.627578,0.524289,0.971107,0.954889,0.011321,0.060284,0.005659,0.058695,0.034196,0.115479,0.127411,0.210937,0.972542,0.984308,0.999978,0.986872,0.998156,0.981693,0.999390,0.958953,0.137577,0.093117,0.052109,0.016904,0.058887,0.043028,0.072212,0.070192,0.953426,0.957024,0.943942,0.945810,0.947586,0.051426,0.939482,0.047713,0.999990,0.993368,0.998749,0.985398,0.999305,0.969691
ENSDARG00000079348_0_8,-4.0000,-4.0406,1.000000,0.980084,0.698829,-24.1000,-25.2833,0.375000,0.371623,0.440985,0.044574,0.035961,0.042827,0.027628,0.043030,0.044366,0.998334,0.970681,0.999214,0.933463,0.972684,0.948692,0.976042,0.953309,0.966816,0.943053,0.993630,0.948641,0.034274,0.015892,0.028330,0.016547,0.036159,0.008491,0.998178,0.891372,0.999051,0.203575,0.981260,0.068121,0.986816,0.066083,0.968157,0.068912,0.961836,0.657891,0.961373,0.860181,0.984001,0.156844
ENSDARG00000079348_0_9,-6.0000,-6.0517,0.875000,0.844624,0.589689,-24.9000,-26.0588,0.375000,0.299785,0.371873,0.002911,0.007914,0.001028,0.000793,0.001168,0.002682,0.018359,0.021893,0.997550,0.997103,0.999068,0.999587,0.998765,0.995968,0.998769,0.995875,0.999984,0.996291,0.016214,0.016284,0.001606,0.002314,0.001366,0.002471,0.003104,0.004566,0.938373,0.205955,0.938371,0.264127,0.998952,0.553715,0.999672,0.036426,0.999597,0.052075,0.939480,0.574007,0.939443,0.707408
ENSDARG00000079348_0_10,-2.0000,-2.3048,1.000000,0.884139,0.710836,-21.2000,-22.6065,0.250000,0.366903,0.433546,0.313857,0.054805,0.313805,0.046804,0.387594,0.166799,0.998892,0.945573,0.998771,0.899219,0.984883,0.905715,0.977555,0.984914,0.704393,0.880551,0.090857,0.128860,0.040124,0.047235,0.332876,0.139547,0.999994,0.535676,0.998357,0.471906,0.999105,0.990598,0.696434,0.259758,0.698081,0.291299,0.705582,0.066130,0.996203,0.665003,0.989403,0.092061,0.989949,0.098465
ENSDARG00000079656_0_1,-1.5000,-2.2506,0.500000,0.662682,0.681773,-20.7000,-22.5571,0.625000,0.662799,0.577700,0.905445,0.506677,0.446845,0.114552,0.530790,0.449711,0.664300,0.555579,0.441046,0.129396,0.596262,0.191042,0.602713,0.812137,0.627640,0.885326,0.999872,0.803224,0.981204,0.739786,0.994006,0.981206,0.543873,0.082967,0.445327,0.055460,0.446431,0.055285,0.910465,0.958865,0.907002,0.956570,0.592439,0.949124,0.616005,0.955127,0.682410,0.956236,0.701376,0.415725
ENSDARG00000079656_0_2,-0.7000,-1.5058,0.750000,0.755906,0.784197,-22.6000,-23.8630,0.500000,0.552650,0.528607,0.911652,0.938036,0.856946,0.939662,0.822151,0.974495,0.989936,0.558773,0.972524,0.961339,0.993101,0.293571,0.991587,0.240316,0.932786,0.144052,0.966904,0.853301,0.516613,0.146096,0.275321,0.004956,0.407165,0.096338,0.887898,0.263217,0.944314,0.175385,0.970175,0.971263,0.791424,0.991483,0.217035,0.011668,0.243346,0.010706,0.995770,0.999002,0.997287,0.998477
ENSDARG00000079656_0_3,-0.3000,-1.1922,0.625000,0.721997,0.710896,-22.3000,-24.2965,0.625000,0.553178,0.489521,0.745924,0.685472,0.449788,0.505498,0.419434,0.795539,0.395273,0.174937,0.719817,0.149066,0.947856,0.401453,0.913571,0.850269,0.946313,0.837404,0.823791,0.733471,0.872644,0.176747,0.969157,0.027026,0.238384,0.028112,0.356230,0.035714,0.381433,0.031320,0.471450,0.046669,0.886097,0.535239,0.953057,0.930576,0.837675,0.917968,0.897710,0.969606,0.992321,0.958333
ENSDARG00000079656_0_5,-2.6000,-2.7049,0.625000,0.662260,0.704382,-22.2000,-23.2758,0.625000,0.702043,0.529464,0.974154,0.372176,0.996975,0.259302,0.904789,0.264782,0.900619,0.265509,0.937926,0.787809,0.989149,0.703095,1.000000,0.744277,0.115441,0.077724,0.049081,0.043798,0.017437,0.007978,0.903987,0.714516,0.999993,0.731979,0.999632,0.966621,0.949853,0.933206,0.974924,0.964726,0.111994,0.266073,0.139470,0.312527,0.138331,0.250940,0.989516,0.983633,0.994362,0.938616
ENSDARG00000079656_0_6,-7.8000,-7.8863,0.125000,0.143319,0.314610,-24.9000,-26.3609,0.125000,0.134481,0.305710,0.121433,0.023218,0.014285,0.017932,0.000409,0.015541,0.000716,0.001872,0.001733,0.004295,0.000811,0.002560,0.006733,0.007952,0.999997,0.985359,0.999999,0.997360,0.999986,0.991866,0.999769,0.994465,0.999783,0.995932,0.999057,0.990736,0.005799,0.015867,0.001974,0.015343,0.002550,0.019705,0.000084,0.002165,0.000109,0.000409,0.016110,0.004615,0.120871,0.027009
ENSDARG00000079656_0_7,-4.1000,-4.2117,0.250000,0.297535,0.427085,-22.7000,-24.4560,0.500000,0.665181,0.450853,0.943510,0.131042,0.943752,0.065902,0.966354,0.308196,0.910557,0.684463,0.064714,0.114801,0.078790,0.025788,0.066174,0.015333,0.058944,0.013955,0.105201,0.053128,0.077701,0.848879,0.945744,0.490013,0.999987,0.944106,0.899742,0.605131,0.032663,0.603229,0.062785,0.841228,0.067048,0.672501,0.076951,0.669412,0.119350,0.492270,0.121753,0.484277,0.999988,0.953403
ENSDARG00000079656_0_8,-2.6000,-2.7722,0.625000,0.648025,0.540437,-25.5000,-26.3713,0.500000,0.449909,0.525464,0.026818,0.109457,0.059521,0.098259,0.999948,0.244084,0.070599,0.254260,0.085023,0.990237,0.181077,0.979453,0.998784,0.969170,0.970293,0.830548,0.969958,0.845779,0.997906,0.775638,0.183401,0.763470,0.081208,0.049644,0.070700,0.012938,0.985291,0.002252,0.085103,0.060494,0.051502,0.166750,0.999965,0.800222,0.999503,0.784753,0.994630,0.784558,0.997512,0.987304
ENSDARG00000079656_0_9,0.0000,-0.5019,1.000000,0.819747,0.848400,-20.0000,-21.8126,0.000000,0.208821,0.451528,0.955594,0.834445,0.576202,0.506366,0.531676,0.485296,0.552044,0.493357,0.950695,0.774701,0.994149,0.848330,0.997426,0.831366,0.989594,0.859829,0.950707,0.384314,0.938455,0.364083,0.999562,0.484335,0.973913,0.493580,0.549934,0.170920,0.558137,0.218291,0.560419,0.233305,0.999577,0.247521,0.989991,0.341206,0.968815,0.232754,0.954411,0.108276,0.976690,0.118295
ENSDARG00000079656_0_10,0.0000,-0.4355,1.000000,0.833035,0.859311,-23.4000,-24.5895,0.250000,0.259981,0.559284,0.914006,0.917567,0.893846,0.967261,0.767515,0.973355,0.787489,0.972900,0.948358,0.985938,0.819745,0.993738,0.758714,0.905224,0.975958,0.980547,0.972883,0.764395,0.876046,0.185050,0.887825,0.215849,0.919556,0.244005,0.871242,0.992236,0.846347,0.029999,0.794244,0.016425,0.708127,0.998602,0.898336,0.040418,0.712767,0.000211,0.835204,0.000772,0.998010,0.001187
ENSDARG00000079738_5_1,-2.6000,-2.8701,0.625000,0.625717,0.546677,-23.6000,-24.5719,0.500000,0.502615,0.467049,0.023448,0.060299,0.021949,0.048767,0.095618,0.163817,1.000000,0.088867,0.156185,0.824554,0.249607,0.805733,0.925240,0.489227,0.996190,0.189226,0.999992,0.748983,0.989362,0.448187,0.322077,0.472101,0.148135,0.980300,0.926893,0.051248,0.046235,0.000451,0.020621,0.000318,0.020121,0.003430,0.996250,0.999545,0.996890,0.998593,0.999349,0.968562,0.999376,0.998771
ENSDARG00000079738_5_2,-0.1000,-1.1344,0.500000,0.738576,0.740351,-26.7000,-28.2544,0.125000,0.158015,0.379813,0.927067,0.964143,0.784998,0.858778,0.630090,0.861351,0.734188,0.974440,0.672269,0.985985,0.651185,0.399077,0.490925,0.327583,0.362116,0.843967,0.986770,0.074878,0.986307,0.017623,0.847590,0.014588,0.824912,0.009736,0.800933,0.009599,0.994833,0.024039,0.972861,0.997759,0.878081,0.094499,0.432373,0.059744,0.441650,0.020497,0.580401,0.038037,0.807480,0.019949
ENSDARG00000079738_5_3,-0.4000,-1.4792,0.250000,0.450984,0.557068,-25.7000,-27.4781,0.250000,0.325807,0.428323,0.796341,0.875087,0.526375,0.852537,0.504280,0.744305,0.497233,0.683095,0.651740,0.742962,0.586618,0.469130,0.369522,0.300040,0.656540,0.619205,0.645373,0.258099,0.663434,0.182674,0.636292,0.172387,0.999751,0.060478,0.999836,0.019321,0.471968,0.155323,0.673641,0.844157,0.160752,0.727120,0.148751,0.418185,0.170080,0.205584,0.303270,0.153408,0.679571,0.083358
ENSDARG00000079738_5_4,-2.3000,-2.5930,0.375000,0.463705,0.567673,-19.5000,-20.9773,0.750000,0.742195,0.600992,0.999218,0.273061,0.999609,0.182423,0.066407,0.083152,0.019730,0.070524,0.042932,0.117226,1.000000,0.951176,0.305208,0.376206,0.242456,0.310650,0.999524,0.977651,0.999287,0.947944,0.994231,0.931739,0.975227,0.860531,0.982462,0.867815,0.987453,0.924457,0.250587,0.431625,0.328606,0.506867,0.085227,0.839141,0.035393,0.772185,0.040029,0.734455,0.999880,0.861013
ENSDARG00000079738_5_6,-2.8000,-3.1690,0.500000,0.531749,0.623980,-27.0000,-28.4208,0.125000,0.144984,0.328713,0.934769,0.537161,0.912325,0.536019,0.994279,0.221473,0.305018,0.231944,0.342500,0.876937,0.334375,0.867529,0.071622,0.336436,0.669814,0.040251,0.669205,0.117341,0.997269,0.016405,0.997433,0.686634,0.997004,0.946266,0.361189,0.054996,0.340088,0.012667,0.014459,0.000176,0.014762,0.000127,0.694916,0.005340,0.953766,0.019725,0.946053,0.067014,0.928757,0.999825
ENSDARG00000079738_5_7,-2.1000,-2.3756,0.625000,0.684752,0.582214,-25.4000,-26.6267,0.250000,0.346468,0.346488,0.231243,0.006773,0.149852,0.002925,0.244698,0.011338,0.998316,0.996743,0.251859,0.120267,0.270602,0.665758,0.994551,0.349038,0.998821,0.005042,0.789018,0.004290,0.062596,0.006822,0.175587,0.996999,0.999124,0.992014,0.241120,0.196524,0.234572,0.064431,0.242976,0.066582,0.880445,0.086247,0.880217,0.130718,0.999898,0.256936,0.999470,0.986492,0.999315,0.983812
ENSDARG00000079738_5_8,0.0000,-0.4375,1.000000,0.865300,0.866134,-19.1000,-20.7147,0.625000,0.646893,0.526304,0.902558,0.465416,0.903654,0.152633,0.947060,0.106764,0.967706,0.094277,0.999074,0.758534,0.940577,0.523360,0.918318,0.692572,1.000000,0.877258,0.869266,0.720540,0.678801,0.293504,0.635994,0.322188,0.637276,0.343893,0.999833,0.744180,0.955758,0.655300,0.935609,0.693531,0.999329,0.944358,0.628696,0.312483,0.644406,0.380362,0.769563,0.711705,0.989206,0.733224
ENSDARG00000079738_5_10,0.0000,-0.2596,1.000000,0.902043,0.915129,-20.9000,-22.9508,0.125000,0.433213,0.516810,0.940484,0.981605,0.993007,0.680367,0.994801,0.696769,0.990102,0.996010,0.994089,0.507548,0.987165,0.490279,0.677189,0.217740,0.760387,0.170728,0.760310,0.408653,0.993109,0.328186,0.998232,0.610833,0.997352,0.781776,0.978263,0.273905,0.999695,0.306360,0.751261,0.488347,0.745721,0.532331,0.766267,0.328978,1.000000,0.564168,0.977116,0.451147,0.998025,0.520470
ENSDARG00000079850_0_1,-1.2000,-1.9274,0.625000,0.555873,0.642978,-33.2000,-34.1365,0.125000,0.163149,0.242388,0.790637,0.681177,0.764433,0.674210,0.782138,0.677423,0.311438,0.685447,0.068004,0.699646,0.082554,0.116210,0.989208,0.001702,0.996118,0.001347,0.646016,0.001846,0.998044,0.001260,0.998552,0.000622,0.985443,0.001677,0.811857,0.001182,0.701278,0.006735,0.806839,0.115893,0.151942,0.185632,0.110851,0.075586,0.076801,0.001209,0.788828,0.020659,0.998588,0.898296
ENSDARG00000079850_0_2,0.0000,-0.0467,1.000000,0.993429,0.992652,-20.9000,-22.1631,0.750000,0.754675,0.548034,0.999419,0.156749,0.999937,0.152574,1.000000,0.153181,0.950228,0.154128,1.000000,0.993474,1.000000,0.980384,1.000000,0.792445,0.998943,0.225107,1.000000,0.147734,1.000000,0.132371,0.967619,0.358168,0.989458,0.676961,0.975022,0.302638,0.997768,0.852530,1.000000,0.858810,0.998351,0.931866,1.000000,0.984779,1.000000,0.983255,1.000000,0.995347,0.976288,0.128173
ENSDARG00000079850_0_3,-1.4000,-2.3446,0.750000,0.688904,0.621528,-21.7000,-23.7531,0.375000,0.462573,0.421809,0.652325,0.209144,0.636081,0.196156,0.665331,0.205433,0.620236,0.327649,0.414546,0.677757,0.394685,0.066887,0.398393,0.078315,0.517944,0.314860,0.715387,0.576335,0.652968,0.297875,0.710396,0.821090,0.541026,0.964094,0.076423,0.827415,0.080643,0.763915,0.651809,0.242797,0.897879,0.209411,0.919451,0.871878,0.940497,0.106317,0.945964,0.135138,0.998569,0.543710
ENSDARG00000079850_0_4,-2.1000,-3.1388,0.875000,0.687468,0.642497,-29.0000,-30.2869,0.125000,0.132828,0.470113,0.783226,0.512000,0.789384,0.292754,0.449909,0.361261,0.342579,0.737643,0.215082,0.461609,0.408707,0.509861,0.721997,0.919537,0.723521,0.951702,0.993518,0.921329,0.996053,0.922661,0.637334,0.866761,0.288891,0.882525,0.287943,0.046421,0.500951,0.008122,0.999690,0.004830,0.723541,0.000861,0.723285,0.998308,0.688954,0.000519,0.721464,0.001202,0.853918,0.002360
ENSDARG00000079850_0_5,-0.1000,-0.7396,1.000000,0.916570,0.841507,-17.0000,-19.2381,0.625000,0.612960,0.688093,0.565699,0.503741,0.548135,0.475901,0.966027,0.858740,0.991683,0.979721,0.998879,0.988652,0.863610,0.879856,0.835720,0.851714,0.827874,0.847171,0.567519,0.586201,0.567720,0.487071,0.877928,0.690638,0.886785,0.708772,0.999739,0.829940,0.999663,0.852306,0.857550,0.853922,0.806649,0.470000,0.780090,0.536600,0.912790,0.258746,0.989052,0.560880,0.987024,0.541285
ENSDARG00000079850_0_7,-2.6000,-3.1634,0.375000,0.388196,0.454879,-25.2000,-26.9816,0.625000,0.491231,0.599969,0.082009,0.925087,0.099922,0.914626,0.029488,0.983913,0.068541,0.939448,0.694053,0.909192,0.682596,0.955378,0.372161,0.974091,0.528730,0.990575,0.997313,0.469197,0.997074,0.001536,0.939522,0.000393,0.500610,0.006095,0.214954,0.999824,0.707449,0.023897,0.726473,0.124948,0.128445,0.172409,0.168790,0.708945,0.065973,0.375528,0.096543,0.524791,0.996943,0.999506
ENSDARG00000079850_0_9,-2.9000,-3.5602,0.750000,0.648924,0.601726,-20.6000,-22.5123,0.500000,0.463041,0.485323,0.558485,0.591172,0.105639,0.377326,0.090604,0.384883,0.122527,0.622347,0.743853,0.637650,0.803183,0.631660,0.986349,0.605029,0.999551,0.555085,0.910398,0.463804,0.902224,0.597705,0.336448,0.476888,0.283862,0.058575,0.284187,0.082286,0.427246,0.437364,0.719648,0.501896,0.845729,0.528688,0.838064,0.760468,0.569598,0.280887,0.564931,0.316970,0.941986,0.795770
ENSDARG00000079850_0_10,-3.5000,-3.8171,0.500000,0.511756,0.600519,-24.7000,-25.7172,1.000000,0.827732,0.549370,0.948298,0.892802,0.941288,0.028332,0.966765,0.014032,1.000000,0.020698,0.953182,0.121086,0.085757,0.748531,0.052763,0.748394,0.047087,0.008481,0.017250,0.010553,0.946970,0.170148,0.957698,0.790402,0.999276,0.812086,0.999589,0.802532,0.276136,0.798150,0.231349,0.749369,0.276735,0.979096,0.071968,0.819820,0.717923,0.815278,0.731551,0.840877,0.788800,0.816735
ENSDARG00000079969_4_1,-0.2000,-1.0748,0.625000,0.699674,0.757423,-24.5000,-26.5306,1.000000,0.599991,0.368478,0.983094,0.011028,0.981478,0.006854,0.999566,0.503590,0.931264,0.499164,0.725538,0.001990,0.570042,0.003977,0.980593,0.002416,0.348933,0.000462,0.272911,0.001510,0.777578,0.072136,0.981655,0.788724,0.998415,0.677771,0.998195,0.540288,0.447633,0.467519,0.432384,0.433468,0.923716,0.968522,0.646434,0.972662,0.702354,0.743068,0.649095,0.369704,0.797581,0.304698
ENSDARG00000079969_4_2,-0.9000,-1.3161,0.250000,0.450161,0.549435,-23.2000,-24.5682,0.625000,0.734425,0.416682,0.246076,0.011859,0.218419,0.009017,0.242056,0.010043,0.950950,0.013464,0.943495,0.982121,0.991204,0.131814,0.250588,0.095239,0.268562,0.099223,0.406612,0.117825,0.953376,0.203237,0.935924,0.392305,0.980140,0.392095,0.993428,0.411003,0.415659,0.407194,0.261501,0.393110,0.299359,0.948098,0.934759,0.912936,0.239087,0.917907,0.216044,0.938216,0.241454,0.946933
ENSDARG00000079969_4_3,-0.9000,-1.7675,0.875000,0.644324,0.618183,-24.5000,-26.1634,0.375000,0.366254,0.446432,0.508195,0.873180,0.782508,0.387912,0.491381,0.434602,0.486371,0.260068,0.423883,0.128206,0.671946,0.142930,0.483764,0.522893,0.655535,0.536701,0.686962,0.594255,0.737346,0.437319,0.726525,0.777415,0.554654,0.903126,0.954693,0.123671,0.448469,0.181204,0.796440,0.846732,0.744303,0.909801,0.418253,0.800319,0.403330,0.029150,0.649041,0.025175,0.740064,0.013981
ENSDARG00000079969_4_4,-0.9000,-1.5612,1.000000,0.844620,0.729845,-21.5000,-23.0517,1.000000,0.951620,0.496099,0.277135,0.366002,0.222897,0.096522,0.538896,0.089697,0.915859,0.996372,0.589119,0.028111,0.789275,0.020555,0.995050,0.054604,0.998961,0.054200,0.509629,0.014521,0.450241,0.021789,0.570147,0.083011,0.982733,0.483624,1.000000,0.949454,0.769582,0.906561,0.999834,0.986727,0.807536,0.962899,0.718457,0.964307,0.681412,0.953954,0.784396,0.966119,0.995740,0.922944
ENSDARG00000079969_4_5,-1.5000,-2.1395,0.250000,0.451682,0.543472,-26.3000,-27.8497,0.250000,0.313471,0.405485,0.983617,0.764541,0.361742,0.779597,0.289722,0.787015,0.216589,0.785871,0.927103,0.791568,0.675630,0.525088,0.149202,0.764426,0.553865,0.235916,0.561845,0.135957,0.906605,0.021576,0.816365,0.006213,0.813706,0.004176,0.925906,0.197949,0.258434,0.202510,0.178939,0.774949,0.484171,0.993370,0.999725,0.286872,0.251841,0.011144,0.241832,0.008114,0.272611,0.032859
ENSDARG00000079969_4_6,-4.4000,-4.5272,0.375000,0.400190,0.520120,-26.4000,-28.0372,0.125000,0.183927,0.495333,0.044198,0.531822,0.042400,0.538712,0.161271,0.547241,1.000000,0.686601,0.022739,0.798174,0.962030,0.611275,0.999897,0.567552,0.011463,0.632535,0.962385,0.787011,0.994506,0.807351,0.999999,0.956560,0.999997,0.970400,0.052430,0.141488,0.992304,0.100356,0.999976,0.100858,0.022190,0.115809,0.123036,0.009896,0.004809,0.001166,0.006962,0.002302,0.999808,0.999543
ENSDARG00000079969_4_7,-1.1000,-1.6901,0.750000,0.769933,0.738393,-24.7000,-26.5088,0.125000,0.351995,0.489187,0.322213,0.962060,0.900570,0.550218,0.916179,0.515845,0.209802,0.499600,0.775704,0.578883,0.447116,0.568852,0.926753,0.151998,0.970251,0.301639,0.975899,0.314021,0.908413,0.783330,0.411299,0.886877,0.844198,0.854450,0.360935,0.059695,0.983837,0.117860,0.989568,0.485273,0.304276,0.022964,0.886290,0.071229,0.853222,0.447094,0.834727,0.780227,0.946606,0.831621
ENSDARG00000079969_4_8,0.0000,-0.0204,1.000000,0.994007,0.994710,-25.2000,-26.3199,0.625000,0.604408,0.530861,0.999663,0.923897,0.999901,0.708759,0.999259,0.791776,0.999676,0.972999,0.996874,0.979223,0.999894,0.161409,0.997044,0.116208,0.999743,0.980421,0.998747,0.103577,0.999843,0.010651,0.979743,0.007267,0.971761,0.025776,0.998636,0.886516,0.999738,0.881216,1.000000,0.103631,0.999910,0.041270,0.979529,0.897017,0.975341,0.048202,0.999532,0.999069,0.999372,0.978342
ENSDARG00000079969_4_9,-0.4000,-0.8196,1.000000,0.984086,0.851269,-21.9000,-23.5070,0.625000,0.616938,0.572309,0.369079,0.283987,0.397051,0.248873,0.999664,0.724355,0.999739,0.866821,0.999897,0.857078,0.880095,0.823433,0.329234,0.568568,0.423303,0.349278,0.976577,0.718899,0.998325,0.750871,0.872052,0.044085,0.907677,0.274421,0.987225,0.278155,0.984249,0.983328,0.998944,0.973078,0.999554,0.871188,0.917887,0.692910,0.999237,0.999642,0.991910,0.122682,0.993685,0.014523
ENSDARG00000086034_0_1,-3.5000,-4.1420,0.500000,0.671683,0.539599,-24.8000,-25.8515,0.500000,0.487791,0.481170,0.133445,0.161899,0.149326,0.145115,0.508722,0.187604,0.622203,0.881572,0.203061,0.853754,0.397079,0.770943,0.397271,0.345004,0.998070,0.214164,0.780256,0.408494,0.618845,0.612471,0.606586,0.593119,0.003647,0.546933,0.007194,0.799035,0.423134,0.865114,0.998388,0.991107,0.892693,0.006784,0.550993,0.005640,0.502882,0.017548,0.999281,0.999231,0.998894,0.217867
ENSDARG00000086034_0_2,0.0000,-0.5720,1.000000,0.774336,0.788893,-23.6000,-25.4766,0.500000,0.537843,0.476671,0.669392,0.964591,0.700551,0.399862,0.747295,0.412072,0.928815,0.424473,0.796752,0.973907,0.837858,0.978332,0.752730,0.855148,0.872723,0.071486,0.898329,0.053351,0.882205,0.048311,0.790059,0.036063,0.706464,0.013082,0.965992,0.430323,0.782477,0.931049,0.792847,0.749520,0.868731,0.829184,0.620729,0.407461,0.541399,0.092283,0.693718,0.091905,0.928793,0.771020
ENSDARG00000086034_0_3,-1.5000,-2.3739,0.375000,0.424034,0.537043,-22.6000,-23.9890,0.625000,0.578017,0.541490,0.998384,0.474471,0.992585,0.433794,0.414801,0.473680,0.137362,0.911456,0.031871,0.923119,0.037436,0.899430,0.172142,0.419362,0.991777,0.201489,0.590371,0.048508,0.992122,0.221712,0.990147,0.376222,0.999594,0.822420,0.991827,0.796049,0.594848,0.223648,0.865895,0.062887,0.064108,0.066909,0.038903,0.762365,0.084341,0.990382,0.263859,0.973598,0.488494,0.748300
ENSDARG00000086034_0_4,-3.0000,-3.5697,0.625000,0.580373,0.552278,-21.0000,-23.5504,0.375000,0.395091,0.441451,0.012181,0.056604,0.006121,0.036884,0.390532,0.584986,0.013623,0.083080,0.210027,0.330437,0.981886,0.214055,0.908956,0.202695,0.999657,0.940948,0.999874,0.687441,0.574608,0.881666,0.986258,0.724244,0.318845,0.925258,0.007486,0.151607,0.008629,0.383891,0.017161,0.273094,0.613523,0.400708,0.996391,0.137898,0.999868,0.241378,0.999936,0.600575,0.999992,0.971574
ENSDARG00000086034_0_5,-4.6000,-4.7183,0.875000,0.825970,0.501005,-23.5000,-25.0859,0.375000,0.396141,0.352441,0.031223,0.033136,0.005539,0.029632,0.006772,0.041767,0.029112,0.038148,0.088269,0.051967,0.988092,0.579847,0.994721,0.815622,0.968734,0.685947,0.081996,0.351970,0.060971,0.388607,0.081029,0.466163,0.075884,0.396887,0.069941,0.439365,0.907459,0.185712,0.883415,0.242432,0.962266,0.686535,0.952121,0.131379,0.959533,0.133506,0.936419,0.637456,0.936604,0.712740
ENSDARG00000086034_0_6,-1.1000,-1.3148,0.750000,0.790269,0.743277,-18.6000,-20.8007,0.875000,0.715780,0.623887,0.177994,0.925977,0.216148,0.539187,0.162965,0.535746,0.932395,0.569940,0.976565,0.659045,0.966082,0.676247,0.992315,0.538956,0.983505,0.674687,0.999182,0.779472,0.944326,0.670081,0.957664,0.100489,0.234239,0.081683,0.213041,0.138407,0.217021,0.467164,0.986636,0.952067,0.956318,0.804772,0.949356,0.841388,0.999928,0.870971,0.999930,0.830622,0.999927,0.820849
ENSDARG00000086034_0_7,-2.0000,-2.4641,0.500000,0.450364,0.557357,-19.8000,-22.3144,0.500000,0.458449,0.534256,0.978067,0.757903,0.976194,0.422040,0.924138,0.382996,0.923698,0.562647,0.072061,0.654498,0.059765,0.442929,0.113196,0.502942,0.066976,0.435305,0.602666,0.668129,0.852372,0.667446,0.997297,0.827410,0.977802,0.693279,0.915622,0.641621,0.937522,0.806947,0.863711,0.829315,0.600191,0.689380,0.125258,0.235135,0.039725,0.055887,0.048982,0.067859,0.071904,0.341448
ENSDARG00000086034_0_8,-0.1000,-0.8849,1.000000,0.843996,0.776245,-22.7000,-24.3826,0.250000,0.323160,0.352505,0.919376,0.420836,0.847376,0.421906,0.462705,0.424627,0.591507,0.424230,0.445191,0.425091,0.699264,0.537040,0.842453,0.830394,0.999915,0.915026,0.976931,0.019387,0.633929,0.006122,0.637310,0.007072,0.716972,0.033079,0.863573,0.137249,0.744558,0.288372,0.819122,0.005743,0.842995,0.612068,0.859868,0.408916,0.675526,0.074014,0.946506,0.997159,0.999820,0.061758
ENSDARG00000086034_0_9,-0.9000,-1.4857,0.500000,0.534946,0.627895,-31.9000,-33.7955,0.000000,0.006784,0.367758,0.921328,0.799485,0.905957,0.780683,0.899588,0.528060,0.986980,0.568255,0.920466,0.585528,0.316464,0.593261,0.218159,0.585087,0.223393,0.925510,0.229783,0.964034,0.978815,0.949494,0.684088,0.011475,0.993310,0.010015,0.995769,0.001550,0.929939,0.003009,0.614477,0.006244,0.991730,0.001149,0.142493,0.013020,0.095514,0.000182,0.146689,0.009949,0.362960,0.019167
ENSDARG00000086034_0_10,-1.7000,-2.4973,0.750000,0.743864,0.618422,-25.3000,-26.5001,0.750000,0.720878,0.364646,0.685034,0.012502,0.420649,0.007411,0.218626,0.006717,0.511771,0.018465,0.346764,0.016935,0.529676,0.010066,0.817139,0.010678,0.823334,0.077880,0.837734,0.631018,0.809641,0.556218,0.209758,0.086188,0.207403,0.091825,0.999977,0.985950,0.367481,0.915077,0.297348,0.909206,0.825504,0.914320,0.823669,0.915309,0.999659,0.946893,0.816848,0.096529,0.820428,0.083738
ENSDARG00000086551_1_1,-2.6000,-2.8533,0.500000,0.495098,0.595557,-26.1000,-27.1091,0.375000,0.321136,0.499951,0.036986,0.160655,0.032154,0.137472,0.998497,0.143842,0.023848,0.172429,0.014551,0.747584,0.858796,0.630351,0.997536,0.857840,0.994987,0.858836,0.999373,0.972793,0.998610,0.967041,0.998574,0.838451,0.996455,0.942634,0.881550,0.692707,0.870998,0.779027,0.989638,0.082496,0.027499,0.010614,0.122355,0.000624,0.207104,0.001902,0.034283,0.004953,0.827354,0.996760
ENSDARG00000086551_1_2,0.0000,-0.5792,1.000000,0.887877,0.813243,-27.8000,-29.2548,0.125000,0.128839,0.377150,0.825101,0.674489,0.619059,0.582958,0.551663,0.552213,0.773653,0.837585,0.882088,0.866814,0.834573,0.188536,0.858323,0.181883,0.807051,0.214224,0.700532,0.979128,0.593305,0.488171,0.721628,0.941122,0.994870,0.005172,0.887109,0.001788,0.848036,0.003311,0.842655,0.009964,0.946028,0.001109,0.961138,0.000336,0.798428,0.000150,0.820793,0.022495,0.998824,0.991561
ENSDARG00000086551_1_3,-1.8000,-2.8094,1.000000,0.831449,0.706998,-26.7000,-27.9842,0.125000,0.182610,0.343894,0.708805,0.775155,0.828282,0.670227,0.518167,0.656070,0.485663,0.971492,0.027824,0.980351,0.551853,0.102349,0.999951,0.142002,0.999949,0.995360,0.988562,0.109637,0.646307,0.007472,0.196187,0.001264,0.536819,0.005629,0.828029,0.003691,0.274253,0.953120,0.999886,0.109626,0.606272,0.097020,1.000000,0.080090,0.977708,0.065849,0.977597,0.037685,0.987847,0.113796
ENSDARG00000086551_1_4,-1.9000,-2.5577,0.500000,0.563857,0.650041,-20.8000,-22.7057,0.375000,0.487136,0.537338,0.864039,0.744233,0.982003,0.712383,0.875532,0.795698,0.849915,0.243675,0.904740,0.236004,0.526217,0.225882,0.134000,0.138720,0.122357,0.528608,0.253954,0.861067,0.996147,0.984315,0.995524,0.953433,0.985541,0.425662,0.913838,0.423446,0.692015,0.464794,0.708355,0.174892,0.594666,0.162363,0.332322,0.167204,0.417912,0.781350,0.232833,0.777575,0.618912,0.945464
ENSDARG00000086551_1_5,-0.8000,-1.6952,1.000000,0.864501,0.725145,-22.7000,-24.5777,0.625000,0.541860,0.502047,0.342839,0.527311,0.305117,0.539122,0.562618,0.511227,0.797563,0.501908,0.999801,0.520412,0.813602,0.533978,0.597807,0.682201,0.092468,0.538558,0.287396,0.535676,0.999835,0.329616,0.948235,0.268183,0.839614,0.217873,0.795127,0.214999,0.805736,0.020708,0.852685,0.107852,0.814875,0.100955,0.994419,0.983818,0.998355,0.994650,0.697069,0.932310,0.957743,0.979593
ENSDARG00000086551_1_6,-3.1000,-3.1482,0.750000,0.746394,0.696953,-22.8000,-24.4095,0.000000,0.053987,0.431575,0.023922,0.073102,0.024177,0.073210,0.030719,0.080859,0.948378,0.962768,0.985241,0.998363,0.999931,0.998985,0.987040,0.998695,0.984496,0.985943,0.999003,0.995508,0.954373,0.952614,0.999987,0.998055,0.030643,0.081504,0.024276,0.076117,0.025657,0.012923,0.985898,0.070177,0.985128,0.160193,0.985611,0.080242,0.999998,0.014904,0.985351,0.008673,0.979236,0.008669
ENSDARG00000086551_1_7,0.0000,-0.7696,1.000000,0.768559,0.776013,-23.7000,-25.2576,0.125000,0.188819,0.535257,0.949814,0.910324,0.621344,0.572779,0.710433,0.644713,0.959942,0.807885,0.740545,0.624603,0.767428,0.568848,0.601900,0.590714,0.591209,0.815133,0.739943,0.899902,0.998338,0.911051,0.971333,0.929933,0.719559,0.918708,0.791727,0.098869,0.703425,0.104447,0.833243,0.109617,0.482351,0.140316,0.442769,0.980706,0.971042,0.046343,0.993292,0.015059,0.930626,0.015197
ENSDARG00000086551_1_8,-5.9000,-6.3888,0.250000,0.264149,0.411066,-24.3000,-26.0841,0.625000,0.403402,0.504797,0.994347,0.949065,0.010403,0.912064,0.007448,0.773895,0.005500,0.770915,0.488329,0.754767,0.518256,0.404716,0.035872,0.323635,0.057784,0.315717,0.995176,0.690201,0.997214,0.291436,0.999261,0.266971,0.998537,0.415350,0.996566,0.810633,0.051384,0.869197,0.034952,0.426076,0.021740,0.327253,0.000678,0.032913,0.003518,0.159280,0.004790,0.024977,0.999564,0.576885
ENSDARG00000086551_1_9,-1.3000,-2.0129,0.500000,0.688228,0.697618,-23.4000,-24.8713,0.250000,0.511221,0.483113,0.513666,0.589682,0.561733,0.429579,0.242259,0.539903,0.132704,0.537122,0.977675,0.051593,0.914142,0.059440,0.822464,0.979966,0.838307,0.574851,0.983974,0.108234,0.744448,0.438706,0.757262,0.343626,0.957903,0.919789,0.264857,0.810481,0.472999,0.353862,0.898559,0.457892,0.427728,0.155973,0.576381,0.171780,0.983101,0.552798,0.882202,0.675479,0.999999,0.911501
ENSDARG00000086551_1_10,-3.5000,-3.6598,0.500000,0.540613,0.608871,-21.9000,-23.8796,0.375000,0.498483,0.395864,0.941100,0.841873,0.957788,0.547924,0.966128,0.627713,0.937697,0.333467,0.931543,0.068579,0.866359,0.045772,1.000000,0.092278,0.139331,0.028370,0.108574,0.111987,0.090793,0.176868,0.016516,0.139498,0.896677,0.915081,0.946786,0.978129,0.998684,0.967431,0.999859,0.924596,0.117604,0.114310,0.108968,0.173514,0.086955,0.097032,0.145312,0.346743,0.920737,0.386106
ENSDARG00000088347_3_1,-4.9000,-5.0098,0.250000,0.274169,0.419566,-26.2000,-27.6822,0.250000,0.293156,0.511248,0.027270,0.909363,0.016693,0.815882,0.999938,0.834251,0.119835,0.763122,1.000000,0.694665,0.012248,0.731173,0.003385,0.832808,0.022322,0.682786,0.999039,0.564684,0.998737,0.948210,1.000000,0.086860,0.998514,0.015919,0.989509,0.143993,0.020575,0.020186,0.011901,0.005442,0.009555,0.007275,0.124677,0.748213,0.016415,0.169695,0.022059,0.270774,0.998657,0.979667
ENSDARG00000088347_3_2,-3.7000,-4.3766,0.375000,0.503620,0.430471,-24.4000,-26.2437,0.500000,0.362934,0.308512,0.392370,0.213046,0.288660,0.144130,0.277187,0.359725,0.198908,0.290946,0.130071,0.208731,0.190245,0.206353,0.107750,0.206881,0.828305,0.539659,0.926847,0.510288,0.937050,0.441262,0.162085,0.094447,0.140992,0.051301,0.056665,0.140221,0.594060,0.632274,0.993503,0.837017,0.903170,0.522299,0.476818,0.507097,0.297850,0.095295,0.302717,0.076762,0.404176,0.092508
ENSDARG00000088347_3_3,-2.0000,-2.4076,0.875000,0.810122,0.604252,-26.0000,-27.5038,0.375000,0.421396,0.411445,0.714393,0.412120,0.178235,0.385866,0.174077,0.441650,0.178927,0.924267,0.140438,0.988992,0.975569,0.376867,0.878030,0.166314,0.851336,0.159206,0.976033,0.996056,0.185513,0.004680,0.187978,0.000361,0.163532,0.001355,0.167137,0.002460,0.905729,0.958056,0.614074,0.956002,0.960710,0.128151,0.974924,0.163931,0.945172,0.099398,0.941872,0.996962,0.971356,0.066209
ENSDARG00000088347_3_5,-5.7000,-6.0050,0.250000,0.296047,0.431318,-25.3000,-26.9197,0.375000,0.411183,0.423458,0.980784,0.704955,0.108088,0.650649,0.001251,0.809311,0.000480,0.926319,0.007772,0.972630,0.023066,0.023407,0.277172,0.012563,0.959833,0.507550,0.981911,0.503090,0.955091,0.017605,0.981327,0.020324,0.981218,0.031284,0.993999,0.978098,0.954327,0.020136,0.232549,0.021682,0.002844,0.013091,0.019765,0.100174,0.019083,0.984127,0.019930,0.977551,0.125877,0.194605
ENSDARG00000088347_3_6,-3.1000,-3.1905,1.000000,0.980286,0.615305,-24.3000,-25.5703,0.625000,0.634677,0.445298,0.052257,0.070915,0.048702,0.061121,0.060833,0.097529,0.124087,0.976660,0.996054,0.997288,0.997586,0.037458,0.960830,0.033370,0.082802,0.002012,0.027659,0.003535,0.055062,0.076781,0.059065,0.878403,0.998877,0.593464,0.992281,0.702940,0.993660,0.584790,0.973799,0.582752,0.951974,0.537938,0.952313,0.671095,0.994933,0.675980,0.985870,0.660473,0.997460,0.661450
ENSDARG00000088347_3_7,0.0000,-1.0909,1.000000,0.642152,0.673915,-29.1000,-30.5659,0.125000,0.170926,0.478605,0.728593,0.882122,0.795493,0.820093,0.684049,0.860283,0.503156,0.974866,0.657939,0.907653,0.641524,0.843250,0.493436,0.828529,0.498107,0.883437,0.840318,0.839924,0.766290,0.357741,0.814908,0.004239,0.917276,0.002557,0.620739,0.002315,0.498677,0.002355,0.583711,0.013207,0.769180,0.000688,0.692943,0.000595,0.557770,0.050519,0.673827,0.999838,0.740366,0.297889
ENSDARG00000088347_3_8,-1.2000,-1.6569,1.000000,0.897078,0.723966,-20.0000,-21.5112,0.625000,0.659759,0.477196,0.584660,0.207444,0.096338,0.178968,0.472889,0.076538,0.357473,0.045765,0.867556,0.079898,0.882550,0.218317,0.904483,0.917606,0.802120,0.958365,0.396373,0.746513,0.503150,0.224753,0.471347,0.391730,0.963755,0.219944,0.873966,0.320209,0.868738,0.384236,0.881055,0.602234,0.780650,0.511657,0.779453,0.562689,0.998751,0.975424,0.994785,0.973823,0.999223,0.947801
ENSDARG00000088347_3_9,-1.0000,-1.4684,0.750000,0.825292,0.751336,-23.6000,-25.2135,0.750000,0.627676,0.404718,0.293575,0.100942,0.128777,0.017739,0.242510,0.018868,0.999882,0.033178,0.963909,0.037089,0.998531,0.318202,0.859901,0.217646,0.859291,0.960146,0.940435,0.959739,0.950394,0.064741,0.952571,0.051833,0.234609,0.292832,0.273728,0.660098,0.530262,0.705255,0.894054,0.991340,0.939226,0.974326,0.995542,0.703879,0.983704,0.670045,0.989322,0.304564,0.996498,0.011899
ENSDARG00000088347_3_10,-7.8000,-8.1928,0.500000,0.500496,0.455431,-24.3000,-26.4838,0.250000,0.286256,0.378192,0.010815,0.117974,0.000776,0.054853,0.000747,0.070965,0.005022,0.078723,0.002431,0.007207,0.538981,0.417520,0.995538,0.884399,0.999999,0.907593,0.999990,0.889100,0.999996,0.986443,0.543553,0.623191,0.006803,0.235820,0.005027,0.114480,0.000038,0.070497,0.004061,0.096634,0.010478,0.112953,0.991911,0.375062,0.999913,0.328628,0.996244,0.578329,0.996292,0.613467
ENSDARG00000088484_0_1,-1.9000,-2.0054,0.875000,0.883211,0.716291,-19.7000,-21.2378,0.375000,0.409372,0.533461,0.043668,0.111679,0.041146,0.109111,0.115415,0.193857,0.984399,0.983408,0.978694,0.977131,0.978816,0.930984,0.978612,0.922545,0.999908,0.961757,0.960753,0.940331,0.991891,0.956284,0.114423,0.170856,0.072405,0.136300,0.074534,0.122292,0.999926,0.953536,0.997610,0.904519,0.997725,0.964814,0.997794,0.122590,0.998346,0.055321,0.999874,0.087104,0.999879,0.064797
ENSDARG00000088484_0_2,-0.4000,-1.0495,0.500000,0.801579,0.761305,-20.6000,-22.2948,0.500000,0.434707,0.596166,0.235289,0.247910,0.192524,0.244101,0.594708,0.868931,0.603396,0.845397,0.999984,0.982127,0.997080,0.823333,0.999376,0.865788,0.992147,0.981789,0.688335,0.629157,0.610052,0.408031,0.903487,0.716684,0.997095,0.832421,0.993721,0.797359,0.998740,0.711672,0.998630,0.778052,0.608436,0.783427,0.588962,0.129538,0.593376,0.012427,0.637884,0.017536,0.992880,0.247645
ENSDARG00000088484_0_3,-3.2000,-3.2357,0.625000,0.627872,0.602840,-19.4000,-22.0081,0.375000,0.493417,0.499957,0.009677,0.507406,0.006347,0.130422,0.009634,0.132601,0.025158,0.109126,0.999291,0.549478,0.979470,0.968143,0.999911,0.667182,0.999936,0.650895,0.999224,0.615226,0.986105,0.752031,0.983991,0.676648,0.035085,0.292646,0.009431,0.672658,0.006504,0.290615,0.009347,0.113974,0.999724,0.335270,0.999933,0.622928,0.999203,0.880144,0.999012,0.498620,0.999822,0.533129
ENSDARG00000088484_0_4,-1.8000,-1.8641,0.875000,0.878963,0.716620,-21.4000,-23.8781,0.000000,0.193416,0.220879,0.086952,0.838999,0.081818,0.303861,0.081688,0.161355,0.992762,0.130067,0.973278,0.040600,0.977962,0.032049,0.999138,0.027753,0.998916,0.040979,0.993263,0.061385,0.996219,0.207113,0.054700,0.839220,0.064002,0.186873,0.071662,0.222023,0.991949,0.273386,0.999217,0.236187,0.999256,0.236471,0.989819,0.130041,0.990765,0.175852,0.991331,0.113029,0.997703,0.160340
ENSDARG00000088484_0_5,-3.3000,-3.6136,0.750000,0.780598,0.545180,-22.0000,-22.8694,0.750000,0.671454,0.509848,0.246247,0.241139,0.008669,0.174515,0.006446,0.220005,0.006159,0.894728,0.193669,0.172517,0.999529,0.223258,0.997695,0.170517,0.998267,0.929462,0.998444,0.926651,0.192655,0.865946,0.004528,0.003701,0.006511,0.002891,0.008308,0.003624,0.257091,0.053539,0.997493,0.936091,0.989397,0.885250,0.997831,0.953631,0.998114,0.747757,0.997342,0.915330,0.999207,0.876406
ENSDARG00000088484_0_6,0.0000,-0.9335,1.000000,0.834917,0.758198,-25.3000,-26.6944,0.250000,0.304835,0.347358,0.790319,0.291053,0.558297,0.064256,0.518678,0.062138,0.432905,0.051548,0.667987,0.051363,0.725894,0.183854,0.955297,0.997008,0.935371,0.794863,0.917701,0.882600,0.727162,0.934780,0.827643,0.140855,0.427375,0.054168,0.864503,0.001241,0.636794,0.000364,0.703179,0.002006,0.715104,0.037124,0.847406,0.250896,0.958056,0.843846,0.954579,0.921358,0.999715,0.381847
ENSDARG00000088484_0_7,-0.8000,-1.5052,0.625000,0.543932,0.634059,-22.7000,-24.2035,1.000000,0.814267,0.498970,0.977922,0.140902,0.980225,0.004564,0.950623,0.000432,0.698469,0.000677,0.155379,0.000260,0.150820,0.009030,0.114215,0.015651,0.629145,0.065548,0.683456,0.767724,0.991924,0.740820,0.998864,0.901014,0.998687,0.818648,0.997214,0.832966,0.685169,0.806871,0.628461,0.802672,0.773306,0.825579,0.309466,0.955452,0.143486,0.929995,0.132820,0.828598,0.681531,0.532001
ENSDARG00000088484_0_8,-0.7000,-1.6328,0.500000,0.679086,0.682626,-22.3000,-23.7601,0.500000,0.505586,0.549997,0.888822,0.539863,0.919973,0.540849,0.541398,0.823700,0.138687,0.989768,0.238322,0.990687,0.233040,0.678411,0.861220,0.700174,0.938105,0.590610,0.996013,0.527225,0.993725,0.530864,0.732332,0.015760,0.738202,0.027334,0.756750,0.988140,0.848514,0.013376,0.933555,0.007779,0.398576,0.008536,0.407900,0.998594,0.438865,0.996014,0.677171,0.996889,0.971359,0.035357
ENSDARG00000088484_0_10,-4.4000,-4.4650,0.500000,0.501189,0.592362,-20.9000,-22.5792,0.500000,0.427574,0.630995,0.993514,0.953328,0.010681,0.477929,0.004203,0.480684,0.003130,0.458483,0.004768,0.465420,0.995691,0.934909,0.918558,0.868090,0.999975,0.931190,0.999989,0.978936,0.997638,0.881090,0.991964,0.888887,0.917620,0.880362,1.000000,0.917164,1.000000,0.927729,0.004774,0.014305,0.000890,0.013655,0.001916,0.016517,0.004870,0.015413,0.999996,0.970984,0.997069,0.544826
ENSDARG00000088655_7_1,0.0000,-0.1397,1.000000,0.933876,0.934213,-19.6000,-21.4286,0.500000,0.467617,0.654700,0.974145,0.598471,0.972401,0.575022,0.948527,0.692830,0.957141,0.834344,0.962658,0.844542,0.978308,0.897672,0.889703,0.893437,0.879143,0.885294,0.871618,0.756462,0.862583,0.777620,0.952517,0.780784,0.964512,0.816574,0.965837,0.943561,0.988620,0.802804,0.890543,0.790518,0.876084,0.753508,0.883787,0.191645,0.891274,0.048209,0.985817,0.184709,0.989045,0.025985
ENSDARG00000088655_7_3,-0.4000,-0.8923,0.500000,0.701516,0.755009,-23.6000,-25.1976,0.375000,0.399340,0.475642,0.958100,0.981259,0.988711,0.122081,0.532569,0.117762,0.499776,0.118646,0.994545,0.123972,0.998966,0.134722,0.284018,0.126666,0.285474,0.950362,0.999651,0.956871,0.952285,0.957211,0.999715,0.984542,0.994249,0.744023,0.994945,0.648055,0.406006,0.639260,0.317556,0.617495,0.900630,0.064423,0.967687,0.245754,0.501464,0.548613,0.528541,0.195686,0.995300,0.235434
ENSDARG00000088655_7_4,0.0000,-0.7760,1.000000,0.726574,0.775425,-23.1000,-24.1089,0.250000,0.264151,0.310665,0.946212,0.026032,0.989727,0.017605,0.994887,0.076064,0.993393,0.996891,0.995296,0.990926,0.527184,0.937046,0.422850,0.875339,0.472689,0.066789,0.518906,0.007597,0.855519,0.002076,0.988422,0.023626,0.990820,0.080100,0.998502,0.051135,0.903087,0.027428,0.646840,0.022401,0.543576,0.025261,0.376063,0.029856,0.403134,0.025951,0.942849,0.983415,0.998542,0.947764
ENSDARG00000088655_7_5,-1.1000,-1.5386,0.375000,0.460713,0.513925,-23.2000,-24.7125,0.375000,0.387077,0.445681,0.991847,0.681517,0.204445,0.646062,0.167976,0.345211,0.169539,0.023907,0.132519,0.015408,0.920838,0.044264,0.095423,0.050982,0.463167,0.989036,0.998232,0.978249,0.997243,0.990322,0.993664,0.991945,0.457905,0.060094,0.182929,0.010699,0.916917,0.009603,0.111770,0.011603,0.123708,0.136342,0.179951,0.998742,0.201822,0.900035,0.983433,0.958091,0.985171,0.071502
ENSDARG00000088655_7_6,0.0000,-0.5071,1.000000,0.933587,0.849367,-22.9000,-24.9447,0.250000,0.358401,0.473889,0.885688,0.661378,0.558323,0.264037,0.587932,0.456318,0.695035,0.318076,0.946999,0.693595,0.955907,0.859837,0.952902,0.948523,0.994073,0.467355,0.697068,0.897782,0.586562,0.156323,0.675187,0.181798,0.982973,0.705562,0.965762,0.387267,0.991981,0.109329,0.878666,0.097634,0.841949,0.064271,0.864331,0.148931,0.960130,0.932500,0.968869,0.931937,0.997008,0.195337
ENSDARG00000088655_7_9,0.0000,-0.0365,1.000000,0.990534,0.989418,-21.3000,-23.1243,0.375000,0.531370,0.364258,0.997016,0.280472,0.987599,0.056713,0.982880,0.074694,0.987346,0.059964,0.990657,0.043585,0.987001,0.056629,0.989052,0.038652,0.993103,0.039848,0.992187,0.171938,0.989832,0.724510,0.985761,0.764291,0.981648,0.722901,0.981448,0.880766,0.997427,0.443832,0.993460,0.362194,0.984398,0.114300,0.992617,0.447789,0.985504,0.445960,0.992930,0.800251,0.996490,0.755864
ENSDARG00000088789_1_1,-1.8000,-2.6557,1.000000,0.781771,0.714982,-23.4000,-24.9538,0.375000,0.355938,0.440903,0.642456,0.806655,0.601578,0.137009,0.704893,0.182031,0.552056,0.262407,0.578284,0.944495,0.573290,0.437661,0.567023,0.980099,0.950431,0.302916,0.436303,0.015356,0.444861,0.025682,0.996676,0.923083,0.997620,0.953173,0.987177,0.546873,0.624432,0.680084,0.633860,0.676782,0.638592,0.172301,0.662295,0.101104,0.939192,0.112730,0.941163,0.384343,0.827455,0.173286
ENSDARG00000088789_1_2,-0.7000,-1.1775,0.875000,0.857956,0.773085,-24.8000,-26.0442,0.500000,0.539948,0.507571,0.172423,0.715785,0.194189,0.514556,0.999995,0.585619,0.402717,0.770009,0.999993,0.973173,0.999995,0.320741,0.999981,0.241429,0.961944,0.221946,0.962552,0.235571,0.999959,0.842917,0.509820,0.206020,0.394486,0.204069,0.380451,0.864853,0.891942,0.123539,0.801286,0.122124,0.797537,0.123455,1.000000,0.999590,0.992652,0.996109,1.000000,0.997985,0.999777,0.091933
ENSDARG00000088789_1_3,-7.8000,-8.2844,0.250000,0.319911,0.455927,-24.8000,-27.2260,0.500000,0.462200,0.417822,0.999993,0.387114,0.999993,0.181087,1.000000,0.138323,0.016005,0.054328,0.007714,0.086460,0.000108,0.050790,0.000030,0.010333,0.001539,0.011600,0.533878,0.844652,1.000000,0.994477,0.999999,0.949926,0.999999,0.949744,0.533878,0.795292,0.290979,0.719216,0.006530,0.622382,0.004465,0.636377,0.004636,0.113679,0.012057,0.195550,0.708907,0.330650,0.997837,0.284457
ENSDARG00000088789_1_4,0.0000,-0.5027,1.000000,0.910701,0.867095,-20.3000,-21.5652,1.000000,0.904467,0.603912,0.776376,0.156122,0.784855,0.148612,0.821410,0.886782,0.765481,0.382484,0.992412,0.273095,0.980020,0.116973,0.955971,0.018789,0.801093,0.128671,0.752511,0.623271,0.791543,0.635129,0.801807,0.771872,0.832803,0.700703,0.794924,0.785579,0.977739,0.961727,0.709614,0.854080,0.824956,0.930462,0.996716,0.951961,0.998795,0.958330,0.993216,0.915972,0.989650,0.877628
ENSDARG00000088789_1_5,-1.0000,-1.3294,0.750000,0.774340,0.799115,-24.3000,-25.2701,1.000000,0.830181,0.391025,0.949638,0.024794,0.920992,0.010062,0.887040,0.013479,0.982486,0.005577,0.999533,0.006117,0.290134,0.014782,0.193830,0.032142,0.875894,0.023194,0.865203,0.022499,0.905089,0.017704,0.926236,0.023569,0.991503,0.985144,0.997231,0.965392,0.928008,0.495444,0.890008,0.562169,0.226007,0.801337,0.235472,0.954681,0.993467,0.964861,0.948685,0.975079,0.975846,0.922482
ENSDARG00000088789_1_6,0.0000,-0.7379,1.000000,0.791693,0.783658,-19.0000,-21.0703,0.625000,0.622403,0.593124,0.387189,0.393716,0.412267,0.204646,0.998524,0.371107,0.435339,0.157922,0.668454,0.467285,0.962393,0.509937,0.988794,0.952015,0.985783,0.943424,0.960084,0.544843,0.905275,0.521645,0.870134,0.883875,0.765387,0.932846,0.605677,0.747330,0.603147,0.730013,0.929558,0.776841,0.623229,0.307604,0.649428,0.259075,0.977962,0.243238,0.960125,0.953688,0.984416,0.961436
ENSDARG00000088789_1_9,-0.2000,-0.6662,1.000000,0.964653,0.869137,-20.9000,-22.2183,1.000000,0.929063,0.557762,0.349755,0.180583,0.391390,0.151317,0.999832,0.025766,0.997198,0.029448,0.971531,0.178419,0.959315,0.973789,0.993815,0.737269,0.993335,0.697898,0.520659,0.020948,0.521088,0.018333,0.988625,0.334816,0.978967,0.374149,0.981379,0.982226,0.956152,0.957081,0.885914,0.955326,0.911129,0.982391,0.999564,0.985404,0.996163,0.976309,0.994946,0.971554,0.991977,0.622212
ENSDARG00000088880_1_1,0.0000,-1.0917,1.000000,0.608347,0.668792,-26.7000,-28.6092,0.125000,0.227957,0.408187,0.612610,0.653439,0.611469,0.617785,0.632063,0.407727,0.477139,0.485781,0.444116,0.151448,0.861582,0.563154,0.835917,0.584929,0.969027,0.943917,0.787559,0.512860,0.714460,0.361827,0.842253,0.881139,0.720880,0.176083,0.925455,0.414993,0.576751,0.695390,0.393592,0.696302,0.477961,0.009139,0.598128,0.003688,0.322104,0.000563,0.707681,0.001231,0.865103,0.002351
ENSDARG00000088880_1_2,-1.5000,-2.5067,1.000000,0.807037,0.726689,-23.6000,-25.4042,0.500000,0.547213,0.447455,0.495002,0.463708,0.235099,0.586493,0.647165,0.028869,0.762320,0.379933,0.682514,0.400235,0.660770,0.472183,0.832150,0.016821,0.572939,0.015950,0.555313,0.009009,0.830737,0.918654,0.813830,0.894743,0.989642,0.384793,0.975318,0.156511,0.622366,0.088957,0.443034,0.089676,0.832482,0.985257,0.806698,0.986207,0.791938,0.983950,0.988374,0.998324,0.996085,0.088824
ENSDARG00000088880_1_3,0.0000,-0.4700,1.000000,0.831706,0.875343,-20.5000,-22.5125,0.500000,0.542718,0.447206,0.880057,0.124596,0.900555,0.017586,0.941064,0.039689,0.961464,0.018400,0.991044,0.063536,0.992399,0.681038,0.992688,0.685518,0.911643,0.785003,0.966764,0.713297,0.899890,0.830261,0.802485,0.370802,0.613161,0.272642,0.601137,0.529215,0.992994,0.896376,0.987766,0.559120,0.992637,0.544746,0.991272,0.596218,0.616834,0.191617,0.633855,0.498717,0.837155,0.525733
ENSDARG00000088880_1_4,-1.2000,-1.7075,0.625000,0.768239,0.653894,-24.4000,-25.4153,0.375000,0.381545,0.464033,0.191788,0.237325,0.201063,0.230934,0.999966,0.989352,0.998861,0.994671,0.999555,0.993427,0.996134,0.998219,0.200277,0.224813,0.198578,0.196538,0.999978,0.250297,0.366026,0.150744,0.351041,0.954129,0.428705,0.007857,0.997016,0.004860,0.996806,0.007183,0.999745,0.998599,0.920163,0.041809,0.919055,0.003466,0.430526,0.003354,0.433109,0.997262,0.449492,0.995829
ENSDARG00000088880_1_5,-5.5000,-5.5962,0.750000,0.749469,0.512946,-22.5000,-24.7027,0.125000,0.364643,0.397997,0.006706,0.226086,0.000236,0.225609,0.000487,0.241582,0.000803,0.295226,0.126792,0.359597,0.999999,0.907902,0.999990,0.915434,0.999993,0.953365,0.999993,0.812257,0.125419,0.094913,0.001818,0.005258,0.000938,0.005570,0.004316,0.011820,0.010670,0.180022,0.986535,0.689860,0.999938,0.382924,0.999936,0.409627,0.999938,0.425359,0.999947,0.405398,0.994474,0.412137
ENSDARG00000088880_1_6,-3.4000,-3.7789,0.750000,0.751028,0.578698,-22.6000,-23.9012,0.125000,0.174634,0.353217,0.004400,0.036200,0.002785,0.033417,0.007443,0.038803,0.115464,0.157977,0.661722,0.674265,0.995883,0.991911,0.999625,0.997205,0.999837,0.973299,0.999985,0.970845,0.655426,0.642250,0.115507,0.127172,0.007669,0.023924,0.002630,0.012807,0.006629,0.051629,0.999851,0.145554,0.999865,0.052060,0.999800,0.038035,0.999799,0.064379,0.999689,0.087783,0.999962,0.944822
ENSDARG00000088880_1_7,-0.7000,-1.1769,0.500000,0.715901,0.691799,-28.2000,-29.5541,1.000000,0.726669,0.368648,0.994139,0.012696,0.750658,0.010631,0.725628,0.010895,0.163694,0.010672,0.437141,0.002532,0.450471,0.001043,0.472299,0.000202,0.940072,0.005251,0.722816,0.987364,0.726005,0.063486,0.748494,0.063394,0.977344,0.391455,0.979936,0.959322,0.937181,0.945895,0.946914,0.599245,0.484678,0.552921,0.470988,0.561792,0.455540,0.620380,0.454971,0.645947,0.997001,0.927848
ENSDARG00000088880_1_8,0.0000,-0.3509,1.000000,0.872943,0.873764,-22.2000,-23.5066,0.125000,0.164859,0.225428,0.967673,0.056790,0.983986,0.042854,0.987741,0.043735,0.968010,0.899875,0.842683,0.980224,0.689627,0.041891,0.778849,0.041337,0.825305,0.042317,0.805667,0.036648,0.876869,0.958077,0.998699,0.030559,0.766619,0.015388,0.808069,0.024004,0.844160,0.035954,0.841452,0.155112,0.846358,0.979926,0.832308,0.052137,0.863971,0.036726,0.970063,0.020852,0.977161,0.014162
ENSDARG00000088880_1_9,-0.6000,-1.0017,1.000000,0.951561,0.839195,-21.0000,-22.7783,0.500000,0.403622,0.532634,0.993751,0.947493,0.429569,0.767553,0.250233,0.780022,0.769855,0.369948,1.000000,0.384271,0.986483,0.352598,0.995605,0.292367,0.951179,0.867559,1.000000,0.832688,0.427499,0.493876,0.371866,0.683975,0.995380,0.651368,1.000000,0.619061,1.000000,0.516365,1.000000,0.512149,0.880234,0.556491,0.814691,0.101932,0.919208,0.152943,1.000000,0.543504,0.998356,0.226528
ENSDARG00000088880_1_10,-1.1000,-1.3720,1.000000,0.924331,0.792316,-17.4000,-19.9108,0.750000,0.663713,0.537950,0.305933,0.452617,0.299755,0.443861,0.994956,0.638487,0.940634,0.331408,0.982332,0.304927,0.999855,0.511537,0.880910,0.457008,0.849828,0.366110,0.794890,0.354294,0.845019,0.455001,0.256532,0.416365,0.301024,0.717688,0.996018,0.992330,0.909624,0.955949,0.869684,0.772144,0.823402,0.330982,0.842584,0.660300,0.964305,0.615730,0.995157,0.597721,0.993876,0.384548
ENSDARG00000090470_0_1,-5.0000,-5.2722,0.625000,0.584425,0.568059,-26.0000,-27.3599,0.750000,0.763135,0.492216,0.869117,0.017598,0.782585,0.005818,0.997703,0.006870,0.014237,0.006074,0.004855,0.026775,0.004397,0.059609,0.010284,0.061307,0.998241,0.617837,0.999137,0.290134,0.999926,0.998617,0.997685,0.886749,0.007612,0.761853,0.001167,0.774643,0.005705,0.896183,0.015362,0.721262,0.997338,0.364297,0.655896,0.360847,0.999980,0.997233,0.999989,0.996526,0.999961,0.994088
ENSDARG00000090470_0_2,0.0000,-0.3546,1.000000,0.856026,0.878568,-21.7000,-23.8210,0.625000,0.500888,0.548216,0.966263,0.695696,0.981344,0.589118,0.995809,0.703615,0.971309,0.562725,0.911181,0.418252,0.911067,0.437813,0.645434,0.398022,0.660336,0.348248,0.743508,0.628386,1.000000,0.750951,1.000000,0.748940,0.936897,0.675454,0.753569,0.579800,0.716338,0.559083,0.715041,0.266636,0.995700,0.487339,0.736399,0.198548,0.974049,0.677137,0.973201,0.655560,0.983910,0.583002
ENSDARG00000090470_0_3,-7.6000,-7.6146,0.375000,0.378012,0.403049,-28.2000,-29.0368,0.625000,0.625631,0.499747,0.008391,0.004897,0.009650,0.001591,0.999904,0.004703,0.004999,0.001223,0.000751,0.009094,0.000165,0.023943,0.006636,0.034196,1.000000,0.996844,0.999967,0.994379,0.999988,0.999818,0.999894,0.998763,0.006550,0.920447,0.000077,0.916037,0.000768,0.916479,0.005031,0.908672,0.999999,0.998596,0.009426,0.024563,0.008808,0.024288,0.999995,0.999637,0.999990,0.216777
ENSDARG00000090470_0_4,-4.6000,-5.1888,0.250000,0.317211,0.453745,-21.4000,-23.8095,0.750000,0.426063,0.508000,0.966274,0.824236,0.590269,0.742963,0.845462,0.793878,0.092132,0.749265,0.004106,0.349077,0.004030,0.285653,0.004121,0.564137,0.056722,0.390780,0.980321,0.620149,0.996765,0.451614,0.997220,0.551800,0.999785,0.427945,0.058041,0.166028,0.009678,0.113607,0.026298,0.430710,0.001415,0.238827,0.057966,0.158861,0.539907,0.605892,0.844393,0.855280,0.999991,0.839299
ENSDARG00000090470_0_5,-4.6000,-4.8954,0.375000,0.374119,0.498342,-25.3000,-27.2421,0.000000,0.134088,0.360721,0.007023,0.947757,0.002794,0.317717,0.013250,0.309452,0.997821,0.388750,0.260196,0.564836,0.346169,0.749655,0.751618,0.831487,0.806538,0.748633,0.793971,0.154554,0.995270,0.433995,0.999848,0.367367,0.999399,0.327508,0.987396,0.731590,0.810102,0.025150,0.073124,0.009211,0.101385,0.001926,0.007469,0.001412,0.005794,0.000536,0.007692,0.267108,0.999988,0.035771
ENSDARG00000090470_0_6,-1.3000,-2.0169,0.375000,0.603933,0.655810,-21.0000,-22.7377,0.375000,0.490435,0.460528,0.844354,0.255974,0.864545,0.193903,0.991170,0.360874,0.990370,0.367904,0.997633,0.671784,0.554304,0.532576,0.559844,0.543344,0.994135,0.617194,0.060815,0.179941,0.056264,0.180328,0.386322,0.740774,0.984971,0.642480,0.982292,0.633858,0.999367,0.708762,0.999291,0.670268,0.378774,0.463232,0.179348,0.342810,0.168152,0.100956,0.551035,0.585132,0.573206,0.418462
ENSDARG00000090470_0_7,-2.2000,-2.3855,1.000000,0.956234,0.712977,-25.5000,-27.0462,0.125000,0.305145,0.369285,0.105046,0.584062,0.103458,0.581045,0.214523,0.591378,0.998124,0.129718,0.997511,0.459101,0.975323,0.207224,0.969031,0.189597,0.972590,0.204434,0.970099,0.293226,0.197353,0.731551,0.052934,0.774334,0.053680,0.198876,0.957455,0.336655,0.982892,0.352374,0.998719,0.402702,0.980804,0.380242,0.922027,0.105658,0.921702,0.644242,0.924462,0.179386,0.961812,0.039904
ENSDARG00000090470_0_8,-3.7000,-4.3845,0.375000,0.413010,0.459292,-23.2000,-25.0014,1.000000,0.778590,0.441071,0.994668,0.330138,0.258139,0.063667,0.256234,0.062858,0.643487,0.242218,0.365787,0.231338,0.006664,0.056094,0.031613,0.066166,0.056050,0.100330,0.988342,0.384250,0.992580,0.370633,0.999361,0.365351,0.288838,0.319646,0.266393,0.935316,0.265248,0.760680,0.251859,0.792021,0.274469,0.699455,0.031507,0.662574,0.766410,0.895605,0.721987,0.750820,0.726205,0.732253
ENSDARG00000090470_0_9,-8.6000,-8.6811,0.125000,0.141432,0.313144,-26.9000,-28.6391,0.500000,0.408443,0.472687,0.112248,0.676847,0.004845,0.664204,0.005557,0.887288,0.997895,0.630591,0.003541,0.604895,0.000722,0.938845,0.000080,0.040001,0.006555,0.006710,1.000000,0.065379,0.999999,0.228415,0.999999,0.451030,0.999986,0.991991,0.006575,0.932902,0.000090,0.732842,0.000706,0.542894,0.004623,0.025152,0.004525,0.033780,0.002522,0.013690,0.112466,0.034048,0.999949,0.952238
ENSDARG00000090679_0_1,-2.2000,-2.4185,0.625000,0.640405,0.683832,-21.4000,-23.1403,0.500000,0.478026,0.662888,0.028253,0.585151,0.022136,0.540135,0.044879,0.863734,0.973659,0.950085,0.805378,0.970208,0.973178,0.965646,0.993375,0.983739,0.984988,0.746718,0.984326,0.557599,0.777691,0.683965,0.996790,0.808257,0.968757,0.778326,0.999662,0.870054,0.043307,0.008977,0.040279,0.006754,0.043300,0.011253,0.999282,0.081097,0.998655,0.986342,0.999227,0.916181,0.999524,0.943548
ENSDARG00000090679_0_2,-0.4000,-0.7350,1.000000,0.972651,0.856261,-18.0000,-20.7174,0.875000,0.644215,0.594932,0.372206,0.497026,0.389875,0.452589,1.000000,0.612805,0.970787,0.495359,0.916882,0.566980,0.933065,0.624706,0.984338,0.669186,0.406278,0.390748,0.402659,0.663828,0.988120,0.845338,0.993849,0.494198,0.985958,0.432159,0.944617,0.585690,0.942989,0.557892,0.981762,0.606492,0.977329,0.742471,0.977763,0.821740,0.984277,0.910461,0.980483,0.639742,0.991988,0.289236
ENSDARG00000090679_0_3,-0.8000,-1.2549,0.750000,0.738946,0.789193,-23.8000,-25.7192,0.250000,0.347990,0.420914,0.939472,0.890554,0.834337,0.646538,0.882173,0.282663,1.000000,0.415821,0.933577,0.141663,0.864554,0.346464,1.000000,0.452940,1.000000,0.617580,0.223283,0.215056,0.205070,0.221252,0.997431,0.989483,0.992399,0.414354,0.999384,0.615827,0.997133,0.869570,0.339652,0.568565,0.279424,0.506325,0.949956,0.141451,0.872160,0.025732,0.636320,0.025053,0.837541,0.031397
ENSDARG00000090679_0_4,-2.9000,-3.2272,0.625000,0.733363,0.576826,-22.2000,-23.8677,0.875000,0.830779,0.541392,0.765066,0.730447,0.064775,0.571567,0.102264,0.085415,0.258033,0.178990,0.317812,0.432179,0.320795,0.746104,0.949632,0.218645,0.995597,0.125139,0.997605,0.755268,0.700017,0.052555,0.084486,0.026086,0.113536,0.259214,0.291690,0.305190,0.315001,0.942651,0.312655,0.941013,0.998223,0.919650,0.955771,0.909958,0.999141,0.980908,0.995103,0.913177,0.999318,0.733690
ENSDARG00000090679_0_5,-1.2000,-1.5584,0.625000,0.678802,0.635071,-19.7000,-20.9521,1.000000,0.902178,0.626285,0.895214,0.058981,0.765589,0.043817,0.810962,0.071349,0.947679,0.991584,0.314243,0.871983,0.193789,0.800341,0.199151,0.858358,0.223851,0.132696,0.996258,0.116354,0.906838,0.131672,0.896999,0.335078,0.120431,0.896072,0.200603,0.867096,0.182908,0.862189,0.269642,0.867088,0.913421,0.974320,0.999262,0.984076,0.999518,0.980343,0.929745,0.803706,0.935317,0.878602
ENSDARG00000090679_0_6,-2.4000,-2.7287,1.000000,0.948028,0.704370,-26.6000,-27.7670,0.250000,0.252441,0.413889,0.081195,0.104523,0.055593,0.024630,0.117835,0.057107,0.937515,0.923853,0.997900,0.980602,0.999572,0.995881,0.362572,0.311505,0.207435,0.184389,0.150040,0.126531,0.797071,0.846554,0.804168,0.826449,0.992278,0.876229,0.880477,0.866776,0.878921,0.162748,0.978505,0.141965,0.931297,0.004061,0.940517,0.001618,0.996441,0.000413,0.990598,0.018285,0.987468,0.823666
ENSDARG00000090679_0_7,0.0000,-0.9646,1.000000,0.833420,0.785197,-21.3000,-23.4649,0.500000,0.512330,0.574492,0.686601,0.446200,0.548126,0.334924,0.744851,0.506000,0.893884,0.861092,0.989178,0.904305,0.741293,0.688823,0.947946,0.882023,0.649327,0.394068,0.643388,0.262723,0.777995,0.319276,0.704529,0.880323,0.709472,0.911447,0.999634,0.124798,0.651865,0.041966,0.470405,0.042068,0.634655,0.047917,0.999598,0.999487,0.999672,0.998322,0.954419,0.853884,0.957111,0.990195
ENSDARG00000090679_0_8,-4.3000,-4.8560,0.750000,0.683353,0.547350,-22.4000,-24.1696,0.375000,0.348265,0.336226,0.669921,0.393143,0.742837,0.415677,0.013704,0.016774,0.000821,0.012978,0.010771,0.109859,0.036653,0.057716,0.998915,0.553377,0.999926,0.553333,0.999701,0.604789,0.986016,0.631963,0.016271,0.127158,0.004645,0.461643,0.020815,0.471741,0.012551,0.455345,0.999895,0.804167,0.436025,0.266576,0.999895,0.291401,0.998613,0.240286,0.999261,0.084455,0.999766,0.172148
ENSDARG00000090679_0_9,-1.4000,-1.7242,0.625000,0.671278,0.722106,-22.1000,-23.5316,0.375000,0.392556,0.357619,0.327767,0.952944,0.220249,0.666939,0.194362,0.642398,0.966847,0.220159,0.835251,0.112782,0.849790,0.037027,0.844418,0.034400,0.998794,0.035752,0.966247,0.113215,0.981166,0.978645,0.900716,0.077058,0.986289,0.140624,0.249669,0.959321,0.235573,0.023381,0.331504,0.019465,0.848505,0.020986,0.851332,0.041921,0.882784,0.138362,0.997068,0.970637,0.973792,0.966375
ENSDARG00000090679_0_10,-2.6000,-2.7814,0.625000,0.653560,0.719451,-24.1000,-25.9721,0.625000,0.610475,0.499676,0.978963,0.882102,0.982979,0.649537,0.999796,0.656764,0.990725,0.885532,0.978038,0.330038,0.974580,0.255559,0.206425,0.430085,0.049417,0.279544,0.037290,0.643847,0.999450,0.054161,0.981195,0.026575,0.981676,0.015983,0.999502,0.012169,0.043797,0.001233,0.029987,0.001987,0.225480,0.989701,0.986804,0.970402,0.997091,0.971767,0.987885,0.964820,0.957935,0.971721
ENSDARG00000091481_0_1,-1.5000,-2.3514,0.625000,0.650160,0.689292,-22.7000,-24.6336,0.250000,0.323661,0.468938,0.828072,0.507976,0.804906,0.481037,0.935198,0.419801,0.713580,0.511126,0.653025,0.459319,0.677011,0.513889,0.935091,0.674861,0.895635,0.830726,0.661464,0.791161,0.262716,0.410910,0.256063,0.437221,0.961787,0.751433,0.787371,0.211484,0.757189,0.215150,0.794210,0.264825,0.361013,0.178654,0.258495,0.253450,0.547035,0.738236,0.779937,0.672945,0.916033,0.054544
ENSDARG00000091481_0_2,-6.8000,-6.8133,0.750000,0.750047,0.501912,-32.0000,-32.8402,0.125000,0.154118,0.115818,0.997255,0.997493,0.005619,0.027040,0.000286,0.002686,0.000956,0.002684,0.000203,0.001983,0.015134,0.011976,0.999727,0.028151,0.999982,0.005505,0.999987,0.004561,0.015854,0.000135,0.000763,0.000055,0.002099,0.001137,0.000295,0.000666,0.002076,0.002448,0.998784,0.007649,0.999786,0.001030,0.999989,0.003737,0.999624,0.021671,0.999847,0.981319,0.999972,0.214426
ENSDARG00000091481_0_3,-2.4000,-3.1864,0.500000,0.789283,0.690478,-21.8000,-23.8033,0.500000,0.516556,0.507603,0.151102,0.455057,0.228974,0.402010,0.241006,0.436691,0.379303,0.581056,0.970601,0.687356,0.947454,0.707255,0.986218,0.970261,0.997660,0.836262,0.471152,0.178141,0.457734,0.199719,0.937658,0.279804,0.726440,0.286006,0.926560,0.388660,1.000000,0.356363,0.582923,0.557594,0.577546,0.469226,0.999900,0.769596,0.612596,0.531433,0.616159,0.430570,0.998579,0.629008
ENSDARG00000091481_0_4,-4.8000,-5.4357,0.500000,0.445181,0.490524,-22.6000,-24.2700,0.625000,0.514268,0.436849,0.995983,0.291207,0.951657,0.204563,0.577325,0.186117,0.033009,0.058440,0.002689,0.070969,0.000536,0.114770,0.000703,0.041042,0.343613,0.342824,0.999735,0.910194,0.999946,0.984484,0.999973,0.993931,0.343854,0.424290,0.000964,0.114081,0.000518,0.112369,0.002712,0.515208,0.010110,0.578245,0.956298,0.804096,0.599723,0.830620,0.999991,0.972730,0.991133,0.186797
ENSDARG00000091481_0_5,-2.9000,-3.2812,0.875000,0.883337,0.564921,-20.6000,-22.7421,0.500000,0.540799,0.468159,0.114840,0.351964,0.013484,0.045246,0.066507,0.096352,0.106354,0.148127,0.367065,0.353071,0.994638,0.988555,0.998100,0.947047,0.997521,0.982741,0.387043,0.560338,0.111909,0.235647,0.036572,0.176528,0.037700,0.151168,0.194460,0.249153,0.985268,0.460168,0.981211,0.868489,0.968815,0.323947,0.962249,0.342914,0.993514,0.627040,0.982072,0.611769,0.999105,0.842915
ENSDARG00000091481_0_6,-2.9000,-2.9697,1.000000,0.972433,0.699071,-24.3000,-26.2134,0.250000,0.473515,0.478506,0.955521,0.744354,0.086735,0.643215,0.009506,0.980318,0.018049,0.318077,0.927000,0.252449,0.999979,0.258495,0.994555,0.852438,0.999673,0.333850,0.998560,0.417350,0.102771,0.156216,0.093525,0.486814,0.016085,0.338412,0.926608,0.328489,0.917717,0.044670,0.989255,0.288513,0.947072,0.053385,0.999522,0.548539,0.999337,0.551948,0.999994,0.988911,0.999958,0.983666
ENSDARG00000091481_0_7,-4.5000,-4.9066,0.250000,0.321738,0.457118,-25.8000,-27.8144,0.250000,0.283325,0.210912,0.996829,0.432453,0.997835,0.167338,0.997955,0.083080,0.998442,0.011952,0.998129,0.000658,0.311362,0.003110,0.005355,0.000377,0.006297,0.001652,0.002881,0.002169,0.005988,0.003679,0.247616,0.245539,0.999757,0.999628,0.998232,0.998215,0.998315,0.998277,0.246175,0.245628,0.004673,0.005068,0.002992,0.002236,0.004709,0.003102,0.005912,0.000789,0.312896,0.013282
ENSDARG00000091481_0_8,-3.9000,-3.9948,0.500000,0.520457,0.612951,-24.4000,-25.7979,0.500000,0.401681,0.553460,0.966005,0.879065,0.090477,0.816189,0.081635,0.905210,0.064676,0.915512,0.053005,0.887143,0.936923,0.430716,0.956458,0.443066,0.999631,0.331014,0.999998,0.700110,0.986424,0.281543,0.960125,0.318657,0.999999,0.947523,0.065028,0.577622,0.049887,0.575227,0.999990,0.037176,0.048272,0.071059,0.020239,0.069255,1.000000,0.931772,0.986872,0.929535,0.993368,0.021801
ENSDARG00000091481_0_9,-1.1000,-1.5350,0.750000,0.753236,0.792955,-22.9000,-24.4983,0.500000,0.600646,0.496671,0.455175,0.200103,0.948042,0.198439,0.999971,0.293112,0.492664,0.303332,0.882455,0.317936,0.600115,0.196175,0.595612,0.197728,1.000000,0.801576,0.929425,0.567614,0.929757,0.610703,1.000000,0.729152,1.000000,0.712389,0.215656,0.358246,0.715107,0.351362,0.999578,0.358066,0.311737,0.273202,0.933338,0.930347,0.997139,0.867680,0.924150,0.840898,0.929185,0.825368
ENSDARG00000091481_0_10,-0.6000,-1.4446,0.625000,0.702391,0.654415,-23.7000,-25.1798,0.375000,0.384026,0.522519,0.164208,0.439068,0.157122,0.426770,0.489792,0.662339,0.915995,0.982183,0.629056,0.976686,0.599441,0.961358,0.598087,0.771316,0.994009,0.951013,0.997500,0.946743,0.833298,0.099110,0.545648,0.056071,0.545021,0.105510,0.194499,0.007584,0.222055,0.007395,0.217672,0.006284,0.989591,0.018391,0.998657,0.066097,0.998864,0.985463,0.998708,0.984173,0.999085,0.996823
ENSDARG00000092067_5_1,-4.9000,-5.3055,0.250000,0.322349,0.442780,-24.4000,-25.9889,0.625000,0.490278,0.504162,0.296923,0.702199,0.182199,0.307809,1.000000,0.356762,0.047424,0.706439,0.571673,0.721480,0.021675,0.685606,0.153425,0.463454,0.155802,0.479945,1.000000,0.996399,0.999158,0.291975,0.999084,0.291819,0.849452,0.157119,0.004151,0.668845,0.002431,0.525838,0.172538,0.748167,0.458163,0.960946,0.723461,0.010213,0.037709,0.004338,0.180350,0.009121,0.999988,0.994756
ENSDARG00000092067_5_2,-0.5000,-1.1482,0.500000,0.668802,0.730452,-25.2000,-25.8755,0.625000,0.636137,0.452245,0.971507,0.986643,0.986249,0.019758,0.996982,0.015409,0.985888,0.019421,0.997524,0.063814,0.997455,0.080836,0.681010,0.887555,0.226819,0.838762,0.255184,0.988446,0.637366,0.040339,0.569698,0.005093,0.952935,0.009722,0.986022,0.039531,0.665950,0.031848,0.298677,0.944656,0.313992,0.126329,0.594643,0.987701,0.566464,0.987456,0.932935,0.992128,0.991733,0.979449
ENSDARG00000092067_5_3,0.0000,-0.0118,1.000000,0.998537,0.997917,-21.2000,-22.9155,0.875000,0.867711,0.527622,0.998828,0.554404,0.999846,0.597356,0.999217,0.087190,0.997954,0.022706,0.990715,0.009618,0.999857,0.004072,1.000000,0.002027,1.000000,0.010695,0.998162,0.993491,0.988452,0.128451,0.999859,0.641450,0.997148,0.559303,0.999819,0.321699,0.997459,0.981191,0.997289,0.982068,0.997730,0.889209,0.998848,0.860203,0.998551,0.981227,0.998999,0.992573,0.999602,0.933518
ENSDARG00000092067_5_4,-3.2000,-3.3402,1.000000,0.964648,0.613499,-23.1000,-24.7952,0.625000,0.579228,0.450704,0.106127,0.711603,0.048935,0.885461,0.082443,0.199075,0.105872,0.021884,0.943025,0.019631,0.951908,0.018191,0.960656,0.072828,0.177496,0.745983,0.118026,0.714849,0.054066,0.342398,0.061730,0.343378,0.942508,0.304970,0.944795,0.503550,0.953033,0.585548,0.955394,0.588301,0.998453,0.860469,0.949968,0.616622,0.952711,0.426201,0.980121,0.522018,0.982710,0.531112
ENSDARG00000092067_5_5,-5.7000,-5.8584,0.625000,0.625316,0.608580,-24.0000,-25.0665,0.500000,0.512172,0.468719,0.803249,0.940338,0.004859,0.794012,0.002994,0.046610,0.191407,0.075260,0.084166,0.057193,1.000000,0.270349,0.999191,0.992102,0.999909,0.699045,0.999966,0.997077,0.999343,0.201389,0.868225,0.162505,0.215771,0.041126,0.000265,0.006950,0.000129,0.778339,0.002437,0.793328,1.000000,0.997029,1.000000,0.264048,0.999991,0.315792,0.999707,0.120654,1.000000,0.821232
ENSDARG00000092067_5_6,-0.3000,-1.4999,0.750000,0.670659,0.675518,-23.6000,-25.1780,0.125000,0.170968,0.389698,0.707058,0.961039,0.895083,0.790244,0.605315,0.771719,0.976733,0.790822,0.935303,0.959826,0.289346,0.184391,0.358161,0.218951,0.245194,0.182240,0.896554,0.269797,0.959963,0.333846,1.000000,0.650669,0.276382,0.312671,0.234423,0.275656,0.240340,0.249791,0.884554,0.774621,0.889130,0.014072,0.658319,0.012127,0.946693,0.009673,0.524387,0.006934,0.987430,0.024866
ENSDARG00000092067_5_7,-0.5000,-1.1964,0.625000,0.694608,0.770770,-27.8000,-28.2901,0.375000,0.394720,0.360850,0.943055,0.014545,0.867883,0.004186,0.783949,0.002709,0.707669,0.006058,0.858156,0.016638,0.896576,0.988657,0.764607,0.001716,0.867944,0.009170,0.775414,0.971514,0.938237,0.995005,0.853190,0.971075,0.601860,0.077958,0.429651,0.071043,0.917215,0.995582,0.880345,0.091773,0.977388,0.050034,0.777733,0.021777,0.486766,0.961986,0.335085,0.931502,0.752678,0.034063
ENSDARG00000092067_5_9,-2.6000,-3.2183,0.375000,0.554022,0.590952,-24.5000,-25.2986,0.500000,0.498742,0.460815,0.821106,0.060703,0.028204,0.055030,0.032409,0.088353,0.279059,0.934297,0.991073,0.935017,0.670568,0.986793,0.375591,0.062706,0.379682,0.062305,0.828707,0.076322,0.995649,0.956614,0.991618,0.984454,0.993189,0.023758,0.997551,0.007172,0.983476,0.005475,0.195704,0.001906,0.534432,0.002802,0.294466,0.995257,0.211031,0.994476,0.215580,0.988678,0.999937,0.994173
ENSDARG00000092067_5_10,-0.5000,-0.8847,0.625000,0.754659,0.792871,-24.2000,-25.5661,0.625000,0.685731,0.475495,0.954247,0.275669,0.965819,0.267152,0.968507,0.292271,0.999208,0.453534,0.998369,0.007841,0.997107,0.002867,0.414518,0.001736,0.242441,0.000819,0.282603,0.011017,0.998789,0.718869,0.999262,0.994809,0.999283,0.997470,0.996165,0.969547,0.995626,0.957729,0.885804,0.535552,0.320619,0.145654,0.412734,0.705241,0.435163,0.179557,0.994860,0.997565,0.996304,0.995005
ENSDARG00000093357_3_1,-4.0000,-4.3634,0.125000,0.245293,0.382654,-23.0000,-24.3890,0.625000,0.605835,0.395537,0.843402,0.265373,0.165547,0.022547,0.222666,0.021355,0.034971,0.004966,0.005879,0.000871,0.019548,0.002375,0.279662,0.008406,0.256427,0.014314,0.998557,0.064582,0.999845,0.702336,0.999868,0.988585,0.864369,0.968346,0.105656,0.613982,0.133407,0.811046,0.959041,0.922600,0.013480,0.272961,0.027150,0.135430,0.180148,0.988901,0.223782,0.989842,0.319678,0.111916
ENSDARG00000093357_3_2,-5.3000,-5.4411,1.000000,0.872768,0.575762,-24.9000,-26.3896,0.750000,0.737736,0.510976,0.182573,0.631194,0.164590,0.599075,0.102502,0.314998,0.009497,0.025127,0.804561,0.053623,0.807979,0.194971,0.819513,0.825599,0.868669,0.812755,0.199440,0.812344,0.197005,0.006692,0.194371,0.036240,0.182402,0.005018,0.853748,0.027268,0.819683,0.096176,0.812862,0.988780,0.804614,0.953227,0.804403,0.954513,0.904133,0.993000,0.983601,0.940767,0.999104,0.948156
ENSDARG00000093357_3_3,-2.9000,-3.3403,0.500000,0.537824,0.629368,-25.6000,-26.8886,0.500000,0.506938,0.390968,0.996978,0.153844,0.995167,0.081567,0.399594,0.145995,0.997085,0.436868,0.046228,0.181372,0.022603,0.384493,0.020250,0.050432,0.987716,0.015102,0.824190,0.992331,0.997470,0.181067,0.997828,0.176654,0.999668,0.964138,0.999973,0.876153,0.834762,0.063473,0.013147,0.111117,0.008756,0.000642,0.043066,0.028096,0.996237,0.997660,0.407909,0.998463,0.998741,0.979897
ENSDARG00000093357_3_4,-8.0000,-8.5925,0.250000,0.254303,0.403415,-26.2000,-27.4494,0.500000,0.428691,0.460323,0.965595,0.759102,0.007579,0.567147,0.004231,0.782259,0.159232,0.878312,0.403692,0.288776,0.443040,0.145360,0.003850,0.038837,0.046944,0.731086,0.999998,0.229466,0.999999,0.229177,0.999854,0.973681,0.999858,0.153723,0.006144,0.005827,0.044786,0.019319,0.000260,0.015596,0.005839,0.041953,0.026290,0.799961,0.026551,0.774627,0.977939,0.893672,0.946614,0.878575
ENSDARG00000093357_3_5,-0.9000,-1.9264,0.500000,0.599196,0.652456,-23.8000,-25.3383,0.500000,0.476796,0.525438,0.614450,0.707495,0.806552,0.645170,0.100122,0.836999,0.324955,0.703298,0.211858,0.693441,0.728401,0.974458,0.911800,0.140824,0.923279,0.048929,0.850760,0.056796,0.794685,0.086793,0.992002,0.907935,0.996693,0.892249,0.629924,0.222105,0.807298,0.018321,0.366755,0.015905,0.247437,0.085798,0.371833,0.853020,0.902803,0.946929,0.540534,0.794531,0.926980,0.877760
ENSDARG00000093357_3_7,-0.6000,-1.3771,1.000000,0.893728,0.676508,-22.9000,-24.6281,0.375000,0.485557,0.254638,0.811222,0.158409,0.594441,0.093212,0.916272,0.162333,0.237113,0.114912,0.173764,0.019233,0.176472,0.017312,0.977732,0.071218,0.961501,0.081736,0.966344,0.075055,0.167740,0.060628,0.167065,0.169155,0.230677,0.185110,0.998316,0.180599,0.629295,0.936810,0.968303,0.936774,0.834912,0.212427,0.821084,0.148257,0.962016,0.932714,0.962413,0.354216,0.973480,0.182655
ENSDARG00000093357_3_8,-1.6000,-1.8483,1.000000,0.985668,0.807999,-20.9000,-22.5519,0.625000,0.746964,0.548900,0.850943,0.819318,0.856067,0.154488,0.998310,0.143212,0.304424,0.916400,0.232383,0.121004,0.924407,0.167304,0.999987,0.202086,0.999971,0.629756,0.999982,0.607429,0.999985,0.505788,0.053425,0.273745,0.054758,0.461750,1.000000,0.516806,1.000000,0.487835,0.971813,0.490114,1.000000,0.995038,1.000000,0.996255,1.000000,0.998437,0.956211,0.945271,0.957324,0.545954
ENSDARG00000093357_3_9,-5.2000,-5.7191,0.375000,0.378611,0.458344,-23.3000,-25.5699,0.250000,0.297224,0.375093,0.556441,0.764065,0.011727,0.512398,0.004059,0.437723,0.443801,0.721991,0.006783,0.194394,0.553289,0.074704,0.452309,0.066934,0.555030,0.150794,0.999946,0.429270,0.999888,0.920978,0.999991,0.693132,0.554721,0.157691,0.005400,0.084759,0.559496,0.035794,0.447714,0.026320,0.000427,0.110009,0.004050,0.168560,0.011858,0.871516,0.999944,0.741344,0.999998,0.339487
ENSDARG00000093357_3_10,0.0000,-0.4670,1.000000,0.944369,0.880662,-20.8000,-21.8021,0.875000,0.844839,0.611577,0.596295,0.135427,0.507871,0.033453,0.879826,0.051245,0.889033,0.053263,0.996277,0.110119,0.966612,0.946882,0.994784,0.981519,0.841401,0.926170,0.828511,0.927668,0.983644,0.983436,0.786134,0.171260,0.787889,0.152386,0.964382,0.958917,0.993632,0.993431,0.878629,0.910384,0.861274,0.901949,0.883989,0.908661,0.999109,0.981399,0.977114,0.990879,0.996826,0.113089
ENSDARG00000095833_0_1,-1.0000,-1.9606,0.500000,0.534616,0.606786,-20.0000,-22.1720,0.500000,0.522336,0.503018,0.071800,0.440350,0.080940,0.276713,0.345012,0.328099,0.258887,0.879652,0.836322,0.690694,0.861969,0.666087,0.606616,0.554370,0.994664,0.501688,0.984020,0.436043,0.978345,0.796202,0.924733,0.234397,0.915487,0.077368,0.934088,0.067927,0.403151,0.153939,0.568165,0.917719,0.402439,0.912847,0.164631,0.531030,0.109910,0.493415,0.695228,0.545053,0.999321,0.556762
ENSDARG00000095833_0_3,0.0000,-0.1683,1.000000,0.995040,0.962013,-26.2000,-27.1989,0.625000,0.659347,0.441025,0.985946,0.976051,0.964723,0.930992,0.978449,0.052716,0.864304,0.083010,0.858743,0.083950,0.994024,0.029417,0.998280,0.307734,0.998753,0.147680,0.994090,0.000449,0.870655,0.002160,0.772307,0.082526,0.999658,0.849038,0.999296,0.197797,0.999622,0.249135,0.989077,0.036679,0.985417,0.898773,0.994015,0.904836,0.999866,0.997074,0.994838,0.998837,0.998192,0.991645
ENSDARG00000095833_0_5,-1.4000,-2.0873,0.500000,0.626072,0.659925,-25.3000,-26.1759,0.250000,0.248110,0.473483,0.772651,0.775184,0.212378,0.776820,0.447214,0.994016,0.997634,0.995434,0.626851,0.993218,0.605379,0.900352,0.440935,0.778687,0.458445,0.046105,0.747464,0.087128,0.941998,0.072996,0.941199,0.084598,0.997771,0.980247,0.999953,0.985221,0.747834,0.915659,0.210472,0.013381,0.215128,0.002834,0.994434,0.000979,0.428511,0.004777,0.415892,0.016650,0.996355,0.045380
ENSDARG00000095833_0_6,-0.6000,-1.0924,0.750000,0.841626,0.711465,-29.0000,-30.0078,0.375000,0.506378,0.355950,0.543576,0.994645,0.991625,0.009372,0.215072,0.003611,0.191106,0.003741,0.188489,0.011827,0.996764,0.043972,0.997230,0.994060,0.998265,0.006630,0.998889,0.000370,0.999583,0.003174,0.180472,0.012160,0.195214,0.984418,0.213900,0.589394,0.997997,0.322403,0.538991,0.705451,0.997261,0.348177,0.999622,0.999923,0.995058,0.999867,0.993878,0.074390,0.996301,0.011420
ENSDARG00000095833_0_7,0.0000,-0.0590,1.000000,0.983985,0.979895,-23.6000,-24.7373,0.000000,0.281245,0.344126,0.998734,0.780675,0.995880,0.680043,0.962810,0.672084,0.953639,0.421005,0.957278,0.278577,0.988697,0.164153,0.998333,0.529208,0.996656,0.045915,0.995177,0.486446,0.977407,0.038835,0.949692,0.523880,0.951721,0.011741,0.991857,0.008458,0.996705,0.040936,0.989387,0.453491,0.982554,0.419608,0.957635,0.364201,0.958229,0.292142,0.997990,0.470132,0.997519,0.200995
ENSDARG00000095833_0_8,-1.8000,-2.4310,0.500000,0.599537,0.569756,-23.3000,-24.8375,0.000000,0.260216,0.405002,0.041894,0.521176,0.040187,0.499327,0.883460,0.541036,0.315481,0.905097,0.177873,0.493973,0.275908,0.560374,0.866762,0.460416,0.866825,0.447715,0.867678,0.405019,0.983314,0.552532,0.981614,0.120710,0.297829,0.510931,0.179414,0.124516,0.277151,0.518370,0.962168,0.042338,0.479427,0.110093,0.199730,0.095316,0.706890,0.382180,0.992466,0.241622,0.999047,0.567289
ENSDARG00000095833_0_9,-1.2000,-1.7092,1.000000,0.838954,0.744948,-24.4000,-26.8012,0.125000,0.491232,0.356167,0.551262,0.988489,0.165930,0.004786,0.582121,0.002930,0.756664,0.003418,0.728932,0.009185,0.895075,0.151716,0.887977,0.429800,0.928460,0.281719,0.952320,0.296669,0.390683,0.002341,0.369458,0.024863,0.978436,0.997557,0.979499,0.224708,0.766484,0.265044,0.727440,0.284778,0.684388,0.420786,0.678371,0.989708,0.929656,0.630009,0.950166,0.555592,0.995631,0.559232
ENSDARG00000095833_0_10,0.0000,-0.4824,1.000000,0.847506,0.852964,-20.3000,-21.3840,0.750000,0.725793,0.570710,0.884302,0.802578,0.782636,0.811537,0.775461,0.166053,0.687893,0.029071,0.700788,0.030242,0.700398,0.023976,0.999322,0.138967,0.998784,0.193496,0.998212,0.954162,0.995450,0.948459,0.890727,0.773339,0.865254,0.735973,0.987457,0.990015,0.998815,0.951375,0.610440,0.948809,0.603148,0.772325,0.599515,0.137816,0.985861,0.152536,0.995016,0.919132,0.999795,0.934332
