guide_id,vienna_mfe_energy_spacer,vienna_ensemble_energy_spacer,vienna_seed_mfe_spacer,vienna_seed_ensemble_spacer,vienna_mean_unpaired_spacer,vienna_mfe_energy_full,vienna_ensemble_energy_full,vienna_seed_mfe_full,vienna_seed_ensemble_full,vienna_mean_unpaired_full,vienna_unpaired_spacer_01,vienna_unpaired_full_01,vienna_unpaired_spacer_02,vienna_unpaired_full_02,vienna_unpaired_spacer_03,vienna_unpaired_full_03,vienna_unpaired_spacer_04,vienna_unpaired_full_04,vienna_unpaired_spacer_05,vienna_unpaired_full_05,vienna_unpaired_spacer_06,vienna_unpaired_full_06,vienna_unpaired_spacer_07,vienna_unpaired_full_07,vienna_unpaired_spacer_08,vienna_unpaired_full_08,vienna_unpaired_spacer_09,vienna_unpaired_full_09,vienna_unpaired_spacer_10,vienna_unpaired_full_10,vienna_unpaired_spacer_11,vienna_unpaired_full_11,vienna_unpaired_spacer_12,vienna_unpaired_full_12,vienna_unpaired_spacer_13,vienna_unpaired_full_13,vienna_unpaired_spacer_14,vienna_unpaired_full_14,vienna_unpaired_spacer_15,vienna_unpaired_full_15,vienna_unpaired_spacer_16,vienna_unpaired_full_16,vienna_unpaired_spacer_17,vienna_unpaired_full_17,vienna_unpaired_spacer_18,vienna_unpaired_full_18,vienna_unpaired_spacer_19,vienna_unpaired_full_19,vienna_unpaired_spacer_20,vienna_unpaired_full_20
ENSDARG00000001244_13_1,0.0000,-0.3605,1.000000,0.893761,0.892602,-22.0300,-23.0662,0.500000,0.531833,0.509702,0.943729,0.008315,0.927882,0.006005,0.966571,0.005926,0.963825,0.005953,0.912048,0.015446,0.816420,0.060850,0.832484,0.953882,0.997410,0.992846,0.817175,0.979871,0.775819,0.975907,0.873976,0.976176,0.874604,0.958203,0.856382,0.962474,0.868382,0.041988,0.921870,0.028992,0.854370,0.046549,0.811778,0.977427,0.853462,0.981097,0.991802,0.982692,0.992044,0.233443
ENSDARG00000001244_13_2,0.0000,-0.6757,1.000000,0.970253,0.863586,-15.0200,-17.4921,0.375000,0.502748,0.623433,0.432237,0.296039,0.433366,0.295100,0.957627,0.952634,0.948301,0.715417,0.945822,0.732032,0.949539,0.940764,0.828877,0.839770,0.789091,0.658569,0.771497,0.649126,0.669388,0.708777,0.784986,0.803858,0.998956,0.854596,0.999760,0.316107,0.994930,0.216061,0.990729,0.197692,0.926847,0.332967,0.983866,0.687342,0.960880,0.951424,0.939646,0.962294,0.965368,0.358093
ENSDARG00000001244_13_3,-1.0700,-1.5363,0.875000,0.866673,0.674347,-16.4000,-18.7192,0.625000,0.586952,0.536542,0.235385,0.456307,0.906115,0.410003,0.156820,0.555963,0.194608,0.431745,0.414034,0.414625,0.904401,0.461058,0.986626,0.971396,0.950160,0.885590,0.400657,0.777444,0.188835,0.243092,0.231216,0.267215,0.984706,0.160778,0.295767,0.341668,0.925481,0.693673,0.921219,0.223112,0.923946,0.224704,0.927274,0.621655,0.972878,0.838666,0.976188,0.857213,0.990634,0.894929
ENSDARG00000001244_13_4,-1.1300,-2.0527,0.625000,0.711680,0.584718,-22.2300,-23.3902,0.250000,0.301165,0.420496,0.303127,0.972344,0.216195,0.969855,0.558226,0.989686,0.565824,0.992566,0.096927,0.031749,0.121465,0.009376,0.994203,0.011864,0.993640,0.010568,0.998140,0.010724,0.840884,0.018618,0.084420,0.991652,0.227859,0.991591,0.135348,0.991489,0.257536,0.019577,0.347700,0.016850,0.998151,0.066544,0.984918,0.984745,0.995480,0.251389,0.980334,0.016846,0.993975,0.061884
ENSDARG00000001244_13_5,0.0000,-0.9717,1.000000,0.756975,0.761638,-22.5500,-24.4720,0.500000,0.499715,0.244469,0.612928,0.004499,0.582447,0.001842,0.766475,0.002272,0.870172,0.001693,0.812154,0.005089,0.810505,0.005713,0.824924,0.027808,0.923724,0.032970,0.832277,0.194325,0.659904,0.155377,0.642978,0.135341,0.838472,0.324735,0.628036,0.125340,0.614803,0.161838,0.918053,0.350747,0.904221,0.377596,0.960594,0.878327,0.796366,0.896589,0.588605,0.605055,0.645124,0.602225
ENSDARG00000001244_13_6,-0.2800,-1.0754,0.500000,0.700949,0.741572,-19.8300,-22.1109,0.125000,0.195928,0.465750,0.905325,0.913829,0.881184,0.879670,0.895298,0.855357,0.954808,0.850970,0.984655,0.860614,0.515648,0.888487,0.515553,0.560971,0.518280,0.433403,0.786738,0.410124,0.396362,0.294502,0.891188,0.369823,0.978807,0.429820,0.884907,0.850707,0.902920,0.056661,0.653661,0.021010,0.910335,0.051420,0.496004,0.157493,0.455216,0.153856,0.403541,0.140650,0.901003,0.135626
ENSDARG00000001244_13_7,0.0000,-0.2490,1.000000,0.992671,0.937526,-22.1600,-23.4161,0.750000,0.758352,0.441229,0.971066,0.071049,0.965020,0.055216,0.937763,0.055083,0.999269,0.069673,0.785503,0.312586,0.760858,0.978140,0.978526,0.965785,0.986523,0.232277,0.999223,0.004079,0.979705,0.001391,0.755584,0.004960,0.690116,0.007528,0.979355,0.888388,0.996679,0.773126,0.992516,0.207512,0.995301,0.279029,0.987695,0.928029,0.993770,0.996389,0.996933,0.998548,0.999115,0.995795
ENSDARG00000001244_13_8,0.0000,-0.3831,1.000000,0.917742,0.878503,-20.2900,-22.3342,0.500000,0.539191,0.339663,0.929553,0.547102,0.800530,0.060380,0.684618,0.164727,0.709609,0.886546,0.776076,0.097631,0.985763,0.087810,0.976366,0.030534,0.982901,0.033096,0.978311,0.116697,0.843994,0.196166,0.754005,0.158501,0.806388,0.100540,0.994348,0.190129,0.976175,0.269759,0.972609,0.839232,0.978966,0.718356,0.800006,0.894964,0.803144,0.886530,0.819731,0.249465,0.996956,0.265094
ENSDARG00000001244_13_9,-3.4300,-4.2189,0.625000,0.555007,0.538166,-20.9300,-24.0861,0.500000,0.491489,0.314345,0.375238,0.840656,0.374072,0.269882,0.159064,0.147933,0.239663,0.098995,0.466536,0.155800,0.621571,0.141810,0.670931,0.227268,0.855929,0.135203,0.851908,0.103294,0.572281,0.103776,0.326201,0.062499,0.809862,0.067876,0.154159,0.062557,0.260501,0.059466,0.149807,0.007388,0.635738,0.928541,0.638738,0.928200,0.856709,0.928750,0.858903,0.976878,0.885501,0.040133
ENSDARG00000001244_13_10,-0.9500,-2.1085,0.250000,0.377195,0.451783,-18.1100,-20.7057,0.750000,0.479606,0.468324,0.631624,0.549080,0.196136,0.391937,0.138550,0.620981,0.109481,0.560682,0.120732,0.520185,0.416070,0.436208,0.229100,0.643137,0.666036,0.610601,0.992814,0.672471,0.998979,0.196354,0.988394,0.154806,0.530184,0.173193,0.093227,0.341879,0.301425,0.758043,0.290433,0.595185,0.128486,0.554931,0.170231,0.462533,0.312589,0.524173,0.726555,0.356945,0.994611,0.243159
ENSDARG00000002193_0_1,-1.7000,-2.9538,0.500000,0.551914,0.535047,-23.4400,-25.2590,0.250000,0.604980,0.395920,0.452419,0.008241,0.352428,0.001140,0.403080,0.001270,0.052083,0.002850,0.327341,0.984554,0.311097,0.983599,0.899521,0.076803,0.783375,0.015235,0.767739,0.015644,0.982832,0.017476,0.500139,0.113251,0.453571,0.858491,0.649977,0.871308,0.380221,0.653988,0.243961,0.578702,0.213384,0.787401,0.347926,0.489289,0.788836,0.436158,0.865228,0.437618,0.925782,0.585374
ENSDARG00000002193_0_2,-1.7400,-2.1776,0.750000,0.761471,0.587143,-18.5100,-20.3510,0.375000,0.488511,0.407926,0.119548,0.720187,0.966863,0.571892,0.086782,0.625446,0.065658,0.154945,0.091715,0.031867,0.632460,0.036052,0.990001,0.032849,0.993059,0.037050,0.974686,0.061281,0.597805,0.178721,0.052155,0.903055,0.080360,0.897077,0.095483,0.890129,0.993153,0.361477,0.099504,0.339505,0.988812,0.158455,0.982680,0.120659,0.970826,0.084763,0.976935,0.976644,0.984378,0.976459
ENSDARG00000002193_0_3,-1.5200,-1.6548,0.875000,0.879010,0.723446,-22.5600,-24.2975,0.875000,0.778086,0.435660,0.174584,0.413104,0.169275,0.036459,0.137098,0.001925,0.974096,0.000148,0.932493,0.000126,0.937606,0.001792,0.923509,0.002755,0.988612,0.993677,0.997575,0.986511,0.988674,0.021427,0.113855,0.016547,0.099461,0.014041,0.106496,0.031716,1.000000,0.990879,0.967892,0.506369,0.964606,0.817370,0.999977,0.964635,0.999981,0.973305,0.995967,0.980271,0.997156,0.960139
ENSDARG00000002193_0_4,-1.4300,-1.6328,1.000000,0.984829,0.813139,-18.8100,-20.2459,0.000000,0.116011,0.439973,0.242966,0.197329,0.226072,0.179102,0.883380,0.858852,0.895876,0.874339,0.998464,0.995574,0.999914,0.994585,0.199577,0.199134,0.186196,0.190887,0.981498,0.862144,0.898437,0.746581,0.871768,0.778929,1.000000,0.993916,0.997346,0.053909,1.000000,0.049542,0.977974,0.055885,0.968055,0.159644,1.000000,0.184746,0.963336,0.098022,0.972859,0.154737,0.999063,0.171603
ENSDARG00000002193_0_5,-3.6300,-4.0534,0.625000,0.668597,0.639442,-22.2900,-24.0482,0.625000,0.566953,0.443374,0.947254,0.592726,0.454500,0.334749,1.000000,0.648967,0.977913,0.337635,0.016102,0.032219,0.010373,0.016820,0.106003,0.016399,0.948533,0.045169,0.948135,0.888584,1.000000,0.849699,0.962043,0.328694,0.069215,0.240198,0.065942,0.664201,0.050936,0.660987,1.000000,0.200843,0.944404,0.154475,0.354348,0.152996,1.000000,0.984339,0.971728,0.860138,0.961416,0.857647
ENSDARG00000002193_0_6,-5.2100,-5.6215,0.375000,0.386422,0.464929,-20.5200,-22.4249,0.250000,0.280777,0.520386,0.002641,0.751008,0.000248,0.723834,0.001237,0.685008,0.001738,0.721712,0.087609,0.842537,0.994121,0.950090,0.563577,0.449638,0.998188,0.482310,0.999993,0.481591,0.999934,0.528526,0.990863,0.922848,0.567057,0.622401,0.997178,0.151006,0.088646,0.080324,0.001556,0.095893,0.001324,0.012167,0.000339,0.002661,0.002547,0.003027,0.999891,0.951372,0.999897,0.949765
ENSDARG00000002193_0_7,-5.8800,-6.2660,0.250000,0.329539,0.448728,-20.3500,-22.5338,1.000000,0.468646,0.411648,0.956042,0.186144,0.955752,0.228216,0.371147,0.110952,0.007154,0.014882,0.028001,0.250268,0.044080,0.414717,0.044190,0.498026,0.082854,0.513079,0.981888,0.563311,0.955013,0.576253,0.956088,0.560558,0.956031,0.567398,0.956252,0.433109,0.999871,0.657994,0.080401,0.406343,0.044385,0.271184,0.044510,0.417581,0.045883,0.476049,0.050067,0.466839,0.414942,0.620066
ENSDARG00000002193_0_8,-2.9200,-3.4664,0.250000,0.345045,0.471324,-20.0800,-22.1492,0.250000,0.337341,0.507898,0.977514,0.919648,0.969004,0.747964,0.048680,0.722335,0.025755,0.765532,0.037633,0.827772,0.065956,0.733687,0.083230,0.373776,0.993871,0.340777,0.513597,0.297039,0.983937,0.673415,0.992180,0.725717,0.974777,0.331569,0.969791,0.302280,0.463940,0.415594,0.970305,0.024368,0.055178,0.021405,0.066444,0.284112,0.063714,0.277169,0.063687,0.961482,0.107300,0.412321
ENSDARG00000002193_0_9,-3.0700,-3.1590,1.000000,0.983265,0.690987,-18.7100,-20.2242,0.375000,0.512656,0.442023,0.009508,0.107856,0.007406,0.086205,0.021515,0.109007,0.996137,0.970694,0.999996,0.976133,0.999968,0.971811,0.999928,0.961581,0.021326,0.036556,0.011948,0.025428,0.014140,0.052313,0.925820,0.219585,0.945926,0.222036,0.995460,0.228873,0.995481,0.851546,0.999790,0.332276,0.989633,0.222448,0.997767,0.217346,0.946041,0.402323,0.942059,0.921759,0.999885,0.924682
ENSDARG00000002193_0_10,-1.7200,-2.3723,0.625000,0.727471,0.617812,-20.7600,-23.0345,0.625000,0.553317,0.348177,0.900938,0.462631,0.488710,0.187796,0.500087,0.320650,0.301936,0.071145,0.212774,0.060716,0.216145,0.075112,0.995678,0.206761,0.962048,0.055692,0.835302,0.126026,0.855183,0.144421,0.069888,0.015260,0.197779,0.810795,0.288284,0.819203,0.999768,0.936173,0.507129,0.854276,0.522428,0.916209,0.996668,0.841177,0.799076,0.012406,0.841972,0.010105,0.864440,0.036990
ENSDARG00000003025_2_1,-5.2900,-5.3973,0.500000,0.510187,0.498838,-20.7500,-22.4896,0.125000,0.268125,0.397166,0.005835,0.131398,0.000889,0.002890,0.002481,0.003538,0.016884,0.017696,0.026880,0.121001,0.978833,0.804387,0.957070,0.887458,0.999807,0.958646,0.981424,0.862592,0.969914,0.934423,0.931586,0.856091,0.023653,0.218200,0.034964,0.218425,0.023644,0.241554,0.022623,0.095614,0.038044,0.090152,0.987518,0.814573,0.987058,0.306828,0.987701,0.312828,0.999943,0.065028
ENSDARG00000003025_2_2,-1.0200,-2.0779,0.500000,0.701719,0.643639,-21.1600,-23.0019,0.375000,0.389580,0.480889,0.673396,0.792211,0.611038,0.254275,0.408460,0.297395,0.653501,0.417358,0.362382,0.590274,0.411774,0.809223,0.439928,0.596858,0.951605,0.723852,0.873103,0.906991,0.754522,0.762081,0.716172,0.337604,0.403158,0.013020,0.346658,0.002948,0.307049,0.012662,0.772271,0.056736,0.751128,0.019438,0.508074,0.027491,0.964960,0.999660,0.980429,0.999295,0.983181,0.998405
ENSDARG00000003025_2_3,0.0000,-0.4627,1.000000,0.818218,0.852130,-22.6600,-23.9598,0.500000,0.407108,0.409463,0.962770,0.495259,0.851558,0.466924,0.831851,0.489860,0.863673,0.086729,0.887602,0.561535,0.757681,0.196693,0.830174,0.115310,0.818079,0.206312,0.962299,0.435218,0.882578,0.501824,0.879593,0.532729,0.968995,0.844016,0.949158,0.558213,0.950984,0.582340,0.936670,0.059303,0.919792,0.020621,0.677562,0.010878,0.522637,0.030656,0.744976,0.999663,0.843964,0.995189
ENSDARG00000003025_2_4,-0.2500,-0.9975,0.500000,0.647489,0.704372,-17.5100,-19.3969,0.250000,0.384711,0.468748,0.971003,0.242520,0.947320,0.177745,0.953658,0.279139,0.778517,0.736848,0.393330,0.187308,0.378791,0.370167,0.407452,0.813506,0.463059,0.939695,0.885864,0.335882,0.829226,0.293925,0.927249,0.946142,0.972061,0.974391,0.497621,0.958421,0.404910,0.116417,0.346003,0.063565,0.338557,0.064615,0.712577,0.940793,0.936232,0.129689,0.958230,0.239778,0.985785,0.564406
ENSDARG00000003025_2_5,-1.5900,-1.9017,0.750000,0.777448,0.666505,-19.1000,-21.2745,0.625000,0.631295,0.555963,0.267554,0.569618,0.321262,0.350988,1.000000,0.328015,0.147441,0.625076,0.135773,0.623482,1.000000,0.707847,0.896403,0.484221,0.896070,0.609211,1.000000,0.888272,0.225448,0.383803,0.220565,0.373518,1.000000,0.124856,0.849055,0.074646,0.149121,0.059793,0.309026,0.064249,0.957886,0.961679,1.000000,0.966733,0.958458,0.956877,1.000000,0.994525,0.996037,0.971855
ENSDARG00000003025_2_6,-2.2100,-2.6064,0.625000,0.668078,0.499977,-21.4300,-22.8062,0.625000,0.644101,0.325801,0.135845,0.056512,0.119324,0.037012,0.233721,0.777410,0.938474,0.114725,0.950125,0.075809,0.931936,0.109001,0.306847,0.040796,0.194605,0.055618,0.197736,0.020350,0.228906,0.020962,0.221251,0.018855,0.196151,0.036154,0.946184,0.987597,0.990207,0.987425,0.979009,0.969999,0.916495,0.982273,0.937576,0.997053,0.183577,0.116717,0.159175,0.053166,0.232402,0.058578
ENSDARG00000003025_2_7,-4.1600,-4.3289,0.375000,0.409355,0.521036,-21.0200,-23.4455,0.250000,0.399671,0.452862,0.882079,0.768489,0.978580,0.554524,0.090645,0.551972,0.017149,0.691413,0.021864,0.793898,0.977647,0.724462,0.143064,0.386728,0.144299,0.534353,0.989630,0.327706,0.976254,0.082802,0.964305,0.041976,0.960371,0.401544,0.041190,0.333227,0.031587,0.285034,0.876508,0.293687,0.138440,0.208752,0.024752,0.166692,0.183704,0.185712,0.988468,0.849221,0.990190,0.875041
ENSDARG00000003025_2_8,0.0000,-0.9883,1.000000,0.727680,0.737424,-22.4400,-24.2156,0.500000,0.641798,0.414315,0.919603,0.037677,0.516056,0.019158,0.503151,0.019924,0.766637,0.071937,0.972653,0.989756,0.611738,0.047253,0.745588,0.060188,0.785840,0.028670,0.990635,0.536911,0.997130,0.747683,0.603459,0.385499,0.514541,0.207266,0.482054,0.247262,0.495981,0.536664,0.726498,0.635375,0.987705,0.659742,0.624116,0.535919,0.563600,0.528660,0.970360,0.996728,0.971125,0.994037
ENSDARG00000003025_2_10,-0.7900,-1.2359,0.750000,0.777908,0.789043,-21.1200,-22.5606,0.250000,0.358865,0.436515,0.749058,0.888101,0.981429,0.846826,0.744163,0.874710,0.743052,0.125944,0.966382,0.202749,0.946946,0.054071,0.950228,0.064548,0.980283,0.169615,0.977045,0.809637,0.423465,0.490772,0.274283,0.573852,0.821266,0.758566,0.981429,0.105358,0.728483,0.207412,0.873276,0.280373,0.455935,0.076755,0.333853,0.083908,0.952477,0.952989,0.912326,0.212008,0.985486,0.952116
ENSDARG00000003469_0_2,-0.8400,-1.6488,0.625000,0.711787,0.743297,-21.3600,-22.9704,0.625000,0.645935,0.450257,0.870989,0.955875,0.872522,0.256142,0.997858,0.314244,0.996606,0.992317,0.994924,0.191149,0.568031,0.083991,0.113850,0.138074,0.105983,0.848890,0.993687,0.009375,0.964236,0.003165,0.750601,0.011311,0.942347,0.033130,0.999970,0.519842,0.999910,0.644539,0.694177,0.182030,0.627935,0.809951,0.985719,0.994135,0.426595,0.982130,0.439807,0.984615,0.520185,0.050236
ENSDARG00000003469_0_3,-0.9400,-1.5377,0.750000,0.774908,0.624463,-18.2900,-20.5205,0.625000,0.649042,0.534442,0.141395,0.639490,0.128137,0.313468,0.993005,0.335933,0.199986,0.715448,0.216458,0.544582,0.634994,0.604608,0.998551,0.650661,0.971989,0.500439,0.973992,0.906468,0.626601,0.083537,0.219221,0.050644,0.185659,0.151228,0.142418,0.637578,0.148983,0.939840,0.999698,0.334323,0.963746,0.331362,0.960238,0.338947,0.994384,0.992216,0.992129,0.724050,0.997665,0.894016
ENSDARG00000003469_0_4,-3.6800,-4.0864,0.500000,0.514543,0.472439,-17.9400,-20.2795,0.750000,0.639874,0.449101,0.998088,0.274259,0.087930,0.057728,0.025483,0.031107,0.002441,0.025451,0.003506,0.106941,0.008659,0.073172,0.599416,0.160416,0.999817,0.315790,0.999974,0.923854,0.999669,0.588983,0.601396,0.796218,0.006056,0.509113,0.002765,0.447776,0.002220,0.497414,0.025565,0.736327,0.086800,0.593218,0.999831,0.684561,0.999665,0.590536,0.999660,0.807750,0.999839,0.761408
ENSDARG00000003469_0_6,-2.9100,-3.3943,0.500000,0.564861,0.605080,-22.5700,-24.1132,0.125000,0.170654,0.315734,0.978283,0.971311,0.822938,0.970686,0.279015,0.957316,0.094036,0.954532,0.068618,0.958774,0.215602,0.020078,0.818156,0.019588,1.000000,0.026053,0.944043,0.019166,0.942790,0.021212,0.760490,0.013531,0.658740,0.017197,0.260458,0.244628,0.999865,0.771608,0.128786,0.036648,0.276141,0.016599,0.041721,0.105446,0.942886,0.077426,0.941490,0.055980,0.927544,0.056900
ENSDARG00000003469_0_7,-2.2400,-2.7091,0.375000,0.430171,0.532084,-19.1500,-21.3009,0.250000,0.348745,0.549221,0.024487,0.383837,0.028723,0.382364,0.568889,0.603822,0.419459,0.955622,1.000000,0.971193,0.980708,0.935804,0.152668,0.933254,0.146714,0.944233,0.978057,0.562403,0.975580,0.525851,0.956680,0.400896,0.968357,0.595177,0.218110,0.321706,0.234160,0.499378,0.843060,0.917051,0.863616,0.048914,0.149941,0.001999,0.062645,0.001186,0.069853,0.005268,0.999983,0.994455
ENSDARG00000003469_0_8,-0.3400,-0.9633,1.000000,0.967689,0.829578,-21.7200,-23.5543,1.000000,0.854882,0.530656,0.705128,0.029370,0.324460,0.003288,0.611438,0.000559,0.854621,0.001449,0.825124,0.001441,0.979383,0.000100,0.928501,0.008083,0.793954,0.014727,0.852671,0.948449,0.606375,0.908283,0.482947,0.980306,0.885436,0.877996,0.998312,0.845966,0.889992,0.761805,0.920506,0.882896,0.984189,0.898493,0.965973,0.933882,0.987369,0.982844,0.997677,0.714543,0.997497,0.818630
ENSDARG00000003469_0_9,-0.4800,-0.9793,1.000000,0.948960,0.782050,-21.5800,-23.0646,1.000000,0.733718,0.356691,0.512810,0.055203,0.336837,0.031556,0.324475,0.971251,0.969775,0.048051,0.980787,0.031350,0.971780,0.018396,0.963644,0.011962,0.281778,0.002683,0.275004,0.002561,0.469822,0.014652,0.993811,0.025980,0.968802,0.050441,0.958275,0.445508,0.983869,0.899201,0.984324,0.725817,0.980034,0.741233,0.961137,0.948621,0.906298,0.778176,0.907216,0.664102,0.910527,0.667085
ENSDARG00000003469_0_10,0.0000,-0.0062,1.000000,0.998170,0.999023,-14.6600,-17.3672,1.000000,0.750815,0.658999,0.999844,0.816234,0.999963,0.504031,0.999419,0.551928,0.999311,0.754892,0.999924,0.579616,0.997597,0.701354,0.999411,0.461134,0.999841,0.333017,0.999787,0.460529,1.000000,0.953783,1.000000,0.539646,1.000000,0.517308,0.990226,0.487171,1.000000,0.615498,1.000000,0.831838,1.000000,0.734341,0.999943,0.637531,0.997952,0.918276,0.998342,0.987594,0.998893,0.794269
ENSDARG00000003751_7_1,-2.2000,-2.8301,0.375000,0.530984,0.572978,-23.8600,-24.7849,0.625000,0.631431,0.500277,0.099726,0.006312,0.064194,0.002141,0.081641,0.002850,0.928536,0.002155,0.386708,0.004566,0.323914,0.011759,0.893252,0.018451,0.997402,0.985424,0.946692,0.969853,0.953306,0.970039,0.723329,0.984354,0.812980,0.996189,0.562256,0.994378,0.545607,0.979845,0.108177,0.949936,0.048716,0.037704,0.066168,0.048083,0.952580,0.063145,0.975222,0.994826,0.989147,0.983528
ENSDARG00000003751_7_2,-3.6400,-3.7154,1.000000,0.981197,0.696333,-22.7700,-24.8920,0.000000,0.268208,0.378730,0.028944,0.223840,0.021076,0.119595,0.020485,0.143586,0.976741,0.671724,0.980726,0.676861,0.994823,0.828994,0.995757,0.853940,0.989392,0.668299,0.038921,0.078760,0.029151,0.105757,0.038342,0.217022,0.962723,0.840558,0.979073,0.494694,0.967248,0.289508,0.992727,0.409868,0.991315,0.215053,0.993784,0.265596,0.978014,0.196331,0.961143,0.171804,0.986274,0.102813
ENSDARG00000003751_7_3,-1.0200,-1.9363,0.625000,0.589423,0.603305,-22.3100,-23.8134,0.500000,0.507205,0.475602,0.977720,0.438292,0.350098,0.109189,0.315740,0.037820,0.985853,0.027987,0.207710,0.030981,0.157080,0.356237,0.294932,0.377482,0.939824,0.703048,0.899954,0.725346,0.919865,0.922914,0.668619,0.848237,0.633315,0.876859,0.639959,0.871842,0.939914,0.971078,0.560071,0.093156,0.144405,0.043937,0.159773,0.041582,0.912988,0.998866,0.652354,0.998994,0.705921,0.038186
ENSDARG00000003751_7_4,-3.5200,-3.6585,0.500000,0.516176,0.419669,-18.0700,-20.3095,0.500000,0.347052,0.530093,0.153720,0.790225,0.026758,0.780957,0.020292,0.758379,0.008281,0.799177,0.008669,0.793085,0.018629,0.792959,0.999759,0.924674,0.980458,0.866602,0.980523,0.482140,0.998659,0.361271,0.039569,0.140624,0.028653,0.335362,0.026380,0.036501,0.006299,0.017946,0.006369,0.016932,0.154462,0.492639,0.980080,0.413865,0.979720,0.468600,0.981613,0.786796,0.994481,0.543136
ENSDARG00000003751_7_5,-2.8800,-3.5339,1.000000,0.715693,0.658487,-22.0900,-24.0953,0.625000,0.605683,0.293960,0.368557,0.141447,0.367193,0.013818,0.372358,0.011644,0.789513,0.067481,0.971528,0.078552,1.000000,0.394286,0.814922,0.079295,0.998400,0.064839,0.982479,0.072803,0.257660,0.003497,0.261651,0.086023,0.259932,0.020044,0.981565,0.922510,0.882161,0.997701,0.977080,0.982495,0.971554,0.994918,0.398433,0.014563,0.379702,0.001737,0.383262,0.495796,0.751784,0.435745
ENSDARG00000003751_7_6,0.0000,-0.4542,1.000000,0.875069,0.886854,-18.7500,-20.8032,0.125000,0.163992,0.530026,0.590968,0.893837,0.642405,0.884423,0.907827,0.893752,0.906801,0.901288,0.898566,0.898460,0.996341,0.811013,0.971266,0.769372,0.922333,0.394414,0.985152,0.564195,0.968022,0.503095,0.952168,0.913833,0.994687,0.860907,0.653028,0.941746,0.576959,0.114173,0.924032,0.068404,0.941735,0.009094,0.972846,0.056276,0.952910,0.014423,0.989639,0.015897,0.989408,0.091919
ENSDARG00000003751_7_7,-5.1900,-5.2322,0.750000,0.749866,0.600507,-22.0700,-24.4829,0.500000,0.569306,0.389934,0.987067,0.779323,0.006664,0.680592,0.004125,0.458989,0.003840,0.907592,0.004900,0.169858,0.998931,0.073688,0.999841,0.007786,0.999952,0.010624,0.999952,0.008558,0.999986,0.007129,0.004434,0.005922,0.001515,0.134172,0.000537,0.413938,0.003274,0.418893,0.999880,0.921089,0.996599,0.755909,0.999466,0.715849,0.999448,0.724357,0.999874,0.332783,0.999847,0.271629
ENSDARG00000003751_7_8,-3.1500,-3.8452,0.500000,0.596363,0.620094,-27.0500,-28.4085,0.375000,0.416935,0.481697,0.538688,0.855777,0.484928,0.815441,0.482204,0.954962,0.870460,0.862186,0.853148,0.850096,0.943390,0.950101,0.831540,0.941959,0.497201,0.012798,0.381650,0.006509,0.433383,0.007876,0.410131,0.005609,0.904247,0.035156,0.827624,0.996356,0.952775,0.995922,0.229944,0.001213,0.135718,0.000213,0.146485,0.000330,0.557521,0.031696,0.950457,0.998498,0.970382,0.311249
ENSDARG00000003751_7_9,-6.8400,-7.0485,0.375000,0.397813,0.518235,-19.9400,-22.5220,0.500000,0.416831,0.428991,0.996737,0.545531,0.966976,0.285546,0.999486,0.357655,0.188454,0.120609,0.000695,0.012349,0.000606,0.009499,0.000653,0.010230,0.028765,0.060674,0.999995,0.969768,0.999974,0.936368,0.999959,0.957380,0.999901,0.979556,0.999979,0.985146,0.998954,0.982230,0.029361,0.097109,0.000143,0.013359,0.000087,0.022870,0.000668,0.034646,0.188976,0.339528,0.964337,0.859760
ENSDARG00000003751_7_10,-1.9600,-2.3255,1.000000,0.935098,0.654393,-18.2700,-20.3440,1.000000,0.857229,0.538760,0.288170,0.026565,0.281715,0.011213,0.306759,0.012505,0.387709,0.025660,0.799562,0.058404,0.744014,0.118254,0.746220,0.147099,0.999379,0.871174,0.395070,0.857172,0.314891,0.752514,0.301644,0.575024,0.041949,0.461780,0.709568,0.643636,0.795909,0.947158,0.988609,0.767849,0.998017,0.846554,0.998062,0.908845,0.999432,0.965200,0.992423,0.879513,0.998764,0.899079
ENSDARG00000004377_4_1,-1.9400,-2.4081,0.750000,0.677694,0.565952,-23.3400,-24.6654,0.250000,0.295402,0.459771,0.947840,0.868766,0.288575,0.830964,0.382720,0.829767,0.187799,0.895394,0.035399,0.979191,0.156694,0.364782,0.673371,0.253440,0.995790,0.140320,0.995670,0.739039,0.512666,0.924968,0.361737,0.004528,0.359232,0.001052,0.363172,0.002204,0.059956,0.037717,0.674325,0.904694,0.674950,0.185711,0.815110,0.096174,0.976158,0.030038,0.860795,0.108411,0.997082,0.998264
ENSDARG00000004377_4_2,0.0000,-0.1819,1.000000,0.983394,0.958264,-18.3000,-19.8691,0.500000,0.499290,0.563355,0.870886,0.820214,0.907538,0.288556,0.935557,0.350733,0.988343,0.984837,0.972864,0.327762,0.995430,0.266633,0.937353,0.272338,0.999672,0.980466,0.912798,0.961803,0.892599,0.960770,0.974556,0.565085,0.910538,0.493593,0.999131,0.064359,0.984469,0.013526,0.976526,0.015808,0.999714,0.997503,0.989406,0.855992,0.999610,0.997437,0.954873,0.989794,0.963424,0.059898
ENSDARG00000004377_4_3,-0.7800,-1.0699,0.625000,0.703907,0.761055,-19.5100,-21.0638,0.375000,0.376224,0.635411,0.969381,0.876798,0.998200,0.971208,0.999845,0.981677,0.998308,0.974271,0.985707,0.984011,0.236101,0.867620,0.281126,0.929760,0.220386,0.862736,0.973223,0.988604,0.928176,0.511796,0.999859,0.533038,0.999535,0.216907,0.990263,0.062052,0.915180,0.012835,0.976747,0.018875,0.274114,0.017944,0.238882,0.897522,0.258241,0.932058,0.980516,0.948263,0.997308,0.120242
ENSDARG00000004377_4_4,-0.9600,-1.6625,0.500000,0.485786,0.548323,-20.8100,-22.0375,0.500000,0.492556,0.459584,0.236678,0.499046,0.123714,0.539063,0.125398,0.984924,0.999695,0.358524,0.999842,0.272619,0.249469,0.243136,0.184435,0.264784,0.609796,0.969361,0.976792,0.979948,0.974750,0.051536,0.998631,0.041590,0.600969,0.046697,0.243165,0.935373,0.581838,0.927317,0.641863,0.058096,0.124258,0.000917,0.099416,0.000245,0.216341,0.019253,0.979568,0.999723,0.999836,0.999528
ENSDARG00000004377_4_5,0.0000,-0.8475,1.000000,0.642937,0.679198,-21.2700,-23.1838,0.500000,0.616055,0.520274,0.931701,0.545007,0.920607,0.401234,0.838535,0.411517,0.332417,0.525629,0.342921,0.482781,0.525678,0.600948,0.592593,0.756756,0.545732,0.623516,0.728579,0.868934,0.916018,0.160791,0.884460,0.069145,0.881229,0.030794,0.625450,0.029074,0.428440,0.392244,0.465594,0.392948,0.471641,0.377487,0.581102,0.970701,0.579155,0.988365,0.992530,0.988793,0.999582,0.788824
ENSDARG00000004377_4_6,0.0000,-0.4712,1.000000,0.965839,0.849080,-17.7600,-19.4648,0.250000,0.332801,0.435286,0.953060,0.945266,0.571857,0.717568,0.583515,0.696602,0.579487,0.734624,0.965252,0.351571,0.985895,0.306387,0.982446,0.159689,0.983393,0.148523,0.980477,0.207856,0.592912,0.632474,0.555516,0.882584,0.521079,0.260174,0.965427,0.145334,0.959273,0.273255,0.978711,0.200677,0.970474,0.178256,0.964977,0.180591,0.969818,0.218736,0.959459,0.750293,0.958577,0.715267
ENSDARG00000004377_4_7,-5.5300,-5.6568,0.500000,0.520706,0.416764,-23.7800,-25.5316,0.375000,0.378663,0.263515,0.141320,0.719193,0.008865,0.224644,0.012346,0.168248,0.003145,0.146049,0.000244,0.147795,0.001810,0.643748,0.999960,0.162026,0.999978,0.023429,0.999964,0.001492,0.999974,0.002177,0.001776,0.001756,0.000242,0.000443,0.004898,0.001724,0.014183,0.001895,0.007818,0.000450,0.139181,0.006796,0.999997,0.048166,0.999628,0.999142,0.999969,0.974161,0.999977,0.996972
ENSDARG00000004377_4_8,0.0000,-0.3179,1.000000,0.905993,0.933359,-23.1200,-24.6546,0.625000,0.632632,0.503004,0.985841,0.916150,0.997233,0.206690,0.998616,0.310529,0.980282,0.935090,0.995591,0.369147,0.939822,0.195584,0.955343,0.981830,0.978583,0.004275,0.947308,0.004190,1.000000,0.021580,0.842646,0.999664,0.797965,0.054289,0.932047,0.120794,0.972853,0.088124,0.999176,0.798622,0.875784,0.064389,0.999712,0.999634,0.850480,0.999164,0.659838,0.997008,0.958055,0.993320
ENSDARG00000004377_4_9,-2.7500,-3.1227,1.000000,0.978974,0.633170,-18.2900,-20.0727,0.375000,0.391517,0.399417,0.227275,0.249495,0.011198,0.017578,0.030431,0.032505,0.085353,0.087342,0.993613,0.983827,0.993068,0.985521,0.996439,0.990275,0.999356,0.990771,0.422843,0.404879,0.042719,0.053320,0.014787,0.029567,0.014521,0.031114,0.993487,0.889675,0.859702,0.653062,0.996508,0.184799,0.993092,0.048380,0.994627,0.059857,0.999908,0.183594,0.994571,0.174763,0.999901,0.938009
ENSDARG00000004377_4_10,0.0000,-0.9279,1.000000,0.657490,0.757314,-25.0200,-26.4110,0.500000,0.539589,0.446803,0.572519,0.515219,0.607922,0.357406,0.999750,0.770469,0.998152,0.120725,0.668353,0.014751,0.431541,0.005512,0.829194,0.004352,0.984100,0.004062,0.998506,0.019786,0.997797,0.995485,1.000000,0.995908,0.798521,0.815673,0.470297,0.840632,0.343284,0.826657,0.817687,0.995452,0.995435,0.991738,1.000000,0.208422,0.834905,0.154390,0.379200,0.145952,0.419115,0.153472
ENSDARG00000004473_5_1,-0.1700,-1.1813,0.500000,0.649664,0.660523,-15.2300,-17.7435,1.000000,0.664063,0.589048,0.768548,0.442389,0.644560,0.332745,0.709156,0.282352,0.241200,0.206559,0.219354,0.225113,0.472857,0.804616,0.787262,0.765709,0.748914,0.646386,0.939818,0.830701,0.995278,0.729890,0.997786,0.654713,0.488415,0.547279,0.468415,0.589256,0.463472,0.594197,0.740931,0.643300,0.481310,0.769973,0.797399,0.749472,0.733582,0.695387,0.746256,0.776046,0.765950,0.494875
ENSDARG00000004473_5_2,-1.0800,-1.5980,0.750000,0.696274,0.636873,-21.5200,-23.1335,0.250000,0.295784,0.556421,0.995784,0.927500,0.995770,0.872305,0.890714,0.686002,0.405449,0.696122,0.317568,0.764095,0.099688,0.973175,0.309979,0.952897,0.763635,0.980419,0.792088,0.947252,0.800502,0.936021,0.455695,0.016817,0.340395,0.009550,0.429414,0.024455,0.138824,0.018396,0.763234,0.987217,0.754433,0.181270,0.756484,0.093131,0.780856,0.942073,0.969229,0.072236,0.977718,0.047496
ENSDARG00000004473_5_3,-1.5200,-2.3457,0.500000,0.639538,0.644526,-21.7700,-23.6375,0.250000,0.319359,0.324000,0.645669,0.698653,0.623836,0.648309,0.674025,0.723830,0.965657,0.607704,0.787019,0.253034,0.357190,0.122233,0.377980,0.112179,0.432891,0.112802,0.619837,0.085476,0.914946,0.154294,0.892601,0.102210,0.482566,0.304409,0.427743,0.248561,0.083819,0.904595,0.448673,0.019994,0.562444,0.008827,0.635412,0.022234,0.991012,0.126666,0.974563,0.913700,0.992638,0.310293
ENSDARG00000004473_5_4,0.0000,-0.3538,1.000000,0.952978,0.916744,-20.9100,-22.3470,0.625000,0.625015,0.451703,0.891117,0.612962,0.790270,0.967688,0.878869,0.987753,0.983411,0.010701,0.996245,0.005970,0.955921,0.006110,0.999799,0.004128,0.949111,0.003195,0.583094,0.014133,0.691043,0.986313,0.993234,0.081964,0.998942,0.353035,0.998540,0.631173,0.944305,0.880035,0.937380,0.135364,0.944099,0.185096,0.874814,0.210179,0.936828,0.974118,0.994903,0.993424,0.992953,0.990726
ENSDARG00000004473_5_5,0.0000,-0.0448,1.000000,0.981423,0.983959,-18.0200,-20.8573,0.500000,0.557545,0.508007,0.997022,0.554253,0.995786,0.533153,0.987148,0.472506,0.991465,0.524960,0.982653,0.738150,0.989420,0.574753,0.984331,0.426362,0.978124,0.622674,0.970386,0.351273,0.978699,0.100844,0.993757,0.110189,0.979000,0.690671,0.984683,0.731394,0.996372,0.921371,0.988787,0.379799,0.985886,0.209379,0.993195,0.800379,0.964941,0.285287,0.966746,0.991443,0.970778,0.141305
ENSDARG00000004473_5_6,0.0000,-0.1017,1.000000,0.970060,0.976817,-18.4100,-20.6660,0.750000,0.607456,0.596652,0.981954,0.664932,0.942958,0.624236,0.992372,0.734476,0.958767,0.521783,0.976382,0.528307,0.991493,0.861106,0.969441,0.273324,0.976384,0.181536,0.994931,0.277369,1.000000,0.981640,0.991189,0.746094,1.000000,0.678592,0.935649,0.722737,0.997158,0.365920,0.891285,0.398032,1.000000,0.573592,0.999855,0.501525,0.941240,0.463318,0.997206,0.922203,0.998085,0.912318
ENSDARG00000004473_5_7,-3.7400,-3.9597,0.500000,0.459452,0.559678,-19.6000,-21.2928,1.000000,0.745176,0.563223,0.004436,0.014772,0.002148,0.011594,0.009061,0.031581,0.031708,0.109621,0.999990,0.992292,0.999298,0.397060,0.999975,0.374834,0.746209,0.411427,0.761868,0.300281,0.975058,0.746641,0.999995,0.987950,0.988206,0.925010,0.993053,0.918706,0.780819,0.792950,0.787995,0.592543,0.031807,0.593410,0.027375,0.603109,0.026311,0.577712,0.028256,0.891760,1.000000,0.991216
ENSDARG00000004473_5_8,-1.5900,-1.9220,0.250000,0.354331,0.482391,-17.8600,-20.0730,0.375000,0.439239,0.424465,0.982571,0.893930,0.981721,0.167780,0.206711,0.185651,0.191940,0.186773,0.173501,0.153098,0.934099,0.503873,0.068874,0.113091,0.080483,0.082249,0.205537,0.232655,0.996864,0.910331,0.995671,0.849309,0.995195,0.696657,0.960893,0.718656,0.158956,0.558832,0.052314,0.106060,0.066013,0.105263,0.988423,0.428023,0.200515,0.848142,0.205121,0.376424,0.202409,0.372510
ENSDARG00000004473_5_9,-2.2000,-3.0227,0.500000,0.590719,0.602091,-19.5500,-20.9387,0.125000,0.216104,0.453194,0.990700,0.927449,0.994685,0.886128,0.324208,0.346512,0.164368,0.304616,0.020036,0.351349,0.391328,0.887277,0.316073,0.814729,0.912231,0.764000,0.907954,0.922183,0.999983,0.970960,0.793426,0.095932,0.501082,0.063923,0.414692,0.090885,0.831668,0.926038,0.536911,0.099632,0.223940,0.094485,0.212238,0.047290,0.687502,0.221472,0.833247,0.166777,0.985552,0.082251
ENSDARG00000004473_5_10,0.0000,-0.0681,1.000000,0.995536,0.989435,-15.2000,-17.1142,0.375000,0.645707,0.726981,0.923672,0.794911,0.991659,0.825228,1.000000,0.864066,1.000000,0.967474,0.994646,0.794939,1.000000,0.843457,0.937359,0.781822,1.000000,0.840302,1.000000,0.805840,1.000000,0.657575,1.000000,0.624082,0.977078,0.574258,1.000000,0.649095,0.985267,0.533816,1.000000,0.891225,0.991733,0.357464,1.000000,0.428087,0.991197,0.943492,1.000000,0.977250,0.996089,0.385232
ENSDARG00000009136_12_1,-2.3900,-3.1326,0.250000,0.370318,0.422080,-18.3800,-19.9900,0.250000,0.291142,0.408860,0.203654,0.871060,0.169383,0.843951,0.325187,0.874844,0.247069,0.851546,0.009697,0.822581,0.008565,0.166338,0.259450,0.192796,0.998346,0.294344,0.999646,0.276057,0.999961,0.299826,0.999953,0.256641,0.258149,0.098078,0.037522,0.061385,0.010515,0.015953,0.217147,0.203110,0.493204,0.610859,0.321352,0.327242,0.173449,0.084744,0.827618,0.106088,0.881737,0.919752
ENSDARG00000009136_12_2,-0.8700,-1.8647,0.250000,0.377591,0.471388,-23.1400,-25.0465,0.000000,0.004032,0.309130,0.432921,0.753548,0.103041,0.532073,0.071600,0.542993,0.155343,0.784140,0.266705,0.976517,0.496718,0.872526,0.520987,0.648199,0.755524,0.319680,0.904095,0.286405,0.920860,0.152591,0.900632,0.232254,0.878609,0.049412,0.632249,0.015747,0.259525,0.003962,0.253681,0.002883,0.236824,0.004327,0.179781,0.001490,0.177009,0.000341,0.281995,0.001598,0.999664,0.001907
ENSDARG00000009136_12_3,-4.5100,-4.5536,0.625000,0.626387,0.503622,-23.0000,-24.5792,0.250000,0.216283,0.430796,0.995328,0.958990,0.011960,0.963616,0.006793,0.803232,0.003116,0.671853,0.006918,0.687396,0.017856,0.854473,0.999394,0.871306,0.998160,0.944637,0.998214,0.120573,0.997383,0.004912,0.019065,0.002680,0.007157,0.001996,0.002994,0.007145,0.006656,0.002211,0.006564,0.000162,0.997971,0.000921,0.998104,0.003835,0.998965,0.598380,0.999849,0.964375,0.999991,0.153235
ENSDARG00000009136_12_4,-2.5800,-2.9690,0.500000,0.556326,0.641184,-18.3900,-20.5322,0.625000,0.469437,0.468718,0.935169,0.264062,0.935278,0.259623,0.989998,0.551753,0.999728,0.633955,0.999656,0.433632,0.999584,0.611783,0.780245,0.706497,0.116276,0.344765,0.069614,0.451873,0.371937,0.516166,0.281160,0.333606,0.894422,0.511146,0.908185,0.399366,0.749137,0.604851,0.727688,0.601166,0.764420,0.711594,0.374981,0.699800,0.302391,0.407067,0.292533,0.173935,0.331274,0.157717
ENSDARG00000009136_12_5,0.0000,-0.3401,1.000000,0.902485,0.923778,-24.1400,-25.5680,0.625000,0.413855,0.412744,0.985468,0.993999,0.991655,0.458111,0.985012,0.454546,0.959895,0.381405,0.967403,0.161903,0.995384,0.162444,0.958823,0.274934,0.970485,0.441760,0.997880,0.643446,0.941622,0.400213,0.769630,0.524084,0.732411,0.047189,0.945466,0.014100,0.995567,0.007664,0.892209,0.005312,0.993171,0.546116,0.790598,0.543998,0.653261,0.580094,0.954873,0.982769,0.994739,0.630783
ENSDARG00000009136_12_6,-4.7400,-4.8304,1.000000,0.964487,0.598434,-22.7000,-24.2288,0.500000,0.459473,0.455014,0.064107,0.502595,0.062229,0.372956,0.019579,0.554909,0.074020,0.048317,0.939196,0.361111,0.939389,0.360533,0.940933,0.366003,0.951641,0.386101,0.075329,0.626677,0.064370,0.618954,0.059965,0.612213,0.062032,0.614126,0.948591,0.051423,0.941237,0.030322,0.936633,0.030799,0.941653,0.057736,0.999915,0.810135,0.951788,0.791481,0.997697,0.947121,0.998384,0.956765
ENSDARG00000009136_12_7,0.0000,-0.4898,1.000000,0.947063,0.865008,-21.2000,-23.3245,0.750000,0.561701,0.479005,0.966113,0.966018,0.998860,0.321943,0.993277,0.323663,0.663835,0.351159,0.579829,0.294385,0.475551,0.264635,0.965107,0.254639,0.998437,0.279888,0.999527,0.329604,0.998211,0.672858,0.556175,0.696888,0.528730,0.330811,0.629963,0.323646,0.991457,0.347054,0.998416,0.741036,0.992340,0.441432,0.995420,0.704696,0.988043,0.724192,0.981963,0.518270,0.998905,0.693285
ENSDARG00000009136_12_8,-1.0200,-1.3921,1.000000,0.908851,0.738305,-18.4500,-20.3476,0.375000,0.486677,0.548019,0.283482,0.234365,0.285972,0.203867,0.412566,0.252629,0.963530,0.913506,0.962065,0.891222,0.969595,0.894523,0.997575,0.855105,0.837220,0.759512,0.247400,0.752614,0.189155,0.676429,0.351578,0.233233,0.995167,0.399954,0.944000,0.484612,0.965416,0.932197,0.821736,0.349563,0.834549,0.928663,0.776187,0.066113,0.937859,0.072829,0.995461,0.084895,0.995596,0.974547
ENSDARG00000009136_12_9,-1.3800,-1.7782,0.375000,0.475134,0.568019,-22.4900,-24.4662,0.250000,0.338884,0.507665,0.984747,0.899397,0.968083,0.718487,0.867297,0.691906,0.862803,0.740308,0.868513,0.816694,0.265382,0.828614,0.280631,0.809420,0.150765,0.440228,0.123970,0.479760,0.270781,0.953812,0.957853,0.027250,0.958495,0.036362,0.970182,0.009600,0.964439,0.008539,0.259058,0.104589,0.144790,0.126473,0.150039,0.377759,0.189530,0.935997,0.217671,0.945482,0.905361,0.202634
ENSDARG00000009136_12_10,-0.7600,-1.3509,0.250000,0.448342,0.550679,-20.2500,-21.8600,1.000000,0.778002,0.453453,0.549746,0.036374,0.248177,0.009334,0.196433,0.005198,0.261811,0.006674,0.953704,0.009088,0.247483,0.008571,0.191736,0.023455,0.894703,0.974147,0.910687,0.126505,0.985285,0.130705,0.994086,0.758387,0.992994,0.756604,0.201323,0.789909,0.177760,0.794800,0.203850,0.973419,0.252419,0.888474,0.236157,0.670301,0.552834,0.638979,0.964202,0.681484,0.998188,0.786654
ENSDARG00000009958_9_1,0.0000,-0.2568,1.000000,0.919240,0.928976,-19.4500,-20.7806,1.000000,0.902992,0.572876,0.943817,0.924877,0.976845,0.958067,0.992180,0.975947,0.975442,0.067170,0.907827,0.044620,0.906245,0.092738,1.000000,0.057401,0.860521,0.904322,0.816102,0.121893,0.857006,0.006758,0.990229,0.006173,0.999392,0.073624,0.921617,0.936157,0.927107,0.925067,0.995551,0.913489,0.915596,0.989441,0.740899,0.497994,0.899998,0.989189,0.987158,0.996476,0.965997,0.976126
ENSDARG00000009958_9_2,-0.0400,-0.8377,1.000000,0.920439,0.830824,-21.5600,-24.3584,0.250000,0.350403,0.355915,0.475407,0.187123,0.472857,0.077643,0.992859,0.137305,0.990650,0.270866,0.961489,0.891265,0.966069,0.435828,0.888054,0.117764,0.890351,0.099364,0.693561,0.200144,0.610962,0.234250,0.620299,0.913536,0.690423,0.749980,0.987769,0.691545,0.830607,0.686870,0.831745,0.180083,0.968315,0.292666,0.851021,0.183539,0.909043,0.218208,0.988448,0.242500,0.996561,0.307814
ENSDARG00000009958_9_3,-0.2700,-0.9164,0.375000,0.599353,0.611193,-18.8500,-20.6904,0.375000,0.453204,0.464381,0.518189,0.860316,0.356655,0.856923,0.394531,0.330804,1.000000,0.117106,0.385959,0.199989,0.261547,0.097485,0.261646,0.093118,0.933882,0.176966,0.998957,0.340293,0.999158,0.929507,0.991432,0.951927,0.327078,0.707563,0.330786,0.726447,0.434694,0.900171,0.988795,0.856836,0.327932,0.885777,0.296339,0.103152,0.472800,0.076532,0.944415,0.046880,0.999062,0.029839
ENSDARG00000009958_9_4,-1.6700,-2.0430,0.625000,0.622699,0.697699,-19.3000,-21.7569,0.500000,0.540703,0.485727,0.979366,0.650492,0.871348,0.614043,0.838405,0.302138,0.938209,0.310228,0.242167,0.297497,0.119257,0.318165,0.055902,0.055413,0.933781,0.211509,0.999639,0.611330,0.998681,0.363919,0.999752,0.706063,0.995869,0.948110,0.999477,0.951209,0.998676,0.952018,0.041267,0.101718,0.041314,0.144719,0.282623,0.945224,0.964682,0.947970,0.812608,0.252795,0.840949,0.029971
ENSDARG00000009958_9_5,-2.5700,-2.9453,0.625000,0.589763,0.627533,-20.0200,-21.7609,0.500000,0.502451,0.664265,0.015903,0.723630,0.013769,0.685277,0.020464,0.867700,0.837652,0.961541,0.787901,0.523201,0.940928,0.552405,0.828656,0.637923,0.837573,0.939515,0.989816,0.811469,0.836612,0.710252,0.798897,0.895568,0.924394,0.957201,0.992803,0.971072,0.831363,0.967263,0.840698,0.069375,0.020592,0.008086,0.018319,0.005805,0.020603,0.009340,0.996717,0.995452,0.997009,0.993216
ENSDARG00000009958_9_6,-1.0300,-1.3505,0.750000,0.799716,0.680119,-20.2100,-22.2688,0.750000,0.660488,0.436952,0.965796,0.753380,0.330190,0.537375,0.252840,0.415687,0.224369,0.515016,0.224805,0.872723,0.929633,0.046086,0.954737,0.021963,0.999644,0.012673,0.971135,0.036553,0.999124,0.076615,0.216133,0.090714,0.136246,0.076347,0.173229,0.059526,0.304449,0.039259,0.997443,0.473511,0.991013,0.914018,0.991192,0.988810,0.978063,0.989326,0.976746,0.935100,0.985597,0.884354
ENSDARG00000009958_9_7,-2.2400,-2.7184,0.500000,0.485526,0.588225,-28.8200,-29.9402,0.250000,0.193762,0.248620,0.986342,0.239056,0.939939,0.226414,0.994072,0.212080,0.159236,0.219754,0.071083,0.232470,0.018383,0.244960,0.036583,0.933305,0.995997,0.301935,0.680280,0.759136,0.999797,0.011912,0.999743,0.012052,0.998834,0.029233,0.687648,0.743864,0.935351,0.733686,0.041743,0.051449,0.065369,0.007883,0.018222,0.000094,0.199408,0.003003,0.985880,0.006070,0.950587,0.004047
ENSDARG00000009958_9_8,-1.1100,-1.8836,1.000000,0.666687,0.641536,-26.0000,-27.2685,0.000000,0.006005,0.111742,0.402205,0.821984,0.122589,0.011609,0.408407,0.080059,0.473192,0.188542,0.538581,0.989984,0.799043,0.059536,0.807380,0.005615,0.525379,0.000877,0.600483,0.008547,0.980432,0.008673,0.984630,0.005780,0.854905,0.005596,0.918904,0.002079,0.505710,0.002106,0.480987,0.004048,0.465559,0.001435,0.454577,0.000631,0.543131,0.004035,0.981458,0.017911,0.983170,0.015795
ENSDARG00000009958_9_9,-0.6400,-1.3096,0.625000,0.683347,0.694685,-19.0700,-21.1119,1.000000,0.786478,0.514093,0.203176,0.003117,0.199609,0.000751,0.277897,0.001174,0.996334,0.002017,0.624673,0.042891,0.797253,0.040576,0.931597,0.268624,0.923052,0.237696,0.986725,0.952575,0.845906,0.688536,0.802306,0.810162,0.838397,0.941911,0.279773,0.938472,0.207194,0.900948,0.206007,0.845939,0.940499,0.795629,0.933772,0.829491,0.935996,0.723709,0.967218,0.652396,0.996319,0.605238
ENSDARG00000009958_9_10,-2.1300,-2.4109,0.500000,0.559387,0.555747,-18.9100,-21.0403,0.375000,0.349386,0.402512,0.327957,0.143589,0.085400,0.126979,0.094628,0.150390,0.030587,0.169828,0.025118,0.714955,0.997513,0.786268,0.998960,0.670259,0.999218,0.212277,0.998973,0.645067,0.997249,0.474076,0.999533,0.284838,0.084699,0.876624,0.090878,0.984285,0.034552,0.004599,0.029702,0.002623,0.334150,0.011376,0.992095,0.064685,0.994890,0.166555,0.999374,0.582181,0.999458,0.978788
ENSDARG00000010770_1_1,-0.3500,-1.0868,1.000000,0.984278,0.799619,-15.7800,-18.5078,0.250000,0.506397,0.588945,0.370526,0.562270,0.430301,0.473903,1.000000,0.796303,0.428484,0.577144,0.778336,0.735961,1.000000,0.858136,0.993452,0.775204,1.000000,0.840335,0.654670,0.598834,1.000000,0.841620,0.220609,0.328900,0.241780,0.339106,1.000000,0.555673,0.886939,0.474338,1.000000,0.903198,0.997386,0.301294,1.000000,0.397971,0.992195,0.310306,1.000000,0.785129,0.997707,0.323266
ENSDARG00000010770_1_2,-0.8300,-1.3520,0.750000,0.816476,0.712922,-18.1300,-20.3514,0.875000,0.723781,0.529413,0.289357,0.251370,0.325012,0.244619,1.000000,0.168046,0.355865,0.337688,0.387318,0.322255,0.925298,0.469275,0.934241,0.914996,1.000000,0.793734,0.980907,0.772027,1.000000,0.368822,0.283029,0.087140,0.245605,0.068046,0.864826,0.182611,1.000000,0.872231,0.424426,0.819673,0.485125,0.859629,1.000000,0.942022,0.880659,0.838021,0.881473,0.839110,0.995299,0.436952
ENSDARG00000010770_1_3,-1.5800,-1.9892,0.375000,0.456628,0.561741,-18.5900,-20.6269,0.500000,0.528348,0.542494,0.992421,0.731641,0.968678,0.452435,0.984505,0.434642,0.078743,0.641384,0.074165,0.461305,0.938918,0.723303,0.070374,0.748492,0.084702,0.401680,0.422566,0.400153,0.981395,0.835769,0.986367,0.361160,0.998955,0.431121,0.433499,0.927741,0.164813,0.945997,0.069236,0.218289,0.921744,0.199856,0.137177,0.206944,0.071575,0.170892,0.939649,0.938547,0.915329,0.618521
ENSDARG00000010770_1_4,-0.1100,-0.9955,1.000000,0.786320,0.734567,-19.8500,-21.1628,0.875000,0.831936,0.546085,0.640936,0.039197,0.304658,0.021582,0.604207,0.034279,0.608546,0.981978,0.770873,0.255312,0.823224,0.133491,0.686315,0.031298,0.958073,0.007499,0.928890,0.022233,0.968763,0.965121,0.665662,0.882738,0.440627,0.891478,0.632724,0.905411,0.624865,0.920168,0.577554,0.962376,0.561913,0.962387,0.969721,0.997872,0.974432,0.921425,0.971726,0.891434,0.977628,0.094420
ENSDARG00000010770_1_5,-3.4100,-3.9399,0.500000,0.445495,0.553680,-20.0000,-22.1187,0.625000,0.381202,0.532112,0.711180,0.875457,0.147176,0.764467,0.153548,0.856664,0.385404,0.835271,0.312509,0.682817,0.607227,0.471422,0.575720,0.646183,0.644540,0.956846,0.998180,0.212923,0.999733,0.187232,0.993787,0.163043,0.980641,0.940305,0.947011,0.486741,0.396921,0.372530,0.030626,0.431898,0.008024,0.172863,0.012528,0.168995,0.691409,0.718367,0.647784,0.658411,0.829660,0.039809
ENSDARG00000010770_1_6,-3.7400,-3.7794,1.000000,0.985414,0.694323,-19.0600,-20.5202,0.500000,0.603403,0.513586,0.005634,0.024338,0.003068,0.012858,0.007157,0.059480,0.999915,0.608470,0.999684,0.597123,0.998898,0.595610,0.998998,0.598128,0.007525,0.370202,0.004211,0.368701,0.006564,0.399955,0.998111,0.968632,0.973389,0.841006,0.974982,0.742586,0.980984,0.805681,1.000000,0.447885,0.999480,0.408778,0.998059,0.361335,0.978542,0.370632,0.975441,0.851063,0.975822,0.839264
ENSDARG00000010770_1_7,0.0000,-0.5479,1.000000,0.665092,0.727353,-14.2200,-17.6031,0.875000,0.542069,0.517414,0.985395,0.601484,0.547391,0.382394,0.449880,0.269766,0.454376,0.548187,0.478652,0.418794,0.513776,0.566966,0.936988,0.636444,0.929644,0.549915,0.986447,0.483270,0.980259,0.530904,0.981104,0.523704,0.982401,0.499901,0.952553,0.582337,0.956500,0.689977,0.961064,0.520934,0.498314,0.678534,0.471768,0.825644,0.471663,0.522256,0.453813,0.389449,0.555065,0.127420
ENSDARG00000010770_1_8,0.0000,-0.3797,1.000000,0.843233,0.872326,-17.8700,-19.9880,0.875000,0.602215,0.447782,0.564717,0.284375,0.569888,0.176607,0.894075,0.214856,0.779419,0.213836,0.998809,0.274342,0.927758,0.980000,0.997688,0.507315,0.997279,0.330274,0.996600,0.310735,0.994225,0.208797,0.984524,0.202472,0.995671,0.434307,0.999453,0.496573,0.996806,0.613408,0.598642,0.352697,0.929132,0.527781,0.581342,0.733638,0.641512,0.800682,0.999185,0.966533,0.999789,0.326403
ENSDARG00000010770_1_9,-1.1900,-1.9407,0.875000,0.927870,0.749659,-16.3500,-19.0647,0.250000,0.346874,0.508950,0.475966,0.519140,0.055639,0.284759,0.313951,0.463085,0.678825,0.788632,0.997763,0.795861,0.996682,0.793105,0.979190,0.761119,0.785519,0.598594,0.578682,0.558602,0.559145,0.498233,0.679053,0.724148,0.469805,0.618735,0.476790,0.494715,0.987762,0.643672,0.988496,0.594591,0.996372,0.465247,0.992730,0.296928,0.999697,0.118747,0.987841,0.067485,0.993275,0.093606
ENSDARG00000010770_1_10,-2.0200,-2.7005,0.375000,0.408680,0.515629,-19.3200,-21.8044,0.250000,0.364657,0.279407,0.980611,0.050594,0.624804,0.023398,0.620695,0.124201,0.637340,0.031510,0.499631,0.009633,0.565595,0.009013,0.496776,0.014411,0.414981,0.848989,0.376027,0.215660,0.372093,0.182153,0.455017,0.242009,0.999561,0.919315,0.993964,0.987890,0.998392,0.437150,0.140374,0.134420,0.063263,0.111660,0.406444,0.892382,0.080521,0.081455,0.082056,0.127091,0.504428,0.145211
ENSDARG00000010873_11_1,-1.2200,-1.8830,0.625000,0.665078,0.611571,-20.9100,-22.5144,0.500000,0.491737,0.385382,0.242052,0.108636,0.219482,0.094619,0.264398,0.121481,0.342788,0.235306,0.711125,0.964951,0.637279,0.963267,0.850418,0.024142,0.796277,0.020939,0.936978,0.040745,0.778059,0.048833,0.774146,0.169065,0.357789,0.981750,0.265778,0.980697,0.114785,0.106952,0.138905,0.022532,0.841477,0.051653,0.993858,0.500173,0.984120,0.907394,0.987487,0.913405,0.994212,0.451090
ENSDARG00000010873_11_2,-1.1000,-1.6947,0.750000,0.720142,0.566819,-22.6200,-23.8822,0.250000,0.210350,0.366201,0.273410,0.500360,0.769583,0.325417,0.274362,0.322574,0.177357,0.354480,0.130307,0.983669,0.280261,0.957181,0.900540,0.101411,0.981159,0.035657,0.945663,0.035374,0.390041,0.968364,0.237655,0.092811,0.214917,0.963926,0.266986,0.014014,0.804113,0.005948,0.166794,0.000653,0.749750,0.001649,0.933770,0.006058,0.919754,0.027002,0.931144,0.999724,0.988823,0.627751
ENSDARG00000010873_11_3,-3.2500,-3.4448,0.625000,0.628418,0.520927,-19.3800,-20.7142,0.625000,0.633572,0.553437,0.836627,0.436179,0.014405,0.306084,0.008674,0.429128,0.009400,0.511196,0.164995,0.501226,0.175677,0.881489,0.999982,0.864922,0.999983,0.948681,0.999847,0.969110,0.963799,0.123309,0.211773,0.019963,0.006039,0.008881,0.007352,0.015867,0.008375,0.095618,0.011990,0.943137,0.999933,0.993027,0.999943,0.982232,0.999921,0.979073,0.999990,0.995569,0.999840,0.064053
ENSDARG00000010873_11_4,-2.5900,-3.1012,0.250000,0.344766,0.475035,-20.5400,-22.4396,0.625000,0.635382,0.415149,0.040516,0.089375,0.036457,0.071647,0.036777,0.062474,0.096756,0.119567,0.347606,0.296482,0.939480,0.931634,0.963802,0.986764,0.324530,0.017233,0.966672,0.010718,0.998751,0.020899,0.993188,0.111526,0.998035,0.501617,0.296017,0.499301,0.997285,0.706504,0.320168,0.298435,0.080015,0.356521,0.048441,0.739862,0.011163,0.742546,0.013019,0.743736,0.992017,0.996148
ENSDARG00000010873_11_5,-3.5800,-3.7535,0.750000,0.801705,0.610401,-19.6800,-22.0887,0.250000,0.309095,0.382539,0.064269,0.261258,0.009854,0.050789,0.790423,0.225990,0.027202,0.099735,0.216053,0.784378,0.999971,0.983879,0.999742,0.981509,0.992370,0.964096,0.805050,0.281139,0.013807,0.040120,0.012541,0.038505,0.863092,0.466622,0.202417,0.746786,0.216744,0.062502,0.997751,0.027428,0.999060,0.025640,0.999746,0.372179,0.999979,0.678539,0.998332,0.304208,0.999613,0.255476
ENSDARG00000010873_11_6,0.0000,-0.0529,1.000000,0.995217,0.990559,-16.3800,-18.1855,0.500000,0.590347,0.589370,0.944561,0.770842,0.984891,0.690318,1.000000,0.746621,1.000000,0.752829,0.983422,0.622074,0.995275,0.640959,0.998906,0.508603,0.999413,0.473577,0.963254,0.459554,0.999650,0.951534,0.999854,0.259539,0.980228,0.188173,0.991275,0.207617,0.999767,0.309245,0.986176,0.945041,1.000000,0.994633,0.999858,0.985940,0.994007,0.207356,0.994398,0.170537,0.996257,0.902405
ENSDARG00000010873_11_7,0.0000,-0.1484,1.000000,0.952031,0.961240,-23.6200,-24.6226,0.625000,0.554448,0.429120,0.928133,0.045339,0.967298,0.029083,0.869590,0.019388,0.920921,0.034611,0.997980,0.060285,0.999540,0.984436,0.968833,0.024630,0.995245,0.018192,0.998074,0.041505,0.973525,0.964550,0.992736,0.963742,0.996676,0.961046,0.999417,0.994962,0.977849,0.028848,0.968529,0.005641,0.801664,0.005486,0.929848,0.998622,0.999837,0.998304,0.941145,0.598153,0.997959,0.805567
ENSDARG00000010873_11_8,-3.1700,-3.6173,0.375000,0.447858,0.465328,-18.5500,-21.0901,0.750000,0.363199,0.456966,0.437588,0.129209,0.079295,0.037720,0.028522,0.054830,0.019191,0.106148,0.021214,0.659882,0.094126,0.622716,0.984384,0.627425,0.984251,0.628455,0.994979,0.912190,0.994053,0.880602,0.992045,0.900424,0.094046,0.674127,0.017400,0.350916,0.017210,0.419092,0.031620,0.431060,0.091282,0.421835,0.443032,0.401612,0.992195,0.638978,0.992191,0.178959,0.997934,0.063136
ENSDARG00000010873_11_9,0.0000,-0.3066,1.000000,0.961473,0.927309,-17.9000,-20.2323,1.000000,0.775149,0.603212,0.873267,0.827307,0.864330,0.335413,0.953935,0.430883,0.999004,0.572825,0.998935,0.683525,0.822244,0.483330,0.854150,0.606581,0.968695,0.375298,0.850890,0.261539,0.858920,0.284705,0.918334,0.642756,0.891693,0.358887,0.928491,0.501025,0.997925,0.515070,0.900539,0.474508,0.965605,0.979829,0.986346,0.892399,0.993980,0.957922,0.959499,0.956197,0.959397,0.924246
ENSDARG00000010873_11_10,-2.2400,-2.6005,1.000000,0.890559,0.708339,-23.1400,-24.4775,0.000000,0.054749,0.335030,0.382433,0.156061,0.404053,0.155182,0.323913,0.074538,0.897526,0.873496,0.888367,0.876339,0.986495,0.973121,0.998517,0.979535,0.947966,0.981975,0.229709,0.174327,0.032813,0.053809,0.032811,0.054846,0.917695,0.909367,0.999122,0.175509,0.983922,0.027436,0.956731,0.002067,0.924491,0.000881,0.714487,0.001068,0.796145,0.202265,0.750623,0.024001,0.998953,0.004768
ENSDARG00000015567_2_1,-0.3900,-0.9132,0.625000,0.744012,0.656963,-15.1100,-17.7682,0.000000,0.385987,0.520023,0.257581,0.663476,0.253500,0.656004,0.993557,0.977481,0.326836,0.711624,0.310786,0.708686,0.434396,0.759916,0.999619,0.684006,0.999796,0.584267,0.991428,0.536681,0.919941,0.509952,0.375742,0.271704,0.323982,0.248765,0.444535,0.353135,0.269050,0.500662,0.264761,0.517209,0.999610,0.643696,0.993384,0.624121,0.997017,0.183465,0.990107,0.126481,0.993631,0.139124
ENSDARG00000015567_2_2,-0.4200,-1.0618,0.750000,0.803382,0.797697,-20.2200,-21.6067,0.500000,0.559830,0.574137,0.670612,0.908980,0.235450,0.820296,0.559548,0.820975,0.996720,0.899891,0.998410,0.950603,0.572012,0.221241,1.000000,0.257987,0.993437,0.900357,0.973181,0.944565,0.998042,0.127615,0.529472,0.108291,1.000000,0.043309,0.995271,0.008388,0.237355,0.318190,0.236963,0.595926,0.992832,0.524039,0.985151,0.286395,0.988370,0.763038,0.991269,0.996013,0.999848,0.986648
ENSDARG00000015567_2_3,-9.4000,-9.5304,0.250000,0.256212,0.404969,-23.7600,-25.4119,0.250000,0.251251,0.383396,0.999997,0.786820,0.999834,0.891764,0.085346,0.018417,0.012795,0.006378,0.000298,0.002097,0.000050,0.001833,0.000071,0.001249,0.003136,0.004884,1.000000,0.999708,0.948178,0.947251,0.999988,0.998976,1.000000,0.998522,1.000000,0.998313,0.941496,0.939800,0.005164,0.005776,0.002251,0.002669,0.002293,0.003069,0.000130,0.001126,0.012867,0.018809,0.085493,0.040449
ENSDARG00000015567_2_4,0.0000,-0.4114,1.000000,0.895895,0.861576,-21.8400,-23.9168,0.375000,0.382463,0.234586,0.930375,0.993230,0.847164,0.198033,0.676448,0.140468,0.788978,0.057675,0.831351,0.046265,0.933953,0.039720,0.844372,0.022537,0.804827,0.019188,0.936466,0.012459,0.833624,0.017339,0.821484,0.072213,0.815317,0.012881,0.748452,0.003002,0.857538,0.003773,0.886058,0.015694,0.971330,0.970222,0.968225,0.930855,0.855811,0.331213,0.881548,0.060979,0.998198,0.743964
ENSDARG00000015567_2_5,-0.3100,-0.9660,1.000000,0.889307,0.812924,-19.5100,-21.9303,0.375000,0.279714,0.478731,0.429338,0.866639,0.395665,0.831802,0.945503,0.747599,0.999531,0.842099,0.846709,0.545178,0.878776,0.544276,0.937065,0.852994,0.864533,0.609659,0.849841,0.460475,0.909207,0.396966,0.506924,0.470930,0.580926,0.168281,0.939363,0.198655,0.865578,0.016561,0.832641,0.005286,0.760759,0.004885,0.861273,0.219785,0.965878,0.501933,0.889139,0.486579,0.999821,0.804028
ENSDARG00000015567_2_7,0.0000,-0.5489,1.000000,0.962869,0.838694,-19.7200,-21.0073,0.750000,0.808968,0.535966,0.875922,0.845811,0.973036,0.054008,0.593050,0.058392,0.516177,0.975072,0.542779,0.904420,0.997966,0.139057,0.941870,0.151043,0.981507,0.162784,0.999073,0.856420,0.583552,0.044439,0.519683,0.014428,0.546304,0.041712,0.976276,0.250824,0.954700,0.964712,0.848430,0.482294,0.999605,0.996270,0.987870,0.837559,0.983169,0.972663,0.977109,0.987335,0.975795,0.980085
ENSDARG00000015567_2_8,-3.2500,-3.5534,0.500000,0.528187,0.604629,-22.9600,-24.9973,0.500000,0.471065,0.424127,0.043639,0.923865,0.024843,0.880073,0.021791,0.990809,0.205901,0.240952,0.829225,0.143522,0.981565,0.126787,0.989153,0.121063,0.980009,0.483360,0.984440,0.508108,0.981078,0.011309,0.982637,0.013778,0.842810,0.270398,0.213907,0.710182,0.035817,0.003880,0.031056,0.002434,0.037748,0.003090,0.975723,0.094863,0.971057,0.987232,0.972395,0.986874,0.987792,0.979965
ENSDARG00000015567_2_10,-0.5900,-1.0043,0.750000,0.807154,0.776869,-18.8900,-20.2404,0.625000,0.657127,0.590259,0.224169,0.022503,0.230880,0.018423,0.390204,0.025947,0.945234,0.063221,0.993077,0.988965,0.997713,0.969503,0.987404,0.988686,0.999831,0.391796,0.930746,0.336468,0.953782,0.809372,0.999850,0.980884,0.427264,0.952393,0.391231,0.937702,0.279526,0.905350,0.867005,0.950132,0.995777,0.983789,0.960881,0.225244,0.963876,0.173479,0.999522,0.998837,0.999413,0.082480
ENSDARG00000016532_6_1,-1.6700,-2.2951,0.375000,0.443404,0.525045,-18.4500,-20.4443,0.375000,0.539636,0.478004,0.991732,0.826199,0.051739,0.826836,0.044133,0.895109,0.104995,0.682441,0.989078,0.682921,0.266741,0.155651,0.302500,0.016173,0.520720,0.013539,0.982780,0.267460,0.990679,0.238154,0.995000,0.266160,0.713565,0.372341,0.118952,0.880970,0.310586,0.923990,0.969467,0.149925,0.982370,0.197613,0.083585,0.585357,0.042097,0.513414,0.040690,0.490864,0.999485,0.574957
ENSDARG00000016532_6_2,-4.9600,-5.2353,0.500000,0.502004,0.437283,-21.7400,-23.5514,0.375000,0.298584,0.413185,0.068391,0.118871,0.044923,0.101191,0.038819,0.052792,0.038718,0.046757,0.067438,0.215169,0.268053,0.831999,0.960815,0.802173,0.960416,0.838075,0.960369,0.837697,0.963020,0.858952,0.289850,0.964343,0.068817,0.207017,0.040024,0.158468,0.040098,0.162430,0.020551,0.325686,0.027603,0.093112,0.950837,0.118399,0.960501,0.397832,0.977698,0.575721,0.998716,0.557023
ENSDARG00000016532_6_3,-1.7500,-2.4473,0.500000,0.611735,0.623356,-21.8300,-23.4685,0.625000,0.617911,0.297451,0.903903,0.020156,0.681831,0.017430,0.759172,0.087689,0.997423,0.108826,0.999467,0.002734,0.601844,0.005087,0.542985,0.007607,0.508385,0.081335,0.346525,0.016038,0.341932,0.009751,0.125588,0.025744,0.764175,0.623348,0.999980,0.623885,0.999828,0.633656,0.768152,0.679583,0.123732,0.372303,0.283129,0.398446,0.276358,0.395305,0.449185,0.852753,0.993518,0.987353
ENSDARG00000016532_6_4,-5.5900,-6.1858,0.250000,0.244799,0.395705,-20.4700,-23.1865,0.500000,0.454207,0.425958,0.999618,0.734435,0.998117,0.293032,0.992529,0.450736,0.312700,0.409743,0.044376,0.365086,0.001623,0.169986,0.001692,0.326637,0.003503,0.196601,0.005527,0.137393,0.597329,0.594025,0.999423,0.611178,0.999275,0.596650,0.999912,0.547723,0.600530,0.480993,0.002466,0.501526,0.000182,0.525206,0.002277,0.716828,0.002378,0.714215,0.040782,0.107309,0.309865,0.039855
ENSDARG00000016532_6_5,-1.0300,-1.2736,0.500000,0.592952,0.672125,-20.6900,-22.9561,0.625000,0.467536,0.460397,0.983050,0.796116,0.246008,0.572373,0.948147,0.567138,0.164846,0.460355,0.191092,0.274594,0.210799,0.495880,1.000000,0.484425,0.995153,0.214834,0.999659,0.637412,0.984696,0.418062,0.997190,0.058783,0.978244,0.487684,0.989691,0.551274,0.225463,0.527291,0.153613,0.496506,0.221292,0.131382,0.972385,0.028429,0.191994,0.018325,0.989537,0.994215,0.999645,0.992869
ENSDARG00000016532_6_6,-0.5900,-1.8585,0.625000,0.608330,0.638918,-18.4300,-20.8202,0.625000,0.636434,0.569462,0.597233,0.869711,0.366961,0.459789,0.458495,0.463488,0.755771,0.454137,0.964153,0.805053,0.778884,0.899016,0.623137,0.850864,0.842675,0.516414,0.682336,0.866108,0.543997,0.009668,0.525344,0.029726,0.772726,0.073804,0.832388,0.091886,0.773049,0.727612,0.618900,0.837054,0.207857,0.336045,0.204894,0.427471,0.826362,0.992180,0.683367,0.832084,0.719826,0.847136
ENSDARG00000016532_6_7,-1.4700,-2.3976,0.375000,0.446007,0.554292,-19.3500,-22.0454,0.375000,0.411179,0.342765,0.983333,0.307550,0.969836,0.078577,0.974650,0.044202,0.923067,0.046615,0.670509,0.114896,0.055503,0.092219,0.055280,0.069512,0.132785,0.256398,0.249862,0.236842,0.536968,0.494276,0.966512,0.885572,0.999474,0.939194,0.974089,0.920032,0.970932,0.912851,0.531312,0.501856,0.243188,0.224968,0.093654,0.088851,0.102619,0.223628,0.062966,0.106869,0.589298,0.310381
ENSDARG00000016532_6_8,-2.7600,-3.2767,0.500000,0.551314,0.451574,-23.2200,-24.6938,0.125000,0.172611,0.529045,0.144576,0.932435,0.131981,0.935589,0.120752,0.950444,0.100375,0.934207,0.024343,0.935470,0.022248,0.935255,0.975457,0.954647,0.999862,0.828105,0.999931,0.835299,0.999232,0.936051,0.052322,0.017252,0.049899,0.005256,0.408588,0.075775,0.973845,0.058701,0.618384,0.191739,0.135512,0.010429,0.138531,0.010915,0.153341,0.009935,0.986898,0.032600,0.995413,0.990797
ENSDARG00000016532_6_9,-2.3200,-2.6023,0.375000,0.453881,0.531293,-21.1100,-22.5014,0.000000,0.207978,0.255880,0.174806,0.015462,0.145824,0.012088,0.187892,0.018670,0.155225,0.974633,0.173924,0.959177,0.993139,0.038366,0.792507,0.015540,0.875187,0.012727,0.884696,0.050634,0.859998,0.194688,0.855554,0.199811,0.896065,0.961985,0.205293,0.262892,0.204667,0.204825,0.200098,0.204145,0.202484,0.208133,0.108492,0.214159,0.899697,0.245510,0.898549,0.216110,0.911765,0.108048
ENSDARG00000016532_6_10,-2.2800,-2.8751,0.250000,0.349444,0.479130,-17.9400,-20.3331,0.500000,0.504501,0.403162,0.998387,0.138892,0.998046,0.126527,0.434338,0.142714,0.997720,0.267803,0.018469,0.608648,0.018955,0.934397,0.017417,0.031507,0.017444,0.027451,0.292197,0.107564,0.998818,0.510228,0.997652,0.424583,0.997615,0.706927,0.289567,0.433818,0.013555,0.094433,0.016731,0.064600,0.021029,0.106502,0.024078,0.541480,0.994814,0.901637,0.438688,0.947926,0.997089,0.945609
ENSDARG00000016871_6_1,-1.0200,-1.9590,0.375000,0.489266,0.543543,-19.6600,-22.1251,0.875000,0.474545,0.412272,0.328247,0.475364,0.123279,0.486379,0.146675,0.600725,0.247938,0.421810,0.386920,0.436989,0.936066,0.442603,0.544702,0.021011,0.555107,0.116230,0.753530,0.054452,0.986051,0.373990,0.976653,0.535717,0.971561,0.483815,0.988119,0.449482,0.643124,0.739834,0.745386,0.742514,0.435704,0.687868,0.214568,0.691174,0.213005,0.233281,0.221816,0.208131,0.452408,0.044073
ENSDARG00000016871_6_2,-0.7300,-1.3358,1.000000,0.934093,0.759077,-26.1100,-28.7809,0.125000,0.232913,0.312778,0.229532,0.693001,0.231929,0.713462,0.449446,0.467643,0.998586,0.384695,0.871754,0.486938,0.888228,0.605239,0.937338,0.003095,0.991699,0.002726,0.999426,0.029756,0.281007,0.484599,0.274274,0.497476,0.555579,0.023629,0.881153,0.023625,0.885644,0.021379,0.897954,0.023364,0.989511,0.988440,0.871058,0.042856,0.958608,0.039761,0.992308,0.184507,0.996506,0.539375
ENSDARG00000016871_6_3,-1.7800,-1.9643,0.500000,0.547323,0.633325,-19.2400,-20.8064,0.500000,0.420589,0.348716,0.945666,0.151453,0.941601,0.022822,0.960794,0.028558,0.999007,0.025982,0.985143,0.113859,0.976298,0.988694,0.099237,0.417599,0.100215,0.409407,0.095776,0.095289,0.186270,0.104481,0.998045,0.619659,0.999875,0.631805,0.999555,0.682537,0.998092,0.973475,0.151120,0.082344,0.064191,0.014448,0.069689,0.015025,0.113658,0.072519,0.997058,0.622917,0.985219,0.901447
ENSDARG00000016871_6_4,0.0000,-0.6855,1.000000,0.700891,0.807222,-17.4900,-19.7203,0.500000,0.464817,0.574907,0.839511,0.856220,0.831374,0.742220,0.843642,0.733903,0.886464,0.793258,0.956814,0.916898,0.960097,0.878257,0.921675,0.403449,0.921839,0.491537,0.927050,0.643016,0.897094,0.416185,0.899020,0.754923,0.652726,0.149749,0.727988,0.030286,0.807767,0.195766,0.999154,0.867622,1.000000,0.867859,0.724588,0.855889,0.425076,0.804381,0.343344,0.038766,0.579207,0.057967
ENSDARG00000016871_6_5,0.0000,-0.0947,1.000000,0.993818,0.984235,-22.9100,-24.6474,0.250000,0.254155,0.389637,0.942395,0.981715,0.995102,0.818319,0.997375,0.437521,0.959622,0.191786,0.988097,0.372813,0.985093,0.245530,0.998125,0.508603,0.998849,0.389979,1.000000,0.633395,0.887297,0.964172,0.997535,0.161094,0.984666,0.054576,0.994914,0.001112,0.997451,0.000726,0.997898,0.006005,0.994202,0.999789,0.996789,0.999802,0.995542,0.014974,0.988452,0.004845,0.985292,0.005989
ENSDARG00000016871_6_6,-6.7300,-7.1567,0.500000,0.466167,0.560118,-24.5200,-26.8117,0.375000,0.392077,0.289090,0.951260,0.366420,0.957715,0.212824,0.938845,0.192455,0.972155,0.195857,0.967576,0.262138,0.896744,0.264812,0.614031,0.264989,0.021557,0.062777,0.051797,0.004966,0.051054,0.019381,0.051865,0.003898,0.998420,0.794681,0.982626,0.776302,0.983201,0.802762,0.950255,0.912312,0.044510,0.023882,0.032695,0.033164,0.027082,0.014269,0.087003,0.273912,0.621964,0.300009
ENSDARG00000016871_6_7,-3.9100,-3.9640,1.000000,0.995370,0.604295,-21.0200,-22.6186,0.750000,0.685484,0.427192,0.038401,0.015341,0.013105,0.009017,0.007253,0.002952,0.008835,0.000936,0.999962,0.033343,0.999893,0.215135,0.999973,0.830367,0.999955,0.878732,0.008826,0.309015,0.002678,0.041186,0.013272,0.526823,0.030784,0.197118,0.991924,0.458590,0.997140,0.498254,0.998668,0.884948,0.999813,0.851125,0.999944,0.876538,0.990381,0.619850,0.991439,0.650561,0.993649,0.644009
ENSDARG00000016871_6_8,-7.1800,-7.2750,0.250000,0.269611,0.409405,-21.1100,-22.7601,0.125000,0.254272,0.395753,0.980363,0.847544,0.066093,0.180982,0.001016,0.192881,0.000855,0.151870,0.001988,0.150539,0.021793,0.274223,0.023868,0.158468,0.998061,0.853028,0.999975,0.912400,0.979230,0.715559,0.979004,0.729436,0.978958,0.713947,0.003806,0.041206,0.008511,0.105827,0.018500,0.076664,0.022003,0.079529,0.024002,0.152027,0.085229,0.287310,0.998065,0.958410,0.996772,0.333203
ENSDARG00000016871_6_9,0.0000,-0.5263,1.000000,0.921214,0.817472,-20.3500,-22.0008,0.875000,0.725629,0.460717,0.718611,0.959615,0.577477,0.007949,0.542663,0.010547,0.617071,0.043653,0.911419,0.999591,0.975288,0.999248,0.944606,0.070837,0.942271,0.001589,0.659625,0.003053,0.642942,0.001816,0.673184,0.011027,0.774570,0.300392,0.991885,0.557114,0.995232,0.751484,0.885495,0.712996,0.858639,0.730880,0.859016,0.990133,0.958196,0.948848,0.889385,0.698989,0.931865,0.414584
ENSDARG00000016871_6_10,0.0000,-0.2590,1.000000,0.858954,0.883733,-15.3600,-17.9043,0.375000,0.311206,0.571542,0.805823,0.552800,0.739586,0.528822,0.738447,0.540847,0.765021,0.553955,0.998524,0.634545,0.990923,0.942821,0.991447,0.863219,0.963424,0.843827,0.950216,0.950961,0.941737,0.949934,0.935606,0.839753,0.982279,0.739706,0.755654,0.493460,0.751680,0.467156,0.747899,0.635039,0.811964,0.215226,0.948350,0.135392,0.942904,0.124999,0.947886,0.178476,0.965292,0.239902
ENSDARG00000021979_31_1,0.0000,-0.2503,1.000000,0.902669,0.913233,-18.0100,-19.5925,0.250000,0.414843,0.480399,0.960461,0.652434,0.974028,0.660554,0.941414,0.662110,0.936970,0.724103,0.915716,0.839634,0.925026,0.886220,0.937492,0.699286,0.767719,0.176314,0.834283,0.457354,0.885505,0.101766,0.991667,0.088299,0.973024,0.341156,0.936944,0.432179,0.929065,0.853079,0.822612,0.775035,0.780480,0.283457,0.792304,0.202821,0.989172,0.212144,0.989705,0.412701,0.981071,0.147329
ENSDARG00000021979_31_3,-1.8700,-1.9482,0.625000,0.643713,0.713976,-20.5100,-22.1155,0.875000,0.846434,0.477759,0.994697,0.606840,0.998163,0.628805,0.999892,0.164214,0.999881,0.114506,0.994584,0.092072,0.993539,0.951850,0.989576,0.031648,0.985933,0.053074,0.068026,0.010496,0.053451,0.010500,0.053328,0.050655,0.998740,0.069054,0.999773,0.962904,0.999977,0.973330,0.999847,0.976104,0.051233,0.751729,0.056472,0.970931,0.070056,0.968833,0.999882,0.986810,0.972464,0.180833
ENSDARG00000021979_31_4,-2.1800,-2.4085,0.500000,0.543601,0.633976,-22.2200,-23.8613,0.375000,0.409308,0.417460,0.990875,0.928012,0.998744,0.185403,0.999553,0.272813,0.999080,0.964487,0.999970,0.440431,0.999955,0.106739,0.152434,0.110661,0.138808,0.996383,0.052469,0.018124,0.880754,0.015124,0.118270,0.823584,0.999791,0.212976,0.998796,0.209701,0.999608,0.997832,0.999995,0.203581,0.247865,0.021371,0.870867,0.831640,0.026354,0.005007,0.043901,0.021080,0.161423,0.984250
ENSDARG00000021979_31_5,-0.2500,-1.1291,0.625000,0.689356,0.744004,-19.4200,-21.3594,0.750000,0.779640,0.408298,0.951783,0.121276,0.745571,0.099141,0.837043,0.117143,0.600100,0.912867,0.448022,0.115446,0.376827,0.136994,0.994255,0.032871,0.992109,0.066600,0.862819,0.071616,0.808487,0.078945,0.785421,0.120119,0.962800,0.055829,0.431133,0.808703,0.455602,0.439222,0.489014,0.977099,0.514108,0.863705,0.798800,0.996286,0.853552,0.997967,0.987584,0.996535,0.985056,0.157602
ENSDARG00000021979_31_6,-6.1700,-6.2082,0.625000,0.625705,0.501731,-23.9100,-25.5117,0.375000,0.556850,0.363706,0.005288,0.004280,0.000280,0.001592,0.000603,0.001618,0.000348,0.000929,0.011214,0.003519,0.999864,0.087100,0.999842,0.087414,0.999975,0.141183,0.999977,0.228713,0.999475,0.946904,0.011722,0.862979,0.000390,0.453080,0.000597,0.484617,0.000264,0.787525,0.005311,0.743433,0.999747,0.399391,0.999934,0.406799,0.999974,0.396023,0.999874,0.415095,0.999935,0.821917
ENSDARG00000021979_31_7,-1.4400,-1.6782,0.625000,0.664080,0.730842,-16.3200,-19.1442,1.000000,0.585069,0.545396,0.993562,0.357726,0.999349,0.321852,0.999621,0.417787,0.999973,0.574428,0.918807,0.400820,0.933424,0.788061,0.998885,0.924477,0.952385,0.497197,0.088870,0.188370,0.140477,0.200873,0.279338,0.690487,0.999508,0.865280,1.000000,0.777230,1.000000,0.592690,0.937459,0.487032,0.228763,0.349710,0.144425,0.378644,0.082913,0.353724,0.925921,0.955314,0.993157,0.786208
ENSDARG00000021979_31_8,0.0000,-0.6142,1.000000,0.824708,0.827716,-21.6700,-23.9108,0.500000,0.467346,0.368782,0.780995,0.941152,0.736508,0.909607,0.723459,0.903703,0.900811,0.065411,0.908062,0.155860,0.785420,0.020549,0.724353,0.007190,0.734099,0.010477,0.992463,0.025159,0.996148,0.014791,0.945172,0.258276,0.729165,0.324685,0.416290,0.488871,0.415949,0.865589,0.844840,0.474952,0.998622,0.072702,0.988613,0.489494,0.959517,0.229016,0.995477,0.977001,0.978355,0.141148
ENSDARG00000021979_31_9,0.0000,-0.4166,1.000000,0.983585,0.901522,-19.0000,-21.4962,0.375000,0.584144,0.452933,0.583647,0.097253,0.583972,0.097184,0.993851,0.285898,0.995194,0.653898,0.988134,0.421549,0.966819,0.979652,0.949336,0.889163,0.979419,0.881325,0.984211,0.074142,0.980941,0.002281,0.596054,0.001388,0.560173,0.001766,0.961389,0.107688,0.998799,0.971479,0.984854,0.991635,1.000000,0.938822,0.976084,0.502210,0.973156,0.403797,0.975373,0.331226,0.999027,0.426296
ENSDARG00000021979_31_10,0.0000,-0.7689,1.000000,0.677147,0.736229,-16.9000,-19.4106,0.500000,0.582959,0.479043,0.956921,0.515064,0.557679,0.302881,0.558208,0.311885,0.471963,0.917779,0.519712,0.208488,0.794652,0.240416,0.811019,0.412461,0.970814,0.324751,0.906168,0.723642,0.908134,0.326831,0.914996,0.214239,0.937142,0.418742,0.982968,0.674558,0.960773,0.764780,0.931225,0.758120,0.813086,0.763239,0.455119,0.437463,0.329244,0.182191,0.368134,0.174160,0.576627,0.909163
ENSDARG00000025108_6_1,-2.4300,-2.9857,0.625000,0.461415,0.567649,-19.3300,-21.2077,0.250000,0.293338,0.503112,0.021269,0.776520,0.009443,0.592574,0.011765,0.673197,0.973823,0.703566,0.920044,0.714428,0.979305,0.725407,0.599144,0.758462,0.572053,0.832735,0.588936,0.512931,0.998498,0.576242,0.999919,0.704057,0.987456,0.145411,0.598534,0.069521,0.568411,0.073614,0.475981,0.069333,0.983498,0.952917,0.022880,0.147655,0.019363,0.141700,0.022682,0.031102,0.999973,0.860863
ENSDARG00000025108_6_2,-2.8700,-3.1272,0.375000,0.490662,0.529828,-19.9100,-21.9269,1.000000,0.827095,0.453643,0.844898,0.152678,0.052444,0.021040,0.009467,0.020727,0.034331,0.026082,0.159466,0.054111,0.238853,0.063393,0.995043,0.069627,0.965119,0.106358,0.868098,0.179262,0.847006,0.368139,0.842204,0.872868,0.814338,0.521810,0.240362,0.908704,0.160776,0.734244,0.161779,0.789535,0.162819,0.930432,0.203869,0.932186,0.999958,0.952538,0.999980,0.890960,0.995751,0.478158
ENSDARG00000025108_6_3,-1.4100,-1.8936,1.000000,0.896860,0.756709,-19.1400,-20.9350,0.375000,0.360199,0.518127,0.359399,0.224171,0.336747,0.166569,0.811910,0.736392,0.889649,0.829051,1.000000,0.964779,0.950617,0.881092,0.826168,0.884212,0.688519,0.769047,0.634149,0.766114,1.000000,0.964096,0.207248,0.137448,0.254899,0.157979,0.996926,0.714613,0.977896,0.673613,0.999974,0.986720,0.893785,0.088946,0.734996,0.025127,0.782236,0.042075,0.804380,0.049793,0.984687,0.300705
ENSDARG00000025108_6_4,-0.4300,-1.2152,1.000000,0.864152,0.817288,-19.0000,-20.4409,1.000000,0.802596,0.581057,0.631968,0.089686,0.634312,0.067317,0.999513,0.167824,0.998919,0.963665,0.982080,0.251272,0.997681,0.165641,0.767446,0.176626,0.161468,0.066475,0.269612,0.641741,0.999761,0.991566,0.997508,0.859299,0.992272,0.759262,0.997349,0.810991,0.999681,0.820743,0.999898,0.924072,0.545181,0.710367,0.539819,0.765602,0.996532,0.837185,0.871190,0.842861,0.963567,0.708949
ENSDARG00000025108_6_6,-0.1400,-0.7412,0.500000,0.715574,0.762378,-21.3300,-23.3382,0.125000,0.229873,0.366096,0.463252,0.988422,0.423305,0.980066,0.371172,0.820093,0.952815,0.679201,0.996283,0.673190,0.565837,0.155136,0.992931,0.020616,0.966614,0.013180,0.915991,0.023102,0.935050,0.035892,0.980391,0.103782,0.959331,0.990249,0.961180,0.352943,0.569232,0.484529,0.980477,0.947395,0.992804,0.029123,0.450117,0.001667,0.407041,0.002016,0.400832,0.003839,0.962910,0.017476
ENSDARG00000025108_6_7,0.0000,-0.3913,1.000000,0.933784,0.906641,-19.6200,-21.4107,1.000000,0.801823,0.564633,0.899212,0.259272,0.854346,0.217359,0.886998,0.230083,0.959745,0.938635,0.993701,0.179499,0.996815,0.214180,0.999465,0.188182,0.999923,0.778780,0.552024,0.211333,0.578927,0.209612,0.999635,0.777910,0.941758,0.673237,0.996803,0.738083,0.988963,0.756128,0.907404,0.943858,0.837731,0.740496,0.937536,0.752683,0.912065,0.748442,0.903049,0.967609,0.986720,0.767283
ENSDARG00000025108_6_8,-3.4400,-4.2948,0.125000,0.291417,0.401557,-20.2600,-22.4617,0.125000,0.253931,0.361808,0.912025,0.885178,0.055392,0.409660,0.007111,0.326654,0.014139,0.280136,0.170164,0.159189,0.176024,0.139632,0.264402,0.716851,0.425098,0.706520,0.985448,0.710142,0.982565,0.400370,0.855979,0.228185,0.851451,0.242202,0.287942,0.260197,0.180439,0.300724,0.192914,0.325607,0.591175,0.594600,0.578285,0.153762,0.161064,0.138257,0.159063,0.129691,0.180452,0.128613
ENSDARG00000025108_6_10,-0.4200,-1.3205,0.625000,0.723657,0.741778,-22.5300,-23.8830,0.500000,0.504181,0.586192,0.493319,0.933789,0.471495,0.673226,0.976000,0.630899,0.869703,0.844636,0.638929,0.887491,0.998369,0.927676,0.937103,0.877688,0.979094,0.946109,0.723383,0.952611,0.546154,0.006724,0.422597,0.003953,0.990166,0.005594,0.776852,0.015229,0.513807,0.997933,0.608670,0.999228,0.989496,0.981285,0.641567,0.005871,0.625757,0.001405,0.690824,0.032679,0.942284,0.999821
ENSDARG00000028415_0_1,-0.2300,-1.3600,0.750000,0.824785,0.754305,-23.7600,-24.5874,0.625000,0.634651,0.367831,0.807475,0.020564,0.840230,0.005292,0.711783,0.003001,0.667566,0.007597,0.517077,0.003902,0.512794,0.000727,0.871442,0.015832,0.826021,0.997055,0.979411,0.966973,0.519181,0.084434,0.478855,0.039984,0.755989,0.134059,0.812442,0.971646,0.904067,0.984123,0.965542,0.115762,0.525500,0.005812,0.445170,0.007124,0.989979,0.999912,0.960603,0.996907,0.994979,0.995923
ENSDARG00000028415_0_2,-1.5700,-2.0930,0.625000,0.685557,0.688755,-19.5500,-22.2180,0.000000,0.258243,0.454558,0.864956,0.668384,0.754154,0.546750,0.158392,0.439439,0.137389,0.429092,0.347812,0.687578,0.881483,0.449508,0.829191,0.686722,0.934672,0.741411,0.979282,0.771209,0.794063,0.511637,0.838856,0.657158,0.770393,0.436327,0.774541,0.471934,0.866195,0.416818,0.878746,0.023851,0.299154,0.011056,0.294856,0.050054,0.392359,0.050492,0.982357,0.619097,0.996247,0.422639
ENSDARG00000028415_0_3,-4.2100,-4.5146,0.250000,0.267045,0.414010,-20.3700,-21.7854,0.375000,0.407446,0.390936,0.035694,0.088943,0.023459,0.068005,0.991374,0.137837,0.022553,0.917267,0.036180,0.097608,0.988622,0.129519,0.010333,0.075602,0.046319,0.209932,0.999908,0.860555,0.999381,0.857899,0.999998,0.966026,0.990021,0.149947,0.061389,0.045005,0.011605,0.085988,0.979299,0.958853,0.016457,0.899436,0.017417,0.900132,0.269042,0.191479,0.034871,0.062635,0.746284,0.116044
ENSDARG00000028415_0_4,-7.4000,-7.4387,0.375000,0.375682,0.500404,-21.0900,-22.9090,0.125000,0.320690,0.512330,0.002343,0.170036,0.000042,0.164180,0.000048,0.228445,0.000674,0.234465,0.005308,0.372808,0.997168,0.942800,0.998597,0.935457,0.999918,0.909390,0.999945,0.913036,0.999989,0.928117,0.998597,0.943273,1.000000,0.939070,0.999997,0.978452,0.002331,0.350643,0.000683,0.038323,0.000048,0.000352,0.000058,0.000135,0.002345,0.001833,1.000000,0.603063,0.999992,0.592721
ENSDARG00000028415_0_5,-1.5100,-2.3266,0.625000,0.694444,0.747113,-26.2900,-27.6891,0.750000,0.725059,0.382564,0.992810,0.097035,0.984250,0.083465,0.614384,0.125044,0.506484,0.017182,0.275927,0.002111,0.970941,0.000714,0.996422,0.000168,0.564039,0.001376,0.552100,0.006546,0.971356,0.999867,0.975020,0.289655,0.982964,0.227657,0.995916,0.056710,0.094731,0.748870,0.053695,0.016459,0.693101,0.999786,0.996961,0.999321,0.817092,0.994320,0.979067,0.995645,0.924991,0.989357
ENSDARG00000028415_0_7,-3.3500,-3.6060,0.250000,0.299030,0.438833,-23.1600,-25.0628,1.000000,0.715229,0.403511,0.998198,0.984186,0.993119,0.008221,0.146346,0.003838,0.021784,0.004550,0.007586,0.000480,0.017771,0.001530,0.991055,0.002752,0.026071,0.001731,0.187415,0.010383,0.998224,0.030410,0.999729,0.725339,0.997122,0.574968,0.997904,0.634695,0.188576,0.764099,0.018550,0.816251,0.996970,0.775774,0.019163,0.689634,0.007319,0.691998,0.019658,0.598354,0.144099,0.751029
ENSDARG00000028415_0_8,-2.2400,-2.7703,0.250000,0.350505,0.475775,-20.9800,-23.0593,0.625000,0.572365,0.472777,0.924326,0.932045,0.935312,0.908392,0.054515,0.695433,0.046032,0.981899,0.106639,0.206641,0.143992,0.060767,0.861337,0.031376,0.891965,0.029096,0.280832,0.995438,0.509825,0.014943,0.968151,0.006237,0.988542,0.014355,0.838972,0.201718,0.130310,0.824192,0.401651,0.940770,0.983213,0.162963,0.141293,0.437328,0.085377,0.136916,0.111805,0.947032,0.111419,0.928004
ENSDARG00000028415_0_9,-2.6500,-2.8098,0.750000,0.749327,0.692047,-21.5800,-23.1564,0.125000,0.199861,0.478435,0.051877,0.287945,0.045419,0.265692,0.034934,0.293576,0.969912,0.857344,0.869484,0.820913,0.980055,0.901689,0.999147,0.919634,0.984141,0.900980,0.993289,0.852748,0.919880,0.820330,0.941316,0.817504,0.056882,0.231457,0.037839,0.273756,0.049381,0.023973,0.985887,0.062507,0.989883,0.045403,0.975227,0.044929,0.971922,0.042523,0.991926,0.924760,0.992550,0.181036
ENSDARG00000028415_0_10,0.0000,-0.4323,1.000000,0.979859,0.865010,-20.3200,-22.3831,0.500000,0.487546,0.431466,0.980165,0.900874,0.611031,0.879332,0.603663,0.604410,0.600651,0.497990,0.948893,0.560749,0.928515,0.549418,0.999509,0.562332,0.990917,0.120022,0.986924,0.044208,0.613623,0.006567,0.605611,0.001782,0.591829,0.001266,0.957916,0.014035,0.957727,0.005230,0.968865,0.164921,0.989625,0.750407,0.994472,0.933708,0.994024,0.836805,0.980710,0.819783,0.995529,0.375475
ENSDARG00000029045_5_1,-0.6400,-1.1465,0.500000,0.679453,0.710996,-19.4100,-21.3389,0.250000,0.382704,0.419912,0.350592,0.804611,0.313637,0.485413,0.850493,0.476722,0.429747,0.512213,0.488332,0.817372,0.937397,0.363005,0.929552,0.403710,0.997271,0.590483,0.819541,0.162118,0.807024,0.137488,0.912684,0.288281,0.948025,0.295186,0.378937,0.142689,0.445756,0.307998,0.324856,0.099692,0.309543,0.080458,0.984464,0.438021,0.998799,0.508487,0.998799,0.902073,0.994473,0.582210
ENSDARG00000029045_5_2,-2.7900,-3.1251,0.250000,0.281989,0.424831,-19.8600,-21.8016,0.375000,0.349997,0.455339,0.998203,0.332474,0.998696,0.328495,0.838683,0.316931,0.124609,0.265422,0.021317,0.266342,0.030513,0.410219,0.032491,0.936833,0.018721,0.658494,0.184244,0.563748,0.998148,0.651815,0.998070,0.787309,0.997002,0.788714,0.997836,0.860143,0.153473,0.848207,0.022307,0.039915,0.025249,0.024473,0.022302,0.050685,0.066195,0.943604,0.126431,0.019384,0.842120,0.013566
ENSDARG00000029045_5_3,-9.5500,-9.6160,0.125000,0.131863,0.304904,-24.0100,-25.6568,0.125000,0.146026,0.305685,0.996077,0.978042,0.032587,0.010628,0.000546,0.003124,0.000055,0.002810,0.002628,0.006706,0.998977,0.998495,0.008139,0.078234,0.003994,0.073935,0.004742,0.008274,0.998375,0.927191,0.998527,0.927718,0.998529,0.930337,1.000000,0.955232,0.005776,0.020744,0.002906,0.018042,0.006926,0.019435,0.004177,0.007198,0.001532,0.048028,0.003125,0.051187,0.030459,0.048345
ENSDARG00000029045_5_4,-0.9800,-1.5948,1.000000,0.761607,0.687681,-18.3700,-20.2896,0.375000,0.491214,0.431109,0.573229,0.217250,0.512665,0.115012,0.537032,0.112728,0.941045,0.472503,0.961476,0.607755,0.995214,0.719734,0.995366,0.775175,0.995709,0.693048,0.187565,0.164478,0.196111,0.144765,0.162320,0.153726,0.603042,0.516288,0.996391,0.894441,0.951032,0.972247,0.960939,0.645142,0.995873,0.569443,0.590182,0.176524,0.516811,0.111934,0.534887,0.422114,0.546739,0.137864
ENSDARG00000029045_5_5,-0.4900,-1.5616,0.625000,0.750484,0.696729,-20.4100,-21.6885,0.375000,0.404747,0.539245,0.719263,0.825289,0.681004,0.162590,0.679408,0.098287,0.488861,0.159674,0.634905,0.297975,0.996928,0.874437,0.460685,0.827699,0.501386,0.822331,0.426266,0.820257,0.704690,0.866789,0.710343,0.849661,0.926967,0.941935,0.992167,0.883607,0.995283,0.310192,0.469550,0.158407,0.493775,0.028185,0.439763,0.710987,0.625811,0.042709,0.998736,0.994702,0.988785,0.109184
ENSDARG00000029045_5_6,-5.7200,-5.7594,0.500000,0.500831,0.501024,-18.9700,-21.0817,0.500000,0.464031,0.550417,0.002489,0.164668,0.000185,0.159177,0.001558,0.275022,0.002153,0.442918,0.004118,0.439015,1.000000,0.852070,0.999748,0.840020,0.999990,0.983794,0.999992,0.986513,0.999867,0.877163,0.999868,0.838196,0.003872,0.437543,0.002161,0.034252,0.001568,0.003947,0.000322,0.003137,0.002619,0.007032,1.000000,0.933842,0.999988,0.917120,0.999994,0.952067,0.999996,0.860853
ENSDARG00000029045_5_7,-2.6500,-2.6960,1.000000,0.998000,0.609120,-19.5000,-21.4203,0.250000,0.403620,0.378546,0.029649,0.087786,0.017879,0.053652,0.016619,0.049172,0.035611,0.072094,0.999965,0.971153,0.999446,0.987423,0.999288,0.782737,0.034936,0.060174,0.015782,0.042508,0.020635,0.105946,0.029630,0.222107,0.998964,0.907197,0.999315,0.884967,0.996233,0.882631,0.996767,0.344610,0.999156,0.243215,0.998624,0.230610,0.999486,0.238569,0.997456,0.211258,0.996966,0.193104
ENSDARG00000029045_5_8,-0.9000,-1.1940,1.000000,0.976470,0.679498,-18.1900,-20.1466,1.000000,0.730769,0.425357,0.318792,0.006569,0.188702,0.003158,0.190545,0.004150,0.221365,0.012875,0.965464,0.083414,0.966797,0.282124,0.996374,0.929624,0.994365,0.945072,0.253953,0.131188,0.202273,0.062508,0.187824,0.045758,0.291740,0.154550,0.965731,0.914822,0.964448,0.537738,0.965752,0.527902,0.969820,0.537221,0.974350,0.942525,0.977559,0.954374,0.996607,0.724838,0.997490,0.706736
ENSDARG00000029045_5_9,-3.7100,-3.8935,0.375000,0.390317,0.510987,-19.0200,-20.5316,0.625000,0.532686,0.476739,0.144057,0.102988,0.017474,0.019005,0.005600,0.022195,0.005530,0.018848,0.022270,0.056889,0.993107,0.942794,0.931259,0.945647,0.999999,0.985203,0.996883,0.397052,0.996749,0.394260,0.989859,0.391719,0.994405,0.996699,0.986392,0.992788,0.950286,0.976311,0.992524,0.994820,0.030064,0.630127,0.005506,0.604217,0.002418,0.022631,0.015220,0.016291,0.140127,0.024300
ENSDARG00000029045_5_10,-3.3100,-3.3589,1.000000,0.997805,0.702362,-18.9700,-21.0795,0.375000,0.457249,0.484737,0.009772,0.027088,0.005713,0.010966,0.025111,0.028916,0.999886,0.902624,0.991084,0.904186,0.997430,0.949557,0.998361,0.962376,1.000000,0.987093,0.992160,0.978346,0.020877,0.100765,0.008158,0.082790,0.016254,0.102045,0.992183,0.414176,0.998751,0.416715,0.999552,0.374093,0.999932,0.813563,0.997538,0.501477,1.000000,0.752449,0.995109,0.315698,0.999373,0.069824
ENSDARG00000029472_5_1,0.0000,-0.1221,1.000000,0.980573,0.977316,-17.6800,-19.9176,0.125000,0.413230,0.559312,0.938147,0.935138,0.995486,0.919416,0.999375,0.961389,0.963803,0.945814,0.992767,0.629954,0.999287,0.540032,0.997739,0.860229,0.993112,0.434497,0.999759,0.528358,0.853034,0.514675,0.969225,0.223848,1.000000,0.387051,0.979827,0.221794,0.989151,0.459128,1.000000,0.533224,1.000000,0.767202,0.975736,0.181071,0.991615,0.388607,0.940298,0.285549,0.967957,0.469262
ENSDARG00000029472_5_2,-4.0800,-4.8537,0.375000,0.441729,0.553172,-18.4400,-21.4402,0.250000,0.339003,0.368116,0.998180,0.498462,0.981452,0.163738,0.981478,0.144968,0.972251,0.491311,0.649601,0.417558,0.164239,0.102452,0.005550,0.005303,0.003776,0.003119,0.105817,0.109761,0.815385,0.841560,0.851980,0.872636,0.999900,0.999429,0.999823,0.999386,0.999839,0.999329,0.241581,0.249642,0.017778,0.021195,0.001517,0.004114,0.004265,0.005560,0.314699,0.232536,0.954334,0.200259
ENSDARG00000029472_5_3,-2.0100,-2.4097,0.375000,0.363008,0.490253,-20.4700,-21.6478,0.375000,0.408876,0.414761,0.872865,0.960575,0.769000,0.300322,0.885963,0.349162,0.215544,0.987885,0.060127,0.213043,0.031921,0.124827,0.023940,0.198711,0.045139,0.815973,0.999519,0.011157,0.999136,0.012508,0.999296,0.054277,0.998539,0.995772,0.045467,0.063030,0.025495,0.032749,0.030000,0.031402,0.057109,0.083730,0.209978,0.183460,0.999656,0.973160,0.766070,0.913147,0.770293,0.990333
ENSDARG00000029472_5_4,-1.7300,-1.8549,0.375000,0.427277,0.539925,-16.1700,-18.9960,0.500000,0.469113,0.566866,0.995960,0.640415,0.998677,0.598788,0.998176,0.622120,0.999515,0.690269,0.995101,0.693530,0.065898,0.516519,0.068981,0.748759,0.069356,0.650255,0.076725,0.602826,0.127761,0.616653,0.993031,0.739770,0.991106,0.464517,0.997531,0.457928,0.998780,0.405955,0.131325,0.416000,0.078605,0.568179,0.068223,0.587862,0.068404,0.403139,0.076399,0.506707,0.998949,0.407134
ENSDARG00000029472_5_6,0.0000,-0.2745,1.000000,0.936203,0.923018,-18.0900,-20.0797,0.500000,0.500541,0.528021,0.940046,0.393545,0.839556,0.340579,0.880100,0.602425,0.997079,0.933438,0.995484,0.956389,0.964049,0.961991,0.961614,0.909058,0.962911,0.288614,0.959609,0.039353,0.765527,0.090700,0.752748,0.935936,0.952006,0.104063,0.970568,0.101852,0.931553,0.081336,0.936315,0.087192,0.913860,0.122722,0.870722,0.655753,0.892083,0.986697,0.990358,0.990550,0.984170,0.978222
ENSDARG00000029472_5_7,-1.6300,-2.3305,0.375000,0.386984,0.508116,-21.3400,-23.3707,0.750000,0.558096,0.423200,0.992736,0.566880,0.285056,0.371239,0.112037,0.750855,0.099119,0.135422,0.895861,0.031622,0.035399,0.022696,0.136069,0.018124,0.534548,0.018281,0.991823,0.478057,0.998274,0.877784,0.994270,0.401729,0.991243,0.326534,0.566200,0.264991,0.096399,0.336468,0.136836,0.681479,0.907026,0.623621,0.088365,0.559688,0.098398,0.530882,0.204571,0.546709,0.998080,0.920936
ENSDARG00000029472_5_8,0.0000,-0.6493,1.000000,0.779991,0.823717,-21.1000,-22.6831,0.125000,0.209952,0.365061,0.979215,0.991951,0.989776,0.980626,0.999279,0.972745,0.988265,0.487665,0.979233,0.090351,0.677700,0.040091,0.507582,0.038633,0.428088,0.077472,0.720718,0.048199,0.967661,0.114546,0.998343,0.848951,0.998556,0.930382,0.713103,0.115979,0.697234,0.075838,0.371237,0.079571,0.737944,0.984819,0.835172,0.308272,0.975272,0.021477,0.979700,0.069164,0.930264,0.024500
ENSDARG00000029472_5_9,-6.2200,-6.6375,0.500000,0.545109,0.442411,-23.4500,-24.6860,0.125000,0.185604,0.298280,0.381046,0.426292,0.032697,0.041053,0.000959,0.002498,0.029189,0.001318,0.003378,0.002520,0.004375,0.004438,0.981497,0.991751,0.991054,0.998380,0.999924,0.997005,0.999980,0.996679,0.032532,0.011548,0.030704,0.007288,0.002501,0.000598,0.024603,0.001517,0.083261,0.046818,0.464369,0.416648,0.947348,0.012547,0.921175,0.009855,0.921452,0.010450,0.996166,0.986401
ENSDARG00000029472_5_10,-5.6000,-5.6565,0.500000,0.500661,0.595343,-24.6700,-25.7655,0.500000,0.501540,0.416486,0.004016,0.899855,0.001679,0.933644,0.006032,0.939451,0.015907,0.078965,0.980323,0.095057,0.947264,0.096761,0.998885,0.108891,0.999984,0.908466,0.999761,0.148467,0.999005,0.036503,0.981132,0.035314,0.967580,0.036032,0.002249,0.002097,0.002236,0.075420,0.001387,0.876347,0.002735,0.821266,0.998874,0.969780,0.998758,0.153329,0.999053,0.156462,0.999995,0.957616
ENSDARG00000031494_0_1,-0.1800,-1.0700,0.625000,0.684749,0.736237,-20.1700,-21.9098,0.250000,0.412871,0.468962,0.833042,0.446609,0.798834,0.437054,0.685479,0.441174,0.998859,0.448103,0.999096,0.474495,0.608928,0.724978,0.329545,0.738617,0.588274,0.722438,0.655501,0.570798,0.976178,0.290293,0.942654,0.222942,0.830369,0.558775,0.739152,0.290829,0.746625,0.274497,0.854105,0.965207,0.856861,0.763425,0.854372,0.032612,0.436678,0.256133,0.252553,0.037737,0.737646,0.682525
ENSDARG00000031494_0_2,-1.6700,-1.8550,0.625000,0.658451,0.726591,-24.9200,-25.8447,0.500000,0.538427,0.420014,0.223106,0.022872,0.221507,0.007585,0.156613,0.005741,0.906235,0.016912,0.906734,0.051278,1.000000,0.997361,0.925425,0.001599,0.926235,0.001397,0.999819,0.090950,0.999643,0.960040,0.999758,0.999301,0.999145,0.937829,0.998060,0.280665,0.235111,0.036355,0.054056,0.000713,0.055244,0.008541,0.925947,0.999798,0.999789,0.999587,0.999785,0.984156,0.999613,0.997599
ENSDARG00000031494_0_3,-3.8500,-4.1826,0.250000,0.430789,0.461358,-19.6900,-21.3313,1.000000,0.795504,0.518748,0.022608,0.009073,0.006457,0.004436,0.658456,0.021640,0.019864,0.930800,0.223337,0.971221,0.333970,0.065901,0.350667,0.056398,0.853243,0.049876,0.842026,0.223978,0.841329,0.573193,0.796433,0.534593,0.832461,0.569817,0.206555,0.801628,0.201109,0.798326,0.217621,0.906218,0.199358,0.953138,0.280474,0.944282,0.342970,0.933646,0.999122,0.551729,0.999099,0.475065
ENSDARG00000031494_0_4,0.0000,-0.1087,1.000000,0.984305,0.984006,-20.9000,-22.4172,0.750000,0.723532,0.604354,0.980024,0.978355,0.990602,0.889362,0.999519,0.905755,0.999184,0.990424,0.998618,0.493895,0.998552,0.497674,0.999232,0.455940,0.999885,0.100165,0.848458,0.078320,1.000000,0.009187,1.000000,0.010020,0.991601,0.889740,0.998875,0.888314,0.970215,0.904137,1.000000,0.227119,0.970434,0.096683,0.982043,0.842357,0.965645,0.906445,0.988904,0.993628,0.998327,0.929569
ENSDARG00000031494_0_5,-1.1900,-1.6956,0.375000,0.546513,0.728100,-19.9400,-21.8551,0.375000,0.394341,0.377867,0.828016,0.506858,0.829343,0.472823,0.998564,0.536135,0.880327,0.594115,1.000000,0.605813,0.995017,0.566614,0.925272,0.344023,0.852773,0.317902,0.763173,0.135556,0.764535,0.022593,0.872561,0.280320,0.480317,0.019867,0.438821,0.030921,0.417377,0.049480,0.900992,0.960281,0.708628,0.891000,0.713394,0.915964,0.329268,0.122196,0.407458,0.091444,0.456167,0.093443
ENSDARG00000031494_0_6,0.0000,-0.6345,1.000000,0.981690,0.796737,-21.1700,-22.5825,0.625000,0.552549,0.420498,0.527825,0.750980,0.413090,0.761879,0.412499,0.178587,0.810227,0.030403,0.832840,0.047262,0.988111,0.127230,0.998510,0.004984,0.585214,0.004187,0.392489,0.011449,0.463945,0.833020,0.824767,0.558184,0.831714,0.681394,0.895734,0.620905,0.988576,0.705377,0.996922,0.959080,0.999023,0.996539,0.990379,0.998806,0.990715,0.104070,0.993960,0.026551,0.998207,0.009066
ENSDARG00000031494_0_7,-2.8500,-3.0007,0.375000,0.393456,0.510275,-22.8600,-24.6731,0.500000,0.396966,0.479344,0.993372,0.925900,0.119192,0.332770,0.018737,0.337929,0.016738,0.346528,0.016937,0.414110,0.014524,0.920890,0.995764,0.904443,0.934599,0.937150,0.996490,0.669320,0.997939,0.584912,0.997633,0.008793,0.955919,0.028397,0.978463,0.398893,0.016791,0.989954,0.014158,0.444182,0.013521,0.004483,0.013669,0.002979,0.115178,0.057081,0.998478,0.999792,0.997389,0.278365
ENSDARG00000031494_0_8,-1.5400,-2.1718,0.625000,0.612217,0.674849,-19.4200,-20.7804,0.750000,0.633636,0.564193,0.047568,0.043030,0.035726,0.017339,0.051919,0.017082,0.997746,0.076051,0.639184,0.373573,0.998218,0.406852,0.977111,0.447925,0.997233,0.931309,0.999634,0.977528,0.999825,0.979604,0.978418,0.978393,0.876662,0.966085,0.562735,0.943640,0.066514,0.893659,0.068142,0.695358,0.250413,0.692180,0.958267,0.657514,0.996216,0.864758,0.996765,0.247414,0.998685,0.074566
ENSDARG00000031494_0_9,-0.6100,-1.4074,1.000000,0.946475,0.780975,-18.4500,-21.3962,0.625000,0.512257,0.479244,0.819692,0.480772,0.818808,0.480710,0.625498,0.704977,0.466707,0.565338,0.467318,0.625718,0.986849,0.811015,0.715628,0.528054,0.661159,0.550037,0.940207,0.400720,0.461230,0.086216,0.429207,0.058624,0.655396,0.194651,0.837618,0.106888,0.881285,0.160450,0.983465,0.577287,0.979346,0.555654,0.974506,0.520884,0.957088,0.708921,0.958817,0.934773,0.999676,0.533197
ENSDARG00000031494_0_10,0.0000,-0.1054,1.000000,0.983845,0.976846,-20.3800,-22.5023,0.250000,0.321891,0.277850,0.911334,0.045809,0.966197,0.042377,0.981618,0.043441,0.991399,0.055751,0.988077,0.291066,0.993231,0.996078,0.987993,0.020097,0.917765,0.010736,0.980324,0.940556,0.966605,0.346697,0.992949,0.095888,0.988666,0.093373,0.971782,0.190464,0.959636,0.151829,0.985806,0.149524,0.981256,0.139819,0.992533,0.175600,0.992667,0.233951,0.991527,0.770450,0.995550,0.763495
ENSDARG00000033845_4_1,0.0000,-0.5075,1.000000,0.828692,0.861757,-25.5600,-27.4651,0.250000,0.251931,0.372718,0.981370,0.859275,0.958852,0.804499,0.949252,0.632096,0.694486,0.357878,0.688815,0.539317,0.665897,0.180560,0.998810,0.138834,0.998474,0.236156,0.848846,0.419849,0.834931,0.291812,0.991562,0.972160,0.994303,0.006480,0.994203,0.005381,0.693008,0.002543,0.449712,0.000102,0.501958,0.001504,0.999522,0.002594,0.997309,0.004730,0.994884,0.999301,0.998940,0.999294
ENSDARG00000033845_4_2,-3.9100,-4.1171,0.500000,0.527460,0.438557,-29.8100,-31.4047,0.250000,0.277297,0.240699,0.073446,0.020962,0.074375,0.005655,0.125507,0.003001,0.173468,0.004753,0.065600,0.005698,0.069916,0.007162,0.987410,0.997289,0.984027,0.416626,0.993393,0.982871,0.944264,0.026103,0.033109,0.019513,0.026938,0.105961,0.183719,0.448682,0.970819,0.479554,0.967350,0.045546,0.078761,0.000771,0.006629,0.000047,0.021877,0.003372,0.997774,0.999963,0.992751,0.240443
ENSDARG00000033845_4_3,-1.9600,-2.1338,0.750000,0.762810,0.631520,-18.6400,-20.3134,0.875000,0.546249,0.522081,0.152744,0.224744,0.128268,0.191183,0.139185,0.228919,0.130647,0.605581,0.973980,0.941504,0.931105,0.856920,0.995456,0.659194,0.997154,0.541409,0.999262,0.933115,0.897952,0.518691,0.068718,0.176718,0.113448,0.193655,0.109877,0.215603,0.125203,0.426112,0.990694,0.670755,0.946420,0.443475,0.951987,0.478978,0.994934,0.764693,0.987740,0.935747,0.995624,0.434630
ENSDARG00000033845_4_4,-1.9600,-2.8022,0.500000,0.652855,0.580109,-21.4200,-23.1531,0.125000,0.179088,0.446176,0.208119,0.336277,0.111317,0.256883,0.887181,0.824729,0.999221,0.941894,0.998652,0.973866,0.998808,0.821450,0.999590,0.821565,0.104648,0.216159,0.103868,0.240824,0.505092,0.570830,0.144049,0.513312,0.318786,0.973031,0.629253,0.042795,0.994780,0.039403,0.999972,0.105938,0.682455,0.256721,0.503579,0.077505,0.135333,0.016456,0.630732,0.048703,0.646737,0.845179
ENSDARG00000033845_4_5,-3.1100,-3.3450,0.375000,0.403825,0.522819,-23.4300,-25.3314,0.250000,0.159452,0.406684,0.998058,0.945489,0.993522,0.924070,0.982837,0.706941,0.996950,0.728284,0.954776,0.604895,0.076612,0.513004,0.010150,0.626421,0.010278,0.722573,0.011344,0.473250,0.194631,0.068756,0.996738,0.539826,0.999883,0.004550,0.998803,0.002235,0.195785,0.003747,0.013590,0.123388,0.009771,0.001613,0.007444,0.009833,0.071811,0.032951,0.998606,0.531765,0.934787,0.570082
ENSDARG00000033845_4_6,-4.2200,-4.6051,0.250000,0.341909,0.443296,-23.6700,-26.0317,0.125000,0.200915,0.355378,0.849070,0.600387,0.826559,0.503720,0.402214,0.559461,0.081811,0.266680,0.081023,0.262298,0.779782,0.319928,0.124125,0.538811,0.283654,0.772007,0.283071,0.693039,0.937743,0.834961,0.749644,0.106128,0.731961,0.042811,0.731442,0.363420,0.795509,0.289962,0.256264,0.844783,0.286526,0.086414,0.203342,0.001928,0.063627,0.001308,0.062960,0.001845,0.335602,0.017663
ENSDARG00000033845_4_7,-3.2600,-3.6429,0.625000,0.657225,0.452922,-20.1800,-22.1728,0.625000,0.606260,0.407458,0.247431,0.885121,0.023014,0.175468,0.034264,0.133528,0.045485,0.191188,0.078495,0.273901,0.145713,0.296369,0.994266,0.252930,0.999296,0.203973,0.988366,0.277922,0.144961,0.194648,0.057556,0.369800,0.041789,0.044239,0.036331,0.119660,0.040486,0.763905,0.346724,0.785567,0.889039,0.928434,0.953809,0.934216,0.996445,0.847237,0.996095,0.230133,0.998867,0.240925
ENSDARG00000033845_4_8,0.0000,-0.4487,1.000000,0.783323,0.861747,-21.6800,-24.3403,0.500000,0.344851,0.407807,0.995847,0.981622,0.998159,0.753933,0.988027,0.723450,0.982363,0.711645,0.956753,0.771589,0.899512,0.296577,0.928314,0.276494,0.895221,0.378772,0.998373,0.331472,0.957178,0.097959,0.718093,0.030351,0.650517,0.043472,0.651374,0.626139,0.985081,0.627849,0.979859,0.736072,0.981623,0.245730,0.966015,0.027231,0.588934,0.442611,0.498978,0.012261,0.614721,0.040915
ENSDARG00000033845_4_9,-2.3500,-3.0096,0.625000,0.704174,0.654078,-17.8200,-19.7062,1.000000,0.783759,0.530049,0.045934,0.894523,0.018295,0.012130,0.041326,0.014322,0.879409,0.079401,0.760188,0.108570,0.974924,0.665842,0.849408,0.629563,0.856513,0.635101,0.802151,0.503957,0.794261,0.131238,0.844665,0.148008,0.581093,0.508249,0.999309,0.883043,0.226816,0.845266,0.218318,0.908445,0.213532,0.577665,0.988390,0.627549,0.988175,0.617811,0.998976,0.928450,0.999871,0.881838
ENSDARG00000033845_4_10,-2.2100,-2.4282,1.000000,0.972509,0.693023,-17.9800,-19.9767,0.750000,0.732810,0.569886,0.818454,0.773791,0.075678,0.618849,0.088057,0.769875,0.090941,0.136226,0.957629,0.167382,0.968199,0.160651,0.991146,0.279176,0.093525,0.361423,0.085350,0.318076,0.091139,0.335005,0.998586,0.908094,0.821690,0.706688,0.904086,0.792819,0.983299,0.935300,0.995207,0.875786,1.000000,0.898762,0.977053,0.403883,0.962059,0.281464,0.958555,0.825159,0.999813,0.849308
ENSDARG00000034375_0_1,0.0000,-0.3753,1.000000,0.878525,0.888855,-18.3800,-20.1451,0.750000,0.695766,0.479978,0.984034,0.826354,0.933955,0.187177,0.952755,0.182294,0.901075,0.236382,0.949579,0.414247,0.987325,0.147894,0.992723,0.554481,0.987130,0.635204,0.774885,0.517017,0.668734,0.291665,0.655358,0.023868,0.961351,0.016862,0.889990,0.092879,0.995464,0.964823,0.989382,0.923016,0.981906,0.986310,0.676151,0.490761,0.726562,0.992412,0.778159,0.991308,0.990588,0.124617
ENSDARG00000034375_0_2,0.0000,-0.6097,1.000000,0.723300,0.771961,-19.7100,-21.5666,0.250000,0.359509,0.356218,0.658605,0.676572,0.634321,0.673516,0.651402,0.675747,0.593009,0.069068,0.858693,0.384366,0.794781,0.107957,0.773016,0.084399,0.795258,0.127072,0.997059,0.665482,0.962583,0.200891,0.949214,0.160157,0.984880,0.423055,0.740404,0.202070,0.799746,0.167497,0.451988,0.148426,0.464273,0.347706,0.617708,0.335095,0.834793,0.341416,0.882735,0.744023,0.994755,0.589838
ENSDARG00000034375_0_3,-1.9300,-2.7305,0.250000,0.406639,0.488628,-18.7200,-20.9850,0.125000,0.354622,0.423311,0.344685,0.359970,0.298716,0.289051,0.883769,0.344797,0.109370,0.400935,0.154547,0.689684,0.368433,0.610010,0.406282,0.631149,0.520399,0.527348,0.844856,0.628803,0.772574,0.356862,0.898680,0.389930,0.917141,0.400699,0.932297,0.485857,0.204522,0.173300,0.140297,0.187321,0.164223,0.535010,0.472165,0.543423,0.740700,0.313527,0.176470,0.293552,0.422438,0.304981
ENSDARG00000034375_0_4,-5.9400,-6.2066,0.375000,0.376891,0.462523,-24.0000,-25.7724,0.375000,0.355756,0.237183,0.006049,0.995561,0.000520,0.033394,0.001255,0.002861,0.006154,0.003497,0.031975,0.004450,0.816270,0.006215,0.885944,0.022583,0.884319,0.007436,0.992847,0.008787,0.999912,0.025839,0.889185,0.503833,0.720910,0.283149,0.999481,0.424806,0.992867,0.968909,0.012161,0.674548,0.002908,0.648503,0.000627,0.005389,0.001110,0.001380,0.006075,0.003513,0.999897,0.118997
ENSDARG00000034375_0_5,-0.7500,-1.6856,0.375000,0.541460,0.614057,-17.3500,-19.8969,0.000000,0.288880,0.436195,0.233588,0.857973,0.188496,0.194285,0.763302,0.246580,0.414907,0.256664,0.204112,0.229461,0.338997,0.240969,0.994328,0.238365,0.999764,0.965413,0.907187,0.607067,0.904899,0.733231,0.999948,0.847539,0.999941,0.995304,0.340453,0.607550,0.209270,0.468774,0.175784,0.214219,0.563356,0.227666,0.470823,0.083839,0.572047,0.091569,0.999968,0.313895,0.999974,0.303530
ENSDARG00000034375_0_6,-3.2300,-3.3321,1.000000,0.975692,0.690787,-18.6800,-21.0147,0.875000,0.598153,0.464962,0.030087,0.246807,0.025424,0.216894,0.024416,0.871731,0.997724,0.239387,0.947195,0.213589,0.993755,0.806462,0.993496,0.838754,0.993124,0.818615,0.944174,0.181120,0.029667,0.055615,0.013029,0.004639,0.018117,0.020408,0.967641,0.152490,0.952536,0.941418,0.993536,0.569363,0.994466,0.451375,0.996976,0.438952,0.978072,0.910313,0.947237,0.729107,0.975074,0.592205
ENSDARG00000034375_0_7,-0.1800,-1.2255,1.000000,0.733099,0.740879,-18.0200,-20.8572,0.125000,0.277493,0.483791,0.787687,0.730326,0.534623,0.713971,0.716467,0.933071,0.894839,0.884237,0.776860,0.921745,0.899341,0.497856,0.659789,0.535088,0.803231,0.498843,0.471655,0.259926,0.463675,0.330604,0.998305,0.852021,0.946326,0.298197,0.937742,0.287540,0.796362,0.309716,0.434505,0.168208,0.659271,0.021365,0.884314,0.499509,0.992600,0.425479,0.573752,0.257895,0.586244,0.250227
ENSDARG00000034375_0_8,-0.5200,-1.4972,0.375000,0.531425,0.585681,-18.8600,-20.9189,0.000000,0.284245,0.456842,0.972695,0.923622,0.173127,0.829579,0.165622,0.813950,0.166960,0.186400,0.815049,0.130042,0.776186,0.131652,0.426413,0.122320,0.575162,0.828467,0.796903,0.816446,0.985764,0.767358,0.823644,0.650592,0.784704,0.662452,0.618239,0.179993,0.533598,0.224471,0.612355,0.372576,0.967649,0.236663,0.169375,0.109240,0.181528,0.480022,0.169795,0.427053,0.998858,0.243943
ENSDARG00000034375_0_9,-2.4100,-3.1456,0.750000,0.733873,0.603772,-20.0600,-22.9459,0.500000,0.567188,0.525625,0.583440,0.853573,0.535666,0.667748,0.401869,0.726652,0.039808,0.744370,0.092273,0.740602,0.731544,0.348891,0.932231,0.261914,0.748244,0.107883,0.466821,0.464285,0.329066,0.288439,0.343990,0.340543,0.999511,0.430108,0.563503,0.414753,0.500287,0.942717,1.000000,0.365056,0.716524,0.054448,0.887634,0.835554,0.691740,0.256572,0.755790,0.837594,0.755508,0.830806
ENSDARG00000034375_0_10,0.0000,-0.2562,1.000000,0.918646,0.918516,-16.7800,-18.4695,0.375000,0.416139,0.667981,0.834090,0.782613,0.812838,0.762601,0.799460,0.787521,0.851234,0.815497,0.989526,0.885862,0.940717,0.862270,0.998541,0.911805,0.938209,0.801875,0.947130,0.840208,0.973922,0.910454,0.940410,0.865674,0.995086,0.804124,0.966747,0.776475,0.997385,0.943033,0.984409,0.777476,0.840649,0.078581,0.822182,0.271271,0.826357,0.121212,0.913110,0.080858,0.998329,0.280206
ENSDARG00000035563_0_1,0.0000,-0.5436,1.000000,0.753203,0.819793,-20.7600,-22.7286,0.125000,0.181529,0.523987,0.977310,0.951676,0.978286,0.914580,0.979532,0.853023,0.992624,0.874243,0.985790,0.735839,0.998873,0.846942,0.999218,0.684863,0.764347,0.552672,0.670990,0.590575,0.644181,0.475236,0.547210,0.786038,0.831868,0.761820,0.819347,0.154888,0.996659,0.140889,0.986554,0.027891,0.961106,0.299939,0.672435,0.079798,0.446630,0.021423,0.478634,0.028761,0.664259,0.698640
ENSDARG00000035563_0_2,-4.0800,-4.2803,1.000000,0.999429,0.623879,-18.8500,-20.7795,0.750000,0.734930,0.546202,0.006651,0.217400,0.001504,0.113519,0.002511,0.360044,0.231132,0.696722,0.998944,0.964584,0.999824,0.545683,0.999856,0.481241,0.999683,0.920689,0.230339,0.707955,0.002451,0.004623,0.002012,0.023387,0.007238,0.008751,0.998901,0.339615,0.999552,0.410688,0.999841,0.969826,0.999456,0.796896,0.999405,0.764076,0.999204,0.963774,0.999678,0.797089,0.999395,0.837473
ENSDARG00000035563_0_3,-4.2900,-4.8579,0.375000,0.399210,0.435210,-23.0900,-24.5614,0.500000,0.512804,0.536637,0.009332,0.796847,0.001495,0.775585,0.010236,0.595111,0.997969,0.489309,0.157664,0.776100,0.020984,0.790027,0.159317,0.986925,0.997703,0.392267,0.998432,0.007123,0.998878,0.004505,0.998887,0.026928,0.159625,0.989586,0.025334,0.994455,0.155532,0.972478,0.994250,0.014725,0.368309,0.052164,0.006874,0.040375,0.011506,0.916301,0.633303,0.992486,0.998574,0.119447
ENSDARG00000035563_0_4,0.0000,-0.5441,1.000000,0.960166,0.878527,-14.7100,-17.2824,0.875000,0.742589,0.604169,0.957662,0.493920,0.528439,0.275431,0.529989,0.286221,0.984914,0.343943,0.966096,0.871273,0.998662,0.667465,0.997242,0.636123,0.998846,0.603663,0.968054,0.478250,0.513000,0.292012,0.583956,0.571862,0.862355,0.622512,0.894913,0.803914,0.999155,0.850900,0.965349,0.770081,0.989807,0.904725,0.963495,0.644925,0.947005,0.762949,0.932419,0.576462,0.989188,0.626759
ENSDARG00000035563_0_5,-1.6000,-1.9504,0.250000,0.364731,0.489158,-21.9500,-23.7630,0.250000,0.397511,0.411371,0.994862,0.922924,0.973875,0.873406,0.967394,0.992504,0.275134,0.167246,0.143404,0.051104,0.101806,0.014021,0.105473,0.012929,0.136196,0.994593,0.238900,0.002883,0.971300,0.004267,0.980271,0.018230,0.976700,0.993218,0.973365,0.118538,0.987628,0.096397,0.236499,0.385282,0.123634,0.414925,0.086849,0.346368,0.078012,0.688050,0.149436,0.993928,0.282424,0.136602
ENSDARG00000035563_0_6,0.0000,-0.0794,1.000000,0.984331,0.980320,-19.9200,-21.6094,0.625000,0.647491,0.565709,0.978253,0.934845,0.985564,0.920163,0.963742,0.871437,1.000000,0.857875,0.936081,0.862240,0.957970,0.234295,1.000000,0.224661,0.977393,0.228610,1.000000,0.974181,0.956058,0.008998,0.977109,0.008059,0.999579,0.008892,0.950264,0.011698,0.981551,0.616465,0.977422,0.607775,0.988556,0.498775,0.981905,0.493354,0.999883,0.997356,0.999924,0.997364,0.995140,0.957142
ENSDARG00000035563_0_7,0.0000,-0.3601,1.000000,0.856685,0.879197,-21.3300,-23.2908,0.500000,0.389791,0.451765,0.942521,0.948446,0.924919,0.881497,0.955370,0.269302,0.991063,0.281430,0.724678,0.253555,0.675979,0.356857,0.602087,0.872031,0.989930,0.840921,0.978187,0.929085,0.983746,0.261674,0.984772,0.018024,0.977202,0.004157,0.980233,0.043303,0.673054,0.982674,0.674653,0.027533,0.736940,0.093694,0.981657,0.111030,0.978326,0.803828,0.908461,0.358675,0.920155,0.697589
ENSDARG00000035563_0_8,-3.2200,-3.4459,0.750000,0.740348,0.529312,-19.0200,-21.0140,0.625000,0.667418,0.528627,0.065757,0.668532,0.098005,0.656673,0.922671,0.743862,0.009320,0.268427,0.021135,0.253926,0.231412,0.330632,0.946852,0.373872,0.999604,0.415743,0.999589,0.363742,0.231283,0.055868,0.092004,0.529247,0.045824,0.572671,0.055156,0.638027,0.028497,0.590149,0.883188,0.643679,0.999851,0.374590,0.957038,0.393949,0.999834,0.967685,0.999703,0.896948,0.999514,0.834315
ENSDARG00000035563_0_9,-1.2500,-1.6661,0.875000,0.906374,0.668909,-18.9600,-20.9409,0.750000,0.614374,0.550053,0.293122,0.713088,0.111852,0.699119,0.139175,0.927207,0.214536,0.879917,0.999414,0.882842,0.962437,0.748887,0.970747,0.751651,0.991646,0.203279,0.987786,0.082948,0.185919,0.028035,0.133451,0.019951,0.137101,0.149146,0.430982,0.230567,0.913136,0.654369,0.967126,0.661879,0.999928,0.975247,0.995160,0.673002,0.991216,0.678862,0.973759,0.846273,0.979689,0.194798
ENSDARG00000035563_0_10,-5.2000,-5.8018,0.750000,0.531149,0.532489,-22.9700,-24.6071,0.250000,0.434090,0.439005,0.079619,0.610265,0.005387,0.452600,0.008350,0.487147,0.005195,0.540354,0.607649,0.394076,0.946503,0.474685,0.959935,0.492579,0.726971,0.582059,0.997113,0.605372,0.991204,0.178742,0.541539,0.018075,0.531116,0.471431,0.295210,0.100314,0.569311,0.095531,0.957867,0.523369,0.571990,0.938956,0.459800,0.267176,0.458449,0.284862,0.458644,0.289153,0.477924,0.973360
ENSDARG00000036245_3_1,0.0000,-0.6275,1.000000,0.743088,0.788186,-19.5300,-21.0612,0.375000,0.382927,0.606405,0.973347,0.869375,0.990514,0.835772,0.974125,0.815304,0.983841,0.862086,0.858858,0.959330,0.997112,0.849527,0.690857,0.849497,0.477960,0.881322,0.468264,0.559149,0.411159,0.569499,0.999092,0.985759,0.993885,0.028053,0.994606,0.014264,0.984024,0.051686,0.450909,0.976654,0.443027,0.007807,0.485964,0.008566,0.692621,0.011962,0.894188,0.997680,0.999367,0.994796
ENSDARG00000036245_3_2,0.0000,-1.0410,1.000000,0.842711,0.720218,-20.8900,-22.2965,1.000000,0.694323,0.451220,0.681271,0.087386,0.644624,0.068201,0.561162,0.081037,0.547399,0.943935,0.759987,0.963249,0.849313,0.121329,0.803054,0.101745,0.719418,0.099189,0.618743,0.112860,0.507386,0.198679,0.495942,0.171443,0.474367,0.520770,0.605333,0.491243,0.959932,0.505267,0.837341,0.575834,0.775223,0.670834,0.794021,0.899249,0.780990,0.818817,0.994091,0.798823,0.994760,0.794514
ENSDARG00000036245_3_3,0.0000,-0.0089,1.000000,0.998421,0.998460,-19.3300,-21.0297,0.375000,0.567282,0.574039,0.999375,0.981031,0.999534,0.924194,0.999422,0.914377,0.997523,0.957526,0.999836,0.697146,0.998002,0.699599,0.999336,0.479435,0.999585,0.448835,0.991439,0.211065,0.998239,0.077049,0.999541,0.070112,1.000000,0.482146,0.999634,0.484696,0.998902,0.516106,0.993163,0.319410,0.999045,0.289366,0.999055,0.237309,0.998737,0.836622,0.999512,0.946352,0.999323,0.908398
ENSDARG00000036245_3_4,-2.3700,-2.4588,0.625000,0.649543,0.715305,-19.7700,-22.0018,0.250000,0.392951,0.472414,0.978343,0.633216,0.978587,0.547071,0.999853,0.831738,0.999636,0.813538,0.999807,0.753822,0.997467,0.744784,0.125120,0.746894,0.025078,0.465414,0.021757,0.488171,0.994365,0.225312,0.995034,0.028466,0.994702,0.026245,0.997180,0.263146,0.995720,0.263773,1.000000,0.323480,0.059685,0.362654,0.055066,0.255462,0.111511,0.182050,0.989106,0.818465,0.988080,0.674576
ENSDARG00000036245_3_5,0.0000,-0.4600,1.000000,0.827602,0.858941,-20.1400,-22.4205,0.375000,0.338410,0.515404,0.963278,0.942489,0.981229,0.689065,0.994132,0.713094,0.936731,0.821775,0.985500,0.773656,0.999109,0.548323,0.848738,0.618106,0.535960,0.612392,0.588276,0.623654,0.742581,0.328310,0.999344,0.672190,0.983117,0.257748,0.852482,0.044885,0.839021,0.547425,0.839667,0.079947,0.973801,0.017652,0.980394,0.010489,0.625505,0.012425,0.748671,0.998182,0.761279,0.996273
ENSDARG00000036245_3_7,-1.5500,-2.0361,0.625000,0.646718,0.679439,-18.8900,-21.2816,0.875000,0.605948,0.485769,0.864221,0.217171,0.863153,0.093308,0.863074,0.144387,0.781077,0.337759,0.892802,0.846324,0.879099,0.918005,0.850657,0.800737,0.096587,0.290170,0.090059,0.144809,0.245546,0.122993,0.996941,0.486692,0.991827,0.465448,0.992778,0.475173,0.963267,0.713529,0.219820,0.504411,0.223702,0.524432,0.212245,0.487756,0.858592,0.730781,0.743187,0.768576,0.960156,0.642927
ENSDARG00000036245_3_8,0.0000,-0.0355,1.000000,0.987048,0.989372,-19.3900,-21.3274,0.750000,0.657380,0.532552,0.996210,0.965736,0.998654,0.551060,0.994612,0.300848,0.997625,0.572908,0.994981,0.510910,0.993976,0.580589,0.975545,0.115555,0.972617,0.020141,0.999027,0.112405,0.976614,0.312667,0.996508,0.670903,0.994691,0.678273,0.990430,0.709293,0.998288,0.449935,0.973536,0.557639,0.998790,0.469156,0.969555,0.378197,0.975679,0.991396,0.990678,0.831376,0.999424,0.872052
ENSDARG00000036245_3_9,-0.3900,-1.1998,0.500000,0.667742,0.678735,-19.0800,-21.2327,0.375000,0.346530,0.552877,0.615726,0.706007,0.577923,0.684318,0.565482,0.688275,0.962230,0.882519,0.444702,0.951355,0.461587,0.891722,0.987689,0.945381,0.939920,0.554650,0.947011,0.471291,0.738260,0.520188,0.756405,0.779484,0.235819,0.210116,0.407566,0.226025,0.981705,0.660235,0.988033,0.718514,0.581028,0.051626,0.270818,0.018491,0.438870,0.023341,0.767489,0.085242,0.906430,0.988762
ENSDARG00000036245_3_10,-0.6200,-1.4470,1.000000,0.998703,0.752328,-15.7300,-18.4662,0.625000,0.473666,0.530381,0.207367,0.422539,0.118204,0.099057,0.210349,0.174637,0.991343,0.826529,0.999938,0.885199,0.996189,0.773873,0.935026,0.746653,0.406598,0.480760,0.126985,0.269744,0.459850,0.492581,0.605135,0.717079,0.999950,0.929631,0.999954,0.744321,0.999906,0.688019,0.995867,0.595478,0.999892,0.597050,0.997724,0.535394,0.999002,0.238564,0.997374,0.196919,0.999904,0.193584
ENSDARG00000036482_0_1,-0.5100,-0.9638,0.625000,0.692957,0.753920,-21.6700,-23.4927,0.750000,0.701796,0.363269,0.815323,0.289137,0.789540,0.029227,0.781351,0.025714,0.780748,0.012381,0.999350,0.008888,0.997496,0.053158,0.491654,0.500594,0.452403,0.517308,0.456245,0.204211,0.985888,0.001272,0.990281,0.000289,0.994467,0.008843,0.994708,0.998299,0.994506,0.977721,0.794875,0.591596,0.253085,0.995169,0.223856,0.028890,0.297000,0.028100,0.992565,0.998568,0.993059,0.996023
ENSDARG00000036482_0_2,-5.4600,-5.5125,0.875000,0.873751,0.602528,-20.6600,-22.0519,0.500000,0.468639,0.440490,0.002941,0.006637,0.000272,0.000660,0.000510,0.002327,0.028259,0.029339,0.999743,0.992507,0.999899,0.992086,0.999940,0.992956,0.999998,0.998724,0.999978,0.995672,0.027916,0.033266,0.000759,0.007952,0.000349,0.008568,0.002931,0.010314,0.993765,0.706189,0.999865,0.877680,0.999911,0.668838,1.000000,0.235735,0.999918,0.156825,0.993715,0.138674,0.999901,0.954855
ENSDARG00000036482_0_3,0.0000,-0.0839,1.000000,0.972153,0.976415,-15.8100,-18.4070,0.875000,0.779899,0.609379,0.990718,0.636411,0.947301,0.525747,0.937829,0.529254,0.941728,0.589522,1.000000,0.976821,0.997616,0.406460,0.999880,0.432473,0.999249,0.583173,0.992789,0.392575,0.995928,0.818536,0.956559,0.034873,0.991468,0.022549,0.996622,0.046084,0.995877,0.979744,0.956320,0.965252,0.951763,0.758769,0.897120,0.588343,0.996287,0.997333,0.995768,0.996811,0.987469,0.906857
ENSDARG00000036482_0_4,-0.1300,-0.7003,1.000000,0.929530,0.853907,-24.3200,-25.5874,0.500000,0.506149,0.484236,0.539649,0.789668,0.552197,0.362447,1.000000,0.578331,1.000000,0.993895,0.995793,0.431948,1.000000,0.382834,0.382092,0.312994,0.374343,0.783218,1.000000,0.988268,0.885534,0.010333,0.920277,0.000296,0.992006,0.001309,0.986117,0.001855,1.000000,0.998624,1.000000,0.047672,0.997734,0.000334,0.796513,0.001248,1.000000,0.999992,0.824940,0.999954,0.830935,0.999511
ENSDARG00000036482_0_5,0.0000,-0.3565,1.000000,0.952848,0.908036,-20.7400,-22.3835,0.875000,0.829943,0.587777,0.923184,0.939364,0.960913,0.927919,0.666581,0.992412,0.654249,0.237893,0.968975,0.128110,1.000000,0.157669,1.000000,0.600463,0.965982,0.344939,0.815507,0.766392,0.693428,0.014609,0.890565,0.003750,0.998550,0.002475,0.822268,0.008326,0.989770,0.965135,0.999429,0.948597,0.937262,0.806368,0.986533,0.933551,0.966105,0.995927,0.934411,0.993003,0.987009,0.988639
ENSDARG00000036482_0_6,-1.5300,-1.9465,0.625000,0.721809,0.726755,-19.4400,-21.2454,0.375000,0.321946,0.508006,0.828424,0.464450,0.786697,0.283778,0.839551,0.400754,0.996768,0.930499,0.999870,0.991473,0.407540,0.986024,0.241690,0.801970,0.240090,0.766356,0.827900,0.304474,0.781142,0.320018,0.863954,0.499337,0.947011,0.835418,0.981259,0.910153,0.931632,0.720151,0.992998,0.882891,0.271957,0.007266,0.241029,0.004869,0.390368,0.008138,0.965317,0.011110,0.999911,0.030985
ENSDARG00000036482_0_7,-1.4000,-1.8067,0.375000,0.487558,0.516696,-19.8500,-21.7145,0.250000,0.350511,0.466810,0.975915,0.918287,0.229155,0.917410,0.205655,0.597420,0.240114,0.522260,0.966016,0.490498,0.237673,0.511680,0.234199,0.174608,0.356365,0.574692,0.931942,0.455528,0.922137,0.437140,0.846465,0.866170,0.287817,0.066424,0.177874,0.013200,0.272580,0.064287,0.986841,0.053027,0.251128,0.893944,0.180920,0.274585,0.159859,0.175695,0.913871,0.997610,0.957395,0.331740
ENSDARG00000036482_0_8,-4.5700,-4.6654,0.500000,0.512477,0.609488,-21.4700,-23.3574,0.625000,0.561797,0.385577,0.995110,0.425291,0.999003,0.222254,1.000000,0.254491,0.999797,0.195107,0.997283,0.223424,1.000000,0.192301,1.000000,0.328991,0.057817,0.262372,0.001389,0.028461,0.001122,0.108143,0.038460,0.059883,0.999958,0.916444,0.999938,0.710082,0.999970,0.720001,0.999355,0.701674,0.045464,0.939549,0.008433,0.692646,0.001602,0.101237,0.055333,0.325066,0.989720,0.304125
ENSDARG00000036482_0_9,-6.0900,-6.3806,0.250000,0.280972,0.424624,-22.1000,-24.0668,0.250000,0.324369,0.396751,0.164887,0.921163,0.131251,0.663620,0.675283,0.315053,0.041518,0.354998,0.723817,0.285318,0.166113,0.599240,0.183150,0.869090,0.171405,0.801523,0.988992,0.310644,0.999882,0.090882,0.999109,0.083671,0.999296,0.044858,0.173504,0.043548,0.007733,0.008504,0.066400,0.358194,0.090364,0.663112,0.886983,0.182698,0.003631,0.170868,0.019187,0.181322,0.999978,0.986706
ENSDARG00000036482_0_10,-1.1200,-1.3550,1.000000,0.938074,0.802649,-17.0400,-19.4727,0.375000,0.403992,0.542605,0.983527,0.892568,0.260462,0.372037,0.174239,0.373069,0.909962,0.711332,0.996370,0.764062,0.953460,0.750251,0.882946,0.768880,0.845691,0.870752,0.960371,0.907641,0.295673,0.323959,0.288616,0.186547,0.997077,0.699065,0.997773,0.544356,0.910729,0.430772,0.871185,0.572163,0.926303,0.206295,0.994248,0.209386,0.893305,0.126387,0.911897,0.798222,0.999155,0.344352
ENSDARG00000037060_32_1,-0.3400,-1.1892,0.625000,0.746665,0.766504,-17.3200,-19.8095,0.500000,0.421578,0.619112,0.459281,0.579816,0.442209,0.580646,0.883152,0.977499,0.996714,0.985381,0.999795,0.990103,0.999766,0.852129,0.999832,0.826698,0.552488,0.433781,0.579011,0.597346,0.999830,0.939566,0.998031,0.928066,0.446655,0.318581,0.439588,0.312961,1.000000,0.087744,0.883341,0.308519,0.884179,0.214313,0.915623,0.428150,0.423172,0.366424,0.427416,0.689086,1.000000,0.965423
ENSDARG00000037060_32_2,-3.5400,-4.5354,0.250000,0.209599,0.368450,-24.6500,-26.6008,0.125000,0.150056,0.299617,0.417110,0.973963,0.364454,0.458740,0.694340,0.396258,0.024479,0.393084,0.015474,0.403010,0.027128,0.963806,0.312739,0.137497,0.322353,0.101095,0.542138,0.097451,0.992101,0.149260,0.990223,0.684662,0.989681,0.033072,0.246936,0.987492,0.021789,0.072012,0.011060,0.035752,0.015762,0.080791,0.308325,0.004028,0.016968,0.001350,0.353285,0.001537,0.702667,0.017481
ENSDARG00000037060_32_3,0.0000,-0.5640,1.000000,0.811690,0.834249,-18.9300,-20.9969,0.750000,0.649140,0.505935,0.982846,0.288859,0.952243,0.268759,0.972096,0.583663,0.983973,0.655862,0.817980,0.349213,0.805696,0.500573,0.958373,0.822986,0.982869,0.655068,0.851844,0.233906,0.670870,0.099387,0.625806,0.201040,0.586860,0.266266,0.964636,0.935201,0.993398,0.953593,0.852446,0.883762,0.842448,0.699815,0.648280,0.812058,0.669036,0.827581,0.676015,0.051888,0.847265,0.029222
ENSDARG00000037060_32_4,0.0000,-0.2314,1.000000,0.939604,0.938871,-15.0800,-17.1667,0.750000,0.675160,0.680635,0.915297,0.654658,0.943349,0.422191,0.953005,0.486974,0.972255,0.903622,0.996172,0.806791,0.987069,0.767290,0.954394,0.730483,0.902896,0.864672,0.973194,0.730393,0.834082,0.649277,0.837830,0.649788,0.991046,0.545278,0.992755,0.499076,0.980311,0.634723,0.952015,0.852707,0.807549,0.282001,0.802277,0.279940,0.992339,0.983864,0.994002,0.949648,0.995582,0.919324
ENSDARG00000037060_32_5,-0.7700,-1.3109,0.750000,0.777462,0.729331,-17.6100,-20.0033,0.375000,0.548629,0.517473,0.214659,0.826453,0.215677,0.575981,0.500910,0.696345,0.822486,0.920292,0.741425,0.898941,0.958363,0.331612,0.987319,0.284040,0.948968,0.292409,0.930746,0.791383,0.945446,0.098574,0.777655,0.097372,0.323279,0.147034,0.444267,0.920819,0.232510,0.813110,0.713291,0.714308,0.952955,0.559161,0.994156,0.307393,0.962037,0.719810,0.927777,0.266788,0.992700,0.087645
ENSDARG00000037060_32_6,-0.1900,-1.1293,0.250000,0.508526,0.596958,-19.5100,-21.2487,0.375000,0.368872,0.381186,0.951780,0.972055,0.947567,0.541686,0.375104,0.493401,0.382106,0.432216,0.993021,0.946736,0.433119,0.904080,0.268847,0.136028,0.248065,0.064420,0.346661,0.060544,0.987630,0.032135,0.996890,0.020468,0.940167,0.068977,0.938616,0.131069,0.356306,0.035471,0.210817,0.031766,0.234145,0.355878,0.437802,0.196432,0.644538,0.661788,0.440607,0.924318,0.805374,0.614251
ENSDARG00000037060_32_7,0.0000,-0.6278,1.000000,0.874194,0.825916,-21.5400,-23.1581,0.625000,0.526402,0.417362,0.792973,0.097480,0.795486,0.085455,0.762432,0.080812,0.979737,0.088980,0.969216,0.095449,0.627524,0.095352,0.666159,0.992994,0.699510,0.370820,0.998732,0.694400,0.997271,0.941057,0.789970,0.451380,0.445762,0.141848,0.487976,0.150702,0.674912,0.017048,0.995587,0.020802,0.991051,0.805941,0.952629,0.985293,0.935467,0.601670,0.968588,0.819948,0.987342,0.809816
ENSDARG00000037060_32_8,-0.9400,-1.1907,1.000000,0.975175,0.816127,-17.2000,-20.0894,0.500000,0.501827,0.475149,0.200766,0.571532,0.169720,0.405881,0.897541,0.480174,0.979332,0.598848,0.997619,0.489334,0.999772,0.459317,0.209929,0.088658,0.193992,0.339032,0.933018,0.852817,0.982687,0.872436,0.975241,0.105338,0.981523,0.225000,0.975471,0.411860,0.983166,0.884449,0.996634,0.847184,0.964359,0.492565,0.955760,0.125493,0.976812,0.362034,0.969240,0.419836,0.979955,0.471194
ENSDARG00000037060_32_10,-2.1500,-2.3029,1.000000,0.970404,0.709850,-19.4700,-21.6998,0.375000,0.430635,0.365007,0.981130,0.995253,0.036806,0.930953,0.030174,0.588631,0.105666,0.110012,0.980182,0.072281,0.982738,0.074437,0.999656,0.071494,0.996332,0.072591,0.166266,0.795470,0.085251,0.047510,0.084931,0.024041,0.984649,0.072395,0.926827,0.983155,0.929327,0.611270,0.939793,0.475191,0.999162,0.439555,0.998565,0.885248,0.986584,0.013128,0.983500,0.018641,0.999470,0.018894
ENSDARG00000038188_15_2,-0.4300,-0.8829,1.000000,0.914703,0.827542,-16.8700,-19.3466,0.375000,0.533281,0.580468,0.432351,0.405504,0.432977,0.437372,0.999579,0.728915,0.998240,0.745692,0.998332,0.784242,0.988314,0.846700,0.993975,0.885198,0.483274,0.306682,0.311317,0.372530,0.803185,0.598741,0.796316,0.405752,0.995363,0.825777,0.990254,0.830943,0.993482,0.546527,0.997661,0.529168,0.997659,0.959286,0.949687,0.494886,0.761826,0.143204,0.804775,0.137279,0.822280,0.624954
ENSDARG00000038188_15_4,-2.4300,-2.7032,0.375000,0.437167,0.533114,-18.0200,-19.9283,0.625000,0.483501,0.419205,0.924822,0.481037,0.848403,0.459104,0.885410,0.531969,0.292210,0.872289,0.091781,0.359263,0.090009,0.305277,0.993687,0.538943,0.093964,0.051516,0.089403,0.062200,0.990590,0.101676,0.931087,0.226267,0.933586,0.526555,0.999773,0.627052,0.042984,0.184855,0.041745,0.035942,0.939399,0.080862,0.151773,0.803528,0.151252,0.556229,0.246328,0.691092,0.924079,0.888446
ENSDARG00000038188_15_5,-2.2100,-2.9497,0.875000,0.740837,0.698029,-21.2400,-23.4698,0.375000,0.399313,0.378880,0.860094,0.588980,0.765206,0.345629,0.858846,0.821212,0.771284,0.182700,0.417865,0.038186,0.603738,0.070160,0.515542,0.081714,0.912277,0.631969,0.992571,0.604017,0.819372,0.616628,0.401759,0.229741,0.115332,0.172169,0.121473,0.187504,0.968635,0.843599,0.992624,0.985962,0.900793,0.607049,0.686191,0.226680,0.749202,0.122383,0.617850,0.112384,0.889931,0.108942
ENSDARG00000038188_15_6,-4.4700,-5.1084,0.750000,0.563757,0.560922,-20.3900,-22.0900,0.250000,0.362636,0.464883,0.515356,0.185178,0.463242,0.163450,0.142734,0.128547,0.240755,0.284732,0.514929,0.810314,0.519272,0.790825,0.503472,0.829845,0.868118,0.829598,0.874408,0.870450,0.982791,0.976674,0.609007,0.392304,0.474313,0.134642,0.472896,0.133570,0.510285,0.181833,0.999490,0.305018,0.489374,0.094586,0.487844,0.091913,0.487423,0.866448,0.493650,0.374923,0.569091,0.852801
ENSDARG00000038188_15_7,-1.9200,-2.6557,0.250000,0.506012,0.573209,-26.3100,-26.9249,0.625000,0.627153,0.403128,0.881520,0.019886,0.884441,0.004579,0.887696,0.002436,0.994505,0.002334,0.529863,0.001194,0.149564,0.000635,0.044682,0.016522,0.031023,0.997662,0.410240,0.975355,0.609186,0.995131,0.995697,0.023876,0.997665,0.005716,0.691989,0.000897,0.299403,0.001499,0.237252,0.999639,0.997604,0.996829,0.426948,0.996204,0.431037,0.971519,0.436434,0.995315,0.527431,0.055323
ENSDARG00000038188_15_8,0.0000,-0.3395,1.000000,0.942059,0.906377,-20.2600,-21.3652,0.625000,0.667473,0.407335,0.943000,0.011665,0.800948,0.007251,0.766798,0.008723,0.933310,0.995484,0.996162,0.995196,0.891434,0.018534,0.883993,0.008407,0.710161,0.013646,0.770916,0.022054,0.988395,0.349924,0.998006,0.221706,0.907944,0.154323,0.813874,0.131094,0.831599,0.141287,0.993604,0.984352,0.958941,0.985354,0.998167,0.994974,0.978280,0.978134,0.974189,0.978549,0.987821,0.146038
ENSDARG00000038188_15_9,-1.5200,-1.8769,0.500000,0.538600,0.632464,-22.0900,-24.0911,0.375000,0.414751,0.378310,0.952188,0.526214,0.933971,0.507968,0.960226,0.308654,0.303491,0.388811,0.184325,0.463527,0.188356,0.514897,0.168769,0.449893,0.956851,0.443088,0.941125,0.608580,0.927973,0.004401,0.908222,0.001395,0.914972,0.030756,0.910869,0.997287,0.932138,0.059549,0.931499,0.063364,0.163493,0.931273,0.163449,0.206883,0.093254,0.017255,0.235858,0.044523,0.878243,0.997873
ENSDARG00000038188_15_10,-0.8700,-1.3381,1.000000,0.886054,0.734848,-16.7700,-18.7858,0.375000,0.407470,0.548648,0.141456,0.281038,0.157798,0.206935,0.495916,0.303077,0.806686,0.982100,0.787369,0.851519,0.992173,0.857126,0.983827,0.877317,0.991842,0.971964,0.999817,0.967751,0.474989,0.522770,0.407370,0.463476,0.369293,0.428134,0.755256,0.189757,0.786033,0.212914,0.989602,0.161127,0.998634,0.686397,0.778301,0.098085,0.793414,0.360371,0.994005,0.899101,0.993186,0.652007
ENSDARG00000039878_12_1,-0.3400,-1.2118,0.375000,0.557834,0.645105,-20.4400,-22.1954,0.750000,0.652085,0.467897,0.978934,0.331271,0.336229,0.390829,0.305695,0.997232,0.685725,0.135637,0.592728,0.029440,0.296939,0.021232,0.288664,0.014465,0.979439,0.004299,0.985260,0.110749,0.998795,0.970912,0.996100,0.987104,0.994925,0.148084,0.909570,0.014018,0.179034,0.013522,0.313991,0.976335,0.271919,0.414419,0.391312,0.975119,0.416995,0.889121,0.999379,0.949605,0.980470,0.984538
ENSDARG00000039878_12_2,-3.6300,-4.0793,0.875000,0.702267,0.583676,-21.2400,-22.7231,0.625000,0.641256,0.410183,0.221231,0.038798,0.062305,0.006463,0.349949,0.014524,0.022909,0.028093,0.601840,0.974910,0.655278,0.365648,0.992235,0.333543,0.978672,0.334975,0.978433,0.750359,0.404936,0.139092,0.396157,0.044863,0.391438,0.042346,0.482634,0.684674,0.999902,0.936007,0.638303,0.878152,0.636161,0.864409,0.601887,0.280652,0.934443,0.347247,0.640228,0.327546,0.684579,0.811364
ENSDARG00000039878_12_3,-6.1100,-6.2648,0.375000,0.386669,0.508634,-21.5100,-23.1903,0.500000,0.465141,0.564666,0.009654,0.900350,0.001011,0.886522,0.023730,0.926962,0.020480,0.936877,0.919913,0.986815,0.139993,0.921708,0.972709,0.534218,0.998853,0.326669,1.000000,0.812382,0.998130,0.127191,0.996001,0.103136,0.998855,0.109353,0.102093,0.787948,0.978037,0.877364,0.002373,0.067172,0.000190,0.011127,0.029642,0.007301,0.019653,0.008573,0.961367,0.981012,0.999998,0.980634
ENSDARG00000039878_12_4,-2.8300,-3.6317,0.625000,0.587779,0.589817,-21.3100,-22.7631,0.375000,0.430015,0.456158,0.041133,0.969380,0.036975,0.748344,0.044350,0.690615,1.000000,0.676802,0.337337,0.683385,0.588467,0.122105,0.850152,0.053914,1.000000,0.104122,1.000000,0.992225,0.712635,0.315833,0.606832,0.109507,0.876227,0.216804,0.666627,0.170738,0.048800,0.004487,0.039099,0.289491,0.012691,0.540995,0.970662,0.272288,0.970693,0.340895,0.993664,0.941592,1.000000,0.879637
ENSDARG00000039878_12_5,-1.9900,-2.3392,0.500000,0.568735,0.649880,-18.3100,-20.2371,0.625000,0.587634,0.479804,0.973163,0.190604,0.975389,0.072495,0.999735,0.123919,0.989310,0.135275,0.990044,0.163069,0.355613,0.184742,0.187000,0.543624,0.182498,0.562594,0.055210,0.428865,0.838060,0.835490,0.902535,0.800135,0.999168,0.854206,0.999928,0.663151,0.999745,0.628439,0.902420,0.572363,0.055301,0.371738,0.049972,0.368948,0.187226,0.550557,0.362094,0.841271,0.993196,0.704601
ENSDARG00000039878_12_7,0.0000,-0.5777,1.000000,0.762439,0.801340,-21.9300,-23.3553,0.250000,0.339556,0.337324,0.979554,0.870888,0.977610,0.886413,0.968731,0.196110,0.960300,0.011422,0.966122,0.008355,0.962186,0.008576,0.975259,0.014874,0.558380,0.112012,0.496896,0.979849,0.425001,0.080039,0.681413,0.009408,0.975840,0.852090,0.998568,0.225240,0.999235,0.306342,0.928125,0.691499,0.952672,0.795282,0.637638,0.067342,0.528595,0.211227,0.531731,0.217788,0.522952,0.201732
ENSDARG00000039878_12_8,-2.9500,-3.5137,0.625000,0.646265,0.652458,-21.6000,-23.4386,0.375000,0.431133,0.285566,0.708725,0.742076,0.700031,0.067541,0.073445,0.008638,0.154884,0.019912,0.322685,0.153087,0.999026,0.165650,0.997822,0.192980,0.781056,0.283018,0.958814,0.199500,0.676839,0.107230,0.725963,0.110403,0.779753,0.212219,0.696002,0.850439,0.711432,0.955304,0.875410,0.312133,0.996165,0.304546,0.318381,0.120525,0.304602,0.024044,0.306624,0.029224,0.961501,0.852848
ENSDARG00000039878_12_9,-1.7200,-2.1973,0.625000,0.626422,0.651091,-18.6700,-20.5189,0.750000,0.644941,0.433254,0.083721,0.106838,0.078888,0.094593,0.087777,0.023050,0.932967,0.005805,0.954267,0.005705,0.423147,0.006699,0.953242,0.050683,0.999639,0.895602,0.999906,0.681955,0.997623,0.504219,0.981725,0.520736,0.517541,0.609668,0.981749,0.604519,0.993603,0.838255,0.104901,0.974518,0.099475,0.093190,0.034197,0.097326,0.931137,0.996491,0.930936,0.568630,0.935378,0.986601
ENSDARG00000039878_12_10,-5.8600,-6.4778,0.500000,0.535342,0.565796,-21.3200,-23.4779,0.125000,0.191425,0.426980,0.008756,0.014551,0.000158,0.002668,0.000111,0.000344,0.005778,0.009782,0.999648,0.999050,0.643629,0.677054,1.000000,0.996186,0.999989,0.995975,0.999537,0.995505,0.991192,0.988831,0.927582,0.915125,0.456801,0.413117,0.014159,0.012926,0.006361,0.006716,0.024372,0.029541,0.261422,0.238488,0.987748,0.862553,0.993172,0.165827,0.995662,0.171062,0.999842,0.044290
ENSDARG00000040948_0_1,-5.6400,-5.7729,0.625000,0.609978,0.494676,-23.7300,-24.8188,0.750000,0.738092,0.482702,0.024806,0.294058,0.017074,0.268251,0.139208,0.231153,0.017130,0.216615,0.025615,0.824709,0.877704,0.838785,0.892838,0.994430,0.984395,0.035401,0.984078,0.017924,0.981309,0.017759,0.052960,0.001365,0.016567,0.008851,0.016909,0.931218,0.020709,0.942376,0.115793,0.865069,0.857445,0.083282,0.894185,0.135506,0.984444,0.986017,0.990694,0.984484,0.999649,0.976782
ENSDARG00000040948_0_2,-6.9000,-7.3931,0.250000,0.253723,0.402910,-27.9000,-28.7018,0.375000,0.387358,0.336376,0.030812,0.895290,0.000844,0.054356,0.002113,0.134958,0.149899,0.137924,0.911438,0.152040,0.363049,0.251461,0.014606,0.175922,0.556549,0.811034,0.999870,0.981884,0.999820,0.008165,0.999425,0.003917,0.999981,0.021701,0.009836,0.994601,0.014526,0.994126,0.998720,0.039983,0.061712,0.000339,0.000543,0.003168,0.001189,0.005757,0.005594,0.993759,0.937667,0.067130
ENSDARG00000040948_0_3,-2.0700,-2.4803,0.250000,0.321207,0.456798,-16.5300,-18.8642,0.250000,0.380829,0.462123,0.903645,0.635810,0.820121,0.639391,0.078632,0.081760,0.158556,0.144915,0.232621,0.250446,0.937216,0.955345,0.268499,0.285269,0.115534,0.139458,0.098416,0.124681,0.968950,0.974219,0.984121,0.984269,0.999988,0.980260,0.999976,0.940416,0.132524,0.235711,0.062976,0.163754,0.164560,0.262805,0.967592,0.864975,0.123015,0.220196,0.045445,0.140746,0.073564,0.218030
ENSDARG00000040948_0_4,-0.5800,-0.9482,1.000000,0.958426,0.775217,-19.9700,-21.3940,0.875000,0.728947,0.390497,0.372199,0.044694,0.905221,0.031580,0.314994,0.022671,0.333590,0.030842,0.993574,0.138752,0.989637,0.112113,0.996120,0.028293,0.954951,0.954187,0.330014,0.235242,0.358845,0.163302,0.976222,0.088873,0.311567,0.127817,0.935593,0.882778,0.932788,0.533237,0.911898,0.496362,0.944957,0.780723,0.956277,0.859601,0.991896,0.993163,0.998041,0.993291,0.995961,0.292424
ENSDARG00000040948_0_5,-4.6500,-4.9669,0.375000,0.419589,0.535457,-19.1000,-21.4152,0.250000,0.366538,0.436923,0.998598,0.765800,0.994423,0.431870,0.368614,0.350247,0.974399,0.456351,0.009361,0.280611,0.003764,0.300556,0.000733,0.188242,0.002727,0.329367,1.000000,0.931003,0.999941,0.597538,0.999937,0.599588,0.999930,0.574987,0.986905,0.487091,0.007697,0.089913,0.007481,0.194320,0.010974,0.359388,0.021528,0.423182,0.984080,0.675341,0.338054,0.198973,0.999993,0.504092
ENSDARG00000040948_0_6,-1.1400,-1.6787,0.375000,0.441030,0.548068,-21.7800,-22.9101,0.250000,0.284082,0.426017,0.957401,0.966051,0.841367,0.389243,0.886155,0.398159,0.802963,0.330316,0.292941,0.309646,0.124467,0.940738,0.120051,0.936681,0.183840,0.914571,0.294417,0.931604,0.993229,0.068026,0.988993,0.028447,0.947297,0.034208,0.908449,0.019068,0.227573,0.150158,0.210704,0.957575,0.203389,0.082805,0.115374,0.015589,0.303976,0.015648,0.661975,0.035095,0.896804,0.996718
ENSDARG00000040948_0_7,0.0000,-0.5843,1.000000,0.825883,0.839706,-19.4900,-20.8211,0.625000,0.602286,0.538120,0.687640,0.780945,0.686436,0.300871,0.988374,0.368484,0.999735,0.984532,0.842624,0.384096,0.998680,0.334065,0.820902,0.353644,0.779919,0.955763,0.880745,0.948908,0.903743,0.276431,0.637799,0.220288,0.960469,0.036089,0.996781,0.001282,0.707444,0.001283,0.707702,0.003317,0.841474,0.998064,0.743298,0.867571,0.770738,0.961920,0.841097,0.992125,0.998527,0.992728
ENSDARG00000040948_0_8,0.0000,-0.8667,1.000000,0.600128,0.661806,-18.2900,-20.3876,0.125000,0.272066,0.471262,0.997405,0.970757,0.973172,0.928157,0.975039,0.646286,0.704346,0.546707,0.697851,0.578486,0.556205,0.631571,0.360541,0.823204,0.450052,0.706170,0.597843,0.228332,0.593787,0.122424,0.702069,0.150817,0.826782,0.915805,0.707793,0.414724,0.696129,0.344471,0.382348,0.882054,0.271070,0.077708,0.606064,0.071281,0.619994,0.071612,0.653120,0.138288,0.864509,0.176388
ENSDARG00000040948_0_9,0.0000,-0.6624,1.000000,0.903768,0.784167,-18.0900,-19.7925,0.375000,0.424490,0.482908,0.913188,0.924291,0.718122,0.901707,0.436499,0.913089,0.478090,0.637855,0.447788,0.654332,0.864981,0.674386,0.999953,0.984231,0.993996,0.069869,0.787143,0.061209,0.742221,0.095062,0.544575,0.063094,0.526647,0.283110,0.836204,0.969491,0.923751,0.119829,0.918070,0.276683,0.992990,0.823483,0.867400,0.038160,0.910491,0.167124,0.823539,0.164767,0.957702,0.836381
ENSDARG00000040948_0_10,0.0000,-0.0870,1.000000,0.984065,0.980601,-14.5400,-16.8775,0.375000,0.570570,0.714450,0.925030,0.667327,0.971004,0.687842,0.977731,0.734138,0.995784,0.945256,0.998184,0.900723,0.997128,0.964196,0.998477,0.959264,0.928456,0.809622,0.997572,0.840106,0.993553,0.812045,0.976843,0.664503,0.979745,0.739422,0.979878,0.765281,0.982086,0.792535,0.979384,0.923371,0.998641,0.943264,0.995679,0.659478,0.976376,0.227263,0.975451,0.114988,0.985024,0.138378
ENSDARG00000041572_0_1,-2.2000,-2.4884,0.250000,0.318550,0.454709,-22.1100,-24.5659,0.250000,0.343250,0.401235,0.995883,0.763206,0.320130,0.474576,0.156857,0.633753,0.059876,0.508975,0.041383,0.465749,0.952810,0.610540,0.033542,0.070783,0.021026,0.430335,0.966495,0.049064,0.998280,0.185158,0.999643,0.899981,0.999854,0.186568,0.997556,0.183510,0.072590,0.228153,0.045331,0.272964,0.952046,0.787345,0.033754,0.554039,0.045469,0.313956,0.114398,0.274481,0.287259,0.131556
ENSDARG00000041572_0_2,-1.1300,-1.5392,0.500000,0.548319,0.637658,-22.7900,-24.2091,0.125000,0.146236,0.463296,0.994512,0.970794,0.997501,0.983256,0.845522,0.987488,0.187730,0.759194,0.341738,0.765920,0.110815,0.751343,0.137165,0.354699,0.973329,0.416993,0.819486,0.260283,0.988628,0.793529,0.971211,0.904338,0.998976,0.148183,0.998721,0.041327,0.789345,0.017849,0.954659,0.003100,0.735181,0.002375,0.177975,0.060901,0.187921,0.998837,0.180319,0.023428,0.362435,0.022074
ENSDARG00000041572_0_3,-2.2300,-2.5318,0.625000,0.663512,0.443264,-21.1300,-22.9868,0.125000,0.329015,0.369326,0.250012,0.045226,0.025817,0.017540,0.033867,0.012752,0.027418,0.011130,0.034440,0.016090,0.061246,0.031585,0.999502,0.915295,0.997948,0.903286,0.999232,0.870421,0.061763,0.528711,0.035037,0.691301,0.030896,0.711064,0.034452,0.382800,0.044562,0.559362,0.349087,0.605582,0.906581,0.602452,0.974565,0.038805,0.999073,0.147509,0.999856,0.144598,0.999917,0.151016
ENSDARG00000041572_0_4,-0.2700,-1.0635,0.500000,0.564518,0.645918,-18.1700,-20.6310,0.375000,0.521265,0.533598,0.782326,0.462613,0.776101,0.397156,0.808609,0.612677,0.842442,0.898488,0.451753,0.893673,0.326603,0.949305,0.250419,0.945504,0.244098,0.940517,0.984581,0.342975,0.965711,0.019673,0.981681,0.017606,0.987897,0.021647,0.254551,0.023560,0.266415,0.978251,0.329953,0.980729,0.465807,0.504286,0.633427,0.202380,0.625675,0.223661,0.974555,0.980474,0.965761,0.276775
ENSDARG00000041572_0_5,-2.1000,-2.5042,1.000000,0.984853,0.654240,-21.6000,-23.7989,0.375000,0.464895,0.377539,0.448597,0.880224,0.090141,0.275457,0.035659,0.044074,0.030023,0.020165,0.995208,0.076152,0.981859,0.059037,0.989082,0.416694,0.993520,0.708654,0.052776,0.463038,0.047135,0.346264,0.101397,0.245629,0.440567,0.296222,0.994725,0.270219,0.971221,0.181415,0.967492,0.095094,0.974072,0.155711,0.981708,0.336945,0.996216,0.923553,0.994614,0.871046,0.998775,0.885177
ENSDARG00000041572_0_6,-3.9600,-4.2802,0.375000,0.420076,0.536091,-23.1600,-24.6390,0.500000,0.606701,0.450034,0.996277,0.907514,0.988852,0.257761,0.989924,0.201965,0.993551,0.216843,0.080652,0.274706,0.031636,0.346397,0.026114,0.344759,0.015593,0.020258,0.263470,0.618724,0.979780,0.622120,0.998000,0.166284,0.997373,0.169736,0.996993,0.214551,0.998048,0.981137,0.950389,0.881179,0.295609,0.877870,0.004338,0.623214,0.002916,0.194845,0.032121,0.546362,0.080190,0.534450
ENSDARG00000041572_0_7,-1.6300,-2.1304,0.500000,0.477913,0.581681,-19.1900,-21.4467,0.500000,0.583065,0.513037,0.995015,0.578860,0.994884,0.547611,0.997064,0.569110,0.997324,0.617181,0.982096,0.904784,0.091086,0.384797,0.062052,0.372255,0.084372,0.212291,0.064346,0.464640,0.558893,0.204054,0.986845,0.367006,0.996328,0.373637,0.993017,0.378500,0.997625,0.941011,0.549371,0.805877,0.980535,0.990616,0.048983,0.104464,0.050761,0.122018,0.087716,0.659846,0.115299,0.662190
ENSDARG00000041572_0_8,-2.5500,-3.1751,0.625000,0.613689,0.595898,-25.0300,-26.8051,0.375000,0.381240,0.426656,0.504740,0.958291,0.452404,0.569041,0.135178,0.585919,0.055801,0.811858,0.466741,0.827408,0.457841,0.715290,0.925451,0.723267,0.977391,0.274771,0.995834,0.003882,0.990303,0.002477,0.999576,0.003612,0.047190,0.007377,0.046796,0.036566,0.035457,0.992456,0.122154,0.988080,0.999531,0.990528,0.984483,0.033456,0.991098,0.000536,0.859007,0.000369,0.870986,0.007930
ENSDARG00000041572_0_9,-5.4600,-5.9617,0.125000,0.134227,0.307360,-21.9000,-23.8613,0.250000,0.251003,0.547854,0.009521,0.822713,0.004842,0.719579,0.495688,0.814210,0.512341,0.953944,0.026329,0.915109,0.000868,0.930313,0.003550,0.774411,0.020489,0.614843,0.999979,0.879764,0.999992,0.459745,0.999911,0.951523,0.999874,0.112902,0.020526,0.001640,0.003575,0.001822,0.000984,0.001467,0.026341,0.000346,0.007989,0.028280,0.007557,0.009377,0.006844,0.966572,0.999999,0.998516
ENSDARG00000041572_0_10,-0.6300,-1.5418,0.500000,0.575473,0.648676,-23.9900,-25.8873,0.750000,0.545499,0.348346,0.763967,0.310054,0.953308,0.292853,0.496713,0.294023,0.511897,0.339520,0.961997,0.207996,0.463906,0.237849,0.499393,0.109968,0.668549,0.082212,0.621681,0.121199,0.673049,0.377837,0.759424,0.137443,0.995845,0.091962,0.920118,0.375361,0.423973,0.070856,0.457150,0.605173,0.951444,0.597853,0.232055,0.578619,0.298030,0.980267,0.745638,0.986360,0.575381,0.169506
ENSDARG00000042826_0_1,-2.7800,-3.8102,1.000000,0.777145,0.597879,-22.0300,-24.0921,0.250000,0.235678,0.316785,0.431579,0.585743,0.012487,0.209250,0.014691,0.111850,0.303855,0.418272,0.997793,0.825214,0.977279,0.818044,0.731983,0.445659,0.727641,0.431963,0.348598,0.036094,0.513955,0.282782,0.222536,0.270637,0.458030,0.014768,0.403743,0.043851,0.613904,0.055913,0.955554,0.080620,0.998081,0.085674,0.991754,0.113654,0.825706,0.086553,0.711651,0.539715,0.716766,0.879444
ENSDARG00000042826_0_2,-1.3900,-2.1964,0.625000,0.631047,0.695369,-23.2000,-24.6467,0.500000,0.491233,0.531107,0.891617,0.648916,0.887777,0.653098,0.981279,0.222339,0.990394,0.182197,0.627333,0.947262,0.135075,0.021329,0.416091,0.031779,0.291426,0.981654,0.733596,0.978659,0.996651,0.976494,0.998988,0.992507,0.908777,0.056041,0.592279,0.008577,0.434206,0.000345,0.032848,0.000452,0.034322,0.001956,0.999132,0.998784,0.999567,0.996644,0.956070,0.948244,0.999951,0.974862
ENSDARG00000042826_0_3,-2.5800,-3.4671,0.875000,0.693125,0.602482,-20.8500,-22.9709,0.625000,0.453370,0.440236,0.586614,0.598605,0.637663,0.562722,0.289225,0.371172,0.289604,0.727004,0.360844,0.721947,0.829838,0.839499,0.964360,0.611902,0.825696,0.471122,0.496795,0.043258,0.308990,0.072913,0.310733,0.105704,0.604273,0.051906,0.236064,0.046603,0.768941,0.575265,0.717741,0.644803,0.989453,0.599879,0.822562,0.601148,0.511360,0.129094,0.498944,0.130544,0.999937,0.899625
ENSDARG00000042826_0_4,-3.7000,-3.9029,1.000000,0.998391,0.626748,-21.3100,-23.4027,0.625000,0.497820,0.437961,0.940169,0.847834,0.067862,0.540925,0.004794,0.591860,0.005745,0.592133,0.258297,0.203283,0.999504,0.397132,0.998466,0.385962,0.997491,0.994289,0.200010,0.127835,0.004894,0.057937,0.061042,0.025505,0.009546,0.011956,0.999331,0.986623,0.999115,0.940207,0.999789,0.961005,0.998256,0.558302,0.997713,0.117826,0.996502,0.028606,0.996621,0.029896,0.999802,0.360097
ENSDARG00000042826_0_5,0.0000,-0.6782,1.000000,0.647111,0.710728,-18.8100,-20.3353,0.500000,0.519839,0.458458,0.451896,0.033571,0.451492,0.018246,0.987668,0.017586,0.976810,0.020981,0.689939,0.047529,0.545429,0.172341,0.521504,0.975496,0.554454,0.946096,0.940698,0.322536,0.989837,0.544177,0.986436,0.920841,0.941500,0.991036,0.568383,0.977105,0.562684,0.119597,0.612664,0.023310,0.655015,0.263813,0.444783,0.053377,0.398423,0.741197,0.953394,0.998237,0.981544,0.982080
ENSDARG00000042826_0_6,-0.4100,-1.0880,1.000000,0.779349,0.741239,-22.9100,-24.2718,0.375000,0.364396,0.543886,0.289486,0.916290,0.288040,0.829540,0.806167,0.905473,0.999339,0.990613,0.999095,0.970209,0.991533,0.965618,0.998821,0.745053,0.823042,0.672558,0.388516,0.738348,0.479604,0.223037,0.764389,0.003759,0.761963,0.002042,0.724687,0.863681,0.896590,0.996927,0.895242,0.020859,1.000000,0.005694,0.793928,0.002998,0.612287,0.123320,0.558563,0.023359,0.753493,0.878333
ENSDARG00000042826_0_7,0.0000,-0.1276,1.000000,0.969028,0.963923,-23.9100,-24.9595,1.000000,0.927916,0.519377,0.966110,0.992887,0.991442,0.012466,0.928357,0.004695,0.917201,0.003614,0.951521,0.007668,0.998244,0.002119,0.866571,0.000214,0.983682,0.002426,0.999051,0.003130,0.995618,0.025022,0.996603,0.957908,0.931832,0.952062,0.986959,0.969463,0.936343,0.920436,0.935070,0.935136,0.919113,0.810358,0.982630,0.905784,0.999195,0.984536,0.993928,0.982536,0.998985,0.915077
ENSDARG00000042826_0_8,-0.3800,-1.0500,0.750000,0.810665,0.825618,-17.2500,-18.8985,0.125000,0.256811,0.595893,0.834320,0.666975,0.629747,0.614001,0.699806,0.837924,0.550062,0.811636,0.552392,0.877513,1.000000,0.974860,0.992938,0.873414,1.000000,0.906141,1.000000,0.964264,0.886319,0.685175,0.881446,0.686528,1.000000,0.964948,1.000000,0.298624,0.310521,0.069888,0.312018,0.066013,1.000000,0.995125,0.938588,0.152692,1.000000,0.154038,0.924195,0.149278,1.000000,0.168829
ENSDARG00000042826_0_9,0.0000,-0.3482,1.000000,0.890453,0.902963,-22.7400,-24.1627,0.625000,0.629151,0.403862,0.885318,0.025011,0.921970,0.009930,0.907404,0.004330,0.975225,0.003643,0.996371,0.005231,0.826630,0.019166,0.977647,0.415414,0.788901,0.954201,0.737736,0.291258,0.959454,0.351506,0.994085,0.474676,0.964888,0.489671,0.920461,0.063679,0.651101,0.046166,0.679603,0.062937,0.966531,0.963452,0.997584,0.979848,0.930593,0.949237,0.982839,0.992702,0.994912,0.975189
ENSDARG00000042861_0_2,-2.8200,-3.1965,0.625000,0.671555,0.588040,-23.7500,-25.1451,0.500000,0.586797,0.341100,0.693476,0.047777,0.658312,0.032964,0.886366,0.060927,0.733819,0.062165,0.031835,0.896751,0.283496,0.098846,0.282209,0.002476,0.312521,0.001482,0.735126,0.023170,0.730652,0.002090,0.996825,0.093725,0.043719,0.805258,0.013052,0.804478,0.283871,0.590048,0.294220,0.542174,0.985460,0.804667,0.974248,0.800227,0.927137,0.998588,0.921949,0.129154,0.972504,0.025043
ENSDARG00000042861_0_3,0.0000,-0.5178,1.000000,0.755558,0.800738,-15.8000,-18.5242,0.500000,0.543525,0.515873,0.970407,0.697602,0.986102,0.527482,0.987818,0.568361,0.990305,0.711280,0.789640,0.757172,0.656357,0.876854,0.797623,0.478779,0.666677,0.297261,0.524890,0.222976,0.613861,0.355807,0.994353,0.308719,0.992262,0.166959,0.974591,0.218011,0.971967,0.177405,0.947592,0.304032,0.573186,0.371137,0.529005,0.791410,0.549394,0.622915,0.703678,0.922615,0.795053,0.940674
ENSDARG00000042861_0_4,0.0000,-0.1852,1.000000,0.957943,0.961884,-19.8800,-21.5882,1.000000,0.803753,0.536493,0.951435,0.273172,0.980063,0.046550,1.000000,0.023880,0.900504,0.017684,0.920373,0.745990,0.931350,0.593452,0.964915,0.087990,0.983957,0.332660,0.965520,0.153818,1.000000,0.900188,0.976026,0.536328,1.000000,0.588119,1.000000,0.580064,1.000000,0.572429,0.873572,0.499083,1.000000,0.972773,0.971001,0.946051,1.000000,0.971286,0.879246,0.929454,0.939722,0.958884
ENSDARG00000042861_0_5,-0.3300,-1.3925,0.500000,0.591996,0.684470,-19.4100,-21.6496,0.750000,0.626758,0.404165,0.931968,0.033860,0.937700,0.020378,0.474808,0.024202,0.406152,0.042123,0.394542,0.669238,0.934162,0.616439,0.745064,0.961211,0.855818,0.362657,0.744450,0.126937,0.998875,0.091453,0.805135,0.069234,0.724761,0.051504,0.379292,0.057066,0.984371,0.558700,0.728063,0.950293,1.000000,0.950660,0.191490,0.930100,0.183823,0.977920,0.277728,0.510908,0.991200,0.078414
ENSDARG00000042861_0_6,-1.3800,-1.9904,0.500000,0.612923,0.631182,-19.4000,-20.7949,0.500000,0.485559,0.442507,0.831128,0.871653,0.067108,0.659008,0.079365,0.652056,0.257451,0.201062,0.423465,0.172577,0.676268,0.157257,0.999955,0.160999,0.878244,0.093008,0.829646,0.075783,0.867862,0.154060,0.849408,0.814297,0.960362,0.953904,0.974613,0.910728,0.995454,0.961196,0.269653,0.850664,0.223900,0.060008,0.216846,0.021593,0.226095,0.018500,0.999890,0.998887,0.996935,0.062896
ENSDARG00000042861_0_7,-1.8000,-2.1112,0.625000,0.650933,0.676554,-20.7600,-22.1956,0.625000,0.628377,0.485456,0.743834,0.632667,0.752498,0.657487,0.983295,0.173371,0.999308,0.101337,0.797992,0.088477,0.798627,0.996173,0.096445,0.014306,0.279151,0.006719,0.312935,0.046856,0.983282,0.073908,0.794620,0.945373,0.781627,0.945427,0.112825,0.008179,0.277206,0.034345,0.087042,0.035333,0.778956,0.977059,0.999956,0.997334,0.999920,0.986876,0.951878,0.996910,0.999679,0.990979
ENSDARG00000042861_0_8,-0.9000,-1.4722,0.375000,0.496315,0.587286,-17.9700,-20.2220,0.500000,0.618062,0.483679,0.955859,0.605204,0.858045,0.594525,0.893366,0.843883,0.953162,0.596071,0.461520,0.290548,0.235764,0.256998,0.161293,0.297526,0.143426,0.809624,0.212581,0.322779,0.973176,0.057022,0.960834,0.026544,0.966176,0.028362,0.970862,0.034413,0.217637,0.694254,0.148729,0.893905,0.164963,0.558198,0.235079,0.564685,0.397179,0.709843,0.869410,0.754072,0.966664,0.735125
ENSDARG00000042861_0_9,-1.9900,-2.1497,0.625000,0.635118,0.697064,-18.6500,-20.7349,0.625000,0.537787,0.536253,0.070397,0.470082,0.062237,0.425762,0.063884,0.832653,0.975455,0.339040,0.995326,0.344262,0.997057,0.252540,0.869153,0.208835,0.965564,0.953785,0.964408,0.514497,0.998832,0.552132,0.993432,0.566889,0.904585,0.962287,0.949544,0.972620,0.050483,0.093898,0.055896,0.249885,0.084263,0.170834,0.979500,0.559616,0.981586,0.330091,0.980171,0.946860,0.999500,0.978495
ENSDARG00000042861_0_10,-1.7600,-2.0969,1.000000,0.901824,0.720641,-19.5700,-20.7851,0.375000,0.423774,0.497796,0.294554,0.095311,0.301610,0.092027,0.388333,0.195669,0.852590,0.875035,0.849272,0.975373,0.859031,0.956826,0.986565,0.934185,0.996639,0.970884,0.985429,0.939613,0.288885,0.230751,0.195937,0.148977,0.199375,0.151072,1.000000,0.298230,0.996064,0.165190,0.852291,0.119204,0.738953,0.019887,0.742417,0.024873,0.907381,0.874471,0.991767,0.978958,0.985721,0.909378
ENSDARG00000043130_33_1,-1.5100,-1.7255,1.000000,0.942983,0.800178,-17.1800,-18.9578,0.625000,0.637101,0.592872,0.273590,0.165074,0.233009,0.054651,0.954281,0.292000,0.977126,0.312276,0.891157,0.667872,0.900672,0.758547,0.990175,0.966766,0.941854,0.901817,0.125124,0.358840,0.183818,0.449597,1.000000,0.947744,0.988897,0.885440,0.930718,0.809703,0.934990,0.602166,1.000000,0.684911,0.841240,0.096745,0.841270,0.391768,0.998476,0.778623,0.997698,0.988712,0.999471,0.744184
ENSDARG00000043130_33_2,-0.3500,-1.3912,0.375000,0.704924,0.674315,-20.2700,-21.6585,0.500000,0.485205,0.522204,0.546211,0.745320,0.545824,0.685116,0.627945,0.884761,0.982798,0.886710,0.748861,0.891219,0.625829,0.230299,0.944945,0.184801,0.310049,0.072998,0.387551,0.910795,0.332056,0.889132,0.856397,0.124094,0.938447,0.057201,0.902195,0.002814,0.507864,0.003529,0.580997,0.856658,0.446484,0.013743,0.548528,0.147990,0.778516,0.993332,0.911940,0.980539,0.962869,0.883034
ENSDARG00000043130_33_4,0.0000,-0.4367,1.000000,0.867038,0.887251,-18.6300,-20.4467,0.375000,0.437508,0.561718,0.978691,0.876724,0.971263,0.827353,0.989763,0.889570,0.999842,0.821401,1.000000,0.839521,0.838590,0.566665,0.803448,0.430361,0.850039,0.881910,1.000000,0.906785,0.999862,0.411951,0.719034,0.159323,0.658185,0.122736,0.955624,0.996397,0.998944,0.256788,0.997059,0.037364,0.731453,0.735640,0.686965,0.724119,0.885839,0.258307,0.841690,0.245822,0.838733,0.245623
ENSDARG00000043130_33_5,-2.4100,-2.8662,0.500000,0.545730,0.548215,-17.8400,-19.8094,0.750000,0.636788,0.593837,0.039457,0.668341,0.037412,0.601211,0.050805,0.598633,0.995388,0.632269,0.995959,0.734988,0.199789,0.648104,0.282243,0.721364,0.922577,0.517522,0.995528,0.533322,0.999987,0.408041,0.816837,0.425979,0.262479,0.292672,0.333274,0.363180,0.951080,0.599120,0.999747,0.959749,0.049857,0.938352,0.014467,0.169654,0.018892,0.167412,0.999726,0.957906,0.998798,0.938931
ENSDARG00000043130_33_6,-6.2400,-7.1941,0.125000,0.279868,0.421466,-23.6000,-25.5298,0.375000,0.364671,0.440359,0.003179,0.775895,0.000346,0.696969,0.000361,0.715108,0.004417,0.871303,0.490849,0.642556,0.797526,0.647847,0.713523,0.402603,0.503177,0.629691,0.701775,0.286238,0.999171,0.037381,0.994072,0.031172,0.981987,0.153058,0.562172,0.872153,0.464002,0.952968,0.203718,0.070927,0.004540,0.028836,0.000853,0.013621,0.000652,0.000177,0.003037,0.004503,0.999969,0.974182
ENSDARG00000043130_33_7,0.0000,-0.5073,1.000000,0.852703,0.853019,-19.4300,-20.8268,0.250000,0.258748,0.532153,0.893803,0.940811,0.783456,0.814815,0.834761,0.829143,0.981678,0.978800,0.872334,0.986230,0.867713,0.949840,0.829809,0.753564,0.792996,0.755869,0.999662,0.278777,0.962163,0.196999,0.731492,0.106552,0.688898,0.981665,0.649848,0.005131,0.999911,0.007150,0.956010,0.006583,0.949664,0.031274,0.743287,0.974423,0.774499,0.976402,0.770971,0.028797,0.977432,0.040226
ENSDARG00000043130_33_8,-3.3700,-4.1248,0.625000,0.642341,0.521449,-20.6300,-23.0599,0.125000,0.254862,0.312324,0.255863,0.545423,0.038124,0.068603,0.047829,0.062286,0.017481,0.015506,0.169129,0.020071,0.984974,0.405935,0.843945,0.397271,0.857191,0.408329,0.999723,0.429500,0.252853,0.561388,0.241137,0.573526,0.582003,0.719735,0.774069,0.442011,0.444151,0.303598,0.274935,0.260301,0.283465,0.328448,0.780121,0.222940,0.773904,0.067144,0.808131,0.076320,0.999948,0.338137
ENSDARG00000043130_33_9,0.0000,-1.1753,1.000000,0.669968,0.678780,-20.9800,-22.4757,0.500000,0.429384,0.450429,0.899894,0.963909,0.808152,0.948597,0.823231,0.946742,0.801456,0.805846,0.814579,0.789764,0.635878,0.807612,0.707557,0.196968,0.528192,0.022444,0.515500,0.016293,0.560465,0.039502,0.513949,0.017700,0.607005,0.018132,0.880738,0.019454,0.773261,0.066197,0.802974,0.855827,0.532733,0.798975,0.433886,0.579496,0.505971,0.935456,0.557838,0.134983,0.872346,0.044682
ENSDARG00000043130_33_10,-2.1400,-2.6743,0.750000,0.804714,0.651590,-20.7500,-22.6527,0.625000,0.658247,0.500131,0.995954,0.478094,0.907630,0.466963,0.465893,0.311350,0.049627,0.314693,0.020775,0.679900,0.079332,0.413217,0.999512,0.529171,0.998362,0.554992,0.999906,0.948963,0.974532,0.033906,0.081664,0.003806,0.020896,0.001587,0.020127,0.004823,0.495658,0.966055,0.930955,0.948114,0.998814,0.256663,0.997315,0.972606,0.997006,0.972014,0.999021,0.997778,0.998814,0.147926
ENSDARG00000043246_3_1,0.0000,-0.3591,1.000000,0.882620,0.885211,-20.6700,-21.7911,0.625000,0.509406,0.498748,0.945524,0.986811,0.920312,0.028125,0.950805,0.020729,0.910937,0.019088,0.904091,0.011515,0.827935,0.011643,0.675629,0.020415,0.655036,0.966215,0.897987,0.976379,0.992756,0.883356,0.998323,0.993145,0.963934,0.982279,0.889411,0.058743,0.910997,0.018126,0.900766,0.029357,0.925524,0.997517,0.821307,0.684751,0.808143,0.676586,0.811758,0.640303,0.993052,0.969868
ENSDARG00000043246_3_2,-5.1900,-5.7233,0.375000,0.477672,0.526240,-24.0700,-25.3888,0.250000,0.290697,0.256447,0.622874,0.142325,0.530932,0.009566,0.624934,0.009470,0.584996,0.016190,0.768481,0.098535,0.281661,0.206896,0.279576,0.207926,0.514102,0.195943,0.501633,0.207684,0.553566,0.118500,0.721342,0.798206,0.719319,0.792131,0.708426,0.743928,0.758452,0.758037,0.319520,0.276765,0.278808,0.226520,0.283159,0.186465,0.281958,0.007383,0.327006,0.008435,0.864050,0.118043
ENSDARG00000043246_3_3,-6.2600,-6.4681,0.250000,0.281814,0.425433,-25.2900,-26.1736,0.375000,0.378685,0.502320,0.939981,0.982607,0.098498,0.010864,0.002883,0.006143,0.065077,0.006824,0.000380,0.003197,0.013831,0.033196,0.140066,0.993628,0.993943,0.996872,0.999673,0.997701,0.999921,0.996954,0.999930,0.996925,0.999969,0.992016,0.073998,0.983770,0.009366,0.025342,0.064608,0.006984,0.000131,0.000314,0.000812,0.000392,0.105597,0.022762,0.999999,0.998731,1.000000,0.991184
ENSDARG00000043246_3_4,-3.3300,-3.7696,0.375000,0.417170,0.463919,-19.9800,-21.8118,0.375000,0.345296,0.332933,0.400204,0.015644,0.312098,0.008021,0.340316,0.010104,0.999913,0.021009,0.102057,0.241447,0.014303,0.060022,0.015783,0.033402,0.691361,0.304533,0.763240,0.544489,0.999832,0.999098,0.994192,0.997112,0.307712,0.661408,0.271152,0.539500,0.081777,0.146130,0.698096,0.314677,0.055737,0.116268,0.055612,0.100841,0.174997,0.152986,0.999996,0.688603,0.999997,0.703366
ENSDARG00000043246_3_5,-2.0400,-2.2102,0.750000,0.750060,0.624858,-22.7400,-23.7459,0.250000,0.236512,0.392439,0.072497,0.912590,0.067994,0.882272,0.073805,0.887170,0.189021,0.957164,0.987449,0.974714,0.970698,0.220307,0.962227,0.011219,0.963173,0.012410,0.953465,0.017691,0.985946,0.091926,0.191233,0.126006,0.079180,0.863210,0.068635,0.830877,0.073065,0.029600,0.995400,0.004723,0.997847,0.001691,0.964889,0.000256,0.962311,0.005354,0.962184,0.023280,0.976149,0.996318
ENSDARG00000043246_3_6,-1.6000,-2.0721,0.375000,0.400537,0.518139,-17.5300,-19.3128,1.000000,0.621918,0.529965,0.960285,0.445070,0.743569,0.433007,0.998023,0.448934,0.203344,0.471952,0.077376,0.786895,0.072247,0.479673,0.079614,0.469614,0.110024,0.485929,0.989235,0.264163,0.976900,0.512291,0.975867,0.241440,0.971991,0.584996,0.119158,0.536754,0.091668,0.750244,0.083932,0.766575,0.074053,0.489282,0.202583,0.543935,0.674329,0.511096,0.976750,0.817864,0.981822,0.559592
ENSDARG00000043246_3_7,0.0000,-0.0099,1.000000,0.998702,0.998300,-22.6700,-23.5456,0.750000,0.753670,0.465183,0.999323,0.022217,0.999919,0.006940,0.990292,0.005393,0.999588,0.016862,0.999668,0.051258,0.997865,0.998254,0.999357,0.000533,0.998259,0.000215,0.996574,0.005424,0.998715,0.999714,0.998800,0.999540,0.998016,0.167950,0.999246,0.064062,0.999747,0.821270,0.992705,0.156986,0.999802,0.997339,0.999445,0.999201,0.999621,0.995856,0.999519,0.997971,0.999535,0.996674
ENSDARG00000043246_3_8,0.0000,-0.3817,1.000000,0.848391,0.872253,-21.1800,-22.7356,0.500000,0.605780,0.477982,0.958721,0.983537,0.990638,0.011431,0.995815,0.006697,0.629034,0.007662,0.566239,0.004744,0.610440,0.005054,0.996572,0.025378,0.998226,0.041668,0.996607,0.973616,0.966988,0.891422,0.963175,0.808748,0.985477,0.953439,0.971674,0.846098,0.968858,0.958418,0.642811,0.944166,0.633781,0.967679,0.642348,0.319146,0.996600,0.339038,0.990726,0.243136,0.940325,0.228561
ENSDARG00000043246_3_9,-3.5100,-3.7969,0.750000,0.751990,0.523834,-19.6400,-21.3793,0.750000,0.704058,0.496751,0.010850,0.033102,0.008271,0.022785,0.998240,0.338233,0.006932,0.664684,0.006764,0.097568,0.207376,0.132674,0.999997,0.693369,0.999403,0.983268,0.999341,0.984139,0.207528,0.335928,0.006592,0.005042,0.009455,0.011771,0.808656,0.083680,0.014151,0.908595,0.196847,0.933706,0.999926,0.953966,0.999290,0.844318,0.998789,0.789714,0.998767,0.912553,0.999497,0.205928
ENSDARG00000043246_3_10,-1.1100,-1.5054,0.625000,0.715109,0.741242,-19.3500,-21.0941,0.125000,0.173759,0.542511,0.846580,0.505476,0.861496,0.506319,0.966897,0.917075,0.965885,0.915572,0.970896,0.925491,0.913190,0.894138,0.834023,0.807096,0.156105,0.552884,0.225178,0.635492,0.384660,0.940935,0.998106,0.938483,0.980944,0.921190,0.978199,0.949046,0.962231,0.192269,0.999978,0.084833,0.371766,0.025478,0.203011,0.004370,0.208188,0.004325,0.999073,0.060327,0.998429,0.069427
ENSDARG00000044098_0_1,-2.6100,-2.7512,0.500000,0.507492,0.604862,-18.6300,-21.1192,0.500000,0.449298,0.488574,0.932079,0.779662,0.932454,0.503304,0.915558,0.593106,0.970650,0.658003,0.940583,0.645326,0.094168,0.412264,0.115816,0.570494,0.083949,0.200260,0.108320,0.364880,0.966682,0.576391,0.986578,0.652578,0.990471,0.220831,0.990401,0.094146,0.966625,0.111546,0.126796,0.250003,0.052134,0.208656,0.071807,0.739239,0.028165,0.637136,0.909755,0.617232,0.914252,0.936430
ENSDARG00000044098_0_2,-1.7100,-2.7312,0.375000,0.451817,0.558276,-23.0700,-25.0501,0.750000,0.742004,0.435396,0.862637,0.976656,0.735477,0.051633,0.996066,0.053395,0.340552,0.094898,0.238265,0.017059,0.208079,0.017969,0.157654,0.016286,0.473320,0.001421,0.861981,0.034937,0.868565,0.063105,0.896571,0.725947,0.911822,0.718588,0.488257,0.820604,0.228484,0.873925,0.154104,0.672776,0.137321,0.641521,0.207072,0.528917,0.508983,0.491267,0.999613,0.998043,0.890698,0.908976
ENSDARG00000044098_0_3,-6.6100,-6.9695,0.500000,0.500703,0.539841,-22.4300,-24.5934,0.375000,0.382473,0.470703,0.005130,0.765785,0.000112,0.644512,0.000104,0.792188,0.000661,0.759989,0.397556,0.422377,0.999683,0.455242,0.995279,0.983008,0.999887,0.371539,0.999909,0.977677,1.000000,0.108121,0.995255,0.057190,0.397615,0.016657,0.000417,0.002452,0.000060,0.000178,0.000197,0.000275,0.005194,0.000588,0.999788,0.093236,0.999973,0.996079,1.000000,0.986496,0.999993,0.980480
ENSDARG00000044098_0_5,0.0000,-0.4447,1.000000,0.756300,0.795772,-19.2300,-21.1726,0.250000,0.453335,0.449232,0.734992,0.578549,0.678256,0.291405,0.682440,0.311455,0.905386,0.602329,0.698988,0.734882,0.641238,0.672925,0.605256,0.666007,0.994045,0.804287,0.978247,0.449476,0.974565,0.069954,0.987728,0.061772,0.983897,0.114925,0.997756,0.373348,0.567710,0.346434,0.573142,0.239611,0.654228,0.244811,0.959706,0.238208,0.757732,0.358994,0.754077,0.853069,0.786050,0.972204
ENSDARG00000044098_0_6,0.0000,-0.9972,1.000000,0.758891,0.777729,-19.1200,-21.0770,0.500000,0.443991,0.569687,0.406123,0.761929,0.408220,0.729788,0.930812,0.840253,0.556945,0.728224,0.971424,0.817236,0.999237,0.957709,0.993177,0.972308,0.957514,0.439810,0.845802,0.265097,0.743660,0.230792,0.868170,0.245166,0.802365,0.853500,0.633765,0.756583,0.545516,0.774269,0.468228,0.906502,0.839864,0.142663,0.825780,0.101691,0.875083,0.008838,0.882891,0.053140,1.000000,0.808242
ENSDARG00000044098_0_7,0.0000,-0.1179,1.000000,0.954410,0.956952,-25.3700,-26.5608,0.000000,0.056861,0.386381,0.963684,0.940157,0.946462,0.906309,0.964247,0.900933,0.970757,0.983781,0.923200,0.996867,0.912293,0.092624,0.952222,0.091884,0.946302,0.185338,0.979665,0.997022,0.974382,0.997137,0.973424,0.179899,0.997121,0.000784,0.993386,0.000034,0.993373,0.000381,0.918034,0.000200,0.927931,0.013686,0.952773,0.114588,0.942249,0.286613,0.942856,0.030161,0.964675,0.009227
ENSDARG00000044098_0_8,-2.0500,-2.1469,1.000000,0.992187,0.715025,-21.7400,-23.3822,0.500000,0.333159,0.428201,0.060580,0.633518,0.057191,0.109711,0.094484,0.184599,0.992945,0.986156,0.995251,0.601351,0.990917,0.345786,0.985631,0.337667,0.998388,0.350701,0.991935,0.936960,0.086297,0.689067,0.049777,0.626346,0.059603,0.096884,0.988487,0.054390,0.997196,0.003495,0.990222,0.002261,0.990459,0.007890,0.991490,0.680089,0.990665,0.679836,0.989994,0.595568,0.998983,0.641742
ENSDARG00000044098_0_9,0.0000,-0.9926,1.000000,0.776331,0.752461,-17.0900,-19.6794,0.750000,0.482914,0.555766,0.374002,0.536130,0.344269,0.469001,0.911062,0.601409,0.660665,0.830214,0.719693,0.875052,0.894525,0.919182,0.998591,0.775786,0.912008,0.517104,0.807689,0.320645,0.619401,0.442261,0.603005,0.745430,0.993663,0.219790,0.717952,0.224474,0.387034,0.325643,0.490348,0.718684,0.929872,0.656296,0.894878,0.449142,0.891384,0.715175,0.902424,0.332912,0.996760,0.440985
ENSDARG00000044098_0_10,-1.8100,-2.5870,0.625000,0.610142,0.627314,-24.1400,-26.3994,0.000000,0.016424,0.342495,0.916691,0.987249,0.606759,0.928464,0.652724,0.931222,0.932854,0.971158,0.885452,0.242046,0.727940,0.120931,0.790495,0.115076,0.491282,0.915121,0.489590,0.917466,0.456471,0.295062,0.355205,0.109518,0.359695,0.185201,0.994776,0.006370,0.999333,0.015139,0.878521,0.013019,0.890880,0.036417,0.043313,0.016675,0.062210,0.000415,0.177522,0.015053,0.834577,0.028302
ENSDARG00000044671_0_1,-2.7400,-2.9013,0.500000,0.514847,0.605541,-20.4900,-23.2684,0.125000,0.303114,0.391299,0.949850,0.624603,0.966998,0.378381,0.958492,0.368179,0.990516,0.448046,0.941430,0.494255,0.861856,0.397752,0.102540,0.224413,0.042232,0.223956,0.082507,0.262082,0.108122,0.339454,1.000000,0.957338,0.987509,0.682607,0.986410,0.703146,0.954776,0.505533,0.977070,0.417777,0.950675,0.401314,0.043312,0.124739,0.115459,0.091658,0.039541,0.090874,0.051529,0.089872
ENSDARG00000044671_0_2,0.0000,-0.5710,1.000000,0.867732,0.875775,-21.4500,-23.8357,0.250000,0.312606,0.400637,0.960291,0.939578,0.958338,0.737181,0.963498,0.487570,0.958892,0.439383,0.839866,0.718212,0.670866,0.179169,0.938012,0.033342,0.750612,0.052972,0.695037,0.082206,0.979286,0.218179,0.870134,0.639926,0.988822,0.984182,0.997977,0.030794,0.996621,0.008355,0.612398,0.003430,0.521716,0.007304,0.959024,0.498359,0.865118,0.293759,0.992299,0.813390,0.996699,0.845459
ENSDARG00000044671_0_3,-3.7300,-3.8049,0.625000,0.632966,0.599846,-22.2400,-23.9199,0.625000,0.618650,0.282852,0.009010,0.005148,0.004168,0.001449,0.017498,0.002738,0.033593,0.004006,0.999575,0.057394,0.945852,0.037229,0.992994,0.044946,0.990039,0.176350,0.982672,0.186348,0.933744,0.072574,0.998194,0.072084,0.025850,0.047563,0.028253,0.964171,0.029043,0.953647,0.031505,0.953357,0.999982,0.998361,0.991614,0.963170,0.989923,0.040159,0.995079,0.024616,0.998332,0.051722
ENSDARG00000044671_0_4,-0.3400,-1.0192,0.750000,0.842162,0.738223,-21.0000,-23.1494,0.625000,0.676704,0.490779,0.985320,0.312752,0.898653,0.289909,0.511900,0.247932,0.380017,0.270501,0.318405,0.888333,0.362635,0.880189,0.959703,0.222098,0.956943,0.271914,0.983963,0.476800,0.974557,0.212154,0.405857,0.212136,0.289208,0.117226,0.232343,0.047031,0.590774,0.987947,0.963823,0.276740,0.990483,0.129531,0.970990,0.989413,0.996574,0.999537,0.993759,0.999302,0.998547,0.984132
ENSDARG00000044671_0_5,-2.6500,-3.1207,0.500000,0.570525,0.616167,-22.1700,-23.7471,0.500000,0.464694,0.336490,0.817819,0.903934,0.804388,0.092733,0.980971,0.159671,0.992588,0.181055,0.996839,0.201636,0.880440,0.317859,0.840876,0.306776,0.954728,0.283515,0.082024,0.117016,0.015297,0.044207,0.015778,0.045755,0.377385,0.358089,0.998818,0.872349,0.997607,0.874678,0.998592,0.846167,0.994512,0.787224,0.380048,0.279499,0.054860,0.020295,0.054223,0.017090,0.085542,0.020251
ENSDARG00000044671_0_6,-1.1200,-1.8494,0.375000,0.560069,0.629205,-18.2200,-20.5890,0.000000,0.260498,0.511229,0.372445,0.351345,0.268394,0.325814,0.338996,0.719143,0.822480,0.693702,0.836216,0.706487,0.318401,0.654779,0.382081,0.580361,0.940216,0.652003,0.960574,0.810512,0.966680,0.823902,0.983571,0.899711,0.913504,0.922843,0.192354,0.173150,0.438491,0.201572,0.204065,0.230664,0.281426,0.251297,0.432947,0.270615,0.947304,0.289075,0.989091,0.338889,0.994872,0.328718
ENSDARG00000044671_0_7,-4.1400,-4.3581,0.875000,0.837184,0.672165,-22.4900,-23.8604,0.875000,0.859786,0.486264,0.009401,0.426997,0.004203,0.064360,0.013835,0.031489,0.899487,0.013417,0.825096,0.975208,0.978343,0.056853,0.999908,0.172401,0.999985,0.972604,0.830105,0.098173,0.995447,0.014652,0.104007,0.000476,0.086023,0.020360,0.012707,0.015253,0.908037,0.989312,0.915498,0.943525,0.905534,0.983377,0.973117,0.977522,0.984835,0.982410,0.998043,0.995040,0.999698,0.991852
ENSDARG00000044671_0_8,-1.6100,-2.4123,0.625000,0.603313,0.583371,-19.9300,-22.6639,0.250000,0.307541,0.333698,0.431747,0.966203,0.387363,0.075914,0.571105,0.012148,0.548745,0.019958,0.072435,0.008928,0.198487,0.012334,0.624878,0.176272,0.999473,0.416343,0.999297,0.646925,0.994648,0.758673,0.546908,0.620531,0.465830,0.499394,0.425786,0.087478,0.706468,0.578507,0.740276,0.085280,0.362669,0.111255,0.494389,0.762935,0.345630,0.090164,0.796064,0.201927,0.955223,0.542784
ENSDARG00000044671_0_9,-2.2800,-2.7909,0.500000,0.664551,0.617110,-22.2200,-24.3541,0.250000,0.320501,0.345503,0.938996,0.764528,0.577911,0.720978,0.573679,0.323567,0.579464,0.405042,0.624888,0.980649,0.999357,0.115393,0.998636,0.022033,0.998395,0.009577,0.403005,0.002372,0.264272,0.000678,0.040019,0.004512,0.027183,0.996719,0.749009,0.058450,0.693684,0.049086,0.997833,0.456822,0.999114,0.095161,0.443551,0.556879,0.443071,0.214648,0.444450,0.999369,0.545691,0.133596
ENSDARG00000044671_0_10,0.0000,-0.3503,1.000000,0.927177,0.912595,-21.9200,-23.6663,0.125000,0.167178,0.555803,0.946608,0.947394,0.898843,0.856972,0.918999,0.857346,0.966001,0.806202,0.970036,0.886668,0.998340,0.946951,0.916934,0.871885,0.774558,0.934394,0.913554,0.849083,0.986248,0.791440,0.780813,0.963872,0.763545,0.066427,0.986802,0.003293,0.995358,0.003437,0.995303,0.006478,0.904710,0.132269,0.811594,0.998705,0.914781,0.184504,0.906545,0.004699,0.902322,0.004038
ENSDARG00000052232_0_1,0.0000,-0.3553,1.000000,0.855720,0.876152,-18.2800,-20.4049,0.375000,0.360402,0.522847,0.879949,0.849464,0.843587,0.865524,0.846907,0.869268,0.947529,0.685442,0.996173,0.812396,0.625719,0.698463,0.652909,0.180194,0.982972,0.191321,0.984434,0.210305,0.988237,0.886645,0.983576,0.893586,0.945283,0.431119,0.747552,0.854513,0.686113,0.068626,0.862068,0.126279,0.998242,0.161737,0.895906,0.165637,0.847130,0.274936,0.883638,0.651070,0.925110,0.580418
ENSDARG00000052232_0_2,0.0000,-0.0110,1.000000,0.997683,0.998192,-18.3100,-19.6861,0.500000,0.524163,0.667976,0.994003,0.374061,0.998214,0.244550,0.999718,0.289976,0.998151,0.907395,0.999848,0.884919,0.999752,0.916855,0.999463,0.944471,0.996290,0.797771,0.999459,0.834741,0.999740,0.995272,0.999383,0.984050,0.998359,0.992162,0.999755,0.988896,0.999788,0.044033,1.000000,0.002433,0.987301,0.002874,1.000000,0.993582,0.994622,0.180836,1.000000,0.995477,1.000000,0.985171
ENSDARG00000052232_0_3,0.0000,-0.5066,1.000000,0.827727,0.831399,-20.1000,-22.4430,0.250000,0.432576,0.338917,0.942196,0.156579,0.968096,0.150804,0.957805,0.034282,0.878839,0.019541,0.892372,0.019670,0.940836,0.018293,0.955865,0.027426,0.977664,0.128642,0.609089,0.233097,0.524252,0.826873,0.667417,0.834987,0.691722,0.867530,0.947315,0.686918,0.994149,0.548791,0.977400,0.658586,0.972505,0.367231,0.704919,0.223039,0.662968,0.422093,0.657357,0.411921,0.705206,0.142028
ENSDARG00000052232_0_4,-0.9800,-2.0460,0.375000,0.480059,0.517983,-24.1800,-26.0183,0.250000,0.306803,0.387731,0.779958,0.767696,0.891759,0.294112,0.514896,0.415815,0.500004,0.858198,0.350710,0.878905,0.139649,0.041296,0.120828,0.009159,0.186791,0.015877,0.775515,0.902802,0.919983,0.978891,0.965422,0.104860,0.373669,0.032586,0.363634,0.104243,0.337696,0.683080,0.488419,0.330795,0.622353,0.002416,0.182722,0.000475,0.232891,0.055021,0.771705,0.999506,0.841056,0.278891
ENSDARG00000052232_0_5,-0.9700,-1.2813,0.750000,0.787877,0.679880,-18.5100,-20.5194,0.250000,0.538866,0.521360,0.155998,0.909917,0.166177,0.760260,0.999741,0.787339,0.269069,0.849037,0.248850,0.946490,0.987228,0.935092,0.989447,0.250590,0.987061,0.075672,0.999721,0.067288,0.987852,0.297448,0.234059,0.085475,0.269390,0.151664,0.886363,0.157234,0.170263,0.960875,0.267182,0.945667,0.991128,0.700788,0.996975,0.114307,0.996513,0.117520,0.995529,0.655134,0.999061,0.659400
ENSDARG00000052232_0_6,-2.6400,-3.3783,0.500000,0.462018,0.548234,-21.2900,-23.1963,0.375000,0.339517,0.550863,0.270975,0.848842,0.026308,0.797984,0.009552,0.874419,0.010047,0.842751,0.944549,0.893574,0.796751,0.289186,0.640957,0.267295,0.871091,0.299326,0.916339,0.950254,0.997760,0.561346,0.956387,0.891233,0.827814,0.784916,0.513164,0.720965,0.847523,0.837229,0.999923,0.150015,0.018510,0.032305,0.022742,0.964332,0.010203,0.003068,0.285923,0.003133,0.998157,0.005092
ENSDARG00000052232_0_7,-0.6000,-0.9270,0.625000,0.728883,0.777424,-20.5500,-21.7480,0.500000,0.505362,0.563671,0.977235,0.943236,0.996925,0.551487,0.999911,0.564357,0.290467,0.892832,0.263993,0.958509,0.325065,0.914926,0.949603,0.959132,1.000000,0.234364,0.969298,0.177444,0.989184,0.995010,0.978972,0.021784,0.976756,0.017438,0.977833,0.018488,0.358103,0.024276,0.286242,0.006218,0.288443,0.007144,0.979626,0.999213,0.968976,0.998821,0.974067,0.999354,0.997770,0.989381
ENSDARG00000052232_0_8,-0.2900,-1.1458,0.875000,0.827354,0.665871,-22.8000,-24.4852,0.500000,0.568575,0.352789,0.455878,0.260506,0.357487,0.006199,0.496187,0.052527,0.506377,0.033349,0.631312,0.144707,0.890683,0.003699,0.792346,0.014482,0.717312,0.258143,0.519531,0.317044,0.399177,0.932768,0.408604,0.410125,0.523694,0.073630,0.588549,0.070273,0.976865,0.073621,0.819571,0.114522,0.812687,0.646757,0.841702,0.920104,0.789847,0.974455,0.893676,0.854952,0.895936,0.893912
ENSDARG00000052232_0_9,-0.8300,-1.2462,1.000000,0.986643,0.698614,-25.3900,-26.5056,0.500000,0.598356,0.297126,0.428892,0.045418,0.183420,0.031050,0.189660,0.008016,0.242479,0.002069,0.968062,0.001133,0.996631,0.002072,0.992115,0.000531,0.932530,0.002638,0.204483,0.930623,0.252151,0.037708,0.237071,0.036387,0.451639,0.058018,0.993198,0.969639,0.971330,0.910587,0.962349,0.269816,0.988557,0.339508,0.992688,0.976687,0.993801,0.985627,0.994393,0.263120,0.996825,0.071862
ENSDARG00000052232_0_10,-2.2300,-2.9020,0.250000,0.371847,0.493196,-17.4500,-19.7036,0.500000,0.486684,0.574351,0.936490,0.716725,0.438283,0.714449,0.919981,0.768061,0.087918,0.655980,0.082909,0.577402,0.079317,0.578938,0.105036,0.751595,0.373252,0.737927,0.968086,0.525816,0.965075,0.440745,0.975224,0.816456,0.957581,0.309460,0.354549,0.246456,0.115155,0.726472,0.045954,0.689694,0.082964,0.255671,0.073855,0.121234,0.373602,0.119025,0.940510,0.869743,0.988182,0.865176
ENSDARG00000055054_0_1,-0.5500,-0.8844,1.000000,0.989362,0.847118,-16.2600,-17.8240,1.000000,0.859319,0.695359,0.319608,0.650460,0.281708,0.115018,0.905337,0.136338,0.999833,0.155647,0.997447,0.327574,0.994891,0.377793,0.301024,0.779303,0.295882,0.756614,0.999904,0.940494,0.941172,0.903875,0.999822,0.976213,0.990836,0.913311,0.978376,0.843285,0.977087,0.853471,0.999929,0.872975,0.995032,0.867465,0.997260,0.954284,0.979744,0.749507,0.987867,0.836032,0.999599,0.897531
ENSDARG00000055054_0_2,-0.3200,-1.6959,0.750000,0.724897,0.723271,-20.7200,-22.5477,0.500000,0.613949,0.482236,0.570084,0.728686,0.409812,0.956077,0.336947,0.015919,0.515208,0.015023,0.875869,0.021789,0.749388,0.022659,0.845089,0.182135,0.999215,0.167020,0.982244,0.172136,1.000000,0.926334,0.625736,0.879460,0.756659,0.645895,0.088300,0.121235,0.094176,0.130935,0.999979,0.975120,0.692870,0.959774,0.998681,0.978956,0.980462,0.860594,0.964269,0.504996,0.980438,0.379981
ENSDARG00000055054_0_3,0.0000,-0.2522,1.000000,0.938519,0.924217,-21.3700,-22.7257,0.375000,0.401773,0.455292,0.950039,0.896062,0.971379,0.919013,0.879738,0.925776,0.795486,0.947089,0.959308,0.949638,0.765066,0.894696,0.913313,0.258676,0.974567,0.067501,0.991230,0.014441,0.999687,0.006779,0.908686,0.005904,0.867678,0.006083,0.910324,0.012067,0.833829,0.218627,0.813284,0.076790,0.997709,0.071174,0.981551,0.011389,0.988969,0.935007,0.997412,0.972788,0.985075,0.916342
ENSDARG00000055054_0_4,-3.0600,-3.2830,0.750000,0.740400,0.536732,-27.5600,-28.7096,0.500000,0.508480,0.317321,0.077277,0.074182,0.065901,0.060183,0.067723,0.085926,0.113165,0.024828,0.227271,0.072938,0.934153,0.001214,0.931996,0.000117,0.949618,0.001743,0.999181,0.005890,0.256070,0.975732,0.113115,0.974440,0.075970,0.001391,0.029037,0.000048,0.012334,0.000186,0.962638,0.022823,0.962617,0.999885,0.970683,0.997723,0.999290,0.999664,0.993196,0.997462,0.993405,0.050051
ENSDARG00000055054_0_6,-1.5600,-2.2853,0.500000,0.593602,0.674680,-21.7900,-23.7676,0.750000,0.661795,0.473196,0.922354,0.780125,0.923629,0.381316,0.347477,0.564573,0.206174,0.579499,0.240385,0.416033,0.860230,0.678256,0.448950,0.271667,0.800533,0.268548,0.998944,0.176716,0.997336,0.040714,0.999860,0.007968,0.998911,0.004144,0.521408,0.071429,0.035963,0.081724,0.054754,0.851915,0.158034,0.699805,0.999824,0.869553,0.998779,0.918493,0.980360,0.837457,0.999692,0.963983
ENSDARG00000055054_0_7,-1.9000,-2.3375,0.500000,0.536267,0.616288,-20.9800,-22.1434,0.375000,0.358429,0.526656,0.825891,0.046535,0.773376,0.043384,0.998637,0.124003,0.120095,0.127008,0.113015,0.866545,0.144289,0.867106,0.239649,0.878469,0.990845,0.954978,0.996136,0.966735,0.975814,0.964154,0.917425,0.900949,0.940458,0.925825,0.244473,0.815124,0.141277,0.154954,0.111202,0.090248,0.097881,0.026715,0.972244,0.643784,0.729769,0.024775,0.998754,0.991919,0.994536,0.119912
ENSDARG00000055054_0_8,0.0000,-0.3191,1.000000,0.953954,0.911731,-20.5300,-21.5020,0.375000,0.399753,0.479142,0.697488,0.086211,0.763088,0.076844,0.783128,0.075663,0.997724,0.090456,0.995777,0.093754,0.946812,0.071033,0.987986,0.972163,0.921257,0.968239,0.912274,0.991592,0.861373,0.981996,0.843852,0.988897,0.892232,0.987962,0.888659,0.967574,0.886644,0.967004,0.999581,0.972290,0.974600,0.004956,0.948136,0.007063,0.957229,0.013308,0.985588,0.017308,0.991198,0.248515
ENSDARG00000055054_0_9,-4.6300,-4.9287,0.875000,0.834493,0.568966,-18.5600,-20.5662,0.625000,0.576824,0.474084,0.667450,0.792133,0.006916,0.044414,0.003211,0.056135,0.003492,0.015047,0.011089,0.021258,0.999603,0.943795,0.999768,0.952552,0.997685,0.956085,0.996170,0.986562,0.008996,0.038604,0.004211,0.028440,0.004783,0.032066,0.008079,0.070983,0.998125,0.598351,0.675076,0.400015,0.999774,0.939699,0.999409,0.691144,0.999257,0.613774,0.996227,0.664751,1.000000,0.635879
ENSDARG00000055054_0_10,-2.7200,-3.3229,0.625000,0.793655,0.589560,-19.3500,-21.5629,0.500000,0.400624,0.386739,0.173466,0.345385,0.131866,0.182729,0.601426,0.518471,0.651931,0.114188,0.986872,0.495985,0.999873,0.534518,0.502986,0.470210,0.185548,0.545487,0.127428,0.162115,0.036919,0.080848,0.043782,0.087825,0.999865,0.992029,0.999910,0.570244,0.999741,0.531069,0.999683,0.498971,0.429557,0.035494,0.428010,0.037168,0.494366,0.184283,0.998719,0.971145,0.999257,0.376614
ENSDARG00000055132_0_1,-0.0600,-0.7939,0.625000,0.706517,0.769934,-20.7800,-22.1749,0.250000,0.284506,0.401128,0.996230,0.991450,0.993430,0.945267,0.991722,0.941243,0.995275,0.940202,0.986611,0.225775,0.995895,0.124491,0.660544,0.086853,0.503087,0.128548,0.426930,0.085083,0.730424,0.089872,0.690141,0.847178,0.776267,0.340543,0.925620,0.009835,0.988008,0.010142,0.984874,0.079760,0.522652,0.142829,0.397522,0.041096,0.302920,0.021091,0.708838,0.995464,0.821699,0.975834
ENSDARG00000055132_0_2,-0.7200,-1.4686,0.375000,0.591783,0.625995,-18.6800,-20.2971,1.000000,0.844936,0.574876,0.912449,0.230157,0.832589,0.203024,0.681395,0.581152,0.825118,0.947050,0.550004,0.131417,0.557370,0.098391,0.826050,0.057021,0.199802,0.056128,0.154404,0.114153,0.323842,0.884725,0.924015,0.722722,0.998592,0.712085,0.999586,0.728509,0.385922,0.749127,0.376959,0.918351,0.298293,0.855771,0.814062,0.844788,0.364405,0.822451,0.528847,0.943404,0.966192,0.897088
ENSDARG00000055132_0_3,0.0000,-0.1201,1.000000,0.986046,0.979637,-21.0700,-22.3172,0.750000,0.784769,0.549441,0.957288,0.932846,0.979654,0.993528,1.000000,0.997918,0.982756,0.009038,1.000000,0.004413,0.975729,0.003748,0.993665,0.002771,1.000000,0.001612,0.874705,0.001873,0.999848,0.050031,0.945934,0.984150,0.994788,0.728739,0.998084,0.995448,0.999181,0.853220,0.957741,0.208137,0.966134,0.310032,0.999349,0.959559,0.988243,0.998349,0.983689,0.996301,0.995948,0.957102
ENSDARG00000055132_0_4,-0.2000,-1.2514,0.500000,0.604880,0.664102,-21.2900,-22.6620,0.750000,0.765951,0.435540,0.981627,0.422399,0.854690,0.053547,0.848024,0.022244,0.801157,0.022852,0.819897,0.989558,0.815145,0.007441,0.427001,0.044997,0.418625,0.983429,0.422090,0.007002,0.474763,0.004211,0.679502,0.006282,0.900473,0.019237,0.935817,0.991968,0.959863,0.212661,0.971702,0.988138,0.574528,0.954122,0.305594,0.955424,0.280987,0.984579,0.270758,0.945653,0.539789,0.095063
ENSDARG00000055132_0_7,0.0000,-0.3660,1.000000,0.922451,0.882815,-15.4600,-17.6548,1.000000,0.803728,0.638814,0.649054,0.546988,0.646016,0.534386,1.000000,0.371168,0.904490,0.691172,0.892796,0.376543,0.833025,0.361848,0.946688,0.637584,0.951257,0.727577,0.849551,0.571234,0.793576,0.509084,0.912127,0.491192,0.898106,0.527686,0.917098,0.885293,0.951723,0.872713,0.958254,0.904712,0.946730,0.902628,0.779313,0.621661,0.828710,0.535888,0.998618,0.900562,0.999164,0.806367
ENSDARG00000055132_0_8,-1.4100,-1.6170,1.000000,0.974098,0.732734,-18.3400,-20.4523,0.500000,0.404184,0.499423,0.125802,0.238100,0.115644,0.225901,0.221523,0.269855,0.978564,0.640083,0.987933,0.973586,0.979416,0.954542,0.975437,0.929337,0.238900,0.529915,0.146575,0.500525,0.135126,0.353408,0.981942,0.667437,0.975034,0.472291,0.975884,0.016660,0.954807,0.004971,0.960930,0.005944,0.973104,0.077281,0.978455,0.632263,0.972262,0.626370,0.980885,0.917599,0.996458,0.952384
ENSDARG00000055132_0_9,0.0000,-0.1802,1.000000,0.958984,0.956716,-17.7900,-19.7501,0.500000,0.551629,0.525510,0.933665,0.894936,0.994245,0.881235,0.981132,0.608487,0.998675,0.660815,0.889466,0.444364,0.875139,0.498924,0.933462,0.524774,0.999268,0.134738,0.995085,0.160861,0.918825,0.124315,0.999708,0.224948,0.943774,0.938767,0.908309,0.164052,0.829422,0.162245,0.970163,0.427792,0.982256,0.268046,0.996966,0.715591,0.987744,0.866309,0.997766,0.981272,0.999250,0.827729
ENSDARG00000055132_0_10,-1.2700,-1.5783,0.625000,0.726436,0.660469,-18.4000,-19.8082,1.000000,0.908283,0.638000,0.816693,0.010831,0.766330,0.007387,0.946013,0.019735,0.223924,0.985081,0.232268,0.978769,0.261696,0.978246,0.363556,0.005065,0.883097,0.014186,0.874495,0.018568,0.920703,0.992267,0.874691,0.650084,0.234434,0.833510,0.341285,0.974471,0.238529,0.889839,0.237750,0.882072,0.996245,0.826850,0.998051,0.821530,0.999854,0.926824,0.999839,0.965929,0.999933,0.978748
ENSDARG00000056427_0_1,-1.3400,-2.4554,0.750000,0.709559,0.583793,-19.0300,-20.7163,0.500000,0.539721,0.465161,0.491872,0.746947,0.092644,0.655925,0.049543,0.698013,0.265124,0.584215,0.398226,0.647479,0.781608,0.331188,0.780166,0.067729,0.997691,0.090167,0.985552,0.179163,0.655383,0.782689,0.248518,0.134430,0.253054,0.067509,0.243848,0.129129,0.478175,0.126285,0.777823,0.129326,0.778917,0.167876,0.780797,0.955159,0.998226,0.929026,0.799159,0.937013,0.819527,0.943958
ENSDARG00000056427_0_3,-6.7000,-6.7397,0.750000,0.750100,0.600653,-26.0700,-27.1358,0.125000,0.134273,0.356632,0.999651,0.989498,0.993682,0.983895,0.006353,0.061211,0.003536,0.010684,0.000155,0.007338,0.004190,0.011545,0.999998,0.999024,0.999602,0.992698,0.999500,0.991222,1.000000,0.991329,0.004415,0.012197,0.001182,0.007809,0.000700,0.008813,0.002920,0.003237,0.999453,0.015476,0.999880,0.002489,0.999410,0.043653,0.999483,0.989988,0.998964,0.006902,0.999990,0.003623
ENSDARG00000056427_0_4,0.0000,-0.6986,1.000000,0.807555,0.769865,-18.8100,-21.1215,0.250000,0.297281,0.498835,0.464215,0.634539,0.430486,0.468575,0.709061,0.663353,0.978610,0.819527,0.785893,0.826600,0.772585,0.868279,0.542829,0.340882,0.693142,0.465164,0.799102,0.668045,0.934280,0.688133,0.992244,0.966642,0.834412,0.188721,0.696554,0.032931,0.572320,0.017839,0.848589,0.815733,0.676758,0.045476,0.723977,0.192043,0.983286,0.210799,0.973980,0.976910,0.984975,0.086518
ENSDARG00000056427_0_6,-1.2000,-1.7577,0.625000,0.659896,0.721369,-19.6600,-21.9499,0.500000,0.575752,0.527977,0.926938,0.500411,0.916924,0.489494,0.960956,0.338765,0.904406,0.441088,0.909631,0.829717,0.991465,0.953732,0.860268,0.301227,0.865343,0.246888,0.330911,0.838423,0.204376,0.005432,0.303924,0.027309,0.973066,0.981036,0.942108,0.398699,0.965056,0.977262,0.928022,0.951792,0.441226,0.987365,0.096828,0.027949,0.148539,0.026534,0.944075,0.999731,0.813310,0.236685
ENSDARG00000056427_0_7,-3.3500,-3.8215,1.000000,0.918153,0.611130,-18.3300,-20.1163,1.000000,0.788725,0.529212,0.009579,0.014085,0.002606,0.002541,0.006911,0.004950,0.150397,0.058525,0.966863,0.987133,0.978966,0.929217,0.999914,0.996343,0.999024,0.505438,0.149300,0.071462,0.480445,0.305005,0.065905,0.068353,0.067473,0.331391,0.557607,0.608006,0.978629,0.962182,0.974652,0.949932,0.945688,0.928939,0.944783,0.810211,0.945472,0.659653,0.999871,0.788576,0.998519,0.602306
ENSDARG00000056427_0_8,-0.2600,-0.8528,1.000000,0.873119,0.812040,-20.9300,-22.9791,1.000000,0.458694,0.343440,0.975026,0.729102,0.597184,0.149991,0.506119,0.284448,0.941764,0.027170,0.846066,0.019887,0.850071,0.021275,0.982727,0.131068,0.578324,0.123387,0.417679,0.028252,0.850003,0.892626,0.851581,0.451353,0.859305,0.340695,0.990122,0.368344,0.920379,0.779823,0.852768,0.389876,0.801762,0.308940,0.851243,0.281305,0.789578,0.276519,0.787033,0.858878,0.992063,0.405870
ENSDARG00000056427_0_10,-0.5100,-1.1425,0.750000,0.743473,0.792261,-21.7700,-23.5588,0.000000,0.096088,0.238459,0.966554,0.987544,0.986617,0.133057,0.879571,0.059340,0.893255,0.023871,0.878409,0.031740,0.983768,0.951068,0.982869,0.071683,0.999534,0.081880,0.694857,0.033586,0.302725,0.795036,0.348267,0.811030,0.980998,0.020636,0.886539,0.051883,0.883565,0.041584,0.856412,0.130923,0.965174,0.221839,0.999763,0.101778,0.283478,0.063910,0.349753,0.081183,0.723102,0.075605
ENSDARG00000056713_1_1,-1.5900,-2.0941,0.875000,0.767007,0.667628,-19.7400,-21.4246,0.500000,0.427650,0.520026,0.985724,0.849475,0.491812,0.660160,0.493469,0.658887,0.129731,0.757338,0.067246,0.600864,0.545630,0.710596,0.992962,0.681406,0.983332,0.675779,0.987835,0.381879,0.518149,0.272991,0.512782,0.179360,0.507840,0.550578,0.508231,0.477800,0.993079,0.887368,0.537653,0.040513,0.539783,0.057276,0.608066,0.105623,0.971040,0.089721,0.988433,0.920285,0.989768,0.842612
ENSDARG00000056713_1_3,0.0000,-0.1099,1.000000,0.994583,0.982837,-15.8600,-17.8504,1.000000,0.892261,0.674495,0.916464,0.306661,0.978715,0.268139,0.994012,0.352609,0.991789,0.750806,1.000000,0.453250,0.995094,0.258655,0.941811,0.233194,1.000000,0.808699,0.954753,0.651911,1.000000,0.927450,0.946001,0.569959,0.981427,0.770486,1.000000,0.799389,1.000000,0.953340,1.000000,0.923248,0.965220,0.851761,1.000000,0.969924,1.000000,0.985752,1.000000,0.976742,0.991446,0.677929
ENSDARG00000056713_1_4,-1.2700,-1.7704,1.000000,0.932187,0.674909,-15.8400,-17.9918,0.875000,0.786656,0.570309,0.125516,0.134746,0.091346,0.104189,0.286787,0.284707,0.355450,0.297695,0.989973,0.573628,0.980906,0.830717,0.957872,0.793711,0.521593,0.554761,0.306085,0.365331,0.301677,0.260111,0.153722,0.290949,0.969761,0.622395,0.811299,0.801959,0.788044,0.780328,0.969256,0.961568,0.950771,0.915597,0.975250,0.966190,0.967983,0.744008,0.997438,0.975796,0.997456,0.147803
ENSDARG00000056713_1_5,-0.2600,-1.4952,0.625000,0.540077,0.612232,-23.7800,-25.0977,0.125000,0.124982,0.444627,0.837765,0.946619,0.862389,0.985470,0.491329,0.927868,0.264955,0.924466,0.494705,0.994627,0.620044,0.987706,0.400641,0.931167,0.503105,0.986228,0.642893,0.198681,0.993269,0.005305,0.972416,0.002634,0.840517,0.001908,0.639541,0.002044,0.506136,0.001146,0.155364,0.002009,0.261822,0.000155,0.593856,0.000242,0.519403,0.018270,0.812577,0.883576,0.831920,0.092416
ENSDARG00000056713_1_6,0.0000,-0.3061,1.000000,0.870148,0.906004,-17.8900,-19.8183,0.625000,0.583906,0.495346,0.967543,0.914662,0.944953,0.173949,0.938066,0.173534,0.936480,0.171422,0.995357,0.236027,0.878175,0.611663,0.864940,0.879957,0.974854,0.535929,0.777401,0.431936,0.996792,0.068146,0.997051,0.096761,0.887277,0.941679,0.872699,0.049216,0.862232,0.037477,0.889568,0.065993,0.997725,0.976581,0.851935,0.990091,0.734149,0.643269,0.878510,0.962369,0.874370,0.946251
ENSDARG00000056713_1_8,-1.4600,-2.4303,0.125000,0.420074,0.515764,-22.5200,-24.0555,0.125000,0.207388,0.484057,0.322219,0.838226,0.279919,0.774305,0.318399,0.851654,0.432107,0.871131,0.941502,0.835812,0.794897,0.938419,0.502609,0.913942,0.417853,0.829309,0.367023,0.812195,0.722841,0.204152,0.978278,0.077243,0.877042,0.075647,0.503765,0.348728,0.603603,0.060782,0.386797,0.009291,0.131870,0.005230,0.209949,0.051118,0.316329,0.218947,0.294536,0.912236,0.913747,0.052775
ENSDARG00000056713_1_9,-1.9400,-2.3626,0.750000,0.749772,0.602272,-18.4500,-20.4896,0.125000,0.245004,0.507245,0.988942,0.898560,0.049591,0.724789,0.041529,0.659965,0.026898,0.639691,0.174314,0.639536,0.746010,0.657177,0.999813,0.808743,0.998692,0.978946,0.998381,0.957871,0.747485,0.903598,0.210329,0.234031,0.065293,0.081959,0.066247,0.088691,0.050969,0.078310,0.985808,0.108267,0.971346,0.774725,0.974020,0.225061,0.974218,0.294418,0.975787,0.146876,0.999776,0.243686
ENSDARG00000056713_1_10,-1.4700,-2.1519,0.375000,0.501838,0.597249,-19.0300,-20.8648,0.125000,0.220140,0.560894,0.971613,0.653606,0.275617,0.685422,0.291378,0.963330,0.411407,0.960362,0.971057,0.979773,0.500052,0.882691,0.778589,0.921246,0.811720,0.914554,0.374873,0.614815,0.545246,0.671879,0.999532,0.969919,0.999199,0.239165,0.991365,0.111879,0.999548,0.006824,0.157857,0.001341,0.337491,0.004238,0.160375,0.856756,0.078803,0.303789,0.289303,0.268799,0.999965,0.207496
ENSDARG00000057582_0_1,0.0000,-0.2183,1.000000,0.942850,0.941330,-14.2900,-17.2514,0.375000,0.687341,0.597209,0.783630,0.831930,0.813725,0.761298,0.964716,0.702310,0.962196,0.788936,0.995430,0.321961,0.998224,0.338589,0.965319,0.164327,0.918402,0.161805,0.901001,0.309118,1.000000,0.550325,1.000000,0.862739,0.981169,0.652111,0.965369,0.595783,0.829597,0.623819,0.821417,0.630287,0.966556,0.674625,0.980888,0.608574,0.990201,0.908234,0.990998,0.726947,0.997771,0.730462
ENSDARG00000057582_0_2,-0.0100,-0.7406,0.875000,0.905075,0.812317,-14.4700,-16.6617,0.375000,0.570120,0.643621,0.964805,0.783974,0.915670,0.746484,0.575901,0.503852,0.557417,0.515646,0.541390,0.525605,0.938914,0.881760,0.954676,0.887858,0.935564,0.844848,0.888872,0.812976,0.886976,0.889469,0.440126,0.481985,0.405440,0.437005,0.626508,0.678636,0.996788,0.981308,0.981297,0.951883,0.927148,0.902804,0.879109,0.249514,0.888380,0.217312,0.949280,0.230941,0.992086,0.348558
ENSDARG00000057582_0_3,-1.6400,-2.3756,0.250000,0.540981,0.551417,-19.6000,-21.5240,0.375000,0.438934,0.496777,0.683630,0.865328,0.556194,0.794780,0.554133,0.971443,0.636137,0.972328,0.651453,0.199930,0.497148,0.063572,0.472875,0.037607,0.472357,0.051770,0.464588,0.963861,0.503848,0.460386,0.639012,0.981989,0.569122,0.061071,0.567971,0.019346,0.689475,0.060099,0.514092,0.948401,0.478760,0.964490,0.471939,0.468584,0.465522,0.981966,0.488371,0.057342,0.651715,0.011242
ENSDARG00000057582_0_4,-0.1800,-0.9904,0.500000,0.593837,0.646108,-23.6500,-25.3507,0.000000,0.022868,0.451819,0.428213,0.962621,0.220388,0.957659,0.218492,0.844996,0.230101,0.825432,0.995201,0.831485,0.626192,0.974625,0.748379,0.934209,0.999290,0.960919,0.998550,0.949274,0.994143,0.294721,0.994241,0.166502,0.718273,0.150997,0.645634,0.066657,0.987380,0.063333,0.232814,0.029511,0.228573,0.001073,0.226574,0.002605,0.434631,0.004226,0.996456,0.009435,0.998634,0.006101
ENSDARG00000057582_0_5,-1.7600,-1.8899,0.625000,0.646117,0.712561,-16.2200,-18.2731,0.875000,0.841880,0.669165,0.058615,0.307637,0.053845,0.036403,0.082058,0.015467,1.000000,0.086615,0.981614,0.139083,0.999121,0.696894,0.950802,0.951289,0.999819,0.950302,0.998040,0.858589,0.995105,0.876900,0.982610,0.893942,0.980653,0.835130,0.954197,0.858714,0.081522,0.835712,0.055966,0.674963,0.077612,0.739977,0.999930,0.988938,0.999871,0.966185,0.999875,0.944165,0.999963,0.726389
ENSDARG00000057582_0_6,0.0000,-0.2533,1.000000,0.847513,0.874935,-15.1100,-17.9579,0.625000,0.660243,0.532486,0.974515,0.583427,0.953752,0.527540,0.952273,0.271269,0.961369,0.325010,0.998097,0.319577,0.994287,0.948709,0.780044,0.055919,0.751465,0.052115,0.756973,0.200152,0.777015,0.747451,0.838226,0.654976,0.980572,0.681634,0.981446,0.860037,0.999796,0.872268,0.947413,0.729510,0.847857,0.908466,0.799034,0.403520,0.727038,0.300088,0.726137,0.382293,0.751382,0.825758
ENSDARG00000057582_0_7,-0.8200,-1.6042,1.000000,0.842541,0.718687,-19.9800,-22.5075,0.125000,0.192634,0.379448,0.272628,0.318631,0.193070,0.236405,0.595438,0.687491,0.679705,0.955111,0.747992,0.995305,0.793281,0.981943,0.943770,0.965454,0.428746,0.207911,0.387980,0.183173,0.716684,0.457512,0.983748,0.053016,0.890375,0.005932,0.772435,0.008770,0.736399,0.059207,0.742423,0.259749,0.988913,0.942043,0.763094,0.098781,0.748739,0.034463,0.989594,0.070215,0.998735,0.067842
ENSDARG00000057582_0_8,-0.5900,-1.1189,0.500000,0.658554,0.709017,-17.8800,-20.0874,0.500000,0.513115,0.388257,0.904748,0.328892,0.959093,0.303214,0.952750,0.426992,0.985044,0.840925,0.997795,0.680145,0.978019,0.781565,0.997391,0.172169,0.945560,0.023091,0.424917,0.009554,0.222388,0.015807,0.230820,0.017957,0.313385,0.059906,0.993681,0.989087,0.977288,0.984471,0.954651,0.992677,0.941389,0.990677,0.294564,0.067231,0.301968,0.032519,0.290180,0.023105,0.514713,0.025154
ENSDARG00000057582_0_9,-1.5600,-2.0194,1.000000,0.995361,0.671230,-19.9600,-21.8722,0.500000,0.432271,0.448890,0.155826,0.373221,0.050867,0.074023,0.102853,0.141798,0.429041,0.395437,0.993726,0.880858,0.992693,0.827009,0.999274,0.895997,0.324571,0.554719,0.053892,0.293196,0.050782,0.152562,0.314171,0.331831,0.994023,0.598987,0.993933,0.680621,0.998879,0.708641,0.999051,0.924552,0.995964,0.081094,0.996547,0.058790,0.990002,0.948745,0.991473,0.046784,0.997035,0.008942
ENSDARG00000057582_0_10,-2.3700,-2.8071,0.500000,0.543701,0.472173,-18.9500,-21.6495,0.250000,0.283401,0.306794,0.144953,0.128596,0.017439,0.070684,0.018495,0.066097,0.998480,0.065117,0.156437,0.146386,0.057696,0.169155,0.330233,0.887519,0.998127,0.884131,0.999958,0.371422,0.999831,0.436968,0.317650,0.597206,0.054552,0.045392,0.179855,0.049745,0.994971,0.137545,0.018415,0.018791,0.014948,0.018975,0.149496,0.045742,0.998571,0.263808,0.993491,0.895091,0.999858,0.837513
ENSDARG00000058089_0_1,-3.0700,-3.3717,0.875000,0.860495,0.609082,-19.4800,-21.1976,0.375000,0.512683,0.470445,0.899730,0.712623,0.895764,0.708240,0.247347,0.325018,0.058711,0.143351,0.026679,0.036687,0.076710,0.067315,0.967072,0.699925,0.966902,0.801430,0.963707,0.788349,0.082444,0.380465,0.053684,0.312201,0.058928,0.331836,0.241686,0.507214,0.961576,0.952270,0.979487,0.291907,0.955420,0.242769,0.881611,0.163410,0.869126,0.210544,0.995487,0.897853,0.999572,0.835501
ENSDARG00000058089_0_2,-4.7300,-4.8896,0.375000,0.397017,0.517161,-25.6700,-27.8930,0.000000,0.022677,0.292991,0.987279,0.572180,0.977703,0.568153,0.988200,0.182921,0.019232,0.110676,0.005901,0.147380,0.012336,0.507351,0.012690,0.774090,0.176395,0.550388,0.994254,0.995560,0.998154,0.280368,0.997056,0.090602,0.997881,0.898733,0.995172,0.135894,0.996823,0.018606,0.172076,0.007330,0.013335,0.001946,0.001656,0.000051,0.000694,0.000019,0.007311,0.000545,0.989071,0.017026
ENSDARG00000058089_0_3,-4.9600,-5.0014,0.625000,0.625641,0.598662,-18.2100,-20.7138,0.625000,0.577676,0.502195,0.003600,0.249905,0.001232,0.207592,0.004261,0.254887,0.012287,0.107385,0.985333,0.603091,0.981451,0.725425,0.998706,0.509688,0.999960,0.527489,0.999957,0.686166,0.997742,0.896848,0.980096,0.567769,0.003497,0.086249,0.001863,0.165140,0.000692,0.353168,0.002900,0.419963,0.999958,0.935242,0.999897,0.780446,0.999920,0.859641,0.999918,0.550396,0.999980,0.557412
ENSDARG00000058089_0_4,-3.7900,-3.9680,0.250000,0.280321,0.424108,-18.1700,-20.3689,0.500000,0.489847,0.563098,0.996162,0.731455,0.015715,0.370766,0.009906,0.396678,0.011203,0.583476,0.009045,0.777161,0.016623,0.736548,0.201573,0.853651,0.999169,0.799166,0.999995,0.947231,0.993512,0.314338,0.993260,0.303495,0.993430,0.529229,0.997219,0.906574,0.203878,0.924470,0.018126,0.894522,0.009059,0.090619,0.004352,0.047842,0.003490,0.049074,0.006550,0.042001,0.999899,0.963672
ENSDARG00000058089_0_5,0.0000,-0.4822,1.000000,0.814311,0.842347,-26.0100,-27.0433,0.625000,0.577577,0.288462,0.905909,0.019894,0.867923,0.004588,0.854665,0.002358,0.888137,0.002028,0.963146,0.001075,0.892327,0.001973,0.738206,0.000176,0.647151,0.000187,0.719276,0.042937,0.937799,0.999388,0.955420,0.027147,0.962488,0.046877,0.874577,0.997652,0.879003,0.997855,0.493630,0.003888,0.562449,0.008483,0.790399,0.042196,0.947666,0.580162,0.971749,0.995563,0.995014,0.994815
ENSDARG00000058089_0_6,-1.9800,-2.5387,0.625000,0.676046,0.636131,-23.6300,-25.5227,0.000000,0.083131,0.151814,0.944569,0.991601,0.869670,0.310972,0.972273,0.984069,0.746350,0.031653,0.070401,0.002061,0.066628,0.005046,0.336981,0.026653,0.439287,0.010067,0.953913,0.004624,0.951599,0.002145,0.743472,0.001275,0.219102,0.001071,0.126031,0.003148,0.343713,0.015379,0.289939,0.037260,0.935498,0.032287,0.959739,0.086883,0.834775,0.065773,0.931460,0.101106,0.987215,0.323209
ENSDARG00000058089_0_7,-1.3300,-2.2973,1.000000,0.865975,0.686318,-18.5200,-20.3294,1.000000,0.674386,0.406330,0.483838,0.959711,0.031639,0.008441,0.077729,0.008232,0.277128,0.025019,0.999983,0.047506,0.996132,0.125159,0.995132,0.105070,0.789236,0.128294,0.436463,0.301372,0.355164,0.372676,0.358412,0.290303,0.997703,0.359731,0.703818,0.487109,0.673308,0.933173,0.671701,0.927714,0.999988,0.987670,0.885972,0.981345,0.998266,0.492474,0.997861,0.341168,0.996890,0.244433
ENSDARG00000058089_0_8,-0.4300,-1.3457,0.750000,0.653624,0.700432,-18.2500,-20.4964,0.250000,0.369813,0.602972,0.921426,0.659236,0.675643,0.661129,0.668678,0.973204,0.697875,0.980425,0.990844,0.978043,0.776825,0.977784,0.775877,0.977859,0.753569,0.921282,0.271777,0.697841,0.348669,0.697054,0.977092,0.473529,0.921381,0.103545,0.917740,0.198462,0.921537,0.211360,0.296136,0.073738,0.295901,0.056219,0.705867,0.142566,0.539386,0.985423,0.581258,0.387428,0.971168,0.903311
ENSDARG00000058089_0_9,-1.5800,-1.8308,0.625000,0.675735,0.560261,-20.0700,-22.3796,0.625000,0.584971,0.434509,0.958256,0.781704,0.209556,0.459198,0.108783,0.606237,0.069430,0.735154,0.127710,0.716426,0.136416,0.321502,0.997872,0.061987,0.998636,0.065169,0.999016,0.132490,0.984706,0.115009,0.152401,0.008899,0.056560,0.006625,0.067569,0.015093,0.111826,0.032938,0.230820,0.383991,0.999795,0.696747,0.997729,0.977751,0.998992,0.989377,0.999728,0.991961,0.999420,0.591912
ENSDARG00000058089_0_10,-2.9700,-3.3767,1.000000,0.798902,0.558151,-19.7000,-21.3612,0.875000,0.825842,0.472338,0.014643,0.078314,0.007352,0.072150,0.009505,0.601031,0.046900,0.592209,0.605158,0.073619,0.900518,0.014030,0.999841,0.194694,0.999941,0.232938,0.448381,0.947281,0.312895,0.010736,0.358002,0.018109,0.068655,0.004906,0.596535,0.078933,0.597257,0.904595,0.598224,0.819691,0.601844,0.966881,0.999794,0.980777,0.998889,0.980946,0.998878,0.945510,0.999799,0.929399
ENSDARG00000059961_3_1,0.0000,-0.4853,1.000000,0.749105,0.748437,-21.3300,-23.1922,0.125000,0.163785,0.412238,0.931536,0.814909,0.925903,0.686926,0.649658,0.675132,0.599990,0.656566,0.590026,0.747580,0.582266,0.784171,0.592714,0.413310,0.658366,0.327346,0.973609,0.241594,0.995914,0.729752,0.919937,0.833834,0.555971,0.023357,0.614355,0.003286,0.583700,0.002878,0.582333,0.137010,0.607837,0.995046,0.649182,0.112260,0.979574,0.026759,0.981580,0.019172,0.994280,0.013871
ENSDARG00000059961_3_2,-1.1200,-1.4539,1.000000,0.898125,0.711888,-18.0700,-19.7310,0.000000,0.114470,0.389028,0.334007,0.266291,0.266404,0.216540,0.270165,0.220795,0.998390,0.991956,0.764405,0.836248,0.744780,0.825346,0.744684,0.809702,0.385849,0.269888,0.390622,0.300534,0.391265,0.316964,0.998813,0.926505,0.763374,0.884039,0.795559,0.350839,0.812608,0.138755,0.919341,0.170777,0.999369,0.071061,0.863487,0.041467,0.868711,0.035987,0.931400,0.038798,0.994525,0.068073
ENSDARG00000059961_3_4,-1.4400,-1.7508,0.750000,0.765679,0.573178,-15.1100,-17.9280,0.500000,0.513536,0.438629,0.103967,0.491585,0.100298,0.824449,0.996172,0.193314,0.106874,0.072580,0.141661,0.089752,0.354730,0.160499,0.981679,0.195845,0.974156,0.177312,0.971662,0.177116,0.362595,0.823414,0.138008,0.596055,0.106325,0.862372,0.105753,0.146703,0.100490,0.123687,0.996205,0.254561,0.974468,0.232019,0.979249,0.962518,0.981843,0.958357,0.988973,0.805632,0.998455,0.624811
ENSDARG00000059961_3_5,-1.1200,-2.0207,0.500000,0.436129,0.546293,-17.9400,-20.2272,0.625000,0.716157,0.594714,0.989116,0.831631,0.986719,0.807601,0.696419,0.713234,0.387243,0.850597,0.997468,0.741025,0.167690,0.739072,0.069486,0.559602,0.071581,0.778454,0.101758,0.070699,0.992493,0.026206,0.988021,0.028515,0.988839,0.018386,0.990335,0.921117,0.095220,0.506929,0.070966,0.793080,0.061952,0.740718,0.171977,0.444033,0.748656,0.406284,0.498045,0.963054,0.851883,0.954040
ENSDARG00000059961_3_6,-0.8200,-1.8257,0.250000,0.387901,0.497034,-19.7200,-21.5394,0.500000,0.462057,0.432377,0.966636,0.238523,0.305950,0.179945,0.195564,0.179892,0.162771,0.389520,0.370326,0.166646,0.716731,0.494162,0.255287,0.294158,0.275385,0.975319,0.739386,0.178871,0.974158,0.308021,0.949706,0.762826,0.925581,0.783200,0.983918,0.844746,0.646102,0.814104,0.332904,0.903864,0.295979,0.022550,0.121141,0.020554,0.156203,0.027849,0.229399,0.996022,0.337562,0.066769
ENSDARG00000059961_3_7,0.0000,-0.6918,1.000000,0.651211,0.720944,-18.2600,-20.0845,0.125000,0.340609,0.410437,0.996231,0.657316,0.975505,0.650915,0.607494,0.340187,0.440747,0.639255,0.414741,0.176094,0.992360,0.280693,0.381948,0.117028,0.418844,0.426318,0.997653,0.937677,0.992413,0.264908,0.994982,0.202898,0.996277,0.790574,0.997936,0.899658,0.997657,0.377199,0.399491,0.362214,0.345448,0.116243,0.999228,0.370322,0.405684,0.299506,0.431973,0.091215,0.632273,0.208517
ENSDARG00000059961_3_8,0.0000,-0.9325,1.000000,0.584006,0.662960,-19.9900,-21.3286,0.250000,0.322153,0.427298,0.734336,0.907922,0.721666,0.438491,0.976340,0.486651,0.428354,0.942324,0.390938,0.903399,0.597438,0.132756,0.732197,0.066545,0.518128,0.050281,0.698162,0.957904,0.951053,0.034674,0.933258,0.068326,0.905283,0.979461,0.649546,0.159614,0.593799,0.051334,0.330772,0.072064,0.330167,0.036642,0.369903,0.123903,0.966778,0.998056,0.655211,0.954013,0.775873,0.181598
ENSDARG00000059961_3_9,-1.5400,-1.9644,0.500000,0.586370,0.652605,-20.6300,-22.4233,0.500000,0.497457,0.443378,0.988922,0.923344,0.903373,0.067016,0.912507,0.067054,0.879538,0.079569,0.881417,0.221891,0.948812,0.305303,0.991086,0.744679,0.337098,0.638889,0.170840,0.231909,0.166152,0.473645,0.264838,0.493360,0.916552,0.641244,0.881887,0.759490,0.875725,0.924363,0.305798,0.225909,0.172238,0.006889,0.150982,0.006492,0.343920,0.996346,0.990582,0.999878,0.969828,0.060286
ENSDARG00000059961_3_10,-0.1400,-1.0521,1.000000,0.917462,0.801325,-18.5400,-20.6793,0.625000,0.663383,0.446611,0.651086,0.189417,0.416152,0.093738,0.586316,0.082843,0.973328,0.126716,0.981296,0.047670,0.959798,0.041731,0.674379,0.011931,0.695381,0.185535,0.481914,0.367895,0.496173,0.619981,0.979086,0.930439,0.791901,0.927262,0.957924,0.956870,0.999558,0.996324,0.990327,0.994883,0.916037,0.701026,0.999883,0.989552,0.835979,0.260444,0.787936,0.148413,0.852056,0.259547
ENSDARG00000060073_17_1,-4.0500,-4.1937,0.750000,0.734548,0.688224,-20.9000,-22.6398,0.000000,0.093544,0.427847,0.055086,0.125147,0.003146,0.101677,0.002952,0.009270,0.832016,0.829898,0.989629,0.897760,0.999904,0.903975,0.999989,0.998835,0.999878,0.971244,0.999890,0.956303,0.988985,0.953076,0.999997,0.962201,0.016620,0.099199,0.001848,0.011338,0.007169,0.016325,0.875268,0.236755,0.994863,0.078193,0.999521,0.105359,0.998182,0.099303,0.999727,0.102541,0.999806,0.098536
ENSDARG00000060073_17_2,-3.0100,-3.2377,0.375000,0.428823,0.542475,-20.3600,-22.9168,0.250000,0.387646,0.422131,0.976184,0.452927,0.977170,0.428672,0.977812,0.283892,0.980213,0.255228,0.046681,0.190291,0.025844,0.186107,0.037643,0.086714,0.993894,0.334665,0.217770,0.822405,0.191433,0.691585,0.996301,0.740998,0.997962,0.867975,0.990629,0.874455,0.980342,0.461272,0.982681,0.478182,0.162575,0.676662,0.242699,0.242350,0.019487,0.082578,0.011308,0.138340,0.040865,0.147331
ENSDARG00000060073_17_3,-0.5700,-0.9977,0.875000,0.889453,0.769964,-21.2300,-22.9119,0.625000,0.523326,0.475836,0.392209,0.843512,0.343205,0.805557,0.276876,0.977870,0.983656,0.321990,0.934833,0.220522,0.971248,0.144599,0.980044,0.156288,0.998844,0.370468,0.987383,0.968035,0.886347,0.301692,0.303703,0.164153,0.225306,0.055427,0.357320,0.093393,0.974184,0.805701,0.997408,0.688266,0.991415,0.542706,0.955381,0.992104,0.934613,0.990642,0.936246,0.053898,0.969057,0.019900
ENSDARG00000060073_17_4,-3.3100,-3.7070,0.375000,0.429852,0.514201,-22.4100,-24.0960,0.625000,0.428413,0.451234,0.891257,0.044418,0.893608,0.028497,0.999369,0.038898,0.899340,0.047988,0.901971,0.981241,0.052096,0.810529,0.124585,0.819031,0.122990,0.835351,0.118978,0.795422,0.039993,0.811487,0.907183,0.212904,0.893838,0.171613,0.982590,0.166748,0.942805,0.346750,0.610787,0.284880,0.081485,0.480737,0.254895,0.318359,0.268838,0.384388,0.127607,0.611822,0.169812,0.833618
ENSDARG00000060073_17_5,-2.4600,-2.8370,1.000000,0.838217,0.649546,-23.8500,-24.8889,0.125000,0.160327,0.318735,0.062852,0.037181,0.060375,0.033793,0.075289,0.052285,0.771043,0.993593,0.978560,0.995248,0.956604,0.986071,0.259633,0.040331,0.270217,0.031278,0.289680,0.036847,0.999381,0.932961,0.924093,0.947550,0.637451,0.004954,0.653907,0.001180,0.962600,0.002380,0.768250,0.006898,0.737194,0.129994,0.930274,0.038296,0.869306,0.060693,0.880212,0.962702,0.903989,0.080473
ENSDARG00000060073_17_6,-1.9400,-2.0574,0.875000,0.879968,0.624991,-22.5000,-24.5617,0.375000,0.318617,0.431560,0.088923,0.932409,0.072558,0.921114,0.048681,0.986315,0.072457,0.230692,0.991418,0.124453,0.994987,0.156403,0.993510,0.604594,0.993284,0.350916,0.970447,0.768296,0.086316,0.011112,0.077520,0.004445,0.069971,0.991508,0.084481,0.006196,0.984850,0.004834,0.991618,0.002833,0.992654,0.017161,0.997869,0.991237,0.990195,0.427273,0.998801,0.999256,0.999271,0.100145
ENSDARG00000060073_17_7,-2.9600,-3.3172,0.375000,0.415807,0.530947,-20.1000,-21.8783,0.500000,0.581913,0.389574,0.281065,0.031355,0.139717,0.015697,0.960527,0.020649,0.038827,0.020855,0.026624,0.089780,0.109885,0.427910,0.753669,0.033454,0.999801,0.997689,0.993134,0.799019,0.992389,0.276962,0.997440,0.259937,0.999410,0.162866,0.399029,0.902043,0.070626,0.615503,0.026745,0.547483,0.713965,0.554951,0.041064,0.487226,0.149782,0.483457,0.960274,0.998875,0.964969,0.065765
ENSDARG00000060073_17_8,-0.3200,-1.1469,0.375000,0.619500,0.683092,-16.6800,-19.5874,0.625000,0.490988,0.391124,0.986708,0.152536,0.452031,0.069703,0.434321,0.099078,0.983766,0.115140,0.983566,0.690315,0.989339,0.496631,0.260284,0.188911,0.226248,0.237654,0.484349,0.665824,0.983555,0.647302,0.963022,0.284661,0.958647,0.246829,0.644942,0.269009,0.493931,0.852364,0.484520,0.634079,0.977894,0.641397,0.961550,0.642736,0.777483,0.484396,0.299063,0.210366,0.316616,0.193556
ENSDARG00000060073_17_9,0.0000,-0.2603,1.000000,0.941669,0.898573,-22.5500,-23.7261,0.875000,0.783755,0.384226,0.968831,0.028147,0.971318,0.012862,0.766080,0.012472,0.726008,0.014950,0.722030,0.180528,0.883015,0.141617,0.983701,0.003806,0.982151,0.005773,0.975796,0.992856,0.795576,0.013379,0.806031,0.003559,0.857571,0.004540,0.998165,0.008162,0.881946,0.989814,0.877514,0.703992,0.881719,0.668716,0.900243,0.922795,0.996521,0.992094,0.998315,0.993877,0.998933,0.990587
ENSDARG00000060073_17_10,-4.2800,-4.3719,1.000000,0.996999,0.609613,-19.6500,-22.6034,0.375000,0.256490,0.311486,0.011284,0.177598,0.006203,0.072843,0.006694,0.197450,0.093977,0.441689,0.999989,0.847654,0.999994,0.621101,0.994921,0.609795,0.994240,0.996753,0.089673,0.200731,0.001710,0.003600,0.006311,0.003833,0.011281,0.004756,0.998262,0.144769,0.999717,0.230114,1.000000,0.219191,0.994989,0.207395,0.994955,0.102150,0.994745,0.160780,0.994319,0.200098,0.999007,0.787421
ENSDARG00000060697_9_1,-1.1000,-1.3241,1.000000,0.950820,0.742538,-17.7500,-19.5432,0.625000,0.668994,0.603677,0.264932,0.815419,0.276147,0.797461,0.275125,0.913878,0.999934,0.966444,0.999831,0.863195,0.999227,0.859361,0.999986,0.201013,0.976115,0.108953,0.986372,0.098393,0.157700,0.030297,0.149869,0.871647,0.158972,0.195535,0.999932,0.317689,0.996771,0.208519,0.997057,0.869342,0.986694,0.351029,0.999946,0.916284,0.871904,0.854986,0.874872,0.934248,0.879381,0.899852
ENSDARG00000060697_9_2,-0.9300,-1.7533,0.375000,0.534740,0.548542,-19.7900,-22.4003,0.375000,0.379459,0.413638,0.569409,0.882312,0.333063,0.319706,0.877809,0.385127,0.162767,0.126272,0.182114,0.129500,0.248226,0.225065,0.315132,0.408501,0.832727,0.818595,0.870711,0.568502,0.952912,0.555355,0.952659,0.443035,0.395402,0.375124,0.184002,0.162603,0.165504,0.068150,0.176694,0.083836,0.878651,0.874841,0.319344,0.271159,0.575208,0.214318,0.999086,0.463456,0.979427,0.897310
ENSDARG00000060697_9_3,0.0000,-0.1249,1.000000,0.945122,0.939736,-17.9000,-19.3279,0.500000,0.500580,0.537667,0.998790,0.943620,0.877157,0.218257,0.847675,0.149126,0.838086,0.136245,0.865456,0.141342,0.994489,0.147079,0.989301,0.397526,0.992065,0.964200,0.998201,0.897434,0.997070,0.942531,0.984992,0.924582,0.850457,0.886767,0.858886,0.667275,0.847647,0.246578,0.861166,0.110269,0.999763,0.097347,0.997066,0.134278,0.999172,0.877922,0.998565,0.995695,0.998709,0.875274
ENSDARG00000060697_9_5,-0.4900,-0.8391,0.625000,0.743479,0.793999,-17.9800,-19.9246,0.375000,0.416921,0.500106,0.396419,0.617676,0.313802,0.612389,0.315660,0.592131,0.996423,0.607637,0.995845,0.669455,0.992402,0.901914,0.989719,0.710750,0.993731,0.343372,0.994469,0.269035,0.998194,0.280920,0.973498,0.235697,0.971989,0.825765,0.993739,0.773918,0.984968,0.517748,0.996986,0.375126,0.312653,0.084811,0.316837,0.080637,0.390186,0.106301,0.962547,0.603436,0.989919,0.793394
ENSDARG00000060697_9_6,0.0000,-0.5244,1.000000,0.792958,0.821965,-16.6700,-19.0163,0.375000,0.412782,0.621074,0.729098,0.869138,0.897249,0.795509,0.943251,0.819909,0.622388,0.821587,0.642899,0.904112,0.960234,0.894819,0.624637,0.831625,0.862581,0.970386,0.998245,0.796821,0.996512,0.778754,0.998685,0.304136,0.819859,0.332427,0.688163,0.262899,0.782275,0.030773,0.690173,0.121401,0.719198,0.686288,0.993903,0.987668,0.956597,0.973423,0.627188,0.169894,0.886168,0.069910
ENSDARG00000060697_9_7,0.0000,-0.4744,1.000000,0.941459,0.879038,-19.4400,-20.5584,0.875000,0.803135,0.413835,0.906705,0.987090,0.654447,0.038887,0.707902,0.018224,0.704303,0.013966,0.998812,0.014387,0.999410,0.014463,0.904668,0.024467,0.967278,0.311686,0.871654,0.215994,0.926160,0.169797,0.733416,0.035719,0.674335,0.006941,0.702848,0.029054,0.977986,0.871950,0.999900,0.968245,0.999125,0.848468,0.932572,0.797601,0.921712,0.976835,0.998162,0.972106,0.999364,0.960819
ENSDARG00000060697_9_8,-2.7900,-3.5148,0.375000,0.507294,0.547927,-22.8900,-24.3217,0.500000,0.581824,0.349793,0.966064,0.998505,0.726450,0.989551,0.999020,0.199539,0.401867,0.037328,0.065622,0.011293,0.038675,0.010111,0.043510,0.007294,0.617680,0.005121,0.620979,0.029726,0.999693,0.030747,0.998975,0.011788,0.421657,0.010268,0.397482,0.015259,0.387768,0.019275,0.012703,0.575092,0.330963,0.508980,0.622724,0.997336,0.640874,0.998321,0.665958,0.727844,0.999877,0.812484
ENSDARG00000060697_9_9,-0.3700,-1.8339,0.875000,0.476890,0.531660,-21.5600,-23.5713,0.125000,0.150621,0.401067,0.682933,0.882511,0.421106,0.690589,0.124435,0.379864,0.143013,0.432148,0.508563,0.534454,0.462619,0.764634,0.459672,0.972175,0.516287,0.482520,0.890604,0.364752,0.842877,0.323496,0.847359,0.926172,0.918615,0.063058,0.791880,0.024006,0.441423,0.041364,0.304539,0.063823,0.315069,0.991720,0.530761,0.074615,0.310912,0.003743,0.375798,0.002029,0.744737,0.003669
ENSDARG00000060697_9_10,-4.7000,-4.8157,0.250000,0.259185,0.406624,-20.1700,-21.5389,0.875000,0.585185,0.432635,0.995080,0.108326,0.964084,0.099672,0.990524,0.188857,0.004319,0.586379,0.003322,0.482137,0.006049,0.629806,0.008703,0.628040,0.013306,0.038372,0.080386,0.050902,0.999613,0.383170,0.997243,0.380942,0.996371,0.394623,0.077381,0.631750,0.011521,0.588340,0.009487,0.580694,0.006547,0.584157,0.003792,0.572828,0.006643,0.574738,0.999998,0.996786,0.958112,0.152187
ENSDARG00000060785_7_1,-0.3500,-1.0709,0.500000,0.697460,0.776245,-19.9700,-22.0086,0.125000,0.306489,0.390221,0.901364,0.848597,0.941933,0.826922,0.977048,0.865282,0.998065,0.810350,0.840520,0.176943,0.836672,0.104535,0.817025,0.138520,0.743953,0.155786,0.918288,0.204355,0.913427,0.259878,0.531122,0.750379,0.525793,0.210968,0.531709,0.225116,0.941975,0.857708,0.877026,0.552199,0.929326,0.238386,0.819199,0.229248,0.457076,0.060572,0.424938,0.049151,0.598431,0.239532
ENSDARG00000060785_7_3,-1.8200,-2.2797,0.500000,0.515247,0.611331,-17.2500,-18.9075,0.625000,0.582894,0.591131,0.995777,0.673935,0.992979,0.605362,0.995757,0.759498,0.999487,0.908040,0.295998,0.714297,0.037720,0.536815,0.037624,0.701016,0.039007,0.110705,0.998603,0.395617,0.715658,0.884208,0.996236,0.420423,0.999801,0.449555,0.999866,0.985474,0.999926,0.970884,0.836923,0.922829,0.877098,0.260241,0.037714,0.017919,0.035866,0.021825,0.037985,0.729969,0.296599,0.754007
ENSDARG00000060785_7_4,-3.3500,-3.6545,0.500000,0.461810,0.567491,-20.1000,-21.5472,0.375000,0.382925,0.493095,0.008340,0.610287,0.003365,0.592040,0.003960,0.675329,0.011149,0.732204,0.994725,0.968544,0.660606,0.066950,0.994667,0.047367,0.999171,0.046074,0.998543,0.135863,0.996735,0.989522,0.984176,0.993027,0.999896,0.941292,0.669102,0.935471,0.998650,0.067987,0.010497,0.031335,0.004162,0.990246,0.003639,0.001451,0.008604,0.001195,0.999868,0.037034,0.999962,0.998679
ENSDARG00000060785_7_5,-1.5600,-2.2958,0.375000,0.466073,0.542525,-21.4900,-23.2698,0.500000,0.674721,0.486395,0.503202,0.038739,0.108994,0.003544,0.116112,0.003592,0.718681,0.002949,0.995103,0.008515,0.324048,0.055214,0.319078,0.045711,0.350003,0.912189,0.999015,0.686597,0.976496,0.942735,0.983866,0.812626,0.727316,0.817722,0.727771,0.833431,0.094427,0.874122,0.176824,0.517860,0.298713,0.412133,0.961173,0.410132,0.731741,0.629308,0.357413,0.857386,0.380520,0.863400
ENSDARG00000060785_7_6,0.0000,-0.4725,1.000000,0.977872,0.891047,-16.7400,-18.9247,1.000000,0.792735,0.564929,0.537266,0.050225,0.543746,0.025031,0.999549,0.516113,0.956743,0.420041,0.954458,0.438973,0.961241,0.145414,0.838364,0.208216,0.546085,0.143063,0.686338,0.834360,0.995422,0.949554,0.990662,0.645718,0.988087,0.579982,0.993647,0.687780,0.962283,0.736834,0.956676,0.915506,0.939710,0.785693,0.994544,0.869479,0.987900,0.759924,0.992050,0.790430,0.996167,0.796238
ENSDARG00000060785_7_7,0.0000,-0.4376,1.000000,0.859236,0.863953,-19.5800,-21.0562,0.375000,0.458145,0.452153,0.926722,0.881289,0.774711,0.870008,0.509455,0.931967,0.513413,0.129215,0.999525,0.009262,0.998727,0.008271,0.917917,0.009492,0.999893,0.103799,0.998036,0.362221,0.913908,0.946925,0.911965,0.205615,0.940900,0.919826,0.941321,0.182021,0.989614,0.241358,0.928652,0.880387,0.962236,0.937177,0.903615,0.286501,0.681938,0.153092,0.767765,0.834117,0.698745,0.150508
ENSDARG00000060785_7_8,-0.4800,-1.0208,0.750000,0.775985,0.813027,-17.7800,-19.3528,0.625000,0.696304,0.481773,0.904476,0.161655,0.926998,0.098360,0.988771,0.208687,0.996960,0.231268,0.500055,0.124651,0.477852,0.121531,0.998251,0.915026,0.923700,0.732942,0.748333,0.041719,0.807416,0.215509,0.804847,0.327852,0.975000,0.885833,0.504791,0.869009,0.479214,0.866024,0.999934,0.994248,0.999355,0.994901,0.998861,0.993161,0.832371,0.441299,0.687315,0.203787,0.706044,0.208004
ENSDARG00000060785_7_9,-0.7000,-1.1704,0.500000,0.583906,0.667503,-19.6200,-21.2272,0.375000,0.433247,0.473159,0.863696,0.958242,0.947708,0.910699,0.962997,0.202909,0.960197,0.273033,0.321934,0.954252,0.237050,0.472773,0.207405,0.167441,0.200884,0.932601,0.978753,0.069560,0.998796,0.965559,0.999429,0.044590,0.999960,0.045545,0.166387,0.020022,0.166788,0.054244,0.198903,0.969692,0.308821,0.970978,0.999867,0.973563,0.998396,0.178880,0.997958,0.151395,0.834130,0.147203
ENSDARG00000060785_7_10,-0.6600,-1.4593,0.750000,0.786025,0.686771,-19.0900,-21.0571,0.625000,0.582476,0.473787,0.748916,0.674547,0.518772,0.655905,0.491008,0.348689,0.495182,0.079951,0.621725,0.107331,0.678235,0.715964,0.623437,0.076284,0.675398,0.078400,0.862027,0.141791,0.635685,0.185933,0.589881,0.853501,0.506954,0.897631,0.684516,0.970404,0.680758,0.953924,0.575370,0.030131,0.536767,0.021629,0.869811,0.059018,0.970438,0.960839,0.976869,0.802433,0.993669,0.861431
ENSDARG00000060862_1_1,-2.5500,-2.9059,0.375000,0.401758,0.450197,-20.2700,-22.3877,0.625000,0.477634,0.449417,0.115806,0.235785,0.930933,0.033460,0.059709,0.013576,0.046902,0.008388,0.057012,0.060377,0.103523,0.618305,0.294155,0.794401,0.987220,0.568356,0.987497,0.550486,0.964148,0.690563,0.960202,0.685612,0.282761,0.907947,0.101288,0.874820,0.054036,0.611270,0.043021,0.541614,0.038059,0.450630,0.963760,0.403790,0.075499,0.167425,0.939118,0.194918,0.999285,0.576606
ENSDARG00000060862_1_2,0.0000,-0.5544,1.000000,0.823189,0.781565,-27.7700,-29.0019,0.500000,0.503713,0.334381,0.562212,0.873692,0.810151,0.889890,0.529042,0.190065,0.998234,0.001892,0.624674,0.001229,0.601438,0.002859,0.987175,0.002305,0.924955,0.001418,0.921751,0.002325,0.914110,0.000474,0.556326,0.005871,0.615725,0.685889,0.976058,0.991468,0.696205,0.131307,0.835872,0.001348,0.451799,0.001376,0.765040,0.048203,0.930417,0.998044,0.930855,0.908426,0.999263,0.949529
ENSDARG00000060862_1_3,0.0000,-0.5188,1.000000,0.867161,0.867407,-22.0700,-23.9364,0.875000,0.790361,0.432757,0.812453,0.216836,0.844302,0.200634,0.758151,0.228071,0.918400,0.349622,0.899666,0.013332,0.956889,0.012612,0.977651,0.013349,0.914420,0.027056,0.910827,0.435042,0.821689,0.573503,0.799056,0.150448,0.797347,0.111740,0.671159,0.123479,0.982276,0.984525,0.896211,0.709805,0.944584,0.879401,0.818746,0.872308,0.721995,0.789706,0.922698,0.996612,0.979617,0.967051
ENSDARG00000060862_1_5,-1.7400,-2.1010,0.500000,0.567692,0.641153,-20.0300,-21.7677,0.500000,0.476385,0.581330,0.932484,0.921667,0.847681,0.900299,0.898506,0.806608,0.985178,0.805787,0.205310,0.804333,0.112175,0.815246,0.102981,0.937573,0.329947,0.874951,0.950325,0.871191,0.949444,0.067352,0.996027,0.005305,0.971471,0.005217,0.975499,0.248690,0.999806,0.842182,0.314698,0.550780,0.106434,0.915570,0.138552,0.226902,0.128471,0.019903,0.878094,0.015249,0.999983,0.991803
ENSDARG00000060862_1_6,0.0000,-0.1569,1.000000,0.964497,0.962073,-18.2900,-20.1432,0.500000,0.690165,0.529013,0.933777,0.027973,0.974023,0.023440,0.985248,0.025703,0.976769,0.142719,0.962728,0.876650,0.954066,0.764435,0.950932,0.990421,0.998919,0.199791,0.918857,0.163561,0.884038,0.155456,0.999288,0.906243,0.986839,0.782554,0.965497,0.747553,0.984173,0.761623,0.975706,0.934282,0.883487,0.916331,0.910903,0.465046,0.999393,0.553400,0.999694,0.576170,0.997119,0.566911
ENSDARG00000060862_1_7,-1.8500,-2.4323,0.375000,0.562934,0.590367,-17.5000,-19.8610,0.375000,0.536550,0.481995,0.997036,0.788174,0.975260,0.598705,0.994101,0.455695,0.383657,0.472320,0.028452,0.583912,0.052252,0.344608,0.662344,0.484877,0.251726,0.724474,0.557960,0.362398,0.997619,0.317983,0.857623,0.143934,0.545844,0.070424,0.058213,0.037708,0.208272,0.908545,0.669351,0.382715,0.530261,0.343543,0.522250,0.864415,0.515409,0.328665,0.999728,0.706619,0.999985,0.720189
ENSDARG00000060862_1_8,0.0000,-0.4778,1.000000,0.784548,0.821914,-21.2900,-23.1787,0.625000,0.588456,0.532644,0.943130,0.928109,0.977174,0.411627,0.915077,0.391221,0.675913,0.892272,0.642013,0.903180,0.517486,0.963626,0.571206,0.319097,0.990682,0.010505,0.998942,0.006038,0.989400,0.008549,0.989957,0.116213,0.950914,0.994792,0.581975,0.305673,0.532925,0.153940,0.944047,0.169013,0.688541,0.848424,0.647257,0.417981,0.976348,0.989338,0.907173,0.853736,0.998119,0.969548
ENSDARG00000061308_30_1,0.0000,-0.1236,1.000000,0.951502,0.959484,-20.9700,-23.3373,0.500000,0.380681,0.416131,0.967972,0.828019,0.971931,0.783522,0.975114,0.437839,0.971803,0.392656,0.993872,0.480761,0.892392,0.432128,0.890075,0.418797,0.987963,0.398730,0.977452,0.379769,0.974286,0.624728,0.984614,0.027869,0.990194,0.072361,0.989934,0.978935,0.859056,0.029735,0.871858,0.042403,0.988249,0.141996,0.974576,0.103252,0.989227,0.762060,0.966641,0.335148,0.972471,0.651916
ENSDARG00000061308_30_2,-2.0200,-2.2539,1.000000,0.966420,0.704159,-15.3000,-18.1284,0.625000,0.638392,0.605937,0.830208,0.811698,0.069655,0.415835,0.072542,0.416567,0.144341,0.580653,0.962858,0.813157,0.967908,0.812833,0.998271,0.840725,1.000000,0.961578,0.143686,0.542653,0.076659,0.104883,0.085690,0.138134,1.000000,0.572878,0.815995,0.444338,0.925924,0.597254,0.999705,0.840450,0.995293,0.581376,0.999947,0.750996,0.995034,0.677748,0.999981,0.700125,0.999481,0.514850
ENSDARG00000061308_30_3,-1.5900,-2.2373,0.875000,0.850379,0.668171,-15.9400,-18.4546,0.500000,0.660593,0.574933,0.808923,0.656744,0.720813,0.537055,0.523986,0.554984,0.158985,0.337203,0.233293,0.443225,0.236830,0.569239,1.000000,0.939811,0.861951,0.492824,0.824961,0.393829,0.821385,0.390653,0.213347,0.369495,0.155917,0.528863,0.445213,0.693778,0.855197,0.789888,0.719254,0.353120,0.999926,0.479159,0.784609,0.381536,0.998869,0.992251,0.999972,0.974052,0.999992,0.620956
ENSDARG00000061308_30_4,-1.2000,-1.9519,0.875000,0.851586,0.690543,-14.9700,-17.9819,0.875000,0.724182,0.595673,0.704543,0.531805,0.552448,0.401086,0.778195,0.688190,0.332300,0.441059,0.265307,0.364537,0.273157,0.375953,0.999425,0.861035,0.923905,0.627032,0.916561,0.658515,1.000000,0.790942,0.127583,0.199553,0.124739,0.180302,0.204415,0.264980,1.000000,0.824060,0.642324,0.790220,1.000000,0.976341,0.999968,0.981003,0.966605,0.576150,0.999947,0.701309,0.999431,0.679391
ENSDARG00000061308_30_5,-0.5900,-1.4147,0.500000,0.671794,0.698088,-23.7600,-25.9078,0.125000,0.171563,0.457326,0.884089,0.812296,0.870479,0.782466,0.843492,0.665779,0.823018,0.605866,0.540423,0.350707,0.627302,0.374465,0.538934,0.346163,0.955900,0.664048,0.515451,0.809533,0.683696,0.729779,0.605049,0.822473,0.699572,0.810434,0.982521,0.401697,0.915907,0.919457,0.657189,0.017566,0.720647,0.006878,0.339257,0.007056,0.229602,0.000839,0.548779,0.002344,0.980453,0.016670
ENSDARG00000061308_30_6,-0.0200,-0.8951,0.625000,0.783351,0.776780,-27.4000,-28.0583,0.125000,0.138223,0.317362,0.748274,0.098440,0.838754,0.081079,0.637641,0.046922,0.668281,0.044258,0.982541,0.065432,0.829122,0.119601,0.997708,0.984420,0.989426,0.983921,0.889323,0.990201,0.601452,0.904147,0.530043,0.893264,0.556228,0.029773,0.966439,0.025753,0.754410,0.026636,0.793175,0.020478,0.971904,0.000112,0.470049,0.000864,0.643045,0.999998,0.690875,0.027964,0.976913,0.003979
ENSDARG00000061308_30_7,-1.6900,-2.1774,0.500000,0.542036,0.621193,-18.1200,-20.6583,0.500000,0.659218,0.460993,0.948295,0.742934,0.992596,0.407553,0.965470,0.768456,0.965509,0.248965,0.998115,0.221117,0.610580,0.144992,0.613244,0.222539,0.614279,0.200003,0.086136,0.230098,0.411062,0.252005,0.455876,0.278819,0.426413,0.228641,0.993599,0.582329,0.997883,0.839214,0.976648,0.941702,0.998730,0.896573,0.072426,0.592151,0.072167,0.441633,0.082787,0.492283,0.142045,0.487862
ENSDARG00000061308_30_8,0.0000,-0.4863,1.000000,0.899595,0.863414,-19.5200,-20.7538,0.750000,0.736501,0.541770,0.865697,0.806499,0.782318,0.785437,0.766745,0.991460,0.985836,0.123419,0.964247,0.013723,0.990006,0.007942,0.785246,0.006251,0.702379,0.980643,0.980173,0.091223,0.663082,0.086769,0.781187,0.991625,0.804604,0.058397,0.995877,0.048957,0.976214,0.049636,1.000000,0.973365,0.971087,0.966619,0.809466,0.989604,0.733082,0.902660,0.723448,0.977804,0.987585,0.983359
ENSDARG00000061308_30_9,-2.2100,-2.6678,0.500000,0.473088,0.574007,-16.5700,-19.2272,0.500000,0.556221,0.575187,0.979601,0.670332,0.975303,0.593691,0.064047,0.376603,0.043066,0.420559,0.045449,0.516954,0.168741,0.613679,0.994709,0.785296,0.678742,0.521551,0.794149,0.744122,0.999191,0.705833,0.975549,0.514180,0.976891,0.591179,0.769923,0.421709,0.676149,0.567434,0.994933,0.816032,1.000000,0.868827,0.167019,0.526621,0.042985,0.521245,0.042239,0.402473,0.091454,0.325427
ENSDARG00000061308_30_10,-4.6300,-4.6716,0.500000,0.501692,0.599765,-19.0600,-20.8020,0.250000,0.185543,0.474131,0.009587,0.105458,0.000912,0.096863,0.002388,0.100503,0.002483,0.103191,0.984942,0.958924,0.999118,0.973704,0.998612,0.973081,0.999550,0.984661,1.000000,0.920106,0.999974,0.901685,0.985189,0.888087,0.999018,0.992004,0.001185,0.003264,0.002040,0.005242,0.005575,0.004912,0.014530,0.119288,0.992535,0.337905,0.997687,0.105314,0.999995,0.455145,0.999985,0.453278
ENSDARG00000061685_0_1,0.0000,-0.3706,1.000000,0.884873,0.897583,-20.7400,-22.0136,0.750000,0.743556,0.481455,0.973849,0.125183,0.995958,0.104044,0.981601,0.108215,0.968536,0.232702,0.654935,0.942991,0.730574,0.063361,0.646851,0.013578,0.998487,0.023109,0.997415,0.013509,0.977798,0.120093,0.997391,0.947045,0.949279,0.986817,0.997972,0.252982,0.946056,0.216324,0.998754,0.993898,0.998283,0.997783,0.997593,0.924619,0.694003,0.922345,0.692443,0.700933,0.753881,0.939560
ENSDARG00000061685_0_2,-0.1000,-1.2651,0.750000,0.668802,0.689349,-21.2800,-22.9513,0.625000,0.615787,0.549873,0.638149,0.890830,0.603083,0.863570,0.673712,0.921328,0.873889,0.959100,0.648786,0.409785,0.511327,0.003465,0.592489,0.001954,0.490089,0.002992,0.868009,0.998852,0.949746,0.999576,0.904086,0.015108,0.683194,0.004600,0.355179,0.019545,0.176482,0.006345,0.472315,0.125343,0.771658,0.978055,0.808294,0.873045,0.898509,0.932280,0.884829,0.997387,0.983146,0.994294
ENSDARG00000061685_0_3,-3.1400,-3.4514,0.625000,0.564727,0.640586,-23.8400,-25.8376,0.500000,0.508138,0.355305,0.750368,0.635486,0.746302,0.653821,0.774472,0.151846,0.719708,0.019120,0.890724,0.002177,0.144875,0.003174,0.147368,0.002276,0.235730,0.134379,0.999094,0.763782,0.998225,0.621293,0.996613,0.050506,0.890423,0.003139,0.859820,0.005121,0.824362,0.003584,0.817995,0.008811,0.764552,0.057854,0.048824,0.998571,0.055094,0.996281,0.252533,0.997391,0.894636,0.997493
ENSDARG00000061685_0_4,-3.6100,-3.9896,0.500000,0.555980,0.557353,-20.3100,-22.6748,0.500000,0.499976,0.415501,0.123385,0.310116,0.102211,0.175960,0.952074,0.757574,0.984840,0.688545,0.995259,0.553934,0.999921,0.816205,0.119127,0.367441,0.119029,0.468866,0.988048,0.148103,0.958795,0.014315,0.319803,0.005763,0.036733,0.003384,0.054866,0.004742,0.993263,0.999117,0.995517,0.999496,0.996299,0.995199,0.958152,0.994651,0.041386,0.001080,0.052414,0.001705,0.355941,0.003822
ENSDARG00000061685_0_5,-6.0300,-6.0941,0.375000,0.378849,0.500505,-24.0200,-25.6441,0.250000,0.279116,0.407609,0.998752,0.799303,0.989158,0.782983,0.989191,0.755311,0.983615,0.778528,0.974124,0.874595,0.009547,0.803898,0.000677,0.797278,0.014042,0.282789,0.013673,0.024799,0.032063,0.004393,0.987498,0.006550,0.986965,0.008832,0.987317,0.992513,0.031539,0.025866,0.002432,0.001269,0.003931,0.002540,0.013526,0.009544,0.022965,0.014082,1.000000,0.999403,0.969083,0.187712
ENSDARG00000061685_0_6,-1.8000,-2.0691,0.500000,0.538771,0.636316,-24.8500,-26.9165,0.125000,0.145557,0.435185,0.975118,0.976047,0.966531,0.818492,0.968186,0.838646,0.999847,0.993377,0.999721,0.964032,0.997951,0.946761,0.269813,0.571476,0.107285,0.484424,0.139939,0.936425,0.939306,0.008373,0.106945,0.000237,0.945518,0.000947,0.912650,0.000188,0.965194,0.006579,0.999957,0.035635,0.159860,0.928430,0.947046,0.074953,0.053338,0.017800,0.045128,0.074904,0.226994,0.025968
ENSDARG00000061685_0_7,-0.2900,-1.2942,0.500000,0.683146,0.679089,-28.1700,-29.4673,0.750000,0.779913,0.365661,0.601517,0.989594,0.809090,0.033613,0.637845,0.011368,0.241694,0.004162,0.987699,0.007732,0.550053,0.002095,0.342736,0.000087,0.646452,0.000064,0.998041,0.000026,0.842764,0.000395,0.807922,0.000291,0.650799,0.024494,0.534659,0.083378,0.362883,0.609765,0.801668,0.615522,0.605531,0.995982,0.998520,0.997517,0.786756,0.995370,0.384857,0.957407,0.990296,0.984360
ENSDARG00000061685_0_8,0.0000,-0.7378,1.000000,0.796032,0.804670,-21.4900,-22.9610,0.625000,0.628050,0.425312,0.698836,0.038866,0.656586,0.023760,0.570189,0.020971,0.794301,0.030618,0.986024,0.062191,0.712497,0.995712,0.697125,0.016788,0.987981,0.001551,0.990613,0.146526,0.983621,0.377300,0.996269,0.965959,0.651103,0.801598,0.323607,0.600802,0.389783,0.577897,0.996802,0.235026,0.803042,0.463221,0.927308,0.976647,0.973328,0.973361,0.977927,0.971010,0.976455,0.226435
ENSDARG00000061685_0_9,-1.0800,-1.6617,0.375000,0.568820,0.612026,-19.9900,-21.8421,0.625000,0.554654,0.369683,0.376169,0.951250,0.099296,0.177280,0.074721,0.061687,0.287636,0.102670,0.290143,0.121523,0.996170,0.108308,0.998479,0.103907,0.999865,0.106486,0.997727,0.100763,0.996582,0.103930,0.782905,0.096629,0.790261,0.921997,0.792621,0.089515,0.998625,0.126464,0.294200,0.025388,0.286904,0.824999,0.285610,0.756467,0.311351,0.877860,0.582020,0.866177,0.999232,0.870364
ENSDARG00000061685_0_10,-2.2700,-2.4768,0.500000,0.537393,0.629475,-26.4500,-27.8463,0.375000,0.339357,0.246815,0.991538,0.286105,0.972922,0.024897,0.974473,0.022245,0.975218,0.007660,0.976588,0.002906,0.998196,0.011758,0.992683,0.184502,0.992839,0.354636,0.253640,0.126966,0.055207,0.127735,0.052542,0.873837,0.054505,0.198204,0.996819,0.827705,0.974344,0.047894,0.973679,0.004285,0.968845,0.000173,0.025367,0.000931,0.052808,0.999991,0.049250,0.788032,0.258033,0.045849
ENSDARG00000061976_0_1,-0.0800,-0.8275,1.000000,0.958828,0.825007,-18.0700,-19.9037,0.250000,0.306925,0.419742,0.449926,0.295287,0.454773,0.276398,0.785416,0.341722,0.998836,0.908986,0.973846,0.991042,0.826374,0.456157,0.624922,0.323452,0.711082,0.374841,0.783781,0.750092,0.999846,0.862890,0.608873,0.180750,0.611847,0.177816,0.975054,0.332708,0.954748,0.200419,0.951626,0.799613,0.902648,0.781706,0.916688,0.088957,0.976151,0.067491,0.999980,0.136598,0.993725,0.047910
ENSDARG00000061976_0_2,0.0000,-0.1207,1.000000,0.944807,0.950248,-22.9100,-24.2902,0.125000,0.299675,0.402283,0.996025,0.989608,0.976079,0.648281,0.973152,0.648801,0.944688,0.665400,0.944895,0.640119,0.937011,0.636976,0.994542,0.618097,0.920373,0.014988,0.911858,0.009504,0.907460,0.041126,0.993607,0.368654,0.946807,0.366712,0.947830,0.086912,0.967175,0.014644,0.892704,0.015875,0.877303,0.179591,0.888184,0.251470,0.990084,0.491974,0.997371,0.500171,0.997805,0.856767
ENSDARG00000061976_0_4,0.0000,-0.5802,1.000000,0.797281,0.834285,-22.1800,-24.0730,0.625000,0.638659,0.423519,0.977405,0.971340,0.996604,0.273379,0.992069,0.239134,0.999336,0.403211,0.817705,0.397535,0.643424,0.473271,0.604248,0.032419,0.412581,0.009339,0.887946,0.004640,0.985351,0.002054,0.999189,0.170972,0.991607,0.383820,0.991307,0.524675,0.980323,0.053748,0.596631,0.468303,0.477537,0.091133,0.631323,0.992289,0.851951,0.992655,0.891488,0.990817,0.957686,0.995650
ENSDARG00000061976_0_7,-7.1200,-7.2711,0.250000,0.270477,0.416381,-21.6900,-23.3574,0.250000,0.260841,0.414464,0.146285,0.033681,0.020018,0.019594,0.000375,0.020890,0.000027,0.021812,0.000096,0.083622,0.017257,0.099231,0.993876,0.973832,0.987795,0.972101,0.998112,0.984781,0.999980,0.999105,0.999995,0.998387,0.999997,0.995529,0.979927,0.974388,1.000000,0.996906,0.017089,0.032449,0.000097,0.002280,0.000027,0.005830,0.000202,0.000334,0.021656,0.009936,0.144818,0.064601
ENSDARG00000061976_0_8,-2.7000,-3.1893,0.500000,0.631297,0.609844,-24.0900,-26.0952,0.250000,0.219572,0.301747,0.792956,0.415293,0.759374,0.045408,0.678596,0.014018,0.121503,0.007034,0.195052,0.007481,0.174411,0.983846,0.960101,0.042344,0.433090,0.027159,0.880946,0.041631,0.725871,0.722024,0.723796,0.989389,0.700813,0.982725,0.297823,0.984591,0.964370,0.285117,0.281422,0.008471,0.280387,0.004870,0.290614,0.001227,0.974964,0.005768,0.960825,0.038134,0.999970,0.428401
ENSDARG00000061976_0_9,-2.0600,-2.1600,0.750000,0.744408,0.710434,-19.0000,-20.9913,0.375000,0.398100,0.451284,0.097172,0.370267,0.092217,0.334597,0.099977,0.391726,0.991630,0.790984,0.982929,0.519981,0.982547,0.446491,0.997188,0.459170,0.970261,0.485608,0.970568,0.933255,0.969995,0.558023,0.997376,0.450302,0.101557,0.100480,0.067903,0.070027,0.073839,0.222856,0.969932,0.567848,0.965129,0.485636,0.964579,0.471068,0.994880,0.488644,0.954585,0.485210,0.964421,0.393506
ENSDARG00000062646_0_1,0.0000,-0.7166,1.000000,0.842471,0.797841,-19.7300,-22.1470,0.750000,0.426218,0.362946,0.742718,0.678080,0.701569,0.673214,0.676235,0.349033,0.678626,0.070890,0.826369,0.086751,0.816034,0.613724,0.733563,0.069376,0.739050,0.101185,0.950767,0.126723,0.983371,0.268677,0.808744,0.714902,0.560004,0.096619,0.540037,0.063207,0.651236,0.079721,0.844483,0.586757,0.878665,0.494460,0.913613,0.754097,0.935730,0.400808,0.981913,0.397927,0.994096,0.632764
ENSDARG00000062646_0_2,-4.8300,-4.9675,0.750000,0.737883,0.605462,-19.4500,-21.1418,0.375000,0.456980,0.489329,0.003480,0.027208,0.000469,0.007155,0.001245,0.015246,0.152438,0.150175,0.929825,0.948444,0.999912,0.993605,0.978961,0.965023,0.990141,0.964593,0.999895,0.999476,0.998729,0.970348,0.108162,0.076265,0.042918,0.013199,0.037756,0.016740,0.042472,0.043314,0.963768,0.402207,0.990094,0.725064,0.962808,0.271159,0.956745,0.437252,0.956431,0.844606,0.992994,0.915497
ENSDARG00000062646_0_4,-1.4500,-1.5632,1.000000,0.997809,0.730508,-19.2700,-21.3793,0.250000,0.425616,0.459972,0.091969,0.294527,0.090104,0.312795,0.137313,0.311469,0.998831,0.864445,0.998868,0.845543,0.999973,0.775062,0.999704,0.806366,0.994896,0.574971,0.143768,0.103418,0.089322,0.175648,0.088677,0.296177,0.994270,0.434081,0.999219,0.932191,0.998656,0.253873,0.999434,0.260408,0.999930,0.284944,0.997203,0.442167,0.998863,0.992827,0.992569,0.155669,0.996600,0.082852
ENSDARG00000062646_0_5,-0.1900,-0.9883,0.250000,0.524582,0.617425,-21.0900,-22.2025,0.125000,0.221631,0.336345,0.568397,0.003216,0.423512,0.000732,0.458238,0.001162,0.999123,0.003087,0.384061,0.031344,0.319889,0.010198,0.291879,0.026983,0.821133,0.962032,0.946587,0.960879,0.960462,0.969287,0.992367,0.994650,0.986201,0.990268,0.857373,0.990472,0.918862,0.298042,0.386910,0.126735,0.337024,0.083812,0.330607,0.068933,0.386591,0.095467,0.367510,0.078609,0.611777,0.030981
ENSDARG00000062646_0_6,-2.3500,-2.6201,0.625000,0.612041,0.601945,-19.2500,-21.3048,0.375000,0.261317,0.469446,0.811299,0.977050,0.978981,0.765682,0.031102,0.708435,0.027400,0.350915,0.052541,0.356954,0.138543,0.556756,0.992337,0.587792,0.992673,0.624985,0.999288,0.623208,0.993561,0.782109,0.992361,0.409199,0.132477,0.555309,0.050920,0.529788,0.046411,0.528517,0.039716,0.016986,0.977482,0.021310,0.995424,0.017791,0.791313,0.039438,0.995432,0.759400,0.999631,0.177302
ENSDARG00000062646_0_7,-2.7500,-3.4916,0.375000,0.395214,0.430402,-18.7400,-20.6080,0.375000,0.425676,0.601225,0.036478,0.738634,0.021412,0.649153,0.435620,0.816719,0.200496,0.815913,0.132096,0.836326,0.217667,0.859177,0.333044,0.939735,0.955412,0.922656,0.993257,0.773963,0.997181,0.796581,0.992503,0.427864,0.131156,0.042365,0.026850,0.032445,0.024195,0.050017,0.071473,0.803673,0.660539,0.497250,0.033792,0.036847,0.352411,0.071686,0.992493,0.958038,0.999961,0.955448
ENSDARG00000062646_0_8,-2.0500,-3.4398,0.125000,0.294211,0.432991,-20.4800,-22.1934,0.750000,0.802527,0.433456,0.982209,0.056018,0.815484,0.031323,0.428841,0.980091,0.327401,0.067695,0.019337,0.008025,0.047498,0.003661,0.216318,0.004816,0.190283,0.006314,0.357644,0.018946,0.939368,0.981150,0.990472,0.045531,0.991271,0.045324,0.391614,0.297021,0.266240,0.533455,0.072318,0.960308,0.247680,0.979726,0.249054,0.926206,0.380038,0.876898,0.156288,0.881060,0.590458,0.965545
ENSDARG00000062646_0_9,0.0000,-0.2081,1.000000,0.960403,0.957131,-21.6100,-23.3982,0.625000,0.680453,0.464052,0.971848,0.925705,0.952761,0.906406,0.959455,0.300702,0.993945,0.287059,0.982959,0.282041,0.996654,0.484555,0.998730,0.280988,0.930133,0.112957,0.738182,0.002946,0.945056,0.128199,0.990877,0.032138,0.998797,0.093707,0.985716,0.749127,0.925605,0.947298,0.864454,0.242857,0.933537,0.202671,0.987184,0.318617,0.996770,0.994515,0.993255,0.997766,0.996703,0.990775
ENSDARG00000062646_0_10,-0.2100,-0.9764,1.000000,0.727569,0.720136,-21.3900,-23.6907,0.750000,0.283339,0.480504,0.691827,0.575200,0.551716,0.526003,0.821714,0.698508,0.871954,0.577368,0.648324,0.636098,0.684944,0.552525,0.825009,0.408931,0.280735,0.569466,0.299683,0.561851,0.953635,0.826681,0.955990,0.849324,0.996626,0.561413,0.761169,0.407924,0.655708,0.410300,0.995797,0.177792,0.635494,0.205589,0.596248,0.124342,0.789008,0.904965,0.654167,0.026567,0.732963,0.009236
ENSDARG00000062976_8_1,-3.4200,-3.6687,0.375000,0.436159,0.539645,-21.9000,-24.0900,0.250000,0.190277,0.278463,0.990592,0.976826,0.195930,0.112959,0.143884,0.087357,0.012116,0.004277,0.060240,0.003536,0.037109,0.002332,0.958520,0.115853,0.999663,0.969480,0.999402,0.975016,0.998967,0.131951,0.958340,0.122991,0.948863,0.544456,0.087750,0.448502,0.004535,0.000863,0.006210,0.000129,0.937262,0.000832,0.206110,0.000556,0.249623,0.010312,0.998064,0.998772,0.999714,0.062254
ENSDARG00000062976_8_2,-4.8200,-5.3341,0.625000,0.509106,0.418952,-21.4900,-23.2205,0.125000,0.165199,0.447464,0.532209,0.824593,0.530489,0.789863,0.006260,0.771741,0.001539,0.920830,0.001601,0.888637,0.007269,0.412022,0.111029,0.310169,0.999656,0.361867,0.999186,0.757011,0.999426,0.718464,0.110658,0.808817,0.006868,0.063665,0.001396,0.004249,0.001652,0.002661,0.006928,0.002632,0.999900,0.035193,0.546846,0.150334,0.534119,0.112078,0.985315,0.087699,0.996690,0.926745
ENSDARG00000062976_8_3,-1.2200,-1.4737,1.000000,0.969101,0.739258,-22.0300,-23.4033,0.875000,0.820732,0.395298,0.973912,0.305058,0.168962,0.179319,0.158807,0.179201,0.265195,0.181232,0.961565,0.150710,0.969298,0.060332,0.977088,0.049856,0.959393,0.078702,0.266554,0.023754,0.184468,0.009234,0.179907,0.006831,0.967214,0.115881,0.965718,0.798849,0.968730,0.824245,0.993769,0.975205,0.941959,0.970286,0.917008,0.874056,0.981135,0.999473,0.985642,0.999574,0.998844,0.124170
ENSDARG00000062976_8_4,-0.7200,-1.4220,0.250000,0.437720,0.546480,-20.1600,-22.6705,0.375000,0.431736,0.487616,0.983577,0.660356,0.972937,0.545311,0.414331,0.715080,0.206152,0.714188,0.177232,0.925137,0.161541,0.322324,0.168969,0.037998,0.442207,0.037430,0.940667,0.030332,0.997082,0.954437,0.984299,0.495545,0.978850,0.860297,0.979635,0.871893,0.997416,0.067570,0.425705,0.097289,0.125834,0.116133,0.161800,0.994844,0.179663,0.993894,0.204634,0.288032,0.427071,0.024229
ENSDARG00000062976_8_5,-0.3900,-1.2580,0.250000,0.550044,0.625541,-25.1400,-26.3274,0.250000,0.251392,0.517495,0.336810,0.788443,0.200564,0.192881,0.311776,0.181781,0.940048,0.330035,0.991273,0.953541,0.577357,0.961711,0.411988,0.977954,0.508539,0.988916,0.998704,0.983022,0.998304,0.980102,0.923967,0.989347,0.911138,0.011023,0.453386,0.003766,0.430125,0.001635,0.588870,0.000042,0.270978,0.000143,0.261422,0.000246,0.445174,0.013321,0.971410,0.998986,0.978987,0.992997
ENSDARG00000062976_8_6,-1.6300,-2.1427,0.625000,0.577350,0.690629,-21.9000,-23.3416,0.250000,0.314373,0.567636,0.932317,0.862041,0.993953,0.887786,0.940822,0.902160,0.910744,0.899347,0.969623,0.782240,0.999976,0.783152,0.999960,0.945664,0.999900,0.898328,0.990836,0.916732,0.211871,0.813391,0.130737,0.095200,0.113032,0.051690,0.645483,0.066551,0.999018,0.108585,1.000000,0.108553,0.920577,0.917972,0.590660,0.152410,0.141379,0.120351,0.079978,0.135047,0.241704,0.905512
ENSDARG00000062976_8_7,-1.8100,-2.2159,0.500000,0.486430,0.568398,-18.4200,-20.6102,0.125000,0.290223,0.509731,0.080667,0.676023,0.051009,0.616615,0.089951,0.607128,0.850612,0.531597,0.910618,0.657295,0.127136,0.644759,0.781022,0.682522,0.796868,0.879609,0.999267,0.674529,0.985906,0.601863,0.895392,0.495130,0.908078,0.805762,0.764012,0.300821,0.177579,0.085410,0.683313,0.087400,0.999319,0.319167,0.114720,0.289620,0.096765,0.656732,0.081156,0.168597,0.974577,0.414038
ENSDARG00000062976_8_8,-0.3300,-1.1438,1.000000,0.802125,0.742420,-19.2200,-21.2339,0.625000,0.627485,0.479319,0.293093,0.170856,0.273113,0.068463,0.814723,0.094509,0.810675,0.177207,0.965402,0.948307,0.715036,0.111234,0.425837,0.109457,0.666909,0.183290,0.858805,0.538010,0.945493,0.576056,0.846418,0.810701,0.815904,0.778408,0.759426,0.828252,0.812149,0.820405,0.672560,0.461070,0.688678,0.511156,0.950455,0.849986,0.762040,0.614797,0.774262,0.718004,0.997427,0.216213
ENSDARG00000062976_8_9,-5.6100,-5.6991,0.875000,0.859406,0.507675,-20.5500,-22.6915,0.500000,0.464671,0.415293,0.068176,0.403225,0.044485,0.287221,0.043249,0.299975,0.041808,0.260678,0.059193,0.581643,0.999868,0.827408,0.962638,0.446708,0.959798,0.413360,0.022285,0.166059,0.000619,0.005194,0.021251,0.222284,0.054890,0.674729,0.070704,0.430022,0.992527,0.656536,0.998560,0.541586,0.979168,0.655016,0.956102,0.140365,0.956678,0.216058,0.959198,0.537458,0.962311,0.540328
ENSDARG00000062976_8_10,0.0000,-0.1425,1.000000,0.964548,0.952217,-13.8200,-16.3895,0.750000,0.634362,0.691250,0.893631,0.684814,0.886276,0.663972,0.933721,0.803860,0.982733,0.881677,0.985367,0.902876,0.991574,0.934288,0.928583,0.831963,0.917995,0.754585,0.892310,0.738274,0.979948,0.534429,0.967901,0.534119,0.967920,0.485242,0.951941,0.747201,0.969460,0.368482,0.967017,0.390427,0.958483,0.700743,0.994757,0.897961,0.973028,0.891471,0.942194,0.532022,0.959504,0.546589
ENSDARG00000063150_6_1,0.0000,-0.7108,1.000000,0.882189,0.775430,-20.4600,-22.4574,0.750000,0.691533,0.432529,0.907726,0.019663,0.463486,0.004322,0.464842,0.001656,0.538748,0.002204,0.722825,0.001519,0.907487,0.000404,0.920994,0.010113,0.956351,0.995616,0.956764,0.366170,0.684049,0.759480,0.491422,0.757995,0.436396,0.199163,0.483330,0.271838,0.992755,0.977921,0.930973,0.932686,0.936476,0.792045,0.861678,0.442050,0.920200,0.995719,0.963432,0.993637,0.968666,0.126370
ENSDARG00000063150_6_2,-2.6200,-3.5659,0.375000,0.436679,0.546916,-25.2600,-27.5319,0.250000,0.304665,0.375461,0.979330,0.767544,0.835181,0.860103,0.708011,0.742201,0.473986,0.365131,0.209671,0.500142,0.065469,0.547508,0.298302,0.290728,0.319415,0.969590,0.608613,0.008796,0.972796,0.006129,0.998446,0.006255,0.975681,0.007772,0.999976,0.207075,0.999972,0.186922,0.999997,0.944864,0.009800,0.388466,0.008878,0.686262,0.006755,0.014823,0.072117,0.004895,0.395933,0.004013
ENSDARG00000063150_6_3,-2.5300,-2.7342,0.750000,0.745482,0.620548,-23.1800,-24.7033,0.375000,0.532309,0.466102,0.965258,0.797452,0.968246,0.696203,0.138440,0.870111,0.069562,0.094787,0.071142,0.084884,0.164237,0.653772,0.988808,0.413241,0.989846,0.428471,0.983207,0.629634,0.975273,0.027356,0.113240,0.003015,0.019843,0.364641,0.020102,0.022015,0.142067,0.177366,0.999336,0.683838,0.965217,0.971561,0.952607,0.919485,0.952376,0.963677,0.955063,0.486092,0.977090,0.034443
ENSDARG00000063150_6_4,-3.7900,-4.6854,0.875000,0.716575,0.573206,-20.4400,-22.8764,0.500000,0.441405,0.399177,0.316520,0.440518,0.304717,0.148470,0.377852,0.175525,0.501834,0.309337,0.762693,0.523745,0.985039,0.558194,0.680149,0.637018,0.653301,0.614795,0.589440,0.553562,0.299012,0.231505,0.136789,0.136769,0.124179,0.122854,0.392322,0.390422,0.871640,0.853921,0.999995,0.924446,0.648992,0.275825,0.729554,0.322141,0.624117,0.183854,0.738769,0.396593,0.727213,0.184041
ENSDARG00000063150_6_5,-0.6900,-1.5725,0.375000,0.580963,0.643158,-25.4100,-26.5797,0.000000,0.045545,0.279320,0.995760,0.995967,0.805574,0.998214,0.433108,0.998088,0.210718,0.155001,0.195505,0.008837,0.452642,0.008743,0.970355,0.007348,0.871818,0.014694,0.702884,0.980936,0.988080,0.910091,0.791235,0.078930,0.797784,0.065195,0.892903,0.051166,0.236342,0.004710,0.996342,0.000830,0.998256,0.008440,0.450790,0.255428,0.411022,0.031240,0.323820,0.006330,0.338228,0.006213
ENSDARG00000063150_6_6,-0.5800,-1.6178,0.500000,0.605658,0.642586,-17.9900,-20.0810,1.000000,0.795318,0.572527,0.192150,0.442971,0.172013,0.352816,0.195868,0.323194,0.806880,0.333720,0.429227,0.456853,0.674673,0.069810,0.981418,0.197444,0.988186,0.666604,0.980899,0.632080,0.799880,0.608682,0.788657,0.465938,0.996615,0.537877,0.814942,0.597403,0.998993,0.929981,0.422933,0.866885,0.989481,0.967352,0.688365,0.869444,0.202898,0.683452,0.201161,0.696468,0.526488,0.751554
ENSDARG00000063150_6_7,-3.2400,-3.5281,0.625000,0.708343,0.676747,-19.8900,-22.0378,0.625000,0.475093,0.395094,0.766796,0.828883,0.109222,0.337674,0.133214,0.414122,0.082190,0.422364,0.979170,0.479043,0.912263,0.453504,0.903381,0.091576,0.702224,0.022325,0.761705,0.027133,0.869866,0.439993,0.768560,0.128075,0.879605,0.456439,0.331609,0.258163,0.336900,0.121798,0.249181,0.143321,0.902245,0.615926,0.911895,0.652589,0.990040,0.479505,0.945926,0.897171,0.998947,0.632273
ENSDARG00000063150_6_8,-2.4600,-2.8373,0.500000,0.462645,0.569830,-22.0400,-24.1265,0.250000,0.343422,0.320983,0.997441,0.691387,0.994430,0.459294,0.983463,0.445234,0.995627,0.464706,0.974396,0.939822,0.593309,0.120957,0.032361,0.009203,0.051501,0.008359,0.030215,0.060529,0.051398,0.048129,0.995378,0.276769,0.995909,0.147896,0.998595,0.038011,0.981181,0.004968,0.994519,0.026824,0.017495,0.006524,0.020029,0.921473,0.024900,0.539457,0.040841,0.527394,0.623605,0.682723
ENSDARG00000063150_6_9,0.0000,-0.7748,1.000000,0.896098,0.805262,-20.1900,-21.4240,0.625000,0.644296,0.503568,0.379031,0.178839,0.310042,0.172830,0.424761,0.035732,1.000000,0.030862,0.985009,0.049725,0.956298,0.134427,0.997270,0.748930,0.994147,0.788000,0.980786,0.788633,0.870754,0.807768,0.672373,0.828355,0.365982,0.352894,0.420954,0.308248,0.853545,0.261443,0.988670,0.304161,0.968823,0.907392,0.982966,0.961432,0.973981,0.801808,0.980325,0.769034,0.999522,0.840850
ENSDARG00000063150_6_10,-7.3200,-7.4804,0.625000,0.635630,0.412569,-21.7900,-23.3571,0.375000,0.444612,0.410736,0.038348,0.616123,0.036230,0.597343,0.022313,0.137463,0.001350,0.081614,0.000619,0.101979,0.028850,0.567826,0.999242,0.883592,1.000000,0.988136,0.999138,0.423961,0.038282,0.039111,0.000729,0.089277,0.001230,0.131395,0.012112,0.137586,1.000000,0.441943,0.129349,0.069188,0.052206,0.130037,0.891757,0.260814,0.999983,0.917179,0.999852,0.836809,0.999780,0.763340
ENSDARG00000063258_0_1,-2.8800,-3.3392,0.500000,0.522938,0.618014,-19.8300,-21.9056,0.625000,0.508510,0.440198,0.997804,0.382269,0.997965,0.095049,0.946608,0.091910,0.801770,0.090488,0.323086,0.133170,0.108436,0.173254,0.028612,0.203380,0.028778,0.109585,0.978064,0.823365,0.982387,0.834351,0.983290,0.839325,0.999973,0.959733,0.999535,0.948668,0.999574,0.926210,0.014296,0.130496,0.008871,0.088666,0.058246,0.282760,0.282073,0.594211,0.941691,0.652180,0.879220,0.444889
ENSDARG00000063258_0_3,-2.1100,-2.8658,0.250000,0.512469,0.497689,-18.5300,-20.8674,0.250000,0.229342,0.461175,0.786767,0.881858,0.290612,0.842058,0.080207,0.851510,0.588867,0.577663,0.042846,0.558625,0.146928,0.551253,0.429230,0.442583,0.626765,0.441267,0.986272,0.488772,0.702676,0.491690,0.586229,0.319633,0.586639,0.941849,0.238424,0.058758,0.999584,0.106332,0.206339,0.058649,0.310754,0.083981,0.412214,0.320858,0.979024,0.498319,0.469592,0.318547,0.483819,0.389293
ENSDARG00000063258_0_4,-0.4500,-1.1808,0.750000,0.774638,0.817384,-20.3700,-22.2916,0.625000,0.615241,0.544150,0.986248,0.757304,0.995301,0.561266,1.000000,0.279249,0.635036,0.401071,0.478321,0.418381,0.959114,0.203040,0.610706,0.116308,0.507954,0.663170,1.000000,0.757379,0.988210,0.594046,0.989689,0.595032,1.000000,0.614824,0.950716,0.930669,0.946905,0.050682,0.247176,0.033285,0.187567,0.016095,1.000000,0.962936,0.904884,0.960394,0.959856,0.996511,1.000000,0.971356
ENSDARG00000063258_0_5,0.0000,-0.0854,1.000000,0.959774,0.959053,-19.6300,-21.9269,0.750000,0.502912,0.457161,0.998620,0.879090,0.918069,0.307187,0.906212,0.306847,0.903423,0.321275,0.908504,0.763553,0.995283,0.430797,0.988306,0.751832,0.994958,0.322410,0.984231,0.198791,0.971131,0.286679,0.968013,0.308946,0.966117,0.242515,0.996547,0.258075,0.991392,0.109833,0.930013,0.688651,0.924353,0.722209,0.918290,0.329732,0.926181,0.344284,0.995993,0.790952,0.995422,0.779558
ENSDARG00000063258_0_7,0.0000,-0.3045,1.000000,0.934387,0.920722,-17.0400,-19.0782,0.375000,0.351300,0.613593,0.885816,0.777735,0.836223,0.774101,0.925072,0.703032,0.966565,0.659206,0.916920,0.746644,0.968953,0.866646,0.998076,0.835687,0.999619,0.882580,0.829258,0.822666,0.744455,0.887119,0.918628,0.782500,0.949754,0.723543,0.999886,0.730620,0.999792,0.177076,0.874102,0.039205,0.809647,0.259134,0.898739,0.036029,0.940235,0.019600,0.971449,0.797766,0.981244,0.750973
ENSDARG00000063258_0_8,-1.7400,-2.3359,0.500000,0.526999,0.579959,-20.3000,-22.7152,1.000000,0.671358,0.482226,0.986359,0.312814,0.207803,0.276754,0.144253,0.238003,0.183535,0.195622,0.197948,0.194241,0.684142,0.061491,0.620889,0.095983,0.843697,0.609654,0.862058,0.377120,0.971877,0.640001,0.984737,0.747502,0.695893,0.524465,0.998800,0.522827,0.638669,0.514834,0.984566,0.940576,0.181402,0.702719,0.178484,0.688456,0.126262,0.636151,0.168785,0.588665,0.939024,0.776635
ENSDARG00000063258_0_9,-1.5200,-2.1385,0.500000,0.626677,0.604864,-19.1800,-21.8758,0.500000,0.513856,0.478653,0.534256,0.692337,0.943720,0.667707,0.328054,0.532784,0.975718,0.489620,0.161510,0.446731,0.138064,0.661129,0.217843,0.859772,0.922625,0.639423,0.857893,0.265315,0.916780,0.036329,0.945041,0.016740,0.142372,0.154314,0.167496,0.232206,0.116399,0.525981,0.918427,0.616203,0.321370,0.610340,0.990406,0.266345,0.513806,0.246536,0.994538,0.689239,0.990973,0.923999
ENSDARG00000063258_0_10,0.0000,-0.0658,1.000000,0.992181,0.987795,-17.4900,-19.3318,0.500000,0.547064,0.606018,0.938207,0.587985,0.996269,0.415350,0.995777,0.539636,0.999017,0.583011,0.999287,0.558016,0.923443,0.548137,0.995042,0.789794,0.992282,0.561704,0.987069,0.785302,0.997968,0.803784,0.994913,0.715927,0.999183,0.855207,0.996457,0.925287,0.995673,0.962625,0.986538,0.291387,0.996761,0.250583,0.999390,0.881317,0.990101,0.862581,0.983352,0.121817,0.989176,0.080912
ENSDARG00000063332_1_1,-1.0400,-1.8343,0.500000,0.563605,0.626047,-18.4500,-20.1891,0.625000,0.548622,0.421162,0.133543,0.968677,0.077646,0.939222,0.125953,0.950727,0.303129,0.202384,0.766984,0.076865,0.999535,0.095719,0.958241,0.085265,0.948734,0.089102,0.953656,0.084245,0.855536,0.186683,0.892586,0.225962,0.996546,0.129414,0.276001,0.035261,0.298905,0.035019,0.461388,0.263463,0.095422,0.607231,0.380983,0.924919,0.996648,0.846981,0.999773,0.848040,0.999722,0.828064
ENSDARG00000063332_1_2,-4.5300,-4.8770,0.250000,0.360053,0.449492,-21.7800,-24.7074,0.125000,0.201188,0.278674,0.145736,0.797206,0.018594,0.744606,0.022921,0.795315,0.989430,0.874192,0.028141,0.148797,0.024421,0.293582,0.297412,0.103129,0.997523,0.067101,0.996238,0.064863,0.980195,0.044997,0.804297,0.008538,0.804499,0.021643,0.292017,0.074108,0.027870,0.246082,0.033279,0.424213,0.843749,0.188945,0.194951,0.113827,0.190214,0.068147,0.300627,0.077909,0.997721,0.416271
ENSDARG00000063332_1_3,-1.8900,-2.3925,1.000000,0.878539,0.669664,-16.8700,-19.8117,0.500000,0.505384,0.433721,0.187491,0.253322,0.054355,0.113679,0.144575,0.170756,0.899579,0.605758,0.874161,0.706749,0.874046,0.719376,0.383768,0.359508,0.219707,0.328364,0.233587,0.127015,0.755316,0.437241,0.845322,0.436316,0.893069,0.373259,0.906046,0.340833,0.838560,0.324935,0.987846,0.284320,0.761520,0.924401,0.722132,0.654010,0.904200,0.738213,0.946803,0.624571,0.961204,0.151785
ENSDARG00000063332_1_4,-5.3100,-5.3601,0.375000,0.379945,0.404772,-19.0000,-20.7712,0.125000,0.228332,0.361021,0.014716,0.318676,0.004137,0.308030,0.001851,0.312170,0.011045,0.313593,0.998628,0.955344,0.009051,0.299628,0.009235,0.046647,0.999944,0.708008,0.999789,0.698984,0.999628,0.697930,0.999636,0.690550,0.008222,0.044207,0.008837,0.048679,0.999932,0.700479,0.010983,0.031402,0.001658,0.037122,0.004952,0.077646,0.013676,0.214906,0.999809,0.352268,0.999716,0.364155
ENSDARG00000063332_1_5,-6.5000,-6.5552,0.500000,0.505965,0.405467,-19.7100,-21.8549,0.500000,0.424102,0.461290,0.022276,0.509862,0.010258,0.504796,0.014338,0.452620,0.004193,0.443260,0.000128,0.491184,0.003520,0.401733,0.999993,0.879286,0.999987,0.639333,0.999987,0.609277,0.999987,0.628354,0.006833,0.264668,0.000127,0.008608,0.000889,0.008064,0.999997,0.461663,0.007662,0.013957,0.014401,0.047718,0.024782,0.461846,0.999998,0.844248,0.999991,0.823858,0.999999,0.731459
ENSDARG00000063332_1_6,0.0000,-0.3889,1.000000,0.902924,0.892494,-21.9500,-23.4131,0.625000,0.480674,0.480355,0.984575,0.957758,0.996730,0.433556,0.833718,0.428132,0.909390,0.942708,0.571611,0.738193,0.695236,0.388983,0.994364,0.726022,0.996648,0.081519,0.992138,0.266744,0.975920,0.057109,0.956519,0.730065,0.719635,0.010932,0.773848,0.009296,0.961352,0.064771,0.704962,0.048442,0.911115,0.742199,0.996733,0.742517,0.995020,0.737004,0.951632,0.751642,0.928731,0.749520
ENSDARG00000063332_1_7,0.0000,-0.6509,1.000000,0.802058,0.832561,-17.6500,-19.5506,0.375000,0.432603,0.405030,0.975426,0.801750,0.937700,0.785635,0.954930,0.186509,0.956647,0.090734,0.901348,0.073290,0.964445,0.279825,0.675594,0.313090,0.431883,0.527856,0.466137,0.829468,0.988150,0.306534,0.991418,0.225085,0.991067,0.219994,0.995575,0.221272,0.994541,0.221954,0.963440,0.187747,0.440965,0.108413,0.445862,0.801713,0.668392,0.846163,0.959781,0.886944,0.947910,0.186614
ENSDARG00000063332_1_8,-1.5900,-1.8794,0.625000,0.645873,0.562457,-21.0800,-22.5405,0.375000,0.387440,0.409804,0.310144,0.335004,0.188871,0.334571,0.188614,0.213141,0.977832,0.201874,0.117911,0.248877,0.108543,0.356653,0.924720,0.805631,0.929477,0.787514,0.878753,0.739413,0.238800,0.182260,0.225833,0.825279,0.992657,0.066345,0.215160,0.019033,0.082916,0.011622,0.167959,0.219343,0.875935,0.046999,0.877941,0.298522,0.977201,0.998683,0.972762,0.697062,0.997107,0.808256
ENSDARG00000063332_1_9,-0.3800,-1.0899,0.500000,0.581705,0.655007,-21.1600,-22.9906,0.125000,0.165679,0.514733,0.985681,0.953302,0.893145,0.951305,0.893093,0.922825,0.835909,0.918833,0.786009,0.879579,0.763098,0.751244,0.328566,0.703785,0.298419,0.920134,0.271230,0.964307,0.553478,0.410778,0.917731,0.246219,0.920145,0.346916,0.920512,0.544817,0.692287,0.198912,0.693627,0.008238,0.639435,0.013756,0.389910,0.435606,0.368158,0.091239,0.440310,0.025952,0.509400,0.006910
ENSDARG00000063332_1_10,0.0000,-0.4316,1.000000,0.885612,0.873105,-22.5900,-24.7632,0.375000,0.352672,0.397374,0.831802,0.664843,0.823045,0.554316,0.811694,0.595977,0.946136,0.960383,0.918277,0.032169,0.970429,0.020664,0.980996,0.023422,0.906502,0.134743,0.650096,0.992518,0.578690,0.092004,0.979807,0.096892,0.979726,0.958179,0.978502,0.774935,0.978917,0.935518,0.735498,0.931214,0.759543,0.083413,0.922862,0.055635,0.873183,0.000629,0.876122,0.013640,0.960267,0.026387
ENSDARG00000063719_8_1,-3.3400,-3.6136,0.500000,0.467454,0.573632,-21.1200,-22.9621,0.625000,0.485010,0.565533,0.017190,0.299729,0.009321,0.159996,0.017801,0.215868,0.010883,0.909901,0.983204,0.419838,0.705738,0.387532,0.999844,0.590752,0.998794,0.845343,0.993409,0.702264,0.996837,0.962255,0.999988,0.963291,0.999992,0.973803,0.999997,0.934934,0.713340,0.921242,0.011202,0.873695,0.004978,0.887149,0.005514,0.248247,0.014222,0.004877,0.992261,0.005639,0.998118,0.004297
ENSDARG00000063719_8_2,-0.9900,-1.4021,0.625000,0.725723,0.747034,-16.8500,-19.0750,0.250000,0.503221,0.555210,0.815191,0.767144,0.137541,0.394598,0.278473,0.513957,0.457944,0.460485,0.894037,0.548155,0.898677,0.925713,0.980331,0.378490,0.999201,0.386939,0.836529,0.262894,0.836972,0.606379,1.000000,0.939387,1.000000,0.894288,0.353151,0.571929,0.302134,0.301019,0.408443,0.320377,1.000000,0.398720,0.881842,0.324467,0.862737,0.281416,0.998258,0.956299,0.999221,0.871543
ENSDARG00000063719_8_3,-3.3500,-3.4389,0.500000,0.522046,0.613571,-20.6100,-22.9004,0.375000,0.412768,0.514794,0.087298,0.937323,0.085569,0.881218,0.054341,0.877927,0.048184,0.692629,0.998488,0.401493,0.984318,0.430032,0.981448,0.540606,0.981243,0.483602,0.972883,0.617915,0.950569,0.374108,0.950913,0.320747,0.999802,0.436137,0.074625,0.309735,0.073546,0.284403,1.000000,0.624564,0.036985,0.031948,0.042214,0.057404,0.953988,0.058731,0.995011,0.985843,1.000000,0.949518
ENSDARG00000063719_8_4,0.0000,-0.8827,1.000000,0.866734,0.837858,-20.9900,-22.8719,0.250000,0.252420,0.533781,0.991844,0.990898,0.735838,0.906136,0.515558,0.896159,0.529143,0.971178,0.691568,0.866709,1.000000,0.868229,0.982775,0.698318,0.966827,0.514519,1.000000,0.300340,0.715075,0.325281,0.694655,0.326974,1.000000,0.991526,0.552229,0.002415,0.552284,0.000892,1.000000,0.002156,0.930548,0.999756,1.000000,0.999744,1.000000,0.011243,0.951159,0.001007,0.947655,0.002150
ENSDARG00000063719_8_5,-0.5500,-0.8108,1.000000,0.991324,0.855328,-16.7300,-18.3914,0.375000,0.414948,0.589945,0.301820,0.333896,0.309058,0.327922,1.000000,0.922351,0.991359,0.911863,1.000000,0.917601,0.981928,0.922733,0.294603,0.358798,0.305019,0.353604,1.000000,0.983558,0.992389,0.758764,0.999895,0.769561,0.999907,0.918674,0.999714,0.914788,0.976272,0.092311,0.983319,0.096735,0.984786,0.070691,0.999974,0.943654,0.989044,0.932581,0.999577,0.140742,0.997905,0.128080
ENSDARG00000063719_8_6,-4.6900,-4.7504,0.625000,0.630177,0.505357,-21.2100,-23.3475,0.375000,0.469314,0.307131,0.037227,0.076753,0.014434,0.066568,0.003537,0.078345,0.009421,0.078730,0.005136,0.049151,0.997063,0.049368,0.994809,0.020540,0.995678,0.444198,0.996910,0.332485,0.986688,0.643960,0.014092,0.510799,0.010730,0.037210,0.014219,0.091169,0.015743,0.792669,0.032339,0.120764,0.988410,0.176067,0.997385,0.242821,0.998984,0.387165,0.996274,0.972088,0.998061,0.971772
ENSDARG00000063719_8_7,0.0000,-0.7811,1.000000,0.762803,0.747886,-19.5000,-21.7221,0.625000,0.314151,0.406165,0.734131,0.285496,0.954214,0.509930,0.742023,0.167531,0.422503,0.170301,0.534213,0.520202,0.606991,0.616464,0.920812,0.456450,0.976674,0.454111,0.766330,0.703215,0.812258,0.766866,0.675916,0.440987,0.709230,0.518545,0.927657,0.203089,0.758321,0.223725,0.882124,0.247304,0.773864,0.070870,0.782993,0.052092,0.679732,0.088895,0.639079,0.768736,0.658655,0.858502
ENSDARG00000063719_8_8,-3.3600,-3.6223,0.125000,0.173460,0.338563,-19.2700,-21.8225,0.125000,0.228169,0.489986,0.309835,0.923235,0.019425,0.898650,0.010618,0.877882,0.008550,0.909343,0.009200,0.936179,0.016097,0.914104,0.023278,0.832236,0.997140,0.631022,0.993420,0.563431,0.996771,0.413345,0.999593,0.046049,0.999656,0.028898,0.999868,0.025218,0.021650,0.102678,0.009965,0.019760,0.015100,0.406278,0.012293,0.453325,0.012488,0.288440,0.016231,0.449735,0.300086,0.079919
ENSDARG00000063719_8_9,-1.1700,-1.8473,0.125000,0.366125,0.441338,-15.0800,-17.9860,0.500000,0.452912,0.519645,0.747710,0.445106,0.266347,0.382676,0.182135,0.414929,0.068498,0.640220,0.107494,0.372436,0.749935,0.508800,0.373471,0.361346,0.393175,0.734397,0.534971,0.595235,0.989595,0.784560,0.755646,0.802002,0.728782,0.727890,0.718653,0.479240,0.537560,0.595635,0.192604,0.548859,0.092324,0.193208,0.213836,0.273600,0.348352,0.619350,0.368130,0.719006,0.457538,0.194395
ENSDARG00000063719_8_10,-0.6200,-1.1678,0.875000,0.920455,0.771644,-17.9400,-20.3199,0.250000,0.422939,0.469145,0.313215,0.533079,0.175259,0.466209,0.252754,0.503346,0.999701,0.701331,0.999571,0.712686,0.995145,0.580395,0.999273,0.469345,0.923131,0.416334,0.923554,0.494735,0.991092,0.769892,0.241921,0.157778,0.254629,0.194266,0.576037,0.367492,0.819223,0.464563,0.998096,0.805700,0.987017,0.780479,0.993311,0.510874,0.997534,0.166777,0.997052,0.179307,0.995366,0.108319
ENSDARG00000067966_0_1,-4.0700,-4.1665,0.750000,0.756212,0.608914,-20.0400,-22.0377,1.000000,0.714355,0.451244,0.055655,0.112532,0.984930,0.179825,0.003499,0.017156,0.002392,0.015098,0.049360,0.051412,0.997646,0.183806,0.997927,0.184662,0.999012,0.185926,0.990320,0.202147,0.985401,0.824673,0.044522,0.659500,0.017917,0.693297,0.004544,0.631852,0.997189,0.712314,0.051208,0.627489,0.999114,0.810953,0.998958,0.704076,0.999213,0.671084,0.999496,0.815238,0.999974,0.741835
ENSDARG00000067966_0_2,-2.2000,-2.6686,0.500000,0.474763,0.579562,-20.2600,-22.0704,0.750000,0.670830,0.444296,0.983058,0.026120,0.926762,0.010876,0.928176,0.008498,0.953610,0.013128,0.062566,0.002884,0.023013,0.001608,0.094347,0.036552,0.317628,0.992651,0.666661,0.888733,0.841642,0.431665,0.996637,0.470750,0.999038,0.635803,0.947435,0.648910,0.845569,0.479731,0.730809,0.592695,0.805372,0.573416,0.095766,0.672976,0.028333,0.486307,0.163949,0.981433,0.180867,0.931175
ENSDARG00000067966_0_3,-3.6400,-4.0207,0.250000,0.319264,0.451459,-23.3900,-24.5894,0.375000,0.398047,0.411641,0.980918,0.916451,0.953155,0.895225,0.952601,0.932923,0.986868,0.920643,0.087449,0.165177,0.091386,0.066444,0.040736,0.027501,0.022662,0.004970,0.025186,0.001492,0.350482,0.028765,0.998199,0.970724,0.985423,0.118125,0.985768,0.973053,0.966495,0.125461,0.354022,0.135015,0.019645,0.010224,0.018138,0.009976,0.046776,0.017715,0.075919,0.956340,0.087347,0.956595
ENSDARG00000067966_0_4,-2.9700,-3.1382,1.000000,0.942671,0.613670,-22.2200,-23.6305,0.500000,0.512973,0.480585,0.117188,0.391033,0.116584,0.348834,0.128202,0.430052,0.201141,0.958473,0.897084,0.995964,0.890623,0.124935,0.890106,0.048419,0.133580,0.005650,0.119906,0.007134,0.115261,0.904397,0.125098,0.801225,0.997255,0.491804,0.913314,0.238078,0.893067,0.811204,0.894997,0.973145,0.887413,0.024060,0.983306,0.023380,0.990131,0.998566,0.990953,0.998447,0.988191,0.036905
ENSDARG00000067966_0_6,-3.6300,-4.0780,0.250000,0.335640,0.463920,-18.7800,-20.2179,1.000000,0.726359,0.583529,0.013814,0.118824,0.003556,0.113028,0.007641,0.146934,0.017014,0.766897,0.936575,0.840447,0.739471,0.853514,0.462410,0.141231,0.460156,0.129270,0.994671,0.236250,0.982675,0.861310,0.975294,0.861063,0.999995,0.790937,0.152094,0.640522,0.436989,0.668292,0.961142,0.680522,0.034889,0.597220,0.019695,0.583949,0.037933,0.841658,0.042383,0.862759,0.999999,0.935955
ENSDARG00000067966_0_7,-2.0000,-2.5887,0.500000,0.573777,0.650054,-19.5300,-21.6457,0.500000,0.548971,0.500817,0.960312,0.851562,0.990356,0.198209,0.877203,0.253195,0.465894,0.296392,0.130420,0.182900,0.060134,0.465354,0.097748,0.494711,0.992122,0.329041,0.998118,0.613006,0.932295,0.524008,0.929556,0.527587,0.976700,0.888606,0.930986,0.954701,0.929816,0.945516,0.168057,0.076503,0.065429,0.014319,0.049047,0.013379,0.551622,0.995206,0.898159,0.404177,0.997102,0.987970
ENSDARG00000067966_0_8,-1.1800,-2.0830,0.500000,0.632068,0.595509,-21.8800,-23.4088,0.250000,0.369630,0.439853,0.690007,0.908795,0.497165,0.892235,0.782959,0.618832,0.995694,0.527627,0.093090,0.508750,0.054314,0.878876,0.186743,0.351549,0.676695,0.173621,0.989851,0.842473,0.988682,0.094865,0.509207,0.035089,0.389222,0.007310,0.072209,0.006430,0.664575,0.147461,0.663343,0.145752,0.233866,0.972675,0.440589,0.334178,0.993937,0.996590,0.988834,0.190897,0.999193,0.163061
ENSDARG00000067966_0_10,-1.9000,-2.2722,0.875000,0.788709,0.683946,-20.6700,-22.4618,0.875000,0.817182,0.430457,0.304534,0.111795,0.311054,0.099120,0.138028,0.105846,0.900382,0.356522,0.739203,0.906581,0.724594,0.324247,0.741005,0.025631,0.990542,0.029734,0.888497,0.065561,0.932591,0.037563,0.386871,0.005031,0.311958,0.004057,0.069925,0.051008,0.731142,0.932182,0.750229,0.935482,0.995411,0.937388,0.823048,0.978506,0.987968,0.895829,0.984688,0.908347,0.967261,0.898711
ENSDARG00000068397_9_1,0.0000,-0.6861,1.000000,0.779566,0.823075,-22.4600,-23.9401,0.375000,0.456615,0.434519,0.995376,0.738080,0.998140,0.667981,0.996465,0.859935,0.996005,0.083487,0.986105,0.058847,0.872125,0.015542,0.854941,0.015259,0.903245,0.125889,0.461414,0.547150,0.589904,0.489005,0.587062,0.930373,0.984185,0.505913,0.997333,0.547330,0.999022,0.993550,0.878062,0.049041,0.516881,0.002579,0.345215,0.002086,0.554555,0.999933,0.980528,0.999965,0.964931,0.058436
ENSDARG00000068397_9_2,-1.5900,-2.1208,0.250000,0.384346,0.492581,-23.1400,-25.3009,0.125000,0.193162,0.371027,0.407083,0.385852,0.315014,0.436395,0.981849,0.344290,0.099006,0.397543,0.102706,0.415544,0.053770,0.466107,0.132780,0.574000,0.835554,0.476896,0.984633,0.452000,0.988828,0.708516,0.992249,0.600095,0.883375,0.618005,0.937572,0.182451,0.238796,0.139991,0.098307,0.125905,0.054911,0.420205,0.059811,0.149469,0.286782,0.134491,0.404962,0.139898,0.993625,0.252885
ENSDARG00000068397_9_3,-5.5200,-5.7785,0.250000,0.290112,0.336048,-24.5300,-26.5440,0.125000,0.151907,0.316599,0.272078,0.989942,0.010546,0.978707,0.014187,0.976608,0.999831,0.985862,0.004946,0.944686,0.003048,0.199400,0.007698,0.007923,0.050704,0.003579,0.997560,0.004398,0.999843,0.005797,0.993590,0.006371,0.046024,0.013456,0.010772,0.990592,0.002436,0.033123,0.004472,0.017075,0.991383,0.062989,0.018636,0.072704,0.014084,0.004950,0.280964,0.011760,0.998151,0.022065
ENSDARG00000068397_9_4,-1.0100,-1.6399,0.750000,0.753697,0.738273,-17.0900,-19.0386,0.750000,0.612156,0.532744,0.922132,0.422322,0.858241,0.354317,0.851938,0.421053,0.949225,0.551142,0.312460,0.232874,0.299173,0.300016,0.514751,0.686889,0.806095,0.313076,0.780646,0.221216,0.971180,0.682665,0.981914,0.738124,0.488120,0.833941,0.322628,0.537552,0.309990,0.536923,0.999863,0.963904,0.864845,0.673583,0.862677,0.587924,0.834032,0.328990,0.835809,0.405892,0.999732,0.862478
ENSDARG00000068397_9_5,-1.9600,-2.6047,0.625000,0.515620,0.608850,-19.2800,-21.2486,0.500000,0.529299,0.476274,0.170214,0.890997,0.022396,0.024194,0.037410,0.055575,0.458953,0.539431,0.641155,0.539612,0.978834,0.092718,0.984703,0.058952,0.944077,0.053284,0.858434,0.051547,0.989173,0.994673,0.983796,0.995244,0.982889,0.994868,0.593589,0.950533,0.525200,0.270520,0.519631,0.261612,0.519435,0.293106,0.444610,0.662430,0.434806,0.722063,0.439800,0.729151,0.647889,0.344977
ENSDARG00000068397_9_6,-0.4300,-1.0913,0.625000,0.678740,0.645034,-16.9900,-19.2265,0.375000,0.550367,0.529443,0.921609,0.623489,0.566393,0.568754,0.514368,0.624255,0.304439,0.510169,0.249422,0.318670,0.241129,0.254414,0.718174,0.758476,0.992261,0.729490,0.991976,0.833453,0.998359,0.466324,0.491971,0.288665,0.480656,0.209771,0.505942,0.337183,0.516455,0.332597,0.570823,0.350928,0.718826,0.350318,0.614821,0.331033,0.714360,0.806585,0.792190,0.975150,0.996507,0.919138
ENSDARG00000068397_9_7,-1.1300,-1.6972,0.375000,0.509812,0.524230,-24.7400,-25.9867,0.625000,0.591660,0.488309,0.463993,0.851567,0.149762,0.864351,0.112267,0.196918,0.994936,0.026291,0.157350,0.047807,0.151859,0.980362,0.228674,0.970084,0.992687,0.114425,0.992746,0.978028,0.999571,0.001960,0.998545,0.000515,0.163707,0.000595,0.072676,0.000334,0.092104,0.016050,0.995041,0.134567,0.188066,0.997254,0.216830,0.774607,0.519748,0.829252,0.994843,0.988628,0.999190,0.992586
ENSDARG00000068397_9_8,0.0000,-0.2164,1.000000,0.988030,0.948917,-18.8500,-20.8488,0.375000,0.579444,0.447240,0.971006,0.488384,0.966680,0.155174,0.829166,0.025529,0.791478,0.011659,0.956167,0.480959,0.998761,0.480115,0.996956,0.073120,0.828390,0.160643,0.784178,0.134007,1.000000,0.982704,1.000000,0.991766,0.951316,0.325187,0.950500,0.304299,1.000000,0.344068,1.000000,0.346900,0.999908,0.351872,0.962196,0.329018,0.994199,0.988019,0.997867,0.990230,0.999567,0.981144
ENSDARG00000068397_9_9,-0.9500,-1.6167,0.500000,0.525813,0.618227,-21.5200,-23.1297,0.375000,0.460532,0.445355,0.989547,0.838550,0.631624,0.839325,0.547820,0.839650,0.515705,0.840023,0.544340,0.138299,0.932370,0.082972,0.557023,0.127337,0.515882,0.913327,0.612478,0.255404,0.632892,0.095440,0.690109,0.101130,0.988236,0.151392,0.974430,0.144583,0.564949,0.136765,0.199584,0.753186,0.142439,0.280188,0.177807,0.744606,0.556973,0.353390,0.595984,0.313978,0.994341,0.957558
ENSDARG00000068397_9_10,-1.4300,-1.7802,0.625000,0.674091,0.706563,-18.1900,-20.2846,0.375000,0.604735,0.476782,0.895199,0.305672,0.859816,0.057358,0.859721,0.061768,0.889141,0.055120,0.888357,0.047744,0.996425,0.115116,0.970972,0.619308,0.909204,0.619437,0.323106,0.801001,0.182764,0.405263,0.073869,0.687967,0.889951,0.922005,0.893495,0.677591,0.898190,0.592992,0.938977,0.693613,0.194538,0.023739,0.188458,0.023093,0.336100,0.955319,0.984962,0.916699,0.958011,0.954836
ENSDARG00000068406_1_1,-2.1200,-2.7706,0.250000,0.302994,0.439435,-23.3700,-24.4696,0.250000,0.254847,0.447954,0.075289,0.958695,0.040556,0.951994,0.497119,0.972037,0.546437,0.917347,0.068829,0.917109,0.060161,0.930080,0.120342,0.209019,0.980251,0.022128,0.980849,0.006135,0.996997,0.010596,0.997945,0.998333,0.999972,0.026837,0.116383,0.011248,0.062765,0.006621,0.036692,0.002383,0.084090,0.000957,0.580330,0.051284,0.084975,0.018364,0.471539,0.950598,0.987178,0.997319
ENSDARG00000068406_1_2,-0.8100,-1.7235,0.750000,0.667570,0.699899,-25.2000,-26.2816,0.375000,0.333206,0.329218,0.709917,0.994833,0.743811,0.147677,0.989587,0.032227,0.710309,0.017817,0.712189,0.018512,0.715857,0.021007,0.988181,0.028010,0.933428,0.989633,0.923141,0.824268,0.425510,0.838621,0.392902,0.003804,0.412588,0.002303,0.722916,0.007746,0.699570,0.021247,0.920676,0.992785,0.983733,0.606787,0.180538,0.016107,0.215565,0.006217,0.698026,0.021636,0.919536,0.993122
ENSDARG00000068406_1_3,-0.2000,-0.8569,0.625000,0.735385,0.781416,-16.0800,-18.6008,0.750000,0.539384,0.572975,0.975904,0.529696,0.976909,0.719449,0.768491,0.574085,0.733635,0.442842,0.741350,0.419266,0.961789,0.509605,0.968109,0.906162,0.975803,0.715698,0.583525,0.539134,0.506604,0.427560,0.561282,0.445185,0.991832,0.915741,0.951161,0.629027,0.862778,0.507585,0.844744,0.498528,0.865794,0.544273,0.437469,0.597112,0.434527,0.719398,0.503667,0.374107,0.982941,0.445039
ENSDARG00000068406_1_4,-4.3600,-4.6588,0.125000,0.180715,0.343204,-19.9500,-22.4162,0.125000,0.202482,0.407408,0.045393,0.513253,0.008763,0.296294,0.007087,0.317651,0.037482,0.321206,0.888505,0.632336,0.173611,0.644115,0.133108,0.442987,0.139137,0.461768,0.998922,0.761422,0.999223,0.735924,0.999777,0.690459,0.987348,0.710896,0.019134,0.181537,0.010700,0.147841,0.226685,0.732121,0.104702,0.227690,0.018623,0.111709,0.024581,0.092006,0.044348,0.092905,0.996948,0.034046
ENSDARG00000068406_1_5,0.0000,-0.9850,1.000000,0.521863,0.610641,-22.6200,-24.2633,0.375000,0.545406,0.390650,0.822238,0.985117,0.588171,0.992284,0.745303,0.012328,0.991371,0.005128,0.512621,0.003521,0.391700,0.004244,0.365286,0.007746,0.297369,0.058651,0.450749,0.952097,0.981632,0.227846,0.954182,0.037661,0.937306,0.163132,0.461812,0.340595,0.351503,0.500598,0.357681,0.350042,0.383798,0.572212,0.520234,0.849418,0.995676,0.998310,0.490893,0.610650,0.613304,0.141421
ENSDARG00000068406_1_6,0.0000,-0.4892,1.000000,0.816514,0.846435,-15.7800,-17.9669,0.375000,0.490513,0.433828,0.950117,0.702019,0.982582,0.117935,0.841686,0.075604,0.821985,0.096962,0.969806,0.712512,0.763322,0.731005,0.638826,0.840882,0.731750,0.170766,0.709481,0.131855,0.994861,0.348810,0.997421,0.396478,0.994752,0.427626,0.815331,0.344161,0.744354,0.314865,0.786874,0.353027,0.616641,0.607937,0.793145,0.612073,0.804969,0.666207,0.989722,0.538889,0.981073,0.486944
ENSDARG00000068406_1_7,-1.4200,-2.2217,0.375000,0.508722,0.610962,-21.4900,-22.8985,0.625000,0.524063,0.392124,0.481819,0.971594,0.154066,0.964426,0.193743,0.078168,0.294730,0.071121,0.311638,0.065325,0.999964,0.081307,0.999971,0.210610,0.998842,0.994963,0.982981,0.024277,0.923930,0.022324,0.906736,0.022666,0.901051,0.143193,0.537600,0.125495,0.556872,0.281210,0.723807,0.993525,0.124604,0.553536,0.047303,0.547456,0.232605,0.523351,0.917119,0.987745,0.929864,0.180188
ENSDARG00000068406_1_8,0.0000,-0.0924,1.000000,0.963752,0.966072,-17.2300,-18.4121,0.500000,0.471001,0.612799,0.994347,0.922845,0.993083,0.904492,0.987059,0.921025,0.971640,0.975055,0.960079,0.966099,0.929521,0.961125,0.944789,0.917352,0.982081,0.288583,0.945045,0.343084,0.951736,0.222299,0.975680,0.160918,0.976358,0.905099,0.973807,0.629320,0.969048,0.662968,0.944219,0.705650,0.945361,0.703643,0.966533,0.026847,0.972713,0.302358,0.952788,0.348516,0.985546,0.388707
ENSDARG00000068406_1_9,-1.2200,-1.4517,0.375000,0.462758,0.570034,-19.7500,-21.2152,0.250000,0.394228,0.401179,0.996632,0.867181,0.146284,0.866883,0.117982,0.289610,0.127741,0.183266,0.154587,0.172455,0.240652,0.147071,0.989451,0.711911,0.978256,0.844896,0.980603,0.161280,0.982324,0.160492,0.984588,0.153889,0.999512,0.310830,0.999365,0.342776,0.999977,0.398297,0.983769,0.205429,0.222425,0.360071,0.130156,0.315835,0.110110,0.389091,0.121184,0.568229,0.135077,0.574091
ENSDARG00000068406_1_10,-1.3700,-1.8324,0.625000,0.656298,0.671842,-20.6800,-21.5848,0.500000,0.508798,0.459349,0.093115,0.015255,0.057152,0.005181,0.082423,0.007527,0.889973,0.028482,0.910876,0.091795,0.991661,0.989320,0.694140,0.991551,0.991703,0.993456,0.991025,0.978023,0.989912,0.993222,0.911308,0.020561,0.583160,0.002223,0.895836,0.004085,0.897704,0.002917,0.923655,0.015332,0.193736,0.064389,0.168802,0.998024,0.171097,0.997768,0.999810,0.995521,0.999746,0.992349
ENSDARG00000068650_6_1,-4.5600,-4.7270,0.500000,0.481632,0.391878,-20.1200,-22.6694,0.750000,0.683842,0.416276,0.827602,0.167017,0.009092,0.103014,0.007904,0.109876,0.005721,0.088249,0.012173,0.016045,0.020609,0.014077,0.037567,0.130839,0.999699,0.631499,0.999225,0.325973,0.999220,0.225546,0.041043,0.398181,0.024638,0.644468,0.015500,0.626984,0.008512,0.595974,0.003560,0.594020,0.019553,0.581918,0.997171,0.927743,0.845742,0.791291,0.963705,0.695727,0.999315,0.657080
ENSDARG00000068650_6_2,-0.5500,-1.0901,1.000000,0.948867,0.770945,-20.0800,-21.9205,1.000000,0.777987,0.500371,0.323112,0.005418,0.298005,0.002665,0.441533,0.005358,0.923601,0.010190,0.998658,0.046562,0.953905,0.982999,0.551288,0.966782,0.324650,0.026849,0.315974,0.023235,0.981236,0.161343,0.826629,0.810430,0.889377,0.741680,0.997687,0.819638,0.927568,0.817083,0.907157,0.859661,0.955256,0.844143,0.941104,0.706929,0.994932,0.733281,0.929636,0.736481,0.937594,0.706685
ENSDARG00000068650_6_3,-2.7300,-2.9519,0.375000,0.433068,0.531296,-21.0200,-23.3372,0.125000,0.164194,0.207184,0.058088,0.503899,0.021072,0.026422,0.043838,0.129203,0.839176,0.409575,0.142725,0.042531,0.210132,0.070568,0.973105,0.036333,0.974725,0.884811,0.999913,0.358004,0.988044,0.174465,0.980115,0.129819,0.930445,0.064495,0.059687,0.057999,0.053590,0.061661,0.841364,0.087336,0.068047,0.957086,0.222191,0.033115,0.234864,0.037183,0.985209,0.037730,0.999594,0.041440
ENSDARG00000068650_6_4,-6.9700,-7.1209,0.500000,0.500418,0.415859,-19.9600,-22.0596,0.500000,0.417934,0.452357,0.002465,0.288794,0.000195,0.284660,0.000680,0.306147,0.015109,0.181893,0.002169,0.176303,0.148236,0.292763,0.990554,0.976992,0.999180,0.979292,1.000000,0.943760,0.999999,0.932575,0.152932,0.301578,0.002312,0.038914,0.000901,0.039194,0.999214,0.646632,0.000569,0.001682,0.000154,0.001541,0.002513,0.005130,1.000000,0.988370,0.999997,0.750930,0.999996,0.909997
ENSDARG00000068650_6_5,-5.6500,-5.9400,0.625000,0.581365,0.482608,-23.9000,-25.3924,0.625000,0.565646,0.422223,0.749150,0.982022,0.066618,0.012023,0.022308,0.007187,0.045917,0.008368,0.070121,0.005042,0.043053,0.006515,0.934436,0.038425,0.933657,0.043542,0.969394,0.559761,0.974925,0.478398,0.101034,0.826263,0.090629,0.951749,0.127299,0.967792,0.008491,0.700545,0.022699,0.684829,0.946703,0.995544,0.729021,0.032178,0.826343,0.028983,0.991309,0.998703,0.999052,0.116589
ENSDARG00000068650_6_7,0.0000,-0.7160,1.000000,0.872335,0.790121,-24.0200,-25.3867,0.375000,0.384442,0.381422,0.834305,0.330820,0.809000,0.296916,0.791831,0.240960,0.575965,0.323081,0.454763,0.688110,0.737749,0.733657,0.872455,0.915608,0.941783,0.943171,0.722026,0.057580,0.637455,0.008190,0.672215,0.010437,0.774189,0.004370,0.786237,0.064478,0.793314,0.998949,0.822421,0.002596,0.849439,0.002380,0.906816,0.002766,0.940004,0.005127,0.913581,0.999619,0.966870,0.999616
ENSDARG00000068650_6_8,-0.3200,-1.1130,1.000000,0.806088,0.693451,-21.9200,-23.5002,0.250000,0.225186,0.353765,0.571750,0.959923,0.265483,0.933505,0.234141,0.963916,0.671267,0.925730,0.664132,0.372394,0.679288,0.226316,0.945102,0.276575,0.969756,0.278299,0.669741,0.056593,0.405656,0.077828,0.675027,0.155797,0.668973,0.046932,0.977556,0.005589,0.562589,0.000523,0.542362,0.003684,0.518980,0.000889,0.966917,0.008617,0.933351,0.138324,0.958455,0.653273,0.988497,0.990590
ENSDARG00000068650_6_9,-2.2700,-2.4570,0.125000,0.188828,0.349114,-19.0000,-21.0723,0.875000,0.647387,0.471163,0.058832,0.066084,0.030555,0.059780,0.049273,0.473826,0.120231,0.526286,0.982979,0.140184,0.108428,0.183100,0.070714,0.102778,0.069944,0.815556,0.996142,0.837068,0.995991,0.996791,0.999022,0.022211,0.989538,0.020498,0.989746,0.023114,0.053917,0.972781,0.058284,0.554382,0.108593,0.524525,0.131648,0.520955,0.048989,0.641766,0.044344,0.973207,0.075106,0.968369
ENSDARG00000068650_6_10,-3.0300,-3.4418,0.500000,0.563312,0.645317,-17.3900,-19.9105,0.375000,0.450177,0.523880,0.971699,0.497888,0.971765,0.484385,0.998998,0.654939,0.999233,0.626645,0.994724,0.476714,0.999208,0.606131,0.993104,0.710368,0.873416,0.788821,0.032720,0.450295,0.015088,0.404147,0.112806,0.485721,0.437095,0.690123,0.998418,0.944330,0.997121,0.926269,0.997832,0.564372,0.437727,0.230893,0.018479,0.031587,0.014051,0.019195,0.046920,0.425728,0.995945,0.459046
ENSDARG00000068912_1_1,0.0000,-0.3226,1.000000,0.929373,0.916871,-18.5100,-19.8585,0.375000,0.414105,0.483393,0.846744,0.520258,0.902229,0.524292,0.900005,0.533793,0.906985,0.939512,0.973077,0.881981,0.917980,0.902737,0.997988,0.304512,0.953007,0.122795,0.863951,0.022082,0.776199,0.021586,0.919635,0.838925,0.944639,0.742537,0.874354,0.786303,0.974996,0.163902,0.924865,0.122098,0.944009,0.146252,0.928821,0.958123,0.910113,0.079110,0.899052,0.073525,0.978778,0.983529
ENSDARG00000068912_1_2,-2.4400,-2.8470,0.500000,0.612813,0.648860,-21.1300,-22.9116,0.625000,0.623134,0.569634,0.988139,0.942034,0.995163,0.693481,0.998343,0.682556,0.045640,0.751156,0.011856,0.935754,0.016481,0.492988,0.433256,0.440225,0.999983,0.488743,0.999986,0.943614,0.998740,0.015707,0.997864,0.010280,0.589240,0.011066,0.583909,0.982983,0.017535,0.967124,0.429830,0.016010,0.430036,0.004919,0.442725,0.016179,0.999348,0.999623,0.999181,0.999712,0.999941,0.998524
ENSDARG00000068912_1_3,0.0000,-0.0198,1.000000,0.996398,0.995701,-24.2700,-25.4989,0.750000,0.753809,0.491449,0.998652,0.943195,0.999687,0.809182,0.998683,0.860235,0.985581,0.752628,0.999835,0.222895,0.981409,0.144357,1.000000,0.052380,0.998926,0.007607,0.990023,0.003425,0.999309,0.000258,0.997999,0.000268,0.992741,0.002071,0.998386,0.999633,0.989614,0.985154,0.997123,0.027395,0.994750,0.030665,0.998041,0.991024,0.995489,0.999516,0.998801,0.999755,0.998977,0.997330
ENSDARG00000068912_1_4,-3.7800,-3.9401,0.750000,0.732969,0.606777,-20.3900,-22.7235,0.625000,0.532096,0.504450,0.042617,0.390194,0.039518,0.377261,0.047694,0.324240,0.964369,0.560902,0.117109,0.608968,0.999542,0.929436,0.963834,0.963037,0.964123,0.985655,0.964004,0.474845,0.157932,0.038818,0.962166,0.172494,0.048878,0.006381,0.039920,0.017408,0.007845,0.815613,0.963726,0.402376,0.963928,0.397559,0.963544,0.653515,0.999273,0.607707,0.962278,0.758406,0.963242,0.604184
ENSDARG00000068912_1_5,-1.1400,-1.8678,1.000000,0.861408,0.755195,-20.5800,-22.3696,0.875000,0.732810,0.510525,0.980488,0.796212,0.561264,0.783559,0.522421,0.978277,0.401692,0.089878,0.515599,0.015272,0.751121,0.015246,0.867098,0.007917,0.987462,0.115930,0.990308,0.291313,0.312009,0.217584,0.323793,0.202784,0.999387,0.834054,0.958446,0.793727,0.999884,0.916990,0.999909,0.917633,0.821088,0.567636,0.871408,0.636119,0.725574,0.837771,0.742887,0.987011,0.772072,0.205592
ENSDARG00000068912_1_6,-4.2500,-4.4628,0.875000,0.872370,0.530605,-22.9500,-23.9790,0.500000,0.497786,0.377399,0.009891,0.011886,0.001208,0.001990,0.001640,0.002316,0.034403,0.021962,0.260141,0.250508,0.999899,0.998593,0.999811,0.999091,0.999925,0.998704,0.259820,0.250344,0.034440,0.022412,0.014306,0.002344,0.017651,0.005537,0.026734,0.015294,0.994002,0.974042,0.999038,0.983785,0.986457,0.005700,0.986536,0.002748,0.986736,0.003734,0.999454,0.998101,1.000000,0.998882
ENSDARG00000068912_1_7,-3.2100,-3.8296,0.375000,0.305035,0.443569,-21.6600,-22.9513,0.500000,0.521448,0.429212,0.856231,0.421173,0.831648,0.067538,0.993496,0.076082,0.638651,0.084415,0.996889,0.923650,0.047665,0.004909,0.010758,0.002073,0.009382,0.004217,0.012178,0.065987,0.035744,0.884633,0.999396,0.925430,0.999063,0.952551,0.997597,0.983326,0.033953,0.920027,0.011741,0.072963,0.005042,0.069783,0.098039,0.131894,0.028620,0.095211,0.485140,0.944436,0.780146,0.953945
ENSDARG00000068912_1_8,-0.2100,-0.9973,0.375000,0.582562,0.663454,-18.9700,-21.1000,0.500000,0.451437,0.388721,0.479903,0.112270,0.415255,0.083204,0.420562,0.088197,0.486924,0.108313,0.559956,0.217206,0.983472,0.402779,0.822503,0.832981,0.997027,0.657343,0.943880,0.513159,0.931214,0.436433,0.756420,0.319203,0.811465,0.391845,0.674522,0.390223,0.565657,0.801430,0.518722,0.745218,0.525438,0.731066,0.489772,0.694129,0.308322,0.039787,0.753992,0.030531,0.824074,0.179110
ENSDARG00000068912_1_9,-1.9200,-2.3920,0.625000,0.655147,0.554276,-21.2100,-23.3259,0.500000,0.527218,0.290913,0.160320,0.200273,0.157011,0.772984,0.245798,0.128734,0.997511,0.030880,0.482896,0.082924,0.473966,0.099343,0.768810,0.046486,0.707909,0.006211,0.617808,0.004474,0.843231,0.011746,0.177342,0.002498,0.211732,0.213962,0.838233,0.989704,0.476137,0.999583,0.449145,0.998755,0.451832,0.998709,0.877673,0.223117,0.692657,0.002698,0.696611,0.002882,0.758893,0.002295
ENSDARG00000068912_1_10,-2.7900,-3.1460,0.375000,0.437529,0.547140,-18.5300,-20.9668,0.500000,0.562559,0.544849,0.984159,0.221595,0.986461,0.179239,0.999596,0.408766,0.999990,0.934622,0.999983,0.912094,0.053614,0.705327,0.025616,0.452903,0.021121,0.333214,0.014358,0.207178,0.358824,0.311459,0.999953,0.891892,0.998885,0.838220,0.999297,0.753486,0.999814,0.831391,0.376614,0.811466,0.999329,0.679634,0.022642,0.399856,0.021092,0.348393,0.025326,0.183744,0.056119,0.492502
ENSDARG00000069467_1_1,-3.7400,-3.8951,1.000000,0.907108,0.664433,-19.5500,-21.9853,0.375000,0.387873,0.360741,0.005542,0.107677,0.003242,0.037632,0.007261,0.156944,1.000000,0.944601,0.999665,0.808014,1.000000,0.791207,0.999929,0.832073,0.007213,0.009068,0.003491,0.005846,0.005468,0.008666,0.999998,0.333293,0.999983,0.076811,0.850306,0.016811,0.816012,0.012380,0.961859,0.041306,0.999954,0.996917,0.999245,0.994638,0.999999,0.997438,0.811280,0.033896,0.818206,0.009597
ENSDARG00000069467_1_3,0.0000,-0.7782,1.000000,0.782449,0.770993,-20.2200,-21.6571,0.375000,0.381648,0.408813,0.972396,0.951798,0.756567,0.384985,0.518004,0.129414,0.722343,0.088839,0.648215,0.098288,0.635717,0.050502,0.627435,0.080365,0.852749,0.223240,0.982892,0.637836,0.947599,0.813627,0.720576,0.774569,0.775782,0.889617,0.985330,0.898208,0.750342,0.122202,0.364419,0.010969,0.408077,0.004225,0.858701,0.010381,0.907444,0.010788,0.990177,0.998267,0.995101,0.998148
ENSDARG00000069467_1_4,-2.5200,-3.2349,0.500000,0.563865,0.489871,-19.8900,-21.4359,1.000000,0.892261,0.490045,0.504266,0.153684,0.970309,0.020359,0.016652,0.009434,0.012426,0.009135,0.009168,0.009295,0.035393,0.010848,0.352078,0.019292,0.997862,0.057639,0.998023,0.196262,0.997604,0.753676,0.350676,0.667657,0.042043,0.755533,0.018750,0.964061,0.017734,0.969800,0.031037,0.967322,0.979343,0.980376,0.476792,0.761332,0.995338,0.770508,0.995719,0.765716,0.996210,0.958976
ENSDARG00000069467_1_5,-6.0100,-6.1916,0.250000,0.280102,0.326852,-26.5600,-28.4634,0.375000,0.249426,0.335775,0.985767,0.175633,0.033052,0.143518,0.013421,0.499138,0.010640,0.602009,0.141256,0.584604,0.027958,0.555584,0.020102,0.157209,0.037942,0.160916,0.999608,0.557366,0.999707,0.924780,0.998961,0.331600,0.027805,0.027744,0.009633,0.069782,0.018172,0.068843,0.987601,0.392876,0.974440,0.698501,0.177380,0.680548,0.020394,0.070066,0.012534,0.003843,0.040664,0.010946
ENSDARG00000069467_1_6,-1.3100,-1.5848,1.000000,0.906453,0.772728,-17.5000,-19.6528,0.375000,0.431011,0.399363,0.199491,0.182976,0.123074,0.023429,0.918035,0.055942,0.991618,0.064699,0.983054,0.800005,0.987170,0.797629,0.996519,0.975847,0.120044,0.289828,0.123793,0.292504,1.000000,0.563743,0.934798,0.403038,0.825341,0.089531,0.833279,0.080488,0.898342,0.154063,0.999890,0.966382,0.992220,0.939407,0.934984,0.925418,0.826813,0.116426,0.852214,0.126113,0.913878,0.139795
ENSDARG00000069467_1_7,0.0000,-0.2416,1.000000,0.926158,0.927770,-16.7500,-18.9125,0.750000,0.683328,0.470553,0.969826,0.415682,0.964638,0.390076,0.964461,0.478530,0.966495,0.308580,0.992842,0.236524,0.997756,0.155726,0.822054,0.122816,0.700938,0.081898,0.812253,0.111534,0.958916,0.139858,0.999008,0.888281,0.996950,0.614923,0.900159,0.917394,0.873868,0.878487,0.880649,0.878064,0.932115,0.944819,0.924944,0.552740,0.950832,0.958802,0.951358,0.195145,0.995337,0.141172
ENSDARG00000069467_1_8,0.0000,-0.4235,1.000000,0.856690,0.868950,-21.2100,-22.3809,0.750000,0.743731,0.508211,0.953076,0.075402,0.928330,0.060877,0.887603,0.070588,0.855607,0.998331,0.860142,0.998814,0.938562,0.011054,0.761970,0.002118,0.992150,0.000314,0.765912,0.003359,0.745252,0.027418,0.899118,0.994787,0.937760,0.971304,0.957725,0.659581,0.892596,0.647117,0.695497,0.987627,0.753738,0.894834,0.930662,0.462405,0.648598,0.305254,0.976717,0.998408,0.997987,0.994621
ENSDARG00000069467_1_9,-1.1000,-1.6128,0.875000,0.881083,0.812958,-18.8800,-20.8581,0.875000,0.797247,0.566841,0.927781,0.859424,0.929183,0.407400,0.985145,0.462378,0.528018,0.550658,0.233348,0.115676,0.629734,0.076207,0.938567,0.497944,0.997169,0.294965,0.999411,0.646805,0.958195,0.959836,1.000000,0.066769,0.083948,0.020787,0.090269,0.026322,0.999504,0.930480,0.999267,0.911184,0.999506,0.918118,0.979679,0.889556,0.984621,0.899063,0.996068,0.897241,0.999750,0.906008
ENSDARG00000069467_1_10,-3.3600,-3.6430,0.500000,0.538849,0.626797,-19.4900,-21.4190,0.625000,0.649136,0.492504,0.945482,0.580344,0.945497,0.535928,0.926555,0.590766,0.961207,0.673433,0.283590,0.441852,0.152952,0.340425,0.154628,0.344671,0.092811,0.361138,0.904828,0.473378,0.902960,0.040253,0.996902,0.104356,0.957741,0.170455,0.957385,0.160021,0.978967,0.839962,0.134504,0.893974,0.003491,0.207351,0.004142,0.147566,0.255136,0.973694,0.990761,0.998259,0.986408,0.972261
ENSDARG00000070029_0_1,-2.8400,-3.0268,0.750000,0.727896,0.608593,-20.3200,-21.6759,0.750000,0.747975,0.374082,0.146128,0.140635,0.819266,0.006870,0.018577,0.002079,0.030055,0.003124,0.162269,0.012015,0.912487,0.996901,0.999998,0.175316,0.999994,0.064097,0.999326,0.033779,0.999160,0.016131,0.094822,0.004082,0.166610,0.042816,0.032438,0.960911,0.828584,0.974849,0.038302,0.972942,0.999567,0.999734,0.926624,0.986208,0.999196,0.998206,0.998902,0.063900,0.999554,0.027052
ENSDARG00000070029_0_2,0.0000,-0.3028,1.000000,0.891055,0.889783,-17.5500,-19.0650,0.750000,0.674730,0.601221,0.984181,0.420118,0.987676,0.332082,0.990916,0.386266,0.870561,0.952973,0.853277,0.893508,0.851271,0.700561,0.996287,0.706647,0.998939,0.732878,0.988775,0.799088,0.852926,0.246614,0.638968,0.169231,0.653452,0.286619,0.766215,0.469700,0.999696,0.781210,0.998273,0.664838,0.996181,0.799737,0.883443,0.944957,0.807125,0.802747,0.827081,0.821639,0.850422,0.113010
ENSDARG00000070029_0_3,-1.6000,-2.1486,0.875000,0.858610,0.641587,-19.3900,-20.8179,0.125000,0.184875,0.526350,0.723245,0.665709,0.165013,0.644444,0.073614,0.873655,0.107282,0.874176,0.387477,0.902371,0.992588,0.953069,0.970534,0.703043,0.975847,0.684704,0.922350,0.924870,0.355267,0.891511,0.101213,0.869008,0.188433,0.061452,0.096241,0.030408,0.998738,0.074239,0.858086,0.038218,0.954202,0.056865,0.993845,0.071776,0.994482,0.157977,0.986449,0.918579,0.986836,0.130935
ENSDARG00000070029_0_6,-2.2600,-2.4642,0.750000,0.752862,0.534332,-16.0300,-18.4626,0.750000,0.711250,0.569626,0.974058,0.653385,0.041623,0.202025,0.036497,0.213916,0.036587,0.426710,0.036968,0.557473,0.244610,0.606280,0.994844,0.913277,0.991068,0.647050,0.989918,0.546796,0.236844,0.365495,0.039551,0.138696,0.041184,0.431422,0.035898,0.340286,0.032431,0.469186,0.992985,0.944937,0.994856,0.961411,0.976698,0.668838,0.995808,0.858653,0.997077,0.640562,0.997144,0.806124
ENSDARG00000070029_0_8,-1.6500,-2.8740,0.375000,0.431237,0.491485,-20.7300,-22.6109,0.625000,0.558042,0.500755,0.216809,0.808406,0.201002,0.612585,0.953686,0.858446,0.292836,0.203808,0.235574,0.081297,0.226523,0.072332,0.335695,0.125376,0.993878,0.313869,0.998110,0.916539,0.901929,0.677550,0.838747,0.424006,0.185012,0.456548,0.349043,0.635324,0.419278,0.834531,0.396957,0.826248,0.355879,0.942100,0.861363,0.173665,0.078235,0.125582,0.085844,0.139916,0.903296,0.786975
ENSDARG00000070029_0_9,-1.5600,-1.9455,0.250000,0.357884,0.459770,-20.3500,-22.8100,0.000000,0.157681,0.372094,0.939323,0.395106,0.193662,0.284244,0.141598,0.515761,0.118205,0.637273,0.109922,0.577001,0.099848,0.558240,0.161937,0.878873,0.834754,0.545481,0.973121,0.860027,0.951780,0.857982,0.972981,0.045509,0.835205,0.024938,0.154821,0.055465,0.107129,0.035419,0.107236,0.035537,0.115562,0.072538,0.141674,0.115730,0.242319,0.252459,0.998291,0.376840,0.996042,0.317462
ENSDARG00000070419_0_1,0.0000,-0.2332,1.000000,0.935209,0.943390,-15.9400,-18.2503,0.625000,0.689698,0.628140,0.955024,0.611484,0.981780,0.412071,0.979666,0.538674,0.999297,0.956171,0.998761,0.802583,0.991056,0.771281,0.984737,0.746637,0.999621,0.797752,0.999616,0.828074,0.993204,0.312079,0.755561,0.125633,0.747796,0.142782,1.000000,0.256739,0.940124,0.620486,0.992828,0.541068,0.990416,0.486638,0.999549,0.965338,0.814601,0.945435,0.770247,0.922906,0.973910,0.778976
ENSDARG00000070419_0_2,0.0000,-0.5834,1.000000,0.817969,0.818392,-17.4400,-20.0062,0.625000,0.449728,0.420901,0.839330,0.565730,0.790340,0.504086,0.826416,0.469140,0.846415,0.486368,0.882576,0.269263,0.913634,0.239357,0.888375,0.379364,0.905215,0.545554,0.766174,0.470411,0.687337,0.468675,0.667141,0.181763,0.811139,0.240486,0.792789,0.354685,0.875933,0.170046,0.917133,0.387446,0.785229,0.644664,0.793440,0.627878,0.770301,0.646307,0.749963,0.433961,0.858965,0.332841
ENSDARG00000070419_0_3,-3.2300,-3.4017,0.500000,0.529847,0.623579,-19.5900,-20.8405,0.125000,0.201198,0.546175,0.999987,0.983923,0.998662,0.984072,0.154175,0.852422,0.005522,0.837093,0.006029,0.784694,0.071932,0.777703,0.999886,0.860162,0.999819,0.946181,0.999780,0.991800,0.999999,0.996557,0.998471,0.161269,0.998538,0.138044,0.070063,0.013540,0.016933,0.011817,0.017908,0.034423,0.165786,0.684264,0.988523,0.182182,0.988924,0.188327,0.990674,0.276598,0.999967,0.218436
ENSDARG00000070419_0_4,-0.9400,-1.1542,1.000000,0.984375,0.755163,-18.6800,-20.7215,0.125000,0.354378,0.517731,0.974333,0.778072,0.220714,0.266466,0.221303,0.292777,0.218544,0.514332,0.979430,0.837028,0.997666,0.834537,0.976350,0.803155,0.991307,0.837959,0.242744,0.423129,0.212581,0.466413,0.205545,0.506745,0.987748,0.958987,0.984924,0.563759,0.997152,0.551194,0.988170,0.630817,0.986039,0.025876,0.978054,0.009958,0.973264,0.022518,0.974925,0.056665,0.992474,0.974237
ENSDARG00000070419_0_5,0.0000,-0.6120,1.000000,0.722578,0.749176,-18.8300,-21.3228,0.375000,0.434190,0.492622,0.929948,0.932767,0.796255,0.615643,0.806080,0.662429,0.702231,0.751681,0.636206,0.628451,0.605812,0.624382,0.673566,0.697459,0.727057,0.894791,0.544014,0.182825,0.835499,0.020488,0.985196,0.013625,0.961029,0.354368,0.996879,0.247543,0.862869,0.281788,0.796002,0.218409,0.661219,0.724561,0.687758,0.090743,0.583886,0.200444,0.576325,0.714260,0.615689,0.995776
ENSDARG00000070419_0_7,-2.3000,-2.6036,0.250000,0.352568,0.451286,-22.0400,-24.1904,0.250000,0.267767,0.448567,0.996896,0.990758,0.214143,0.979732,0.024304,0.943598,0.023149,0.790219,0.028489,0.886731,0.066346,0.660608,0.252931,0.168072,0.907667,0.030304,0.999812,0.041820,0.998965,0.971507,0.860217,0.357035,0.832266,0.008821,0.738357,0.004317,0.776388,0.067557,0.290228,0.052323,0.231684,0.333445,0.192201,0.856627,0.191314,0.600168,0.189249,0.112075,0.211123,0.115623
ENSDARG00000070419_0_8,-0.3700,-1.1744,1.000000,0.796858,0.712732,-16.2000,-18.4203,0.625000,0.545963,0.513879,0.552005,0.377322,0.317936,0.344842,0.375870,0.415001,0.600613,0.643717,0.599354,0.618362,0.770059,0.533276,0.699337,0.345609,0.618734,0.272214,0.616358,0.295213,0.956227,0.628500,0.867920,0.592107,0.905375,0.843709,0.923302,0.802038,0.810859,0.800572,0.872396,0.959687,0.685824,0.914913,0.683332,0.132380,0.722266,0.160843,0.681390,0.445420,0.995493,0.151854
ENSDARG00000070419_0_9,-3.1100,-3.2254,1.000000,0.970984,0.696053,-22.3600,-23.7429,0.250000,0.352850,0.424639,0.053703,0.090003,0.040555,0.068573,0.037964,0.084088,0.972095,0.951179,1.000000,0.957355,0.995204,0.951037,0.985215,0.953670,1.000000,0.942955,0.040857,0.060692,0.036511,0.061407,0.037488,0.016175,0.953602,0.532840,0.949869,0.095579,0.981818,0.126752,1.000000,0.474030,0.977447,0.994649,1.000000,0.124714,0.970270,0.086943,0.891259,0.012724,0.997206,0.907408
ENSDARG00000070419_0_10,0.0000,-0.0647,1.000000,0.987430,0.989944,-16.9200,-19.5225,0.625000,0.635792,0.583507,0.992205,0.727293,0.993461,0.855921,0.992262,0.799678,0.998578,0.334124,1.000000,0.423439,0.986339,0.759894,0.994237,0.525612,1.000000,0.719246,0.949126,0.221992,0.995093,0.119351,1.000000,0.245323,0.998139,0.851935,1.000000,0.875367,1.000000,0.907507,1.000000,0.892536,0.905545,0.772821,1.000000,0.692343,1.000000,0.240361,1.000000,0.510598,0.993895,0.194806
ENSDARG00000071150_18_1,-5.1600,-5.2881,0.625000,0.623517,0.499309,-28.0900,-29.4495,0.500000,0.496933,0.316812,0.056715,0.116874,0.914489,0.081538,0.015234,0.078728,0.001581,0.179901,0.001496,0.084685,0.003990,0.786602,0.999697,0.650614,0.999957,0.142958,0.999985,0.143993,0.999811,0.063748,0.003852,0.004535,0.001244,0.026610,0.001409,0.999694,0.046811,0.023306,0.968647,0.000565,0.046111,0.000239,0.925244,0.022940,0.999973,0.999837,0.999948,0.998984,0.999992,0.929897
ENSDARG00000071150_18_2,-0.4600,-0.7901,0.750000,0.834336,0.855833,-18.1800,-19.9265,1.000000,0.849935,0.585440,0.930948,0.094982,0.945453,0.085635,0.970530,0.089615,0.998243,0.100856,0.999161,0.860186,0.972347,0.800278,0.357474,0.044591,0.349658,0.142842,0.999943,0.884489,0.989091,0.440819,0.970367,0.440056,0.958765,0.924966,0.354358,0.621267,0.357474,0.686099,0.999840,0.985404,0.999886,0.980215,0.998211,0.907885,0.999901,0.938144,0.982530,0.822633,0.982485,0.857832
ENSDARG00000071150_18_3,-0.1400,-1.0933,1.000000,0.729953,0.724367,-22.8300,-23.8062,0.250000,0.303209,0.365984,0.399989,0.023755,0.367641,0.008351,0.834677,0.007353,0.481854,0.006341,0.508010,0.006901,0.697145,0.025049,0.945469,0.986172,0.956034,0.993318,0.767944,0.995440,0.763508,0.755754,0.964424,0.758943,0.961032,0.326638,0.815440,0.333471,0.790541,0.987401,0.795215,0.029923,0.690966,0.003199,0.666987,0.168088,0.550521,0.013712,0.665967,0.830774,0.863985,0.059100
ENSDARG00000071150_18_6,0.0000,-0.1871,1.000000,0.970290,0.965115,-16.9800,-19.3988,0.250000,0.378516,0.622659,0.874631,0.892833,0.935441,0.889059,0.954542,0.892641,0.998958,0.909073,0.999684,0.966150,0.925966,0.908745,1.000000,0.969621,1.000000,0.894631,0.994421,0.889136,1.000000,0.571072,0.899971,0.515257,0.956360,0.126825,0.999896,0.307787,0.919260,0.308129,0.993329,0.379054,0.916515,0.589489,0.966276,0.894753,0.998678,0.244776,0.973350,0.157137,0.995013,0.147004
ENSDARG00000071150_18_7,-1.6300,-2.1203,0.625000,0.619844,0.687866,-18.0400,-20.0957,0.625000,0.619832,0.438566,0.958688,0.458312,0.960632,0.382245,0.999943,0.472576,0.998349,0.339324,0.999864,0.277644,0.998693,0.172316,0.531992,0.159012,0.054352,0.050057,0.040871,0.209919,0.599123,0.884401,0.984013,0.278588,0.672051,0.128268,0.997864,0.991003,0.997951,0.800035,1.000000,0.797120,0.211607,0.693567,0.460452,0.352590,0.113436,0.176495,0.580745,0.889559,0.596698,0.258291
ENSDARG00000071150_18_8,-1.5800,-2.1323,0.500000,0.494164,0.503834,-28.1900,-30.0811,0.000000,0.091272,0.242729,0.654680,0.980787,0.171320,0.984222,0.070580,0.055861,0.873446,0.033798,0.084033,0.030304,0.103706,0.047241,0.112719,0.233404,0.982236,0.742190,0.994314,0.997015,0.990658,0.017716,0.979880,0.001583,0.105794,0.000288,0.091985,0.001359,0.170342,0.001389,0.917414,0.000051,0.063474,0.000082,0.141875,0.006447,0.627277,0.021246,0.941666,0.166923,0.999280,0.532680
ENSDARG00000071150_18_9,-1.7200,-1.8322,0.750000,0.766776,0.721565,-16.8300,-18.9408,0.500000,0.474479,0.512618,0.969777,0.570755,0.073794,0.409514,0.088249,0.696783,0.123427,0.788392,0.998932,0.916243,0.979934,0.655316,0.978144,0.749317,0.989633,0.748584,0.987109,0.132249,0.985615,0.076151,0.997759,0.146747,0.124711,0.566483,0.088360,0.017005,0.091995,0.102571,0.983725,0.790700,0.982907,0.255744,0.989470,0.216976,0.999266,0.655926,0.999821,0.877381,0.998666,0.879531
ENSDARG00000071150_18_10,-2.2400,-2.8987,0.500000,0.509943,0.586542,-22.6800,-24.4462,0.250000,0.304700,0.416570,0.331645,0.952467,0.331255,0.937205,0.897690,0.872607,0.317401,0.914584,0.324125,0.974743,0.996412,0.861526,0.558892,0.191816,0.966201,0.029891,0.960724,0.040394,0.997918,0.037900,0.689574,0.035105,0.279454,0.045554,0.632702,0.845896,0.323922,0.053790,0.353531,0.089667,0.987414,0.893662,0.146446,0.348001,0.041875,0.025587,0.647599,0.153770,0.946059,0.027228
ENSDARG00000071497_2_1,-3.0000,-3.1358,0.875000,0.878968,0.697840,-20.3700,-22.2710,1.000000,0.913206,0.530257,0.055035,0.774865,0.025133,0.560752,0.047782,0.585400,0.927989,0.906566,0.941886,0.020769,0.982658,0.017673,1.000000,0.019230,0.998711,0.024725,0.902467,0.139084,1.000000,0.031633,0.035021,0.197212,0.008377,0.021588,0.033824,0.641280,0.999983,0.977058,0.999954,0.952050,0.999873,0.961218,0.999936,0.963307,0.998543,0.931206,0.999935,0.982758,0.999693,0.896768
ENSDARG00000071497_2_2,0.0000,-0.1751,1.000000,0.975815,0.950810,-18.2400,-19.6854,1.000000,0.858448,0.601231,0.895310,0.815792,0.876194,0.090514,0.931440,0.026659,0.996119,0.022864,0.964351,0.076776,0.963463,0.101275,0.939144,0.201059,0.904233,0.883250,0.942162,0.870286,0.940023,0.841380,0.910909,0.617870,0.946332,0.609302,0.919024,0.889004,0.963951,0.904899,0.997348,0.935944,0.998197,0.968868,0.972757,0.980511,0.999401,0.979214,0.977591,0.617706,0.978252,0.591442
ENSDARG00000071497_2_3,0.0000,-0.5776,1.000000,0.700030,0.756132,-18.6300,-20.0787,0.750000,0.752237,0.518364,0.538269,0.863471,0.980866,0.113436,0.519386,0.039737,0.476757,0.020714,0.491612,0.070860,0.737332,0.069296,0.938373,0.922767,0.958427,0.941713,0.955947,0.968412,0.985671,0.140606,0.990863,0.103114,0.948895,0.095251,0.746410,0.107077,0.485945,0.394338,0.482405,0.962921,0.521511,0.812106,0.949402,0.873207,0.448223,0.882639,0.967342,0.994486,0.998998,0.991124
ENSDARG00000071497_2_4,-2.1200,-2.6816,0.375000,0.514427,0.582893,-21.6600,-23.0835,1.000000,0.862890,0.547541,0.852926,0.019167,0.607176,0.001783,0.729109,0.004024,0.705011,0.003601,0.327873,0.042459,0.334730,0.972163,0.392767,0.074542,0.340577,0.070650,0.335259,0.075311,0.999851,0.952643,0.965757,0.884800,0.951409,0.946563,0.166308,0.870404,0.185151,0.868891,0.659800,0.830238,0.175361,0.818341,0.435998,0.887273,0.508280,0.946577,0.984561,0.746564,0.999955,0.934832
ENSDARG00000071497_2_5,-2.7600,-3.1965,0.625000,0.596207,0.664563,-16.5100,-19.4822,0.500000,0.578309,0.480014,0.910851,0.416770,0.893570,0.169726,0.912069,0.253726,0.959305,0.391060,0.948955,0.393913,0.999039,0.436628,0.653501,0.562908,0.081834,0.188172,0.078446,0.122303,0.137570,0.186262,0.987248,0.895567,0.959221,0.956763,0.951306,0.937683,0.973706,0.927504,0.940200,0.950300,0.922536,0.815855,0.087149,0.083021,0.114783,0.215540,0.117085,0.212876,0.662891,0.483696
ENSDARG00000071497_2_7,-1.4400,-1.5875,0.750000,0.771398,0.645125,-19.9400,-21.8943,0.500000,0.594511,0.414846,0.163264,0.586875,0.142255,0.584905,0.140475,0.584894,0.141819,0.022392,0.971108,0.419740,0.976386,0.249497,0.965886,0.235377,0.989587,0.200321,0.986388,0.113484,0.983092,0.158297,0.137481,0.143896,0.133568,0.241154,0.148380,0.762253,0.140276,0.502595,0.967117,0.576814,0.980336,0.686453,0.976838,0.478801,0.967442,0.618808,0.994462,0.569316,0.996333,0.561051
ENSDARG00000071497_2_8,-0.7700,-1.1799,0.750000,0.819371,0.750837,-18.1700,-20.0990,0.375000,0.414716,0.447707,0.920797,0.945336,0.937580,0.469875,0.959809,0.399014,0.896614,0.389848,0.242494,0.933601,0.203365,0.936169,0.349229,0.036120,0.998181,0.052118,0.982647,0.057573,0.900442,0.392211,0.861693,0.979876,0.208915,0.044679,0.328160,0.054878,0.340380,0.972785,0.995330,0.101707,0.999391,0.046539,0.981733,0.901416,0.911367,0.089519,0.999172,0.566131,0.999435,0.584749
ENSDARG00000071497_2_9,-1.1500,-1.4283,0.625000,0.646658,0.719912,-20.3600,-22.9806,0.250000,0.292190,0.466563,0.853874,0.598763,0.892908,0.495200,0.998311,0.715012,0.999509,0.550101,0.999774,0.508071,0.197972,0.475945,0.205957,0.971662,0.208248,0.461622,0.967480,0.735909,0.960570,0.450513,0.999752,0.439190,0.940610,0.591756,0.912240,0.974821,0.182576,0.281185,0.203613,0.085023,0.212567,0.022995,0.948828,0.011327,0.951337,0.931615,0.846871,0.009067,0.915234,0.021490
ENSDARG00000071497_2_10,0.0000,-0.7130,1.000000,0.823768,0.793495,-17.6000,-20.5590,0.625000,0.567206,0.474444,0.744526,0.514053,0.702733,0.345046,0.988084,0.289603,0.997623,0.297740,0.663512,0.217777,0.579992,0.328189,0.846255,0.195418,0.806794,0.288339,0.860228,0.677606,0.830925,0.645324,0.588546,0.544403,0.670542,0.607724,0.979032,0.614044,0.987503,0.780318,0.571491,0.394618,0.627227,0.373865,0.996047,0.856814,0.764902,0.459757,0.748795,0.509350,0.915145,0.548881
ENSDARG00000073801_2_1,-0.5500,-0.9038,1.000000,0.992964,0.846605,-18.5500,-20.1692,0.750000,0.671272,0.591983,0.247760,0.037722,0.248480,0.034992,0.984596,0.078993,1.000000,0.089789,0.993509,0.808103,0.994478,0.955301,0.411715,0.467456,0.407545,0.452357,0.999142,0.968688,0.853797,0.792723,0.854805,0.818722,0.992566,0.964638,0.994858,0.928443,0.994159,0.923895,0.983991,0.923477,0.983279,0.874677,0.990718,0.783601,0.998632,0.727692,0.998551,0.128955,0.999526,0.079432
ENSDARG00000073801_2_2,-4.5700,-5.3776,0.375000,0.433360,0.533026,-20.3700,-23.2881,0.375000,0.337525,0.386861,0.998037,0.918230,0.993515,0.847327,0.987607,0.925938,0.006836,0.044937,0.002341,0.058061,0.000494,0.038309,0.001015,0.023955,0.469223,0.080166,0.871156,0.987842,0.999638,0.937883,0.999823,0.107273,0.863955,0.067105,0.650214,0.031207,0.522564,0.026956,0.256645,0.029795,0.010006,0.152275,0.343116,0.725035,0.330336,0.335126,0.354439,0.805822,0.999561,0.593985
ENSDARG00000073801_2_4,-2.0200,-2.6029,0.375000,0.549766,0.596565,-18.9500,-21.0466,0.000000,0.551571,0.570394,0.419244,0.700248,0.099658,0.651216,0.614087,0.661420,0.105198,0.704657,0.475771,0.777231,0.548917,0.746650,0.921939,0.662932,0.907084,0.435277,0.931869,0.327079,0.936128,0.302931,0.995944,0.402420,0.577342,0.623253,0.127005,0.513204,0.093666,0.333885,0.478275,0.719187,0.367786,0.353653,0.406976,0.394805,0.955313,0.718537,0.979414,0.732046,0.989690,0.647248
ENSDARG00000073801_2_5,-1.6700,-2.1267,0.625000,0.682694,0.731474,-18.3100,-20.5013,0.375000,0.504432,0.484347,0.968014,0.868743,0.800960,0.129362,0.813789,0.159753,0.999282,0.245419,0.950717,0.229464,0.989174,0.277638,0.388618,0.636479,0.132859,0.101125,0.137329,0.114672,0.999995,0.982981,0.999866,0.966246,0.987317,0.939604,0.985107,0.939460,0.701023,0.495045,0.751155,0.515441,0.210952,0.080250,0.312630,0.131411,0.502914,0.734896,0.998870,0.998314,0.998899,0.140635
ENSDARG00000073801_2_6,-0.3100,-1.0881,0.625000,0.696463,0.734166,-17.5100,-19.8712,0.375000,0.408557,0.604091,0.970493,0.856961,0.895168,0.839178,0.940587,0.854293,0.953595,0.883043,0.863445,0.754319,0.939444,0.869829,0.994483,0.885394,0.704716,0.839231,0.402122,0.787130,0.310379,0.722244,0.249276,0.365842,0.887905,0.155899,0.987096,0.172179,0.915952,0.689862,0.882849,0.186280,0.988190,0.287764,0.365087,0.164139,0.328816,0.170636,0.391260,0.952571,0.712452,0.645028
ENSDARG00000073801_2_7,-1.8500,-2.9301,0.625000,0.542403,0.539329,-23.1900,-25.5761,0.375000,0.357167,0.397907,0.317457,0.678021,0.174665,0.661142,0.358007,0.649279,0.415285,0.506042,0.204098,0.557280,0.266052,0.739345,0.708843,0.971258,0.999942,0.217404,0.989925,0.077483,0.691149,0.038722,0.637803,0.004290,0.684132,0.000538,0.423512,0.000573,0.604314,0.000376,0.153358,0.002696,0.033536,0.012806,0.148698,0.777915,0.986743,0.922695,0.994013,0.721163,0.995051,0.419114
ENSDARG00000073801_2_8,-10.8900,-10.9616,0.375000,0.380574,0.404531,-24.1400,-26.3736,0.375000,0.245301,0.358181,0.043340,0.448204,0.988442,0.800528,0.012552,0.081471,0.000067,0.054513,0.000037,0.053541,0.000036,0.045244,0.000863,0.034746,0.999991,0.854906,0.999998,0.952156,0.999992,0.840474,0.999721,0.892958,0.000989,0.142469,0.000122,0.132000,0.000118,0.128312,0.000058,0.013069,0.012477,0.054398,0.999998,0.613900,0.031840,0.037766,0.999990,0.531689,0.999991,0.451270
ENSDARG00000073801_2_9,0.0000,-0.0546,1.000000,0.993858,0.987373,-16.0400,-18.5434,0.750000,0.739878,0.584134,0.983337,0.437081,0.998059,0.170460,0.999025,0.165329,0.974190,0.172124,0.968886,0.116661,0.965111,0.193473,0.991210,0.169011,0.997277,0.902398,0.991081,0.788493,0.996790,0.894560,0.964979,0.898856,0.966639,0.855199,0.997138,0.955083,0.990583,0.900850,0.999432,0.928890,0.999070,0.958465,0.999013,0.921687,0.994713,0.914696,0.982007,0.183534,0.988908,0.155821
ENSDARG00000073801_2_10,0.0000,-0.6020,1.000000,0.962204,0.858813,-15.6100,-17.8060,1.000000,0.681262,0.614692,0.975436,0.587089,0.679317,0.452092,0.599014,0.495282,0.804375,0.531302,0.746122,0.775994,0.785713,0.849030,0.996911,0.395293,0.689581,0.216047,0.680564,0.223624,0.989577,0.948903,0.761437,0.597451,0.770573,0.771629,0.774225,0.462133,0.966759,0.463476,0.984472,0.469270,0.987866,0.543405,0.999345,0.667840,0.995680,0.983562,0.994640,0.977004,0.994647,0.883409
ENSDARG00000073817_2_1,-1.5900,-2.0687,0.500000,0.660527,0.622519,-17.3500,-18.8000,0.500000,0.498753,0.465849,0.591975,0.224425,0.578300,0.202525,0.634652,0.246856,0.633993,0.721577,0.995328,0.471359,0.979751,0.436528,0.449015,0.350713,0.447903,0.820013,0.458807,0.834111,0.093206,0.260733,0.626927,0.361811,0.676301,0.396307,0.636275,0.793261,0.928013,0.205234,0.447788,0.090898,0.457486,0.077627,0.454030,0.129653,0.437828,0.826346,0.939072,0.933935,0.983727,0.933072
ENSDARG00000073817_2_2,-2.4200,-2.5610,1.000000,0.983884,0.711968,-21.3700,-22.7720,0.375000,0.380028,0.460089,0.950959,0.934035,0.056678,0.047968,0.052831,0.037979,0.153840,0.132862,0.999437,0.955209,0.969424,0.956795,0.968899,0.957572,0.913598,0.901360,0.097928,0.100782,0.110974,0.092996,0.093854,0.083689,0.999872,0.960304,0.994268,0.957503,0.953136,0.935770,0.971309,0.977481,0.967560,0.035198,0.996635,0.033397,0.998818,0.035439,0.991780,0.025120,0.997563,0.040315
ENSDARG00000073817_2_3,-2.5800,-2.7101,0.625000,0.630983,0.606387,-16.7300,-18.9336,0.625000,0.596521,0.500287,0.977614,0.321076,0.947890,0.302774,0.980323,0.317289,0.073575,0.269622,0.021974,0.224096,0.027761,0.319422,0.039430,0.172127,0.998780,0.805296,0.998573,0.822811,0.994399,0.758451,0.989835,0.780304,0.029716,0.140309,0.019600,0.150233,0.026514,0.272282,0.073933,0.299443,0.998872,0.940958,0.940089,0.895551,0.998961,0.941657,0.990148,0.634825,0.999748,0.637218
ENSDARG00000073817_2_4,-0.1100,-1.0714,0.375000,0.673846,0.703228,-17.7400,-19.7835,0.625000,0.740021,0.547201,0.724675,0.119059,0.724386,0.039530,0.772958,0.043520,0.484491,0.056776,0.414872,0.242510,0.878871,0.558630,0.999947,0.830866,0.494158,0.190345,0.541094,0.333579,0.939930,0.676882,0.913814,0.964978,0.784595,0.967172,0.861866,0.942509,0.223211,0.525554,0.198284,0.559499,0.941406,0.951761,0.961916,0.946593,0.697109,0.932977,0.735485,0.908931,0.771492,0.152348
ENSDARG00000073817_2_5,-1.0900,-1.7669,0.625000,0.704843,0.693637,-21.1000,-22.3543,0.625000,0.591101,0.480290,0.633037,0.144480,0.817635,0.132775,0.450853,0.130522,0.938143,0.122594,0.507375,0.458720,0.692749,0.133288,0.972518,0.096300,0.999084,0.145032,0.999001,0.903405,0.638192,0.901049,0.333313,0.878771,0.252107,0.830055,0.991842,0.929560,0.682574,0.089192,0.961807,0.053757,0.451551,0.050510,0.603598,0.892747,0.499835,0.890092,0.448551,0.902036,0.998985,0.920910
ENSDARG00000073817_2_6,-1.7000,-1.9464,0.500000,0.514961,0.607816,-18.4400,-20.5996,0.000000,0.251057,0.557464,0.986279,0.752419,0.090425,0.667090,0.056493,0.680775,0.069554,0.759133,0.082145,0.756039,0.991506,0.769755,0.999633,0.953693,0.805869,0.840239,0.999568,0.839040,0.976482,0.739190,0.978697,0.686465,0.999982,0.696991,0.931654,0.433988,0.997755,0.644909,0.865246,0.533467,0.998626,0.131277,0.073975,0.019710,0.069620,0.018320,0.074397,0.026168,0.108412,0.200620
ENSDARG00000073817_2_7,0.0000,-0.6840,1.000000,0.765490,0.798200,-20.5700,-22.1813,0.750000,0.681140,0.522493,0.949326,0.914636,0.899360,0.196693,0.880535,0.255642,0.956123,0.944398,0.948478,0.318805,0.758646,0.065383,0.761782,0.015070,0.965544,0.011138,0.784996,0.014778,0.529455,0.935101,0.625082,0.362708,0.780754,0.966378,0.779717,0.914865,0.815253,0.076311,0.683135,0.118328,0.970726,0.843663,0.627878,0.901365,0.602831,0.697283,0.792034,0.971572,0.852350,0.925738
ENSDARG00000073817_2_8,-1.9500,-2.6207,0.625000,0.648978,0.547079,-20.2500,-22.5380,1.000000,0.385683,0.399628,0.063705,0.616280,0.074176,0.346954,1.000000,0.535064,0.955490,0.671089,0.064801,0.453860,0.075058,0.350162,0.252941,0.347257,0.999626,0.173493,0.998767,0.536576,0.982381,0.513284,0.235839,0.177046,0.046979,0.186041,0.049794,0.176865,0.553424,0.328448,0.545355,0.341821,0.984838,0.488090,0.525737,0.313538,0.532708,0.366179,0.999974,0.541435,0.999993,0.529085
ENSDARG00000073817_2_9,-3.6700,-3.9941,0.375000,0.410152,0.527445,-22.5500,-23.6890,0.250000,0.307283,0.231807,0.861438,0.141812,0.655864,0.010859,0.637642,0.010190,0.638985,0.008197,0.642947,0.065617,0.370197,0.013209,0.367466,0.008065,0.369010,0.009934,0.364729,0.004860,0.363237,0.004135,0.999128,0.929901,0.997042,0.971109,0.645437,0.979927,0.638759,0.989079,0.005378,0.073912,0.026829,0.074102,0.238054,0.064803,0.364876,0.048323,0.362930,0.056056,0.998949,0.172057
ENSDARG00000073817_2_10,0.0000,-0.5048,1.000000,0.996373,0.890798,-16.3200,-18.3496,1.000000,0.465448,0.560402,0.459561,0.350740,0.462376,0.349017,0.999946,0.947886,0.998632,0.643843,0.995932,0.622694,0.995163,0.951367,0.997634,0.958828,0.754730,0.834512,0.476435,0.370464,0.708922,0.396287,0.996781,0.503170,0.998863,0.555643,0.994840,0.852147,0.990512,0.895372,0.997699,0.511830,0.999634,0.327058,0.999690,0.284451,0.999688,0.289064,0.996676,0.290042,0.992249,0.273620
ENSDARG00000074184_0_1,-3.3000,-3.5085,0.375000,0.423841,0.528865,-19.8800,-22.3323,0.375000,0.381700,0.321183,0.962301,0.762998,0.963086,0.477456,0.976368,0.278935,0.984396,0.379854,0.991184,0.371766,0.916978,0.035252,0.095428,0.013146,0.030502,0.003091,0.075200,0.002107,0.127884,0.054545,0.116619,0.040682,0.946623,0.950228,0.992180,0.999194,0.997730,0.999768,0.933611,0.998752,0.063553,0.039231,0.032266,0.004473,0.094881,0.001190,0.110308,0.004595,0.166198,0.006395
ENSDARG00000074184_0_2,-0.9200,-1.5038,0.375000,0.503529,0.548636,-24.0100,-25.5389,0.000000,0.285373,0.188962,0.238346,0.007035,0.114314,0.002454,0.121647,0.002767,0.156985,0.001646,0.989213,0.001548,0.402274,0.002116,0.487382,0.004987,0.961087,0.005435,0.992724,0.051423,0.995020,0.797287,0.995351,0.236844,0.490144,0.382720,0.362693,0.232448,0.999403,0.233039,0.976529,0.409547,0.133255,0.414669,0.150741,0.375074,0.143726,0.206735,0.261919,0.204143,0.999967,0.207326
ENSDARG00000074184_0_3,0.0000,-0.3511,1.000000,0.899586,0.887148,-23.8000,-24.8735,0.000000,0.007193,0.452935,0.890201,0.988836,0.864956,0.994131,0.847699,0.373538,0.994934,0.355085,0.857325,0.342669,0.699540,0.315133,0.796941,0.930199,0.999800,0.985712,0.906582,0.980066,1.000000,0.875358,0.934652,0.874111,0.753643,0.986312,0.726022,0.033602,0.922440,0.000200,0.951098,0.000032,0.999767,0.000457,0.806508,0.002258,0.999379,0.018363,0.895099,0.000771,0.896376,0.001861
ENSDARG00000074184_0_4,-4.2400,-4.7450,0.750000,0.697370,0.526317,-22.1400,-24.1089,0.500000,0.481486,0.402435,0.718861,0.801308,0.006778,0.633000,0.006707,0.645043,0.020941,0.654387,0.110426,0.939113,0.443495,0.261480,0.983599,0.115723,0.973327,0.059895,0.999841,0.057214,0.443476,0.025489,0.123710,0.001566,0.116211,0.002598,0.130198,0.363658,0.141583,0.793110,0.874236,0.713970,0.737223,0.925955,0.845729,0.011095,0.851091,0.008396,0.999249,0.036560,0.999649,0.999144
ENSDARG00000074184_0_5,-1.5100,-1.8046,0.625000,0.673124,0.727771,-21.2800,-23.8173,0.250000,0.246719,0.416128,0.845955,0.310887,0.857607,0.282886,0.861316,0.725186,0.961706,0.833534,0.985285,0.637140,0.997750,0.580110,0.989130,0.703505,0.961835,0.470200,0.339914,0.758720,0.190942,0.471241,0.199148,0.294665,0.979831,0.280746,0.879288,0.300891,0.872145,0.408700,0.871762,0.054271,0.984494,0.028652,0.992958,0.192285,0.213034,0.317750,0.213528,0.413147,0.357784,0.258052
ENSDARG00000074184_0_6,-1.2900,-1.5937,1.000000,0.866632,0.629414,-18.0900,-20.6326,0.000000,0.380445,0.476659,0.970325,0.753280,0.307475,0.290400,0.305431,0.296176,0.322994,0.355403,0.329519,0.676239,0.866637,0.628870,0.855585,0.808188,0.796138,0.919323,0.274700,0.458831,0.134772,0.432482,0.165943,0.333204,0.325693,0.537224,0.999545,0.784185,0.997438,0.549113,0.888384,0.485946,0.854579,0.480530,0.897705,0.341830,0.752693,0.079738,0.746986,0.270741,0.795726,0.051476
ENSDARG00000074184_0_7,-2.8200,-2.9198,0.750000,0.756894,0.611546,-22.1100,-23.6656,0.625000,0.630439,0.523302,0.086776,0.519364,0.963154,0.506978,0.049612,0.327538,0.988978,0.386352,0.030190,0.886817,0.025286,0.844862,0.986326,0.914736,0.988451,0.967781,0.993077,0.051035,0.999270,0.000687,0.029163,0.000491,0.035496,0.015892,0.985283,0.999302,0.078746,0.035731,0.958071,0.005238,0.042522,0.006592,0.991193,0.999981,0.999878,0.999950,0.999671,0.999821,0.999785,0.996900
ENSDARG00000074184_0_8,-0.2800,-0.7372,0.750000,0.854435,0.862515,-18.6500,-19.8989,0.625000,0.641982,0.540322,0.965509,0.894143,0.992856,0.241788,1.000000,0.289917,1.000000,0.992113,1.000000,0.218455,0.415464,0.088671,0.395837,0.082955,1.000000,0.992313,0.998723,0.146000,1.000000,0.277507,0.825390,0.777719,0.821043,0.669002,1.000000,0.985102,1.000000,0.915534,0.997871,0.110471,0.429338,0.102278,0.408272,0.029648,1.000000,0.999805,1.000000,0.999591,1.000000,0.993425
ENSDARG00000074184_0_9,0.0000,-0.9168,1.000000,0.870756,0.811653,-18.3400,-20.3671,0.625000,0.571446,0.582511,0.859637,0.846819,0.898199,0.485504,0.884019,0.521522,1.000000,0.532113,0.565439,0.601481,0.268255,0.648058,0.501216,0.645364,1.000000,0.799746,0.996369,0.701109,1.000000,0.940802,0.713881,0.190978,0.579998,0.165155,1.000000,0.421723,0.572750,0.118716,0.616670,0.039467,0.781619,0.040004,1.000000,0.985108,0.995006,0.986109,1.000000,0.998017,1.000000,0.982428
ENSDARG00000074184_0_10,-3.7900,-3.8515,0.875000,0.863846,0.510221,-19.2300,-20.8275,0.500000,0.640804,0.433771,0.056826,0.232537,0.045131,0.073038,0.042153,0.120002,0.035427,0.439304,0.053659,0.344057,0.996343,0.816960,0.993560,0.578953,0.993702,0.499044,0.028263,0.034561,0.010027,0.053608,0.012638,0.064872,0.025921,0.292050,0.049537,0.511796,0.995388,0.888567,0.994833,0.839252,0.978091,0.949058,0.969152,0.357382,0.962304,0.305527,0.962036,0.304036,0.999430,0.970817
ENSDARG00000074397_1_1,-2.5900,-3.0828,0.250000,0.370118,0.495632,-18.9000,-21.2480,0.250000,0.373875,0.458471,0.981027,0.614766,0.981488,0.571191,0.326790,0.738392,0.273971,0.432971,0.992786,0.423835,0.083597,0.259481,0.011165,0.114568,0.011127,0.582833,0.294072,0.556725,0.999286,0.747258,0.998323,0.636729,0.998058,0.499666,0.998113,0.721704,0.290339,0.766095,0.012506,0.067346,0.010335,0.227086,0.086185,0.562682,0.264262,0.066191,0.299312,0.062548,0.999890,0.517350
ENSDARG00000074397_1_2,-0.4300,-1.0964,0.875000,0.830668,0.763474,-19.8400,-21.4468,0.250000,0.362160,0.496279,0.888390,0.932288,0.578697,0.889747,0.314757,0.904200,0.630245,0.904785,0.614263,0.241908,0.730785,0.126305,0.985297,0.082389,0.934878,0.083135,0.910046,0.114706,0.888121,0.965873,0.592548,0.882053,0.556117,0.900915,0.630232,0.348786,0.761197,0.410617,0.981625,0.974869,0.991614,0.061699,0.663919,0.024113,0.658864,0.019597,0.974387,0.995921,0.983506,0.061680
ENSDARG00000074397_1_3,-4.5200,-5.0225,0.250000,0.366275,0.452728,-21.8000,-23.5787,0.375000,0.349441,0.352061,0.267015,0.220354,0.053075,0.084709,0.031122,0.088667,0.033500,0.106432,0.998090,0.961508,0.780690,0.945054,0.154438,0.897926,0.262160,0.067231,0.914636,0.032548,0.914374,0.042496,0.922727,0.170518,0.792540,0.628258,0.114106,0.622189,0.354156,0.980425,0.977622,0.307993,0.058708,0.022437,0.068591,0.079204,0.050563,0.001247,0.329663,0.038020,0.976791,0.744012
ENSDARG00000074397_1_4,-1.1300,-1.4863,0.500000,0.575409,0.655103,-17.6100,-19.5512,0.375000,0.412636,0.449811,0.136000,0.288194,0.128749,0.278657,0.986551,0.329547,0.309066,0.455202,0.319268,0.808164,0.994257,0.753277,0.838053,0.292029,0.827796,0.214721,0.984614,0.315999,0.982085,0.262836,0.996374,0.853727,0.995974,0.842776,0.164750,0.118100,0.184262,0.102640,0.349913,0.191049,0.342091,0.252431,0.970200,0.878225,0.797387,0.794369,0.796235,0.760522,0.998433,0.203750
ENSDARG00000074397_1_6,0.0000,-0.2448,1.000000,0.960948,0.947791,-21.2400,-22.4816,0.500000,0.509194,0.567086,0.891970,0.800728,0.989910,0.583466,0.999370,0.867808,0.948473,0.085639,0.978431,0.027521,0.912917,0.018604,0.791277,0.044970,0.948636,0.976603,0.999698,0.965680,0.900969,0.964989,1.000000,0.949452,0.906593,0.982709,0.853444,0.043962,0.932744,0.018693,0.991471,0.013468,0.932226,0.013427,0.999822,0.997884,0.991085,0.997589,0.988509,0.999224,0.998287,0.989301
ENSDARG00000074397_1_7,-1.2700,-1.8719,0.625000,0.763537,0.706235,-20.5500,-22.4933,0.000000,0.043997,0.400397,0.602629,0.733007,0.616217,0.718027,0.485854,0.719364,0.847089,0.973096,0.851110,0.976149,0.998056,0.457127,0.966600,0.327731,0.562447,0.299278,0.558120,0.317205,0.221333,0.724342,0.650566,0.672184,0.656385,0.738458,0.990798,0.211645,0.990175,0.034059,0.433829,0.017667,0.434363,0.020105,0.419221,0.017640,0.950876,0.023398,0.909130,0.016693,0.979900,0.010766
ENSDARG00000074397_1_8,0.0000,-0.0702,1.000000,0.992232,0.982562,-15.9200,-17.3132,1.000000,0.865124,0.675822,0.948118,0.196310,0.989088,0.140759,0.980178,0.219899,0.973612,0.926901,0.969837,0.840706,0.975529,0.923239,0.995594,0.052918,0.942838,0.060636,0.999252,0.767927,0.986234,0.980379,0.978246,0.806077,0.974859,0.679693,0.973676,0.665735,0.993120,0.736199,0.989936,0.876674,0.996646,0.958775,0.994637,0.957510,0.994148,0.912078,0.996747,0.920729,0.998944,0.893293
ENSDARG00000074397_1_9,-5.9000,-5.9597,0.375000,0.382131,0.505686,-23.6800,-25.1012,0.500000,0.501433,0.520209,0.999826,0.915939,0.990924,0.852147,0.013145,0.881462,0.000162,0.953615,0.000140,0.957637,0.010760,0.331110,0.042150,0.264265,0.999860,0.196979,0.999904,0.901873,0.999935,0.096983,0.999925,0.033927,0.999945,0.006780,0.041933,0.023273,0.004019,0.900061,0.000351,0.189027,0.007006,0.003813,0.003866,0.002224,0.999958,0.990595,0.999955,0.984784,0.999958,0.917683
ENSDARG00000074397_1_10,-3.2200,-3.3418,0.875000,0.833278,0.685631,-20.3800,-21.9616,0.625000,0.569933,0.471288,0.123925,0.601934,0.081293,0.532578,0.032052,0.715127,0.945304,0.521978,0.925540,0.437638,0.949683,0.408667,0.993900,0.986245,0.949526,0.237959,0.951655,0.222681,0.949962,0.182763,0.075427,0.009698,0.068133,0.009024,0.026117,0.011297,0.943144,0.980515,0.942252,0.892100,0.943804,0.881309,0.950382,0.800913,0.943861,0.859364,0.946642,0.089080,0.970019,0.044886
ENSDARG00000074474_8_1,-5.2800,-5.4797,0.250000,0.283124,0.426468,-19.9300,-22.3292,0.125000,0.290618,0.377143,0.995024,0.653801,0.986755,0.613583,0.993619,0.713934,0.007303,0.163229,0.007829,0.129640,0.006642,0.188844,0.003904,0.107071,0.060865,0.249995,0.207270,0.431550,0.995730,0.841547,0.999619,0.539018,0.999801,0.585703,0.996979,0.727916,0.210928,0.445837,0.059270,0.338385,0.001661,0.194302,0.003188,0.140295,0.001382,0.186701,0.004054,0.175148,0.987530,0.116359
ENSDARG00000074474_8_2,-2.0200,-2.8623,0.625000,0.544494,0.526965,-22.6900,-25.1019,0.375000,0.420853,0.372235,0.467163,0.609254,0.371230,0.604656,0.510868,0.409826,0.771551,0.134082,0.304985,0.262872,0.367334,0.450450,0.675720,0.630188,0.531886,0.573998,0.701898,0.089486,0.701301,0.154043,0.436326,0.081036,0.343086,0.077982,0.792726,0.165938,0.330409,0.008952,0.221608,0.070383,0.305385,0.521968,0.621313,0.377722,0.624621,0.347125,0.599713,0.959686,0.860173,0.915052
ENSDARG00000074474_8_3,-5.5900,-5.9005,0.500000,0.486376,0.552187,-23.4600,-24.9127,0.375000,0.391115,0.288448,0.011432,0.972789,0.000986,0.097580,0.001211,0.020168,0.012052,0.019019,0.995097,0.024514,0.814192,0.029800,0.820259,0.024208,0.883844,0.041127,0.984164,0.241736,0.998520,0.982981,0.850630,0.170382,0.780334,0.015737,0.883585,0.008090,0.983885,0.016760,0.009393,0.051923,0.020772,0.979204,0.012516,0.974552,0.021015,0.987354,0.959972,0.074763,0.999873,0.036273
ENSDARG00000074474_8_4,-3.6100,-3.8561,0.875000,0.847139,0.683410,-21.4700,-23.1640,0.500000,0.555897,0.585577,0.736201,0.960053,0.120085,0.870630,0.006133,0.840610,0.013555,0.836215,0.999170,0.967247,0.999961,0.957416,0.993172,0.440026,0.988372,0.312464,0.990954,0.902567,0.892516,0.097676,0.029913,0.024772,0.121064,0.054694,0.026780,0.068712,0.993193,0.425165,0.815768,0.411839,0.983785,0.426120,0.993605,0.601241,0.988082,0.561325,0.991556,0.977501,0.984341,0.975275
ENSDARG00000074474_8_5,-0.8700,-1.5497,0.375000,0.551268,0.608002,-20.1400,-22.4358,0.375000,0.405646,0.328513,0.906672,0.910551,0.405114,0.107536,0.374358,0.089220,0.362617,0.020397,0.309971,0.017278,0.430468,0.089481,0.993638,0.012292,0.759487,0.007052,0.569001,0.010005,0.691304,0.236108,0.977805,0.943840,0.969471,0.881336,0.894937,0.948927,0.932346,0.981233,0.863503,0.928673,0.281282,0.056195,0.295350,0.099084,0.321250,0.038781,0.407272,0.095221,0.414201,0.097055
ENSDARG00000074474_8_6,0.0000,-0.3642,1.000000,0.907577,0.898575,-15.9400,-17.7158,0.500000,0.544281,0.592977,0.779375,0.375783,0.805583,0.366359,0.999419,0.881083,0.980332,0.671901,0.987783,0.367000,0.970894,0.309224,0.993418,0.648660,0.838955,0.910414,0.809534,0.523301,0.780079,0.525176,0.887998,0.963861,0.877515,0.962535,0.896705,0.164453,0.939326,0.148959,0.996611,0.162161,0.995894,0.974308,0.838245,0.933154,0.776263,0.915718,0.818170,0.933233,0.999402,0.122262
ENSDARG00000074474_8_7,0.0000,-0.2101,1.000000,0.947044,0.927034,-19.6900,-21.1958,1.000000,0.886818,0.530638,0.779749,0.004840,0.761184,0.002401,0.812107,0.003262,0.964237,0.008883,0.974027,0.998497,0.992788,0.871617,0.975430,0.988342,0.992807,0.040809,0.953838,0.008955,0.972823,0.011113,0.942208,0.198374,0.843128,0.381128,0.857497,0.794592,0.880086,0.697916,0.933564,0.726229,0.930206,0.984926,0.998257,0.966351,0.998369,0.968272,0.988198,0.976851,0.990171,0.979403
ENSDARG00000074474_8_8,0.0000,-0.1226,1.000000,0.982915,0.969145,-20.3100,-22.3057,0.375000,0.464020,0.455728,0.998985,0.884698,0.997263,0.880574,0.887435,0.262630,0.848648,0.265833,0.993635,0.189160,0.998739,0.245156,0.994882,0.132977,0.989640,0.455964,0.985925,0.529916,0.973048,0.555025,0.917138,0.422484,0.934243,0.577990,0.969948,0.349350,0.968221,0.353049,0.985355,0.059136,0.995082,0.569114,0.996803,0.890794,0.977482,0.582220,0.992542,0.457073,0.977885,0.451424
ENSDARG00000074474_8_9,-4.6100,-5.1230,0.500000,0.426613,0.540566,-19.0100,-21.1917,0.375000,0.390658,0.568451,0.978916,0.885347,0.036690,0.693039,0.046184,0.725314,0.038948,0.735785,0.034495,0.812263,0.971013,0.844103,0.517523,0.820160,0.821308,0.861110,0.960448,0.596631,0.999923,0.606354,0.999706,0.294943,0.993264,0.368703,0.520811,0.904568,0.827795,0.121150,0.016547,0.014158,0.015858,0.028660,0.001001,0.036756,0.031936,0.673131,0.998987,0.960994,0.999966,0.385847
ENSDARG00000074474_8_10,-2.0400,-2.7330,0.250000,0.420842,0.536604,-18.9900,-20.7315,0.125000,0.179136,0.383270,0.999399,0.371216,0.998588,0.369421,0.718432,0.335911,0.519132,0.259448,0.069348,0.238585,0.043792,0.302533,0.496713,0.882751,0.440628,0.789764,0.482810,0.779376,0.597316,0.794107,0.999834,0.856118,0.999349,0.253089,0.958203,0.100490,0.949778,0.134704,0.583187,0.973370,0.057996,0.104501,0.016098,0.008833,0.014365,0.007036,0.234877,0.053118,0.552233,0.051038
ENSDARG00000074739_1_1,0.0000,-0.1083,1.000000,0.983975,0.975568,-20.1000,-21.3701,0.625000,0.660633,0.412295,0.913453,0.754717,0.962861,0.737249,0.992849,0.018755,0.989217,0.011341,0.999909,0.019902,0.992208,0.011408,1.000000,0.790484,0.942064,0.022137,0.926418,0.012963,0.922853,0.036414,0.999411,0.290694,0.998328,0.254764,0.998776,0.249030,0.999501,0.246722,0.982283,0.250724,0.999433,0.999696,0.999446,0.999663,0.975878,0.999321,0.940360,0.769165,0.976119,0.770743
ENSDARG00000074739_1_2,-0.5800,-1.2347,0.250000,0.496308,0.594832,-19.0600,-20.7622,0.500000,0.500669,0.503682,0.810381,0.892882,0.276703,0.343045,0.232152,0.324001,0.933331,0.915623,0.245197,0.119985,0.428082,0.130510,0.984942,0.815099,0.542426,0.176369,0.502561,0.145621,0.979209,0.765769,0.993291,0.730216,0.997896,0.709174,0.834289,0.948604,0.530883,0.099627,0.345152,0.099772,0.201361,0.053032,0.220413,0.079421,0.972059,0.909666,0.407795,0.887376,0.458514,0.927856
ENSDARG00000074739_1_3,0.0000,-0.6992,1.000000,0.645226,0.698624,-25.6800,-28.1180,0.250000,0.272043,0.292737,0.565865,0.957984,0.418117,0.268980,0.417416,0.300934,0.426857,0.546414,0.508104,0.618628,0.978287,0.305563,0.815690,0.449064,0.997230,0.211265,0.946782,0.004504,0.943183,0.003784,0.960749,0.004470,0.832382,0.006802,0.511021,0.023828,0.429126,0.006295,0.382338,0.023132,0.350782,0.027972,0.520775,0.192760,0.991392,0.604841,0.985881,0.842232,0.990495,0.455281
ENSDARG00000074739_1_4,-3.0300,-3.2474,0.250000,0.368167,0.461140,-21.1800,-23.0536,0.125000,0.140536,0.284294,0.969712,0.854513,0.993917,0.084701,0.108112,0.008769,0.079735,0.006693,0.878656,0.030743,0.191614,0.970513,0.141913,0.314691,0.125481,0.137573,0.141746,0.123501,0.867861,0.982860,0.885971,0.984505,0.892743,0.062523,0.999224,0.022102,0.157537,0.014802,0.089339,0.016437,0.127828,0.980999,0.184417,0.047911,0.992968,0.020274,0.184143,0.010177,0.209881,0.011591
ENSDARG00000074739_1_5,-0.9700,-2.0600,0.500000,0.588884,0.665313,-24.0700,-26.1204,0.375000,0.385934,0.422980,0.940175,0.773552,0.888408,0.700436,0.893621,0.706208,0.915437,0.710886,0.704947,0.599218,0.993286,0.286065,0.382777,0.445601,0.294434,0.440664,0.273167,0.653656,0.481868,0.007281,0.827073,0.004515,1.000000,0.044038,0.971157,0.995227,0.992898,0.996942,0.643226,0.072463,0.389379,0.018605,0.370011,0.003156,0.057416,0.000202,0.384891,0.004644,0.902097,0.996235
ENSDARG00000074739_1_6,-2.9600,-3.1177,0.875000,0.839091,0.615144,-17.4400,-20.3768,0.500000,0.543981,0.426510,0.974222,0.537565,0.130512,0.400795,0.122707,0.428959,0.128493,0.617146,0.158689,0.573388,0.990660,0.771719,0.973026,0.224963,0.972966,0.161000,0.955653,0.165461,0.073399,0.021034,0.046051,0.020232,0.063785,0.256081,0.136882,0.847534,0.978081,0.977645,0.972277,0.966371,0.994618,0.965532,0.920897,0.389772,0.877438,0.048160,0.874661,0.027243,0.957871,0.129592
ENSDARG00000074739_1_7,-2.0700,-2.3924,0.500000,0.521776,0.611443,-19.6600,-21.5122,0.375000,0.479197,0.495791,0.963545,0.867489,0.873551,0.526231,0.960084,0.569304,0.960758,0.935945,0.162651,0.280778,0.049233,0.204708,0.050699,0.463877,0.105618,0.532027,0.991355,0.535020,0.997431,0.115348,0.999720,0.538925,0.940006,0.512580,0.051392,0.507320,0.050840,0.536166,0.053029,0.386084,0.166373,0.329647,0.999892,0.377754,0.999905,0.405407,0.852788,0.368657,0.999987,0.922543
ENSDARG00000074739_1_9,0.0000,-0.4581,1.000000,0.885726,0.858230,-16.9700,-18.6614,1.000000,0.846958,0.527165,0.584319,0.330840,0.526590,0.223076,0.773145,0.241704,1.000000,0.972651,0.913482,0.254558,0.865275,0.923662,0.944926,0.207445,1.000000,0.194007,0.993184,0.205117,0.812084,0.072658,0.927281,0.074042,0.738505,0.067876,0.747757,0.842203,0.902962,0.843931,0.813713,0.915666,0.816706,0.901997,0.949732,0.991117,0.998075,0.862937,0.925759,0.568677,0.931102,0.849136
ENSDARG00000074919_0_1,0.0000,-0.1686,1.000000,0.936221,0.949769,-22.0700,-23.6249,0.500000,0.412066,0.442573,0.989619,0.546836,0.991970,0.528487,0.952561,0.471427,0.982476,0.493606,0.892615,0.483030,0.905000,0.908250,0.976890,0.236153,0.981858,0.237315,0.937421,0.377337,0.962640,0.276018,0.959157,0.411608,0.973394,0.584878,0.973762,0.566952,0.986832,0.574106,0.982741,0.044201,0.990801,0.050524,0.850836,0.031179,0.783473,0.059686,0.957328,0.994451,0.963996,0.975426
ENSDARG00000074919_0_2,-2.7800,-3.0605,0.375000,0.410792,0.525044,-21.7400,-24.0476,0.375000,0.517005,0.484555,0.945122,0.940769,0.919441,0.805287,0.980064,0.864094,0.993734,0.680118,0.276857,0.548534,0.038900,0.638324,0.041082,0.189952,0.015320,0.038047,0.014578,0.001915,0.995904,0.296093,0.996844,0.293994,0.996698,0.257937,0.996767,0.435621,0.033207,0.455733,0.035287,0.418086,0.040776,0.499796,0.034493,0.653286,0.277421,0.880059,0.923480,0.716935,0.944906,0.076527
ENSDARG00000074919_0_4,-0.7900,-1.2036,0.500000,0.604817,0.671821,-19.6200,-21.7235,0.125000,0.315955,0.498939,0.300754,0.885687,0.841162,0.777449,0.340804,0.789260,0.338558,0.869560,0.214121,0.906956,0.861071,0.364432,0.961717,0.271936,0.998738,0.336865,0.957280,0.944461,0.918179,0.411909,0.936834,0.466219,0.928663,0.426397,0.248898,0.307259,0.240342,0.314816,0.356304,0.901554,0.983495,0.084975,0.216569,0.035108,0.802923,0.043532,0.994286,0.423715,0.995721,0.416681
ENSDARG00000074919_0_5,-1.2200,-1.4845,0.500000,0.587817,0.670021,-21.2600,-22.4472,0.625000,0.585576,0.416959,0.969334,0.928326,0.982197,0.870294,0.957228,0.124259,0.286509,0.182766,0.214578,0.049172,0.942367,0.025992,0.920263,0.191485,0.172844,0.121140,0.257138,0.058666,0.998081,0.068914,0.998736,0.269967,0.998600,0.763591,0.911407,0.755135,0.133841,0.726287,0.246844,0.998113,0.997609,0.985369,0.954527,0.126173,0.296903,0.049765,0.178943,0.045768,0.982462,0.997996
ENSDARG00000074919_0_6,-1.8400,-2.7808,0.625000,0.469148,0.568429,-20.0700,-21.7822,0.375000,0.462558,0.510602,0.918369,0.956775,0.898672,0.166718,0.389403,0.186004,0.440250,0.159693,0.519283,0.175476,0.347181,0.851855,0.134635,0.392497,0.188697,0.498834,0.969397,0.926676,0.964674,0.770159,0.918256,0.639871,0.926583,0.787023,0.652219,0.160243,0.709599,0.190242,0.758858,0.554077,0.199820,0.318098,0.429977,0.423922,0.163272,0.855239,0.393350,0.399007,0.446091,0.799635
ENSDARG00000074919_0_7,-3.8900,-4.5359,0.250000,0.358537,0.486827,-18.9200,-21.3105,0.250000,0.299825,0.496277,0.339735,0.637830,0.012934,0.433629,0.003713,0.506111,0.236220,0.467001,0.006597,0.391987,0.269169,0.474769,1.000000,0.950854,1.000000,0.983178,1.000000,0.622742,0.999962,0.541916,0.999913,0.529818,0.999999,0.987110,0.701858,0.291506,0.305758,0.178397,0.999998,0.304217,0.036696,0.070159,0.004115,0.057533,0.235110,0.677432,0.244115,0.139849,0.340647,0.679510
ENSDARG00000074919_0_8,-0.0100,-0.6474,1.000000,0.942306,0.852335,-17.4800,-19.3462,0.375000,0.443495,0.534889,0.491317,0.460658,0.510381,0.434585,1.000000,0.831291,0.982178,0.935944,1.000000,0.970090,1.000000,0.934269,1.000000,0.978160,0.504897,0.477028,0.485839,0.488794,1.000000,0.431760,0.780270,0.112470,0.753367,0.094778,1.000000,0.997385,0.993980,0.176900,1.000000,0.190141,1.000000,0.995552,0.990255,0.995215,1.000000,0.150162,0.774968,0.021224,0.779245,0.021377
ENSDARG00000074919_0_9,-0.5900,-1.3641,0.625000,0.643292,0.683558,-23.3200,-24.2492,0.625000,0.574278,0.360413,0.566429,0.044890,0.465080,0.030327,0.618946,0.010174,0.979348,0.004271,0.603813,0.003516,0.630159,0.006044,0.660044,0.019116,0.653757,0.998593,0.514426,0.987193,0.841085,0.162094,0.995844,0.175959,0.995892,0.171860,0.994518,0.886948,0.632377,0.989480,0.633973,0.958832,0.658596,0.745874,0.279484,0.992526,0.277762,0.012559,0.698942,0.003009,0.970686,0.004996
ENSDARG00000074919_0_10,-1.9400,-2.3398,0.500000,0.494443,0.590487,-22.1400,-23.7863,0.375000,0.414837,0.469806,0.994928,0.633431,0.131648,0.562734,0.033385,0.569508,0.033008,0.704738,0.196254,0.620693,0.805021,0.414203,0.711947,0.324582,0.999883,0.321582,0.999614,0.379043,0.999541,0.969044,0.994208,0.291429,0.954757,0.286436,0.710945,0.286024,0.057418,0.021232,0.029653,0.000915,0.030367,0.000752,0.130118,0.039920,0.998959,0.998789,0.998944,0.998725,0.999139,0.972337
ENSDARG00000075281_0_1,0.0000,-0.7412,1.000000,0.792868,0.769546,-17.9700,-19.9719,0.375000,0.408074,0.517274,0.994047,0.939562,0.890402,0.929901,0.506714,0.924155,0.532824,0.907379,0.432332,0.915031,0.837965,0.955004,0.822489,0.762178,0.821823,0.149511,0.860615,0.042100,0.918649,0.040894,0.908984,0.103499,0.521130,0.411677,0.365153,0.936738,0.546431,0.680450,0.839299,0.381015,0.851044,0.843996,0.871946,0.017119,0.969318,0.045856,0.908085,0.217224,0.991670,0.142195
ENSDARG00000075281_0_2,-2.9100,-3.7510,0.375000,0.417237,0.528140,-18.6000,-20.9614,0.000000,0.263753,0.422059,0.978252,0.521169,0.977377,0.493936,0.983317,0.589089,0.181989,0.654683,0.173286,0.647835,0.368065,0.735626,0.304088,0.582903,0.013047,0.255201,0.261746,0.124259,0.990247,0.599637,0.996580,0.591477,0.996905,0.535344,0.996985,0.594482,0.988683,0.631767,0.998551,0.425146,0.031087,0.085333,0.025331,0.084416,0.033292,0.040196,0.080507,0.104662,0.183464,0.144024
ENSDARG00000075281_0_3,-1.9800,-2.1439,0.625000,0.617149,0.610123,-19.3400,-20.8932,0.500000,0.488039,0.376979,0.202876,0.335201,0.177711,0.324518,0.141104,0.353268,0.092539,0.495146,0.859238,0.024515,0.864898,0.024446,0.870496,0.020636,0.894943,0.025283,0.997360,0.062165,0.999245,0.099624,0.993523,0.961442,0.171333,0.909032,0.077409,0.988105,0.056345,0.176127,0.066443,0.021227,0.867753,0.024267,0.905948,0.061171,0.965915,0.649743,0.997672,0.991662,0.999709,0.992010
ENSDARG00000075281_0_4,0.0000,-0.8153,1.000000,0.629004,0.702622,-18.3100,-20.1468,0.500000,0.406865,0.545268,0.996034,0.964649,0.997547,0.690492,0.996628,0.583855,0.491099,0.592890,0.359998,0.636533,0.283823,0.933592,0.479951,0.871571,0.617593,0.728138,0.817882,0.643661,0.986695,0.434911,0.996546,0.471384,0.996606,0.098767,0.811474,0.040316,0.815651,0.049292,0.640860,0.254772,0.565682,0.551267,0.483843,0.406611,0.511534,0.794482,0.555603,0.925394,0.647387,0.232789
ENSDARG00000075281_0_5,-0.0500,-0.7191,0.375000,0.629913,0.702525,-17.9900,-19.1575,0.625000,0.633726,0.595516,0.990266,0.969380,0.990460,0.261091,0.974079,0.066020,0.999905,0.076004,0.614539,0.104145,0.396763,0.330410,0.359097,0.956764,0.345081,0.840028,0.355563,0.745241,0.999401,0.909033,0.999352,0.800753,0.986681,0.781635,0.998686,0.076153,0.998328,0.046213,0.350177,0.033857,0.354487,0.975212,0.358553,0.974565,0.394871,0.985783,0.611294,0.989492,0.972908,0.988534
ENSDARG00000075281_0_6,0.0000,-0.2676,1.000000,0.883008,0.895610,-18.9800,-21.2902,0.750000,0.533105,0.447927,0.978668,0.639493,0.963698,0.619378,0.954159,0.294225,0.768512,0.295539,0.732714,0.146768,0.747665,0.776986,0.904719,0.803787,0.975496,0.973950,0.975174,0.111707,0.978481,0.002640,0.979848,0.003812,0.889008,0.025405,0.885565,0.046610,0.824001,0.223849,0.708924,0.394442,0.824917,0.384356,0.903148,0.382540,0.956594,0.868421,0.972460,0.994382,0.988457,0.970244
ENSDARG00000075281_0_7,-1.8300,-2.4770,0.250000,0.257056,0.404224,-17.5300,-19.9829,0.500000,0.470308,0.474200,0.995254,0.755837,0.083373,0.596833,0.037629,0.632293,0.026401,0.574715,0.020667,0.655317,0.060994,0.590867,0.221895,0.665592,0.623883,0.486551,0.975170,0.255251,0.997941,0.243036,0.999380,0.144416,0.985440,0.120830,0.980609,0.154871,0.585861,0.339503,0.224145,0.475488,0.055791,0.333506,0.040428,0.720990,0.042576,0.663435,0.046283,0.474759,0.080757,0.599913
ENSDARG00000075281_0_8,-2.0900,-2.4505,0.500000,0.470346,0.576055,-22.4900,-24.2862,0.125000,0.118791,0.342719,0.808887,0.973190,0.713970,0.994941,0.861872,0.748000,0.207014,0.675738,0.030920,0.804578,0.082532,0.412657,0.064129,0.969328,0.995796,0.114193,0.999698,0.069891,0.998237,0.050467,0.998607,0.074628,0.996677,0.016440,0.991661,0.004231,0.987212,0.010601,0.055337,0.004956,0.034343,0.001729,0.031515,0.002025,0.135107,0.010466,0.790555,0.085647,0.737041,0.830668
ENSDARG00000075281_0_9,-2.1200,-2.8134,0.500000,0.566699,0.601274,-17.7100,-20.0848,0.750000,0.744118,0.547667,0.861485,0.793534,0.202432,0.308068,0.249046,0.333216,0.353286,0.449012,0.986167,0.729984,0.998914,0.678435,0.322188,0.518438,0.217291,0.114268,0.823120,0.443714,0.999326,0.225908,0.999527,0.225193,0.479113,0.180634,0.331194,0.445055,1.000000,0.952424,1.000000,0.992751,1.000000,0.951274,0.089061,0.953396,0.054978,0.579479,0.058396,0.588433,0.999962,0.490130
ENSDARG00000075281_0_10,-1.3000,-1.6601,0.500000,0.594369,0.732764,-16.9500,-19.8830,0.500000,0.513927,0.483744,0.920564,0.510398,0.905678,0.422171,0.916113,0.574158,0.986411,0.569523,0.986642,0.481334,0.992395,0.532652,1.000000,0.726725,0.925988,0.707810,1.000000,0.472181,0.881472,0.384933,0.231517,0.097176,0.153552,0.084408,0.136624,0.098873,0.999979,0.985832,0.999952,0.985747,0.975440,0.975398,0.978981,0.897061,0.152091,0.028706,0.152042,0.023034,0.359846,0.116766
ENSDARG00000075593_0_1,0.0000,-0.1364,1.000000,0.974946,0.969046,-18.2800,-20.2469,0.500000,0.476834,0.570641,0.822356,0.962650,0.894755,0.429645,0.999941,0.304937,0.998487,0.244754,0.997042,0.259852,0.941503,0.247916,0.995662,0.994410,0.997554,0.993150,0.981129,0.973614,0.966730,0.786194,0.997255,0.784942,0.988938,0.616091,0.993789,0.643830,0.917586,0.987442,0.915786,0.988915,0.998434,0.993305,0.997135,0.154081,0.997527,0.018871,0.991910,0.016019,0.987402,0.012211
ENSDARG00000075593_0_3,0.0000,-0.5637,1.000000,0.788367,0.817983,-15.7200,-18.1483,0.500000,0.594388,0.536221,0.978297,0.827490,0.901887,0.462519,0.677654,0.593554,0.989647,0.641364,0.592513,0.359250,0.576915,0.315508,0.636954,0.550277,0.885947,0.404812,0.912138,0.283307,0.989773,0.854845,0.964307,0.394830,0.946693,0.281565,0.955423,0.247806,0.689692,0.278479,0.555426,0.748105,0.475079,0.355960,0.922721,0.885255,0.734536,0.505332,0.980695,0.877645,0.993364,0.856521
ENSDARG00000075593_0_4,-1.9700,-2.2269,1.000000,0.907469,0.694085,-23.5500,-24.5089,1.000000,0.976144,0.535246,0.225428,0.011562,0.221532,0.002734,0.203189,0.883518,0.998368,0.987259,0.960744,0.022317,0.960296,0.002702,0.212943,0.000123,0.078735,0.000028,0.078446,0.000168,0.839265,0.011608,0.928695,0.051975,0.914313,0.921770,0.997062,0.995077,0.999223,0.993619,0.975053,0.991540,0.962412,0.996930,0.831672,0.998024,0.799108,0.973212,0.743462,0.920973,0.951759,0.939781
ENSDARG00000075593_0_5,-1.4300,-1.6456,1.000000,0.967034,0.727086,-16.9100,-18.7891,1.000000,0.805906,0.568130,0.149132,0.049940,0.142477,0.042979,0.241906,0.424076,0.938831,0.624804,0.934084,0.271685,0.934421,0.281619,0.936942,0.975910,0.243381,0.786154,0.150012,0.077486,0.153434,0.075684,0.990458,0.339500,0.990376,0.965519,0.999091,0.870943,0.998606,0.816763,0.999134,0.786216,0.938710,0.959210,0.932704,0.796040,0.929595,0.838605,0.938621,0.602876,0.999810,0.776593
ENSDARG00000075593_0_6,-1.5700,-1.9704,0.875000,0.772513,0.627487,-22.2200,-23.6779,1.000000,0.910940,0.537388,0.791647,0.004245,0.074352,0.000928,0.176903,0.004938,0.419913,0.178409,0.199742,0.998601,0.729725,0.336782,0.925419,0.020659,0.962258,0.002455,0.912570,0.000426,0.358830,0.006191,0.422885,0.964738,0.395388,0.941860,0.345405,0.972748,0.947640,0.900891,0.777272,0.879552,0.746057,0.859505,0.896923,0.888423,0.742715,0.878999,0.727341,0.943193,0.996749,0.964209
ENSDARG00000075593_0_7,-0.1000,-0.7254,0.625000,0.766187,0.708060,-19.9600,-21.4813,0.750000,0.609802,0.490898,0.394347,0.244145,0.370959,0.238125,0.373568,0.240429,0.987165,0.142224,0.476893,0.179640,0.509221,0.260312,0.997496,0.190961,0.991516,0.271220,0.977655,0.629682,0.561064,0.865285,0.508639,0.822168,0.883172,0.855347,0.382648,0.953351,0.395415,0.735513,0.416207,0.733575,0.991486,0.703532,0.988074,0.678872,0.976048,0.684935,0.986618,0.328618,0.993001,0.060020
ENSDARG00000075593_0_8,-2.1600,-2.9347,0.500000,0.593229,0.539571,-23.0000,-24.7247,0.250000,0.255648,0.422619,0.311048,0.346422,0.257387,0.210515,0.123663,0.773270,0.109928,0.861574,0.168372,0.970066,0.558916,0.871196,0.921992,0.250639,0.926344,0.322550,0.963374,0.534760,0.966592,0.279279,0.598397,0.979519,0.139579,0.007408,0.182388,0.004821,0.148339,0.006139,0.963686,0.020187,0.912019,0.000877,0.274429,0.000604,0.284539,0.016023,0.988187,0.998994,0.992248,0.997538
ENSDARG00000075593_0_9,0.0000,-0.4389,1.000000,0.969589,0.899647,-17.2200,-19.3674,0.250000,0.270256,0.550003,0.525921,0.845166,0.537590,0.839574,0.993120,0.920500,0.987818,0.911397,0.994427,0.781356,0.997718,0.864238,0.995535,0.832684,0.985697,0.859426,0.707912,0.661261,0.702344,0.401368,0.987342,0.493559,0.820808,0.427485,0.830219,0.910026,0.999288,0.933526,0.994554,0.073779,0.998709,0.105868,0.996836,0.058434,0.965248,0.049692,0.974858,0.016679,0.996998,0.014047
ENSDARG00000075593_0_10,0.0000,-0.3148,1.000000,0.839705,0.874240,-23.9100,-25.2537,0.375000,0.461627,0.400545,0.942601,0.991966,0.992047,0.056326,0.804407,0.049942,0.792743,0.054406,0.829497,0.104752,0.824085,0.345826,0.698569,0.885566,0.905446,0.767864,0.992022,0.925118,0.998572,0.117108,0.995050,0.012197,0.992125,0.006804,0.665262,0.000470,0.660912,0.009395,0.908119,0.129997,0.797588,0.938349,0.880394,0.356028,0.825895,0.264714,0.983940,0.997513,0.995525,0.996550
ENSDARG00000075849_6_1,0.0000,-0.2178,1.000000,0.917159,0.930238,-16.4300,-18.3438,0.250000,0.456846,0.657410,0.951055,0.761165,0.962883,0.642170,0.976375,0.663074,0.998870,0.994470,0.996612,0.845457,0.822416,0.805599,0.734453,0.756131,0.832050,0.971532,0.999205,0.769336,0.997925,0.678296,0.996262,0.657215,0.999374,0.948982,0.974115,0.540006,1.000000,0.538252,0.825522,0.598482,0.792832,0.146039,0.792415,0.038697,0.953724,0.031239,0.999667,0.884787,0.998998,0.877264
ENSDARG00000075849_6_2,0.0000,-0.4898,1.000000,0.858559,0.876176,-19.6800,-21.6529,0.125000,0.225324,0.480725,0.871463,0.983962,0.966106,0.877866,0.969576,0.444679,0.985990,0.327390,0.842978,0.410353,0.663030,0.342168,0.711463,0.731368,0.994358,0.455150,1.000000,0.614337,0.999415,0.919825,0.882494,0.848980,0.768179,0.855827,0.869761,0.311277,0.631372,0.329942,0.825861,0.982410,0.999417,0.031245,0.998496,0.031120,0.855951,0.031253,0.699183,0.032572,0.988435,0.052770
ENSDARG00000075849_6_3,0.0000,-0.3702,1.000000,0.853756,0.876985,-16.9200,-18.5874,0.875000,0.628586,0.565811,0.951069,0.236938,0.988389,0.207169,0.991252,0.176779,0.979521,0.779810,0.729608,0.787029,0.712982,0.765959,0.820734,0.176662,0.737870,0.249733,0.912973,0.874879,0.916464,0.653854,0.990682,0.700760,0.978113,0.677964,0.859669,0.535328,0.902047,0.521595,0.698532,0.507522,0.747344,0.912511,0.746051,0.691407,0.911613,0.695921,0.984952,0.931417,0.979841,0.232986
ENSDARG00000075849_6_4,0.0000,-0.4124,1.000000,0.784490,0.783258,-17.3800,-19.0600,0.500000,0.611900,0.421375,0.839369,0.926262,0.630171,0.815340,0.612480,0.129658,0.637455,0.108116,0.763433,0.091383,0.608536,0.117242,0.755594,0.207001,0.997745,0.847433,0.988137,0.070022,0.986383,0.046035,0.986938,0.133625,0.582991,0.040191,0.572046,0.033756,0.736924,0.061263,0.637354,0.387247,0.619949,0.966758,0.722651,0.958980,0.989748,0.976347,0.998687,0.975562,0.998564,0.535284
ENSDARG00000075849_6_5,-4.9700,-5.0490,0.625000,0.625971,0.604427,-24.5000,-26.4264,0.250000,0.227314,0.393185,0.957243,0.982435,0.028679,0.962029,0.000653,0.963677,0.000874,0.963362,0.060058,0.780621,0.997583,0.334873,0.999315,0.257159,0.999905,0.550740,0.999893,0.218987,0.998504,0.021411,0.999563,0.008815,0.038500,0.001084,0.001167,0.000356,0.021763,0.001235,0.004759,0.001719,0.999747,0.019462,0.999600,0.001874,0.981205,0.003831,0.999952,0.999800,0.999573,0.790231
ENSDARG00000075849_6_6,-0.1400,-1.0614,0.375000,0.585695,0.636650,-17.6900,-20.0690,0.375000,0.382148,0.530183,0.595001,0.904840,0.870125,0.889089,0.195906,0.789232,0.237600,0.723428,0.304526,0.715909,0.333698,0.851700,0.833221,0.679892,0.992661,0.580028,0.993827,0.469864,0.992814,0.062359,0.964459,0.192432,0.733595,0.687701,0.267279,0.656685,0.227051,0.440963,0.258137,0.062219,0.328324,0.036115,0.981455,0.049252,0.625448,0.186173,0.998194,0.875085,0.999671,0.750687
ENSDARG00000075849_6_7,-1.0400,-1.3573,0.875000,0.870744,0.669862,-17.9600,-20.0811,0.625000,0.784139,0.538730,0.213710,0.300397,0.933869,0.485600,0.133731,0.659903,0.126844,0.305791,0.300759,0.121571,0.999991,0.108644,0.993533,0.117619,0.999949,0.733091,0.355316,0.327757,0.189355,0.469354,0.197848,0.241839,0.986394,0.629925,0.186181,0.525750,0.999658,0.736542,0.999730,0.992620,0.999730,0.995395,0.945246,0.963908,0.940625,0.899505,0.943670,0.997396,0.951110,0.161999
ENSDARG00000075849_6_8,-3.0700,-3.3424,0.750000,0.765987,0.543641,-18.4800,-21.0213,0.375000,0.499571,0.407737,0.156709,0.778435,0.030055,0.250199,0.030867,0.067085,0.063435,0.054859,0.213980,0.062042,0.989115,0.657921,0.988278,0.275363,0.994130,0.295666,0.999761,0.397627,0.215362,0.598915,0.057148,0.586819,0.006089,0.133241,0.006140,0.038728,0.153295,0.269007,0.999017,0.843481,0.999626,0.829260,0.997309,0.843621,0.988587,0.461454,0.988974,0.334498,0.994949,0.376522
ENSDARG00000075849_6_10,0.0000,-0.5518,1.000000,0.959682,0.875062,-19.2600,-20.7243,0.625000,0.657545,0.578971,0.999653,0.868170,0.981065,0.859063,0.637242,0.974275,0.443431,0.973686,0.768598,0.292732,0.924457,0.168482,0.998935,0.122011,0.912883,0.960044,0.653582,0.016583,0.735057,0.023495,0.886954,0.066264,0.881920,0.994258,0.998911,0.995615,0.992172,0.869221,0.980959,0.324597,0.962829,0.035125,0.901346,0.041545,0.920819,0.998665,0.920469,0.998786,0.999950,0.996810
ENSDARG00000076177_24_1,0.0000,-0.4902,1.000000,0.884164,0.872527,-14.6900,-16.7975,1.000000,0.845040,0.622033,0.563771,0.356589,0.545837,0.339629,0.842209,0.358958,0.950435,0.408485,0.933051,0.462987,0.995284,0.964686,0.968588,0.698572,0.947111,0.476948,0.931387,0.485799,0.990797,0.207079,0.850756,0.300302,0.858009,0.620295,0.542680,0.726941,0.642033,0.595979,0.985251,0.945791,0.990505,0.934349,0.993254,0.829155,0.957356,0.899345,0.962600,0.933812,0.999629,0.894949
ENSDARG00000076177_24_2,-5.0100,-5.5315,0.250000,0.207032,0.357091,-21.4900,-23.5032,0.625000,0.697950,0.423343,0.002628,0.003388,0.000278,0.001081,0.002036,0.012250,0.007508,0.994072,0.033157,0.018756,0.288971,0.003051,0.738869,0.004965,0.481080,0.018749,0.981156,0.221349,0.981418,0.901524,0.975817,0.415007,0.992636,0.289074,0.495778,0.306355,0.040658,0.885771,0.034999,0.949908,0.024737,0.888519,0.020558,0.876431,0.018790,0.892037,0.020897,0.419529,0.999840,0.365051
ENSDARG00000076177_24_3,0.0000,-0.2771,1.000000,0.980945,0.936695,-20.3400,-22.5177,0.500000,0.364054,0.533046,0.721545,0.852765,0.779705,0.671643,0.997180,0.828808,0.999134,0.641311,0.987977,0.354688,0.987485,0.297097,0.997455,0.312677,0.894625,0.456007,0.973185,0.941667,0.801380,0.911627,0.775626,0.835529,0.971049,0.644676,0.974878,0.396218,0.992289,0.413821,0.998971,0.079173,0.977716,0.094132,0.984871,0.042395,0.961682,0.052944,0.967410,0.914830,0.989743,0.918921
ENSDARG00000076177_24_4,0.0000,-0.1448,1.000000,0.993352,0.950756,-16.2600,-18.4975,0.125000,0.431137,0.575113,0.830825,0.773502,0.815123,0.733224,0.868577,0.780950,0.999101,0.883920,0.998158,0.824300,0.998789,0.828258,0.941082,0.841147,0.930266,0.938840,0.913124,0.416454,0.924412,0.338619,0.907352,0.308641,0.941495,0.385313,0.980819,0.716043,0.996014,0.355396,0.988473,0.555322,0.986411,0.526866,0.997960,0.642062,0.998336,0.436202,0.999143,0.148828,0.999660,0.068373
ENSDARG00000076177_24_5,0.0000,-0.0486,1.000000,0.980688,0.983519,-22.0800,-23.5863,0.375000,0.341983,0.440570,0.998746,0.953400,0.985920,0.925648,0.983065,0.930473,0.997035,0.553533,0.994265,0.324552,0.984345,0.596606,0.996755,0.542577,0.959731,0.606489,0.955514,0.155123,0.981748,0.068562,0.994341,0.094111,0.993400,0.324462,0.987834,0.650076,0.977368,0.182304,0.993305,0.499346,0.970665,0.122061,0.977459,0.579251,0.989600,0.578535,0.971753,0.055200,0.977522,0.069089
ENSDARG00000076177_24_6,-0.0900,-0.7881,1.000000,0.985966,0.859658,-19.8300,-21.5148,0.375000,0.433908,0.540904,0.303001,0.578052,0.327981,0.127271,1.000000,0.315454,0.993592,0.372202,1.000000,0.559640,0.969181,0.947032,1.000000,0.696594,0.910652,0.660228,0.702746,0.843179,0.446102,0.820171,0.652244,0.880612,0.999943,0.546390,0.993144,0.489129,0.999905,0.995921,0.979313,0.938929,0.996655,0.041545,0.989786,0.001171,0.974818,0.002907,0.965128,0.006568,0.988978,0.995091
ENSDARG00000076177_24_7,0.0000,-0.0191,1.000000,0.995099,0.995444,-18.1700,-19.8940,0.375000,0.450837,0.590135,0.998862,0.936500,0.999567,0.732014,0.997058,0.755082,0.999811,0.886154,0.999048,0.854217,0.990831,0.788708,0.988051,0.767427,0.998211,0.899893,0.997747,0.929250,0.999600,0.319866,0.993843,0.278110,0.985468,0.048779,0.998654,0.045999,0.992571,0.019505,0.988033,0.565565,0.998990,0.955547,0.997479,0.982554,0.998096,0.520225,0.994075,0.483251,0.992891,0.034048
ENSDARG00000076177_24_8,0.0000,-0.0348,1.000000,0.988596,0.989718,-21.4700,-22.8527,0.625000,0.582325,0.449122,0.996820,0.659778,0.999302,0.667623,0.990330,0.148090,0.998620,0.009953,0.989789,0.013172,0.969463,0.030344,0.998338,0.221799,0.974674,0.993599,0.978252,0.893598,0.997378,0.255724,0.997976,0.144343,0.994656,0.285819,0.998207,0.758806,0.996060,0.112467,0.987625,0.329608,0.962715,0.062064,0.977466,0.707056,0.998813,0.706261,0.988739,0.999011,0.999140,0.983325
ENSDARG00000076177_24_9,0.0000,-0.2264,1.000000,0.973649,0.927869,-20.7500,-22.3572,0.875000,0.860011,0.526714,0.979082,0.714440,0.868388,0.388057,0.854454,0.762879,0.834340,0.287051,0.973354,0.271727,0.973461,0.976680,0.992826,0.062329,0.996579,0.012283,0.929603,0.007282,0.717687,0.008335,0.811816,0.052770,0.836600,0.110356,0.997555,0.962195,0.997262,0.960342,0.987902,0.956997,0.983455,0.986212,0.986792,0.992505,0.992778,0.970836,0.916463,0.972393,0.926984,0.078609
ENSDARG00000076177_24_10,0.0000,-0.2631,1.000000,0.966937,0.925514,-19.0100,-20.7862,0.500000,0.462470,0.392871,0.967915,0.956883,0.822820,0.955970,0.795981,0.416614,0.981488,0.931960,0.941046,0.118508,0.999446,0.110116,0.940852,0.076967,0.931488,0.087829,0.855494,0.025542,0.967651,0.010571,0.828589,0.048545,0.742026,0.418154,0.994953,0.383276,0.940378,0.588947,0.936180,0.687427,0.930155,0.272983,0.989502,0.437583,0.975001,0.078424,0.970890,0.637420,0.998433,0.613697
ENSDARG00000076292_19_1,-2.2700,-2.3943,0.375000,0.410205,0.527534,-23.6000,-24.6149,0.375000,0.367750,0.400054,0.995956,0.969989,0.135702,0.928286,0.053616,0.991372,0.028874,0.060613,0.029109,0.051270,0.042914,0.011518,0.999253,0.003931,0.997543,0.068240,0.998651,0.970349,0.996926,0.953200,0.996633,0.038003,0.993862,0.012307,0.995952,0.000900,0.996314,0.001444,0.042998,0.032208,0.032627,0.105796,0.024355,0.061001,0.056201,0.997138,0.134556,0.853987,0.998632,0.889527
ENSDARG00000076292_19_2,-2.5600,-2.8196,0.625000,0.647977,0.532333,-23.0600,-24.4083,0.125000,0.184187,0.419140,0.149358,0.986730,0.016469,0.968754,0.013101,0.962045,0.025805,0.961322,0.168873,0.883393,0.951755,0.901653,0.999134,0.955217,0.999788,0.195450,0.993991,0.012539,0.948146,0.010586,0.164733,0.036872,0.031694,0.034736,0.018641,0.008165,0.018669,0.006138,0.149866,0.937552,0.998463,0.024581,0.999095,0.030372,0.999671,0.134046,0.999616,0.091700,0.999798,0.240943
ENSDARG00000076292_19_3,-0.6200,-1.0243,1.000000,0.892030,0.741604,-20.1700,-22.0676,0.125000,0.194675,0.444884,0.280212,0.401557,0.252483,0.250490,0.315664,0.245133,0.943980,0.725344,0.944749,0.745595,0.997621,0.905717,0.998840,0.781363,0.874400,0.779029,0.287629,0.544442,0.410669,0.546310,0.418443,0.452076,0.971153,0.963235,0.956597,0.242183,0.821916,0.239859,0.831188,0.029430,0.990366,0.008011,0.943191,0.004002,0.816594,0.002101,0.866614,0.032867,0.909771,0.998947
ENSDARG00000076292_19_4,0.0000,-0.3538,1.000000,0.876967,0.895886,-19.3900,-21.1872,0.750000,0.630287,0.486810,0.946909,0.242060,0.974809,0.232274,0.978475,0.262015,0.994873,0.627471,0.977331,0.409109,0.976019,0.650784,0.850009,0.419892,0.766243,0.068246,0.718609,0.064266,0.940423,0.117308,0.917342,0.766906,0.860933,0.833584,0.923835,0.919492,0.987285,0.740239,0.987205,0.738792,0.988586,0.986111,0.936705,0.646794,0.667265,0.902074,0.678371,0.074319,0.846486,0.034472
ENSDARG00000076292_19_6,-3.0800,-3.4702,0.375000,0.438536,0.545817,-20.6300,-22.9898,0.375000,0.384460,0.321878,0.963205,0.562594,0.765349,0.468708,0.765327,0.519172,0.996180,0.333604,0.761544,0.088394,0.725401,0.054315,0.391687,0.087392,0.254448,0.064499,0.248127,0.056832,0.245946,0.056836,0.290846,0.112777,0.999997,0.956749,0.763355,0.927792,0.761064,0.924999,0.996878,0.920009,0.065576,0.071220,0.023682,0.018974,0.254350,0.102167,0.254106,0.101985,0.389279,0.008532
ENSDARG00000076292_19_7,0.0000,-0.3604,1.000000,0.946302,0.913062,-22.3100,-23.3268,0.875000,0.806189,0.595125,0.987980,0.130943,0.999007,0.120757,0.993758,0.118796,0.575992,0.115804,0.583505,0.103710,0.999513,0.120190,0.999949,0.133006,0.998838,0.958001,0.998083,0.903781,0.810588,0.907679,0.777122,0.943910,0.966483,0.896412,0.905626,0.862490,0.820957,0.976874,0.895815,0.853700,0.983542,0.862335,0.999428,0.900969,0.981190,0.849155,0.993929,0.990812,0.989931,0.153174
ENSDARG00000076292_19_8,-0.3900,-1.2611,0.375000,0.617922,0.687517,-19.3100,-20.6708,0.500000,0.537777,0.511996,0.963975,0.960434,0.953588,0.753760,0.963079,0.677144,0.992613,0.540410,0.680299,0.520538,0.999449,0.841305,0.389403,0.653876,0.174669,0.507449,0.188363,0.150746,0.523806,0.058151,0.999757,0.072083,0.977968,0.201809,0.967060,0.681189,0.497411,0.569148,0.514621,0.970281,0.352961,0.306130,0.484965,0.322215,0.699366,0.399481,0.538986,0.804319,0.888009,0.249453
ENSDARG00000076292_19_9,-8.7200,-8.8487,0.250000,0.267344,0.314318,-21.9300,-24.1022,0.250000,0.261097,0.387605,0.133204,0.412262,0.003014,0.335485,0.002444,0.432621,0.000879,0.313100,0.001215,0.290832,0.000704,0.228377,0.003718,0.268718,0.999274,0.835230,0.999377,0.761563,0.999363,0.747285,0.999985,0.983558,0.004439,0.054290,0.000823,0.106866,0.001210,0.047893,0.000871,0.009291,0.001786,0.003678,0.001834,0.001408,0.133033,0.067971,0.999268,0.966698,0.999929,0.884970
ENSDARG00000076292_19_10,-2.0400,-2.0883,0.750000,0.760541,0.712583,-21.5200,-22.9590,0.625000,0.622452,0.597675,0.998820,0.889742,0.999048,0.869357,0.047746,0.936461,0.043671,0.912951,0.043053,0.827072,0.998340,0.372883,0.999573,0.454675,0.999226,0.699971,0.999992,0.963065,0.998825,0.026075,1.000000,0.018212,0.039033,0.003418,0.039047,0.006413,0.053266,0.011920,0.996495,0.008347,0.999465,0.978137,0.999992,0.989388,0.999870,0.999901,0.998070,0.999223,0.998118,0.986285
ENSDARG00000076485_12_1,0.0000,-0.0799,1.000000,0.982058,0.978056,-18.2100,-20.5353,0.625000,0.568297,0.516409,0.985854,0.856417,0.982948,0.484689,0.983761,0.550444,0.980405,0.415577,0.975450,0.446963,0.978964,0.635038,0.992535,0.428850,0.991751,0.413202,0.959504,0.450260,0.965482,0.562495,0.955245,0.473035,0.952761,0.064837,0.997253,0.011192,0.998054,0.006197,0.932217,0.173052,0.972476,0.981828,0.984025,0.949407,0.980836,0.627206,0.994398,0.944268,0.997207,0.853227
ENSDARG00000076485_12_2,-2.0100,-2.2314,0.500000,0.538875,0.541483,-19.9600,-21.9715,0.500000,0.401020,0.484901,0.197113,0.873168,0.075726,0.572963,0.971905,0.503881,0.983820,0.655416,0.044163,0.780618,0.051093,0.668729,0.106250,0.268082,0.993938,0.137031,0.999138,0.169275,0.995818,0.279043,0.988395,0.687969,0.111307,0.893677,0.057043,0.122709,0.052874,0.100006,0.993948,0.710923,0.998559,0.812702,0.051962,0.174757,0.179044,0.187809,0.995248,0.550712,0.982320,0.548541
ENSDARG00000076485_12_3,-1.6000,-2.1436,0.750000,0.702393,0.644416,-21.9600,-23.1263,1.000000,0.944782,0.486747,0.983687,0.860254,0.220993,0.875277,0.193553,0.191894,0.241316,0.010889,0.542953,0.013841,0.509475,0.021515,0.765338,0.030813,0.999808,0.149996,0.991157,0.007575,0.997987,0.000402,0.739739,0.002562,0.083174,0.011664,0.316201,0.979780,0.057006,0.963627,0.722396,0.987237,0.672880,0.932342,0.929270,0.990384,0.928075,0.796971,0.997137,0.958356,0.996182,0.949560
ENSDARG00000076485_12_4,0.0000,-0.7454,1.000000,0.891798,0.782269,-16.4700,-19.1962,0.250000,0.341608,0.498981,0.750846,0.825192,0.630358,0.606627,0.622645,0.606420,0.680826,0.686382,0.998010,0.763857,0.810139,0.686558,0.877313,0.662134,0.788794,0.710602,0.471606,0.441487,0.422798,0.434745,0.654179,0.433497,0.803477,0.389246,0.919815,0.417906,0.883613,0.242701,0.781310,0.542393,0.822403,0.343997,0.862657,0.531639,0.994380,0.239400,0.892232,0.243409,0.977971,0.171422
ENSDARG00000076485_12_5,-0.5100,-1.1787,0.625000,0.659371,0.720648,-21.2000,-23.0233,0.125000,0.231357,0.334231,0.889390,0.239256,0.884480,0.273740,0.915796,0.763384,0.733368,0.730914,0.945363,0.158539,0.345245,0.324187,0.252956,0.193928,0.244757,0.083774,0.963941,0.187380,0.983824,0.862055,0.988039,0.887154,0.990824,0.129458,0.237648,0.024606,0.220972,0.022305,0.335390,0.046310,0.703281,0.076206,0.876977,0.079415,0.941736,0.147596,0.975632,0.497458,0.983333,0.956960
ENSDARG00000076485_12_6,-0.3600,-1.1966,0.625000,0.704432,0.679776,-20.5500,-22.6718,0.250000,0.261538,0.440193,0.789976,0.988796,0.953064,0.851136,0.963155,0.499714,0.476854,0.352211,0.223052,0.406882,0.184711,0.304371,0.279543,0.573158,0.968545,0.414043,0.966558,0.657479,0.994762,0.567987,0.943973,0.530942,0.215868,0.564845,0.289622,0.752868,0.273746,0.817773,0.487514,0.381833,0.999404,0.003901,0.983236,0.005491,0.966012,0.077036,0.716601,0.012791,0.919317,0.040612
ENSDARG00000076485_12_7,0.0000,-0.3260,1.000000,0.853686,0.885013,-20.9700,-23.2785,0.875000,0.717558,0.564658,0.961110,0.953958,0.940737,0.616505,0.881552,0.634062,0.834122,0.680170,0.935774,0.737101,0.852396,0.929456,0.809407,0.925173,0.837305,0.055344,0.928038,0.004709,0.954751,0.001708,0.992681,0.002044,0.942903,0.012462,0.907419,0.913809,0.849458,0.434659,0.727551,0.906730,0.846487,0.917625,0.841932,0.954136,0.962896,0.995449,0.817426,0.510512,0.876322,0.107542
ENSDARG00000076485_12_8,-1.3600,-1.6226,0.625000,0.689608,0.739213,-19.3100,-20.9142,0.250000,0.258249,0.502701,0.938171,0.920616,0.946985,0.911076,0.930212,0.919082,0.144146,0.936260,0.165251,0.093190,0.297147,0.094956,0.982566,0.128689,0.977121,0.200650,0.984267,0.971891,0.999739,0.974814,0.961173,0.867024,0.940627,0.969784,0.256426,0.852397,0.165632,0.908134,0.149241,0.026575,0.999778,0.106142,0.987612,0.072011,0.982711,0.064918,0.980853,0.022836,0.994609,0.012979
ENSDARG00000076485_12_9,-0.2100,-0.6955,1.000000,0.991339,0.851327,-18.6800,-20.8891,0.125000,0.309321,0.435060,0.509086,0.752618,0.512308,0.611971,0.852813,0.689523,0.839795,0.179019,0.851597,0.156460,0.988346,0.172771,0.982880,0.294223,0.989006,0.303430,0.507761,0.613517,0.363396,0.712973,0.845309,0.886858,0.853532,0.853268,0.997621,0.246618,0.986518,0.282016,0.985011,0.273269,0.997961,0.940852,0.997649,0.304653,0.985055,0.276425,0.985970,0.052493,0.994925,0.098240
ENSDARG00000076485_12_10,0.0000,-0.5440,1.000000,0.795207,0.833342,-18.4100,-20.4341,0.750000,0.654991,0.495657,0.936014,0.923913,0.941241,0.504279,0.833750,0.222175,0.795725,0.214463,0.817580,0.272556,0.841647,0.293306,0.778352,0.197487,0.865669,0.765491,0.812924,0.303135,0.724299,0.044077,0.976006,0.054624,0.981978,0.877708,0.827059,0.863778,0.812052,0.666927,0.677002,0.948410,0.768621,0.964603,0.569637,0.647273,0.752355,0.986384,0.978042,0.140835,0.976891,0.021721
ENSDARG00000076638_0_1,-1.4300,-1.9078,0.375000,0.532272,0.612789,-17.2400,-18.9800,0.250000,0.285424,0.558300,0.911825,0.518715,0.306454,0.510420,0.369279,0.893720,0.331982,0.573609,0.998925,0.927205,0.478862,0.949750,0.492719,0.823883,0.957331,0.857385,0.999879,0.979367,0.701668,0.505806,0.747112,0.791274,0.701557,0.551476,0.928836,0.659887,0.482972,0.220143,0.474920,0.191216,0.985720,0.991469,0.128515,0.018257,0.127991,0.019007,0.129954,0.018224,0.999271,0.165190
ENSDARG00000076638_0_2,-3.6500,-3.8346,0.500000,0.535782,0.623717,-20.3500,-21.9658,0.250000,0.304981,0.438813,0.982102,0.214338,0.981483,0.200613,0.988241,0.266244,0.996153,0.706881,0.999691,0.765331,0.999799,0.934901,0.222674,0.891580,0.011905,0.413907,0.012344,0.442894,0.015837,0.436264,0.985304,0.920203,0.992551,0.143260,0.998892,0.058624,0.999463,0.101072,0.999222,0.246432,0.025249,0.033722,0.019766,0.015001,0.020997,0.012853,0.223695,0.983726,0.998974,0.988415
ENSDARG00000076638_0_3,-3.2300,-3.3172,1.000000,0.989845,0.698052,-22.2300,-23.7040,0.000000,0.103437,0.288707,0.012060,0.019342,0.006570,0.012971,0.033390,0.049072,0.998821,0.997894,0.999808,0.999627,0.999990,0.999177,0.999763,0.998054,0.024799,0.029509,0.007357,0.013994,0.020905,0.020563,0.944718,0.538998,0.994094,0.267439,0.997346,0.613054,0.995711,0.060781,0.997192,0.036087,0.949197,0.032922,0.999635,0.025726,0.997584,0.003885,0.992272,0.007494,0.989820,0.047546
ENSDARG00000076638_0_4,-3.2200,-3.2778,0.875000,0.873826,0.696791,-19.3200,-21.1221,0.375000,0.490930,0.540768,0.013176,0.174512,0.010004,0.147542,0.012459,0.274078,0.994701,0.956603,0.948459,0.881425,0.996095,0.899858,0.995155,0.945781,0.998287,0.870825,0.983282,0.935449,0.968604,0.721852,0.013387,0.041088,0.011608,0.038913,0.014161,0.044508,0.998893,0.925969,0.998654,0.525240,0.995361,0.536700,0.994797,0.515946,0.994616,0.895690,0.994951,0.388500,0.999175,0.094884
ENSDARG00000076638_0_5,0.0000,-0.1342,1.000000,0.972441,0.963512,-20.6000,-22.0596,0.625000,0.686484,0.466726,0.974160,0.917280,0.959856,0.157683,0.960510,0.231117,0.933075,0.990201,0.955829,0.345222,0.957240,0.070056,0.970487,0.997214,0.954165,0.001443,0.995175,0.000638,0.994978,0.004051,0.925873,0.028450,0.909372,0.099299,0.927189,0.979305,0.997662,0.980936,0.888116,0.860062,0.996609,0.278904,0.994494,0.250481,0.984573,0.181068,0.994041,0.971304,0.996843,0.989809
ENSDARG00000076638_0_6,-10.9900,-11.1767,0.250000,0.257539,0.405877,-24.2400,-26.0096,0.250000,0.268214,0.411125,0.875162,0.852511,0.005355,0.101479,0.002918,0.007894,0.002965,0.006789,0.116501,0.108012,0.000832,0.005768,0.069320,0.068092,1.000000,0.960624,0.985724,0.983612,1.000000,0.998628,0.999918,0.991910,0.998541,0.991470,0.876669,0.881319,0.065213,0.098142,0.115532,0.107847,0.000099,0.004862,0.000035,0.004224,0.000052,0.092825,0.002713,0.097607,1.000000,0.858882
ENSDARG00000076638_0_7,-3.1700,-3.6126,0.625000,0.625029,0.578656,-19.2000,-21.4355,0.000000,0.167827,0.361429,0.975424,0.874806,0.016769,0.137518,0.010574,0.115302,0.009334,0.219813,0.344350,0.333871,0.434210,0.374239,0.998567,0.857860,0.999816,0.860628,1.000000,0.711808,0.483062,0.358464,0.303166,0.366775,0.997620,0.674882,0.005949,0.134487,0.006595,0.110646,0.011604,0.334487,0.999781,0.326398,0.999045,0.180798,0.978870,0.055685,0.999050,0.140549,0.999338,0.059564
ENSDARG00000076638_0_8,-0.3300,-0.9150,0.625000,0.734893,0.772746,-17.7500,-20.1380,0.375000,0.575228,0.451646,0.866272,0.176130,0.417146,0.173784,0.421986,0.026970,0.577499,0.007236,0.975757,0.007384,0.879726,0.006576,0.871191,0.064273,0.971308,0.854880,0.901278,0.797356,0.862535,0.766226,0.998694,0.884903,0.832380,0.665384,0.400582,0.356062,0.465215,0.388991,0.401330,0.545050,0.882256,0.836782,0.998438,0.929678,0.880288,0.697256,0.867954,0.400874,0.983084,0.447133
ENSDARG00000076638_0_9,-4.3700,-4.7916,0.375000,0.386217,0.376760,-25.8100,-26.9699,0.250000,0.259040,0.320270,0.052483,0.795446,0.044338,0.724013,0.052595,0.822497,0.037018,0.642786,0.033005,0.175873,0.026227,0.007304,0.571839,0.006899,0.983260,0.005420,0.972988,0.017269,0.995421,0.137110,0.622920,0.995008,0.053361,0.003464,0.067473,0.000090,0.050412,0.000041,0.029791,0.000753,0.022925,0.005410,0.019769,0.057368,0.942742,0.053824,0.970331,0.999755,0.986292,0.955077
ENSDARG00000076638_0_10,-1.5700,-2.1899,0.375000,0.420588,0.534343,-17.2200,-19.6998,0.625000,0.450495,0.647413,0.067746,0.709895,0.037188,0.557159,0.077511,0.649102,0.329429,0.664219,0.445177,0.709290,0.769507,0.687075,0.616629,0.909773,0.999797,0.949101,0.991480,0.859939,0.990902,0.838269,0.997363,0.922665,0.999418,0.887809,0.923984,0.910880,0.908399,0.893116,0.231528,0.782850,0.124402,0.302378,0.992400,0.470205,0.052285,0.082964,0.051882,0.079170,0.079826,0.082400
ENSDARG00000076657_0_1,-1.7000,-2.1713,0.375000,0.440381,0.523273,-19.3100,-21.5846,0.625000,0.468019,0.443580,0.907656,0.653624,0.141492,0.610640,0.046655,0.163494,0.148851,0.325959,0.150423,0.348651,0.162253,0.315315,0.997958,0.908852,0.604464,0.720806,0.887746,0.197277,0.900977,0.204264,0.994304,0.366688,0.999628,0.311870,0.996790,0.330623,0.709966,0.474518,0.997938,0.307689,0.159442,0.448848,0.145047,0.605978,0.140664,0.630096,0.139158,0.644275,0.234043,0.302123
ENSDARG00000076657_0_2,-0.4800,-1.1143,0.750000,0.771881,0.803536,-22.4000,-23.8040,0.500000,0.550393,0.388392,0.952105,0.044268,0.787919,0.027291,0.779833,0.028806,0.883932,0.080631,0.971703,0.165585,0.902442,0.914404,0.966241,0.993738,0.915577,0.013752,0.488388,0.013624,0.417945,0.941739,0.985723,0.076192,0.843864,0.064669,0.791341,0.095534,0.757749,0.276137,0.750186,0.756831,0.935426,0.353826,0.541280,0.667630,0.452191,0.263525,0.963632,0.997798,0.983242,0.991867
ENSDARG00000076657_0_3,0.0000,-0.2358,1.000000,0.900523,0.939660,-16.2600,-18.3934,0.375000,0.552385,0.668861,0.990636,0.776998,0.994666,0.746586,0.998943,0.771895,0.963960,0.932071,0.963897,0.873794,0.996993,0.901084,0.991327,0.947247,0.991799,0.644503,0.999165,0.646590,0.999620,0.674219,0.999857,0.560742,0.698161,0.482418,0.706187,0.569974,1.000000,0.816785,0.992256,0.627532,0.998759,0.345516,0.997815,0.401079,0.771953,0.451608,0.753550,0.952721,0.983664,0.253860
ENSDARG00000076657_0_4,-0.8600,-1.3263,0.625000,0.659511,0.723199,-22.2900,-24.4514,0.500000,0.490155,0.464891,0.870847,0.755341,0.774436,0.406003,0.875048,0.449571,0.933777,0.797349,0.993066,0.601991,0.355371,0.619747,0.328823,0.903398,0.321235,0.137454,0.871188,0.151019,0.874471,0.150534,0.991740,0.181189,0.997879,0.222992,0.282667,0.803402,0.341810,0.861513,0.162104,0.172368,0.776834,0.027419,0.946663,0.106154,0.877217,0.244824,0.894387,0.832161,0.994407,0.873398
ENSDARG00000076657_0_5,-3.1100,-3.5230,0.500000,0.463731,0.570733,-20.9500,-23.2079,0.000000,0.150668,0.500548,0.998650,0.937843,0.999539,0.864099,0.995082,0.851734,0.596319,0.682651,0.026594,0.751776,0.025801,0.657569,0.986556,0.739688,0.013978,0.797025,0.065113,0.607798,0.998655,0.471653,0.999020,0.900958,0.999513,0.542815,0.994164,0.039204,0.994637,0.066055,0.059025,0.031972,0.027812,0.096609,0.985270,0.024530,0.011416,0.011101,0.039161,0.470387,0.598360,0.465486
ENSDARG00000076657_0_6,-1.4000,-1.7896,0.875000,0.864695,0.660906,-19.9200,-21.5071,0.625000,0.572840,0.493977,0.967895,0.389164,0.960390,0.368988,0.089473,0.074489,0.100023,0.067260,0.124782,0.094195,0.409295,0.667465,0.946105,0.910567,0.963951,0.647793,0.968405,0.706268,0.453846,0.613721,0.181208,0.376214,0.135182,0.380695,0.157218,0.618378,0.943202,0.944944,0.936098,0.292293,0.945121,0.299872,0.945061,0.458481,0.999688,0.792200,0.994217,0.578709,0.996952,0.597840
ENSDARG00000076657_0_7,-1.6000,-1.9503,1.000000,0.885896,0.708545,-18.5300,-21.5380,0.500000,0.608535,0.398644,0.412728,0.913508,0.292971,0.162802,0.252600,0.089301,0.936281,0.129687,0.971925,0.118552,0.901062,0.152007,0.825824,0.609502,0.111200,0.861955,0.082860,0.025171,0.378672,0.015167,0.947091,0.011873,0.970520,0.015085,0.971231,0.089926,0.955105,0.990854,0.956587,0.566085,0.809339,0.831332,0.780336,0.396638,0.786580,0.400409,0.841212,0.600379,0.986780,0.992652
ENSDARG00000076657_0_8,-2.9600,-3.0603,0.500000,0.525263,0.521550,-19.1600,-21.2130,0.375000,0.343061,0.501951,0.012661,0.424987,0.009958,0.412905,0.062487,0.549962,0.974564,0.978293,0.061436,0.844107,0.096913,0.884276,0.998086,0.961456,0.976257,0.340219,0.971544,0.245601,0.970591,0.525556,0.999450,0.961781,0.094935,0.165394,0.077618,0.103899,0.983332,0.151680,0.060954,0.003656,0.039007,0.006165,0.042286,0.010824,0.999621,0.991704,0.999616,0.596496,0.999674,0.880066
ENSDARG00000076657_0_9,-0.0200,-0.7998,1.000000,0.972190,0.819472,-22.3400,-23.1635,0.125000,0.251784,0.260465,0.292237,0.003449,0.295527,0.000905,0.703305,0.001427,0.909864,0.000533,0.999851,0.000547,0.994948,0.000598,0.701584,0.009244,0.608461,0.030511,0.484857,0.993515,0.759306,0.990652,0.867431,0.969656,0.994541,0.193989,0.995814,0.140359,0.995875,0.130048,0.994956,0.157423,0.955449,0.172645,0.909044,0.143214,0.933990,0.139364,0.995503,0.994278,0.996888,0.136941
ENSDARG00000076657_0_10,0.0000,-0.2396,1.000000,0.952506,0.922012,-14.5700,-17.2716,0.625000,0.725143,0.647351,0.818861,0.408789,0.817524,0.404435,0.836071,0.686787,0.993251,0.875294,0.998503,0.957592,0.986252,0.824297,0.934278,0.874973,0.913184,0.859653,0.794294,0.223740,0.867079,0.269251,0.894600,0.307294,0.966303,0.453773,0.949917,0.831279,0.990062,0.928970,0.912677,0.698086,0.923152,0.958476,0.934061,0.676241,0.953509,0.589737,0.975651,0.923868,0.981020,0.194486
ENSDARG00000077293_7_1,-1.2700,-1.7080,1.000000,0.970981,0.672266,-21.1000,-23.2501,0.625000,0.600019,0.506952,0.362314,0.863401,0.165026,0.693036,0.141780,0.818629,0.263504,0.807897,0.993445,0.835655,0.994778,0.842651,0.997253,0.362308,0.913577,0.011108,0.197372,0.001722,0.109684,0.004866,0.145381,0.001615,0.393356,0.096003,0.994810,0.953724,0.986573,0.642314,0.993217,0.979564,0.994896,0.989005,0.934319,0.123491,0.935468,0.118110,0.931821,0.917314,0.996743,0.076627
ENSDARG00000077293_7_2,-0.0200,-0.6286,0.750000,0.832436,0.853197,-19.2100,-20.8796,0.375000,0.445655,0.512982,0.890272,0.896001,0.478216,0.869279,0.547241,0.880271,0.928646,0.885338,0.946251,0.872126,0.925965,0.859331,0.977001,0.206371,0.913428,0.070126,0.945919,0.084089,0.911409,0.114197,0.950112,0.224961,0.989995,0.732305,0.491159,0.293872,0.527722,0.509589,0.918372,0.821147,0.943082,0.855847,0.867479,0.658914,0.918199,0.030824,0.995231,0.037223,0.998241,0.357825
ENSDARG00000077293_7_5,-0.9500,-2.2153,0.250000,0.414611,0.508955,-21.8700,-22.9739,0.375000,0.385374,0.423061,0.479037,0.182661,0.323331,0.170130,0.488918,0.166582,0.513559,0.943033,0.474836,0.925072,0.479309,0.942081,0.169418,0.036602,0.169005,0.009399,0.998346,0.038414,0.999149,0.092143,0.896310,0.926202,0.870982,0.945915,0.058794,0.964727,0.171961,0.958161,0.999171,0.988361,0.479152,0.055141,0.264317,0.013185,0.311300,0.019012,0.433159,0.009188,0.599035,0.075220
ENSDARG00000077293_7_6,-4.4600,-4.5874,1.000000,0.994419,0.612757,-20.8100,-22.9323,0.875000,0.669979,0.353555,0.006462,0.128846,0.002665,0.008321,0.003253,0.007316,0.139990,0.020556,0.997537,0.168576,0.999997,0.757525,0.998735,0.201364,0.998743,0.085417,0.141478,0.068672,0.003995,0.260795,0.002374,0.001082,0.004563,0.002798,0.999128,0.730796,0.982995,0.611305,0.998616,0.951486,0.997558,0.913639,0.997565,0.938185,0.996862,0.721613,0.985227,0.406924,0.997405,0.085884
ENSDARG00000077293_7_8,-1.6000,-2.1922,1.000000,0.846623,0.687086,-23.3100,-24.9078,0.750000,0.751184,0.452227,0.371224,0.498061,0.281879,0.476530,0.276198,0.244664,0.499614,0.008040,0.738447,0.020556,0.999912,0.394714,0.851125,0.615754,0.853635,0.615595,0.997602,0.031291,0.587395,0.043612,0.433005,0.043726,0.078700,0.042515,0.478197,0.976472,0.861537,0.988994,0.996541,0.996376,0.965130,0.998836,0.775936,0.983254,0.866817,0.999597,0.875106,0.052154,0.953717,0.013789
ENSDARG00000077293_7_10,-1.4700,-1.8922,0.625000,0.609424,0.683127,-21.6800,-23.1908,0.125000,0.173434,0.591931,0.059597,0.580443,0.051527,0.569626,0.082608,0.957864,0.957361,0.983993,0.757889,0.989796,0.982492,0.992577,0.957304,0.920413,0.958761,0.766388,0.981883,0.819345,0.999404,0.978145,0.998705,0.937426,0.999624,0.955138,0.609263,0.135865,0.966055,0.087765,0.970745,0.130170,0.110887,0.001494,0.107209,0.000296,0.111525,0.000337,0.999798,0.031787,0.999909,0.999760
ENSDARG00000077353_15_2,-2.7600,-2.8457,0.500000,0.508821,0.606959,-23.8300,-24.6972,0.500000,0.506943,0.427550,0.996118,0.984752,0.995818,0.078497,0.971071,0.075593,0.994970,0.092185,0.029918,0.149597,0.012517,0.957368,0.015246,0.983031,0.055300,0.147145,0.999559,0.008632,0.999755,0.005293,0.999250,0.018586,0.999096,0.994789,0.987016,0.992253,0.983347,0.930857,0.059599,0.934159,0.028424,0.093922,0.023760,0.066662,0.026013,0.009582,0.965548,0.031823,0.996864,0.996282
ENSDARG00000077353_15_3,-1.0900,-1.7155,0.625000,0.607680,0.675955,-22.8700,-24.8187,0.125000,0.285718,0.431514,0.806801,0.484785,0.883983,0.465433,0.916017,0.469039,0.638572,0.267174,0.768281,0.755932,0.618263,0.521638,0.646692,0.308355,0.682172,0.463857,0.996406,0.613198,0.619201,0.981279,0.572617,0.512785,0.508663,0.501052,0.855332,0.541654,0.898630,0.345028,0.577650,0.371151,0.681335,0.011352,0.269611,0.002485,0.361020,0.000871,0.410676,0.016966,0.807184,0.996240
ENSDARG00000077353_15_4,-1.9200,-2.9190,0.625000,0.531644,0.604929,-22.9400,-24.4654,0.500000,0.458049,0.351454,0.784173,0.285099,0.609862,0.101848,0.666890,0.125800,0.806870,0.265294,0.532795,0.177966,0.449423,0.327718,0.437496,0.026771,0.228863,0.008860,0.767466,0.152065,0.778902,0.953205,0.987908,0.937666,0.794785,0.002393,0.243195,0.001613,0.246486,0.000819,0.449502,0.005055,0.353818,0.037321,0.483133,0.630032,0.527156,0.996707,0.962388,0.997415,0.987471,0.995429
ENSDARG00000077353_15_5,-5.0000,-5.1191,0.375000,0.393168,0.508242,-25.0200,-26.3438,0.125000,0.171535,0.263031,0.972127,0.172415,0.968386,0.032684,0.060540,0.096982,0.072381,0.841115,0.976273,0.860695,0.048359,0.874619,0.004820,0.122390,0.010379,0.171569,0.928516,0.208043,0.992755,0.292822,0.994421,0.205225,0.990545,0.009775,0.078791,0.011305,0.043186,0.245612,0.088687,0.043968,0.932206,0.012300,0.048249,0.008835,0.020832,0.001550,0.971003,0.993979,0.962386,0.054730
ENSDARG00000077353_15_6,0.0000,-0.5250,1.000000,0.796425,0.834178,-25.5700,-27.6173,0.250000,0.268521,0.444119,0.508492,0.904455,0.513184,0.738098,0.999404,0.702200,0.998049,0.859573,0.741838,0.874267,0.832663,0.966594,0.842798,0.519554,0.956072,0.231506,0.966493,0.927281,0.979024,0.006114,0.998770,0.002962,0.975366,0.001612,0.952959,0.069237,0.718998,0.654435,0.868008,0.358737,0.855711,0.000406,0.505723,0.000037,0.491515,0.002592,0.979574,0.999969,0.998916,0.062757
ENSDARG00000077353_15_7,-7.1700,-7.2908,0.375000,0.389505,0.412242,-20.7400,-22.9630,1.000000,0.367637,0.377297,0.986620,0.956314,0.106105,0.098603,0.005063,0.016795,0.001267,0.015554,0.000237,0.470587,0.010208,0.476447,0.014120,0.015844,0.998802,0.529749,0.999988,0.524783,0.999917,0.556735,1.000000,0.751175,0.006467,0.192259,0.001597,0.198067,0.000095,0.353398,0.000755,0.241474,0.001386,0.241269,0.112213,0.304197,0.999998,0.529498,0.999998,0.468744,0.999999,0.604449
ENSDARG00000077353_15_8,-0.5000,-0.9164,0.875000,0.892087,0.836080,-19.6300,-21.3053,0.250000,0.286971,0.574579,0.921583,0.887182,0.928815,0.882318,0.945975,0.675720,0.964483,0.684468,0.955012,0.647739,0.464646,0.878449,0.415786,0.907544,0.970946,0.956869,0.874731,0.868420,0.809562,0.853128,0.867529,0.851630,0.465838,0.102351,0.433729,0.050092,0.992601,0.124221,0.916708,0.030711,0.925732,0.126251,0.958925,0.855965,0.981086,0.998003,0.959462,0.072848,0.968450,0.037681
ENSDARG00000077353_15_9,-1.3000,-1.7040,0.750000,0.775226,0.784742,-25.8600,-27.2436,0.750000,0.770288,0.399837,0.988694,0.020271,0.992363,0.004986,0.684524,0.002775,0.653498,0.007455,0.443231,0.002239,0.089134,0.000421,0.996683,0.002800,0.997189,0.004559,0.999424,0.381798,0.996693,0.476739,0.996880,0.795800,0.654713,0.134588,0.429442,0.189949,0.077064,0.021370,0.718863,0.991443,0.985313,0.990468,0.994587,0.991983,0.998343,0.994924,0.998427,0.992582,0.999765,0.989586
ENSDARG00000077353_15_10,0.0000,-0.7801,1.000000,0.770669,0.775785,-18.7500,-20.7037,0.625000,0.559596,0.416675,0.781206,0.131189,0.747581,0.102180,0.857453,0.120855,0.789751,0.144106,0.815539,0.675834,0.998731,0.718003,0.923952,0.899463,0.640649,0.026682,0.471330,0.016992,0.443855,0.014880,0.883929,0.079647,0.996361,0.926903,0.881472,0.355250,0.883787,0.176457,0.995028,0.205580,0.581001,0.712662,0.589954,0.627542,0.656563,0.594582,0.746327,0.888336,0.831222,0.916362
ENSDARG00000077489_1_1,-1.9100,-3.0561,0.500000,0.424903,0.531518,-27.7000,-29.1202,0.500000,0.588158,0.334679,0.518500,0.873122,0.456281,0.888881,0.963588,0.192681,0.271436,0.007060,0.262160,0.003135,0.956688,0.002272,0.398660,0.007301,0.354383,0.002063,0.651934,0.000150,0.753295,0.000167,0.762007,0.000207,0.882211,0.011273,0.656251,0.918811,0.724635,0.500251,0.173723,0.202215,0.225518,0.192226,0.656724,0.190156,0.152205,0.864833,0.044663,0.869099,0.765507,0.967676
ENSDARG00000077489_1_2,-0.9900,-1.7429,0.250000,0.516011,0.520504,-17.7600,-20.2146,0.500000,0.494792,0.573978,0.267222,0.751996,0.144054,0.608798,0.144977,0.742834,0.375442,0.742154,0.382999,0.759903,0.538064,0.535687,0.520573,0.341602,0.865070,0.614659,0.895925,0.603282,0.872476,0.818662,0.798110,0.846082,0.477076,0.155569,0.570593,0.104634,0.389576,0.055178,0.286313,0.055800,0.701794,0.066693,0.387540,0.923094,0.400417,0.871759,0.400923,0.910853,0.990936,0.970325
ENSDARG00000077489_1_3,-0.2600,-0.9995,0.500000,0.610130,0.693655,-22.3500,-24.0526,0.625000,0.646931,0.432807,0.898340,0.833382,0.897674,0.846779,0.686932,0.190972,0.420017,0.019376,0.378776,0.026828,0.374054,0.033083,0.992028,0.076934,0.479016,0.093390,0.977941,0.846563,0.975698,0.227665,0.980406,0.078363,0.931183,0.207351,0.910030,0.338946,0.982273,0.544711,0.432974,0.300908,0.998894,0.607760,0.326637,0.997849,0.225583,0.686734,0.217011,0.702345,0.787641,0.996192
ENSDARG00000077489_1_4,0.0000,-0.6883,1.000000,0.844815,0.847789,-19.4800,-22.0133,0.625000,0.693686,0.545870,0.964119,0.841027,0.993226,0.425224,0.932108,0.295487,0.871804,0.666973,0.933006,0.575054,0.993737,0.233603,0.999848,0.746162,0.980989,0.361372,0.732070,0.255692,0.355741,0.189453,0.649740,0.235078,0.790864,0.542779,1.000000,0.541296,0.986673,0.470788,0.732508,0.415650,0.472406,0.288722,0.782786,0.936804,0.785001,0.935046,0.999440,0.988512,0.999708,0.972666
ENSDARG00000077489_1_5,-4.1400,-4.1932,0.500000,0.504845,0.504844,-18.3000,-20.8945,0.500000,0.481284,0.615173,0.995669,0.753495,0.014937,0.690207,0.007695,0.873179,0.009889,0.885104,0.999980,0.931259,0.008126,0.687214,0.011509,0.718954,0.999997,0.830673,0.999952,0.796731,0.999810,0.352610,0.999768,0.430806,0.010787,0.502949,0.011018,0.127465,0.009232,0.140546,0.008526,0.177015,0.011499,0.123403,0.999141,0.932769,0.999367,0.985738,0.999992,0.800400,0.999984,0.562939
ENSDARG00000077489_1_6,-1.1300,-1.6458,1.000000,0.867083,0.695328,-21.3300,-22.6199,0.375000,0.380441,0.325003,0.232140,0.197254,0.147528,0.064998,0.251277,0.071773,0.906162,0.989139,0.881820,0.039032,0.864386,0.018346,0.985167,0.035642,0.355488,0.083492,0.337651,0.949193,0.337435,0.952103,0.781721,0.047920,0.889113,0.007639,0.762865,0.000973,0.670254,0.001166,0.882801,0.020451,0.979622,0.998996,0.985356,0.999667,0.970021,0.999741,0.829879,0.020712,0.855870,0.001820
ENSDARG00000077489_1_7,-2.2100,-2.8705,0.500000,0.500346,0.584484,-20.2900,-22.1250,0.500000,0.564926,0.579869,0.956977,0.896838,0.929552,0.497095,0.999418,0.509410,0.072326,0.875446,0.032963,0.885000,0.140385,0.912852,0.240186,0.932990,0.848325,0.564589,0.662499,0.610543,0.944289,0.089525,0.936067,0.090959,0.923921,0.212722,0.883604,0.191462,0.576428,0.838147,0.996768,0.837171,0.168955,0.836386,0.132892,0.287812,0.121179,0.273287,0.122947,0.264756,0.999994,0.990388
ENSDARG00000077489_1_8,-2.9700,-3.2909,0.875000,0.865213,0.632851,-21.9200,-23.6956,1.000000,0.699085,0.517998,0.152196,0.133695,0.942782,0.179429,1.000000,0.171299,0.026197,0.135251,0.020108,0.868523,0.207313,0.968309,0.992323,0.160208,0.987793,0.106647,0.990711,0.108143,0.347538,0.677406,0.030879,0.703382,0.037468,0.554987,0.837740,0.583477,0.999981,0.596351,0.145356,0.538522,0.999851,0.991174,0.954201,0.827345,0.995358,0.746215,0.992389,0.706786,0.996825,0.602813
ENSDARG00000077489_1_9,-1.3900,-2.4605,0.500000,0.620353,0.641724,-22.4300,-24.1072,0.500000,0.543609,0.344000,0.808339,0.008846,0.811798,0.006670,0.825025,0.137289,0.997616,0.990621,0.999174,0.098803,0.764192,0.011281,0.490252,0.001431,0.459426,0.005611,0.504988,0.108905,0.037543,0.139586,0.194727,0.135488,0.978573,0.886587,0.993887,0.994174,0.996706,0.989353,0.999676,0.989150,0.217556,0.160162,0.208388,0.134131,0.294074,0.724618,0.491748,0.306106,0.760791,0.051183
ENSDARG00000077489_1_10,-0.1900,-1.2233,0.625000,0.681610,0.740906,-20.3500,-22.4026,0.625000,0.567921,0.490396,0.649296,0.306260,0.647240,0.055943,0.995487,0.036902,0.724948,0.072807,0.978014,0.697959,1.000000,0.927900,0.590990,0.614095,0.512420,0.500798,0.526934,0.857498,1.000000,0.569713,0.741343,0.528431,0.998570,0.096240,0.756925,0.018181,0.845426,0.021287,0.715483,0.026059,0.590292,0.978460,0.429502,0.984792,0.519934,0.992900,0.600136,0.993550,0.995181,0.528136
ENSDARG00000077842_7_2,-0.6500,-1.3570,0.625000,0.678340,0.734465,-21.5600,-22.7477,0.375000,0.436178,0.382589,0.954921,0.847753,0.911902,0.841661,0.870988,0.400769,0.960927,0.332507,0.585342,0.276496,0.984902,0.249141,0.999353,0.814433,0.551317,0.087422,0.542097,0.113745,0.662325,0.128832,0.606346,0.050558,0.632153,0.019043,0.992253,0.011587,0.504837,0.017056,0.573717,0.965183,0.999254,0.188826,0.955172,0.220164,0.192933,0.186972,0.590329,0.959860,0.618228,0.939775
ENSDARG00000077842_7_3,-2.2600,-2.3763,1.000000,0.990864,0.708793,-18.6500,-20.4403,1.000000,0.656130,0.555650,0.035024,0.014812,0.027101,0.009054,0.060001,0.018793,0.999328,0.251539,0.975817,0.484946,0.997122,0.469678,0.996637,0.497807,0.999551,0.990613,0.961683,0.952202,0.091428,0.758212,0.052079,0.736891,0.053173,0.679411,0.966118,0.870318,0.970239,0.938199,0.999987,0.965634,0.999611,0.950481,0.999491,0.432213,0.999126,0.377996,0.994587,0.341959,0.997753,0.372239
ENSDARG00000077842_7_4,-0.3800,-0.8176,0.625000,0.741637,0.732763,-22.7200,-24.0859,0.250000,0.256107,0.322503,0.988492,0.995612,0.994923,0.997256,0.386798,0.997085,0.310723,0.176545,0.276939,0.034844,0.383641,0.035481,0.990585,0.036565,0.999494,0.043182,0.997730,0.997741,0.991734,0.068222,0.994703,0.007035,0.406405,0.011626,0.320905,0.006612,0.334055,0.005966,0.355446,0.002681,0.966044,0.000911,0.980420,0.003036,0.981895,0.618982,0.998109,0.907317,0.996225,0.503356
ENSDARG00000077842_7_5,-1.0900,-1.5840,0.750000,0.730098,0.603640,-26.8900,-29.0385,0.000000,0.097997,0.319661,0.442499,0.679607,0.359488,0.621275,0.362558,0.665304,0.374537,0.827221,0.454302,0.795895,0.945832,0.752573,0.822787,0.158948,0.768718,0.124516,0.793751,0.980594,0.240632,0.001746,0.322881,0.000720,0.344036,0.000846,0.351340,0.000453,0.424071,0.047053,0.998442,0.003469,0.774158,0.029516,0.728543,0.001122,0.744393,0.007455,0.822502,0.155414,0.997337,0.539491
ENSDARG00000077842_7_6,-2.6700,-3.4247,0.625000,0.508899,0.601994,-24.9400,-26.2751,0.375000,0.367528,0.342257,0.537211,0.922714,0.509290,0.925896,0.638500,0.927488,0.604719,0.048308,0.554346,0.030343,0.755651,0.080826,0.629532,0.073788,0.553162,0.283623,0.599571,0.189802,0.849882,0.083963,0.838253,0.069959,0.898574,0.268199,0.977905,0.117083,0.197731,0.033493,0.116228,0.095231,0.024499,0.061641,0.461499,0.845836,0.544801,0.745797,0.869335,0.954040,0.879192,0.087103
ENSDARG00000077842_7_7,-1.5400,-2.4999,1.000000,0.697929,0.607816,-21.6900,-22.9489,0.875000,0.865305,0.427611,0.624240,0.867467,0.713966,0.090150,0.138827,0.024360,0.127965,0.026990,0.494370,0.038231,0.553500,0.141454,0.635693,0.190186,0.998483,0.124732,0.751971,0.058663,0.601130,0.023207,0.588286,0.012228,0.344447,0.032112,0.460247,0.952619,0.471548,0.957160,0.623180,0.947294,0.730177,0.972257,0.346408,0.966490,0.982011,0.993741,0.975188,0.987265,0.994673,0.145614
ENSDARG00000077842_7_8,0.0000,-0.1805,1.000000,0.984084,0.954914,-20.4300,-22.7358,0.750000,0.720220,0.474021,0.983601,0.362935,0.890142,0.315833,0.810248,0.325734,0.907942,0.568358,0.994785,0.358156,1.000000,0.383004,0.986378,0.413772,0.990521,0.546040,0.998137,0.118163,0.996463,0.117621,0.896411,0.115546,0.770982,0.093497,0.919838,0.847911,0.993798,0.693542,0.994339,0.287447,0.998200,0.466495,0.998551,0.971916,0.997329,0.844894,0.989085,0.827716,0.981534,0.821837
ENSDARG00000077842_7_9,-1.5100,-1.9307,1.000000,0.934333,0.761522,-20.6100,-22.2219,0.250000,0.417338,0.451008,0.217488,0.220480,0.172837,0.088592,0.819092,0.604673,0.902674,0.653994,0.986412,0.698423,0.977125,0.735889,0.967369,0.824913,1.000000,0.947940,0.193189,0.389674,0.188763,0.148003,0.677033,0.202535,0.653799,0.166330,0.997263,0.995716,0.989959,0.327549,0.998609,0.325652,0.989808,0.328701,0.999969,0.998853,0.990632,0.339665,0.752340,0.011268,0.756081,0.011301
ENSDARG00000077842_7_10,0.0000,-0.3271,1.000000,0.893216,0.905012,-20.6700,-22.3960,0.375000,0.433418,0.514985,0.964877,0.932498,0.855317,0.760010,0.827381,0.801353,0.682678,0.954854,0.980062,0.267127,0.974724,0.268405,0.746132,0.793283,0.999744,0.540367,0.985871,0.415385,0.996459,0.915636,0.961236,0.094426,0.980033,0.089020,0.995558,0.072607,0.879487,0.917981,0.924989,0.960886,0.999946,0.260483,0.924288,0.209475,0.800151,0.937812,0.790291,0.064254,0.831020,0.043846
ENSDARG00000077860_5_1,-4.4000,-4.7395,0.750000,0.749545,0.660255,-20.6400,-22.2376,0.625000,0.618641,0.453463,0.011282,0.890772,0.007597,0.858724,0.011971,0.698375,0.995261,0.060722,0.598741,0.043365,0.995159,0.063213,0.998965,0.106809,0.996739,0.151983,0.995545,0.826948,0.598273,0.302881,0.991698,0.075689,0.007504,0.040650,0.005116,0.010446,0.010188,0.012891,0.999967,0.998904,0.995244,0.965406,0.994877,0.968914,0.995745,0.972094,0.996461,0.937438,0.998759,0.083033
ENSDARG00000077860_5_2,-6.3300,-6.3707,0.625000,0.625324,0.503307,-20.9500,-22.8077,0.250000,0.266587,0.354235,0.002461,0.127303,0.000083,0.015815,0.000087,0.012277,0.005150,0.020683,0.028887,0.046552,0.996572,0.911563,0.999920,0.955381,0.999981,0.950615,0.999981,0.936454,0.999878,0.944167,0.025315,0.024641,0.005230,0.006556,0.000166,0.000441,0.000152,0.000347,0.002498,0.002469,0.999926,0.679112,0.999952,0.170363,0.999989,0.191170,0.999988,0.768602,0.999924,0.320194
ENSDARG00000077860_5_3,-2.5500,-3.1353,0.750000,0.740195,0.665223,-20.9500,-22.9045,0.125000,0.251149,0.447070,0.143370,0.377631,0.141477,0.362284,0.087287,0.237263,0.687183,0.460411,0.608758,0.374581,0.989933,0.648961,0.998909,0.721136,0.998937,0.895475,0.996969,0.861898,0.543335,0.636010,0.904969,0.943843,0.281777,0.412717,0.013462,0.283472,0.015901,0.513917,0.901935,0.156647,0.999139,0.030870,0.997786,0.951525,0.996353,0.055941,0.997664,0.011224,0.999322,0.005599
ENSDARG00000077860_5_4,-1.5000,-1.6543,0.625000,0.668910,0.730392,-20.5800,-22.7793,0.500000,0.477023,0.555619,0.985679,0.938458,0.984390,0.532252,0.207500,0.514859,0.145345,0.905537,0.102821,0.822955,0.981108,0.705654,0.971205,0.688280,0.951005,0.471186,0.977238,0.241639,0.991194,0.406683,0.976035,0.475875,0.983032,0.592823,0.998254,0.090866,0.153107,0.052543,0.082451,0.001386,0.142608,0.028828,0.991583,0.726172,0.999829,0.980472,0.984378,0.962144,0.999069,0.973773
ENSDARG00000077860_5_5,-1.1800,-1.8058,0.500000,0.526506,0.617149,-19.6500,-21.0627,0.750000,0.653877,0.484628,0.900339,0.438732,0.430309,0.416129,0.314587,0.423372,0.226954,0.105888,0.257885,0.635130,0.947854,0.068615,0.889165,0.073529,0.728477,0.086728,0.721509,0.534365,0.777916,0.404493,0.984025,0.568628,0.951904,0.705944,0.979937,0.808345,0.375715,0.176629,0.104622,0.246649,0.182522,0.959285,0.277960,0.893479,0.747574,0.622153,0.615228,0.603566,0.928490,0.920908
ENSDARG00000077860_5_6,-1.0000,-1.8264,0.625000,0.636071,0.538022,-21.9300,-23.7157,0.250000,0.262136,0.195145,0.646138,0.054141,0.423272,0.050117,0.377023,0.043937,0.338613,0.053427,0.317824,0.110235,0.352723,0.118999,0.684894,0.099502,0.722545,0.106690,0.726654,0.142552,0.289934,0.021440,0.396906,0.014277,0.395351,0.990503,0.401377,0.048422,0.430475,0.012787,0.372014,0.009841,0.675529,0.004597,0.671110,0.005110,0.685614,0.023093,0.854031,0.997287,0.998420,0.995950
ENSDARG00000077860_5_7,0.0000,-0.7609,1.000000,0.790584,0.758375,-21.1000,-23.4361,0.375000,0.490418,0.459253,0.644366,0.705770,0.609805,0.675516,0.750707,0.448116,0.653756,0.417991,0.614799,0.471192,0.834340,0.649626,0.754812,0.010412,0.813223,0.013431,0.968364,0.066643,0.776263,0.523743,0.744000,0.759065,0.678390,0.520210,0.790747,0.433276,0.757536,0.407626,0.783162,0.954309,0.988417,0.056842,0.655628,0.021590,0.706420,0.063344,0.807688,0.992540,0.835076,0.993815
ENSDARG00000077860_5_8,-2.7700,-3.1883,0.625000,0.597004,0.622527,-21.4700,-23.9120,0.375000,0.325522,0.485445,0.066134,0.848222,0.062100,0.862716,0.018971,0.972975,0.954220,0.830904,0.947626,0.417604,0.235579,0.398841,0.999688,0.563330,0.977170,0.551792,0.966090,0.479768,0.988570,0.223541,0.998948,0.394184,0.459408,0.560851,0.815696,0.488191,0.962687,0.089630,0.018186,0.003031,0.042111,0.001097,0.033824,0.002645,0.951525,0.033365,0.952866,0.997504,0.999139,0.988711
ENSDARG00000077860_5_9,0.0000,-0.7013,1.000000,0.825889,0.795290,-18.7000,-20.0756,0.500000,0.500987,0.367102,0.762974,0.017072,0.748756,0.013185,0.748018,0.030427,0.946249,0.010665,0.937151,0.010701,0.865594,0.024645,0.668084,0.032479,0.626128,0.037018,0.690252,0.994092,0.795042,0.964964,0.759123,0.945524,0.751314,0.253383,0.989523,0.089156,0.979762,0.065308,0.695703,0.067465,0.634297,0.076105,0.644961,0.923898,0.775764,0.896549,0.931480,0.939339,0.955623,0.950074
ENSDARG00000077860_5_10,-0.8200,-1.4452,0.500000,0.583568,0.664115,-18.5000,-19.9809,0.375000,0.471136,0.544402,0.965531,0.922568,0.963069,0.947756,0.168574,0.947992,0.144636,0.934065,0.652940,0.924109,0.184060,0.876053,0.568155,0.953953,0.999455,0.099646,0.995795,0.126689,0.992958,0.061872,0.978936,0.116864,0.999648,0.207389,0.944227,0.969728,0.903534,0.211096,0.606878,0.242819,0.150922,0.388678,0.220532,0.325912,0.662132,0.351885,0.576588,0.687882,0.603727,0.591091
ENSDARG00000078199_0_1,-3.1800,-3.6497,0.250000,0.439499,0.487453,-20.5300,-23.2294,0.250000,0.297861,0.462555,0.807161,0.885939,0.764307,0.816420,0.752434,0.700642,0.107912,0.648776,0.093867,0.661705,0.109855,0.641284,0.386001,0.836812,0.394769,0.497586,0.480798,0.144513,0.990270,0.137936,0.714802,0.308122,0.630892,0.588477,0.626408,0.076523,0.415801,0.223398,0.393184,0.413013,0.399840,0.823778,0.376020,0.160346,0.223184,0.576067,0.206528,0.042435,0.875030,0.067326
ENSDARG00000078199_0_2,-4.0600,-4.8914,0.375000,0.378490,0.502364,-21.3800,-23.1151,0.375000,0.418954,0.313318,0.998185,0.062721,0.993665,0.035719,0.777632,0.048978,0.408671,0.037704,0.560145,0.238568,0.039643,0.193112,0.011808,0.022721,0.206783,0.042194,0.448658,0.079310,0.576673,0.244157,0.998741,0.939694,0.998749,0.969848,0.565409,0.959499,0.165972,0.377016,0.255870,0.135125,0.009095,0.105933,0.202640,0.095014,0.216919,0.135297,0.771256,0.830829,0.840759,0.712917
ENSDARG00000078199_0_3,0.0000,-0.4822,1.000000,0.815811,0.847126,-16.5600,-18.5933,0.250000,0.374353,0.482204,0.999206,0.939904,0.999484,0.961379,0.603037,0.909904,0.473737,0.905050,0.517786,0.837077,0.999443,0.935326,0.880973,0.362795,0.999896,0.210658,0.997003,0.173236,0.994999,0.200765,0.995722,0.095356,0.954738,0.117798,0.955707,0.150454,0.990981,0.968130,0.638355,0.336421,0.721725,0.303495,0.601664,0.952223,0.791300,0.097032,0.857576,0.106190,0.969178,0.080881
ENSDARG00000078199_0_4,-3.0700,-3.1540,0.500000,0.506107,0.604227,-17.6600,-19.7280,0.500000,0.517215,0.513393,0.997093,0.579723,0.993823,0.317246,0.995987,0.308068,1.000000,0.902584,0.045866,0.042783,0.013103,0.035456,0.014206,0.078121,0.017190,0.070739,0.967124,0.942998,1.000000,0.972342,0.991315,0.937132,0.999982,0.942956,0.999898,0.913368,0.969265,0.909614,0.988795,0.902130,0.998876,0.998013,0.016398,0.113264,0.015582,0.116533,0.014548,0.104670,0.045492,0.080128
ENSDARG00000078199_0_5,-4.5300,-4.8597,0.500000,0.464711,0.571419,-23.9300,-25.4907,0.500000,0.508662,0.433263,0.688543,0.424118,0.952114,0.057287,0.021501,0.026307,0.007826,0.019875,0.004417,0.012190,0.046864,0.019536,0.996569,0.984934,0.996743,0.989867,0.999786,0.858167,0.999774,0.872906,0.999991,0.166074,0.996571,0.164705,0.041472,0.352739,0.000858,0.135869,0.002999,0.692958,0.049415,0.942001,0.975579,0.978860,0.668429,0.843977,0.980014,0.085820,0.998921,0.037073
ENSDARG00000078199_0_6,-0.8500,-1.3675,0.875000,0.791360,0.710823,-23.5100,-25.0220,0.375000,0.350613,0.332251,0.406920,0.908837,0.718731,0.174179,0.228443,0.261348,0.187498,0.943990,0.843081,0.290727,0.914675,0.008189,0.925128,0.001775,0.935856,0.052560,0.927113,0.998914,0.997655,0.067883,0.443680,0.043812,0.356791,0.087902,0.899108,0.007991,0.201425,0.007816,0.710457,0.013254,0.740098,0.054079,0.803533,0.087273,0.991853,0.650537,0.992788,0.990233,0.991616,0.993724
ENSDARG00000078199_0_7,-1.7200,-2.0730,0.625000,0.616387,0.630949,-21.6300,-23.5850,0.375000,0.333274,0.456935,0.287589,0.938850,0.260957,0.911136,0.219617,0.961689,0.998424,0.614548,0.205214,0.380572,0.784641,0.316546,0.780985,0.168419,0.784123,0.675512,0.991616,0.440849,0.989797,0.368834,0.391800,0.589378,0.993121,0.106170,0.270968,0.046345,0.060933,0.532082,0.061560,0.004443,0.775313,0.014745,0.822621,0.471617,0.954269,0.473056,0.998579,0.996421,0.986852,0.127481
ENSDARG00000078199_0_8,-0.5300,-1.3954,1.000000,0.881747,0.753189,-18.6500,-20.7939,0.500000,0.383788,0.557108,0.360419,0.298157,0.370380,0.272473,0.998881,0.718804,0.522823,0.767991,0.637747,0.671360,0.825533,0.970302,0.999284,0.959985,0.949682,0.916564,0.808560,0.741480,0.676045,0.662773,0.417087,0.559228,0.443362,0.532745,0.956951,0.331485,0.882283,0.288354,0.882853,0.696185,0.758481,0.216237,0.756417,0.189419,0.825681,0.195728,0.999696,0.997073,0.991618,0.155820
ENSDARG00000078199_0_9,-1.9100,-2.2880,0.625000,0.619327,0.689743,-21.0900,-22.4072,0.625000,0.637327,0.497634,0.993111,0.911446,0.993456,0.223888,0.999968,0.327041,0.994727,0.959286,1.000000,0.348191,0.339037,0.078877,0.035424,0.080747,0.106418,0.938710,0.673508,0.019725,1.000000,0.015536,0.758234,0.018958,0.946364,0.931665,0.901047,0.980275,0.957405,0.882185,0.393565,0.125948,0.166862,0.112937,0.096309,0.017912,0.717866,0.998235,0.721571,0.997953,0.999993,0.983171
ENSDARG00000078199_0_10,-3.8500,-4.3817,0.250000,0.395765,0.465729,-19.3500,-21.4491,0.500000,0.410059,0.512417,0.096803,0.433479,0.092275,0.305616,0.100309,0.604375,0.104319,0.670526,0.757705,0.744503,0.658106,0.692673,0.993120,0.793666,0.462964,0.450369,0.474686,0.442917,0.906768,0.548573,0.756985,0.632401,0.744409,0.648775,0.391649,0.394224,0.499022,0.528191,0.999121,0.975345,0.190262,0.199426,0.015333,0.086565,0.010840,0.076899,0.059947,0.073971,0.999948,0.945854
ENSDARG00000078251_0_1,-2.1000,-2.8909,0.625000,0.534069,0.617183,-18.7700,-21.1033,0.375000,0.387843,0.398610,0.994023,0.660033,0.940443,0.095840,0.917301,0.037055,0.517557,0.034558,0.318195,0.039134,0.738877,0.987627,0.081487,0.037969,0.334223,0.029969,0.332518,0.027365,0.948815,0.963804,0.953856,0.976792,0.993820,0.979309,0.939224,0.985057,0.939707,0.982004,0.992676,0.971396,0.071437,0.010296,0.071248,0.007206,0.082876,0.041332,0.439452,0.053051,0.735932,0.052403
ENSDARG00000078251_0_2,0.0000,-0.7723,1.000000,0.783937,0.756658,-17.1400,-18.9707,0.250000,0.450539,0.565134,0.357899,0.573142,0.368058,0.539396,0.928087,0.716764,0.646810,0.707228,0.510241,0.741837,0.686870,0.819438,0.897193,0.807263,0.999824,0.465313,0.987010,0.350563,0.870855,0.375298,0.910182,0.822460,0.698625,0.779659,0.463207,0.239661,0.897942,0.300451,0.596447,0.307614,0.480829,0.354680,0.852622,0.244223,0.981596,0.272182,0.999985,0.970864,0.998870,0.914636
ENSDARG00000078251_0_3,-0.4000,-0.8237,0.625000,0.756302,0.787472,-21.2200,-22.3365,0.500000,0.468267,0.460210,0.957926,0.900812,0.891090,0.884253,0.312721,0.882536,0.413243,0.054081,0.414075,0.039301,0.990034,0.135673,0.961168,0.151552,0.983182,0.431478,0.988400,0.983185,0.971172,0.071522,0.919631,0.046481,0.896389,0.877197,0.929353,0.869246,0.393395,0.038450,0.405600,0.035392,0.438616,0.066492,0.993218,0.088422,0.989916,0.866332,0.953086,0.930334,0.947230,0.851471
ENSDARG00000078251_0_4,0.0000,-0.0149,1.000000,0.996708,0.997009,-16.6000,-18.9490,0.125000,0.343514,0.562299,0.999502,0.938149,0.999790,0.903613,0.999183,0.929859,0.998091,0.921237,0.999357,0.755427,0.995700,0.781167,0.997165,0.679548,0.999489,0.679640,0.996044,0.545469,0.998291,0.344084,0.995793,0.494085,0.988115,0.525596,0.998287,0.784691,0.999791,0.313381,0.992248,0.227903,0.999862,0.375207,0.995930,0.329135,0.989730,0.248850,0.998145,0.285043,0.999672,0.183900
ENSDARG00000078251_0_5,-2.6700,-2.8433,0.625000,0.615843,0.599676,-21.3400,-22.6957,0.375000,0.427112,0.380264,0.127925,0.076120,0.077256,0.055891,0.883475,0.046261,0.917656,0.071216,0.986157,0.065005,0.033744,0.888045,0.031737,0.884106,0.936403,0.979509,0.994804,0.153630,0.991385,0.107487,0.991646,0.183608,0.094587,0.677504,0.090537,0.904955,0.934128,0.331212,0.881847,0.067917,0.918241,0.697126,0.120544,0.029357,0.076860,0.303880,0.948656,0.999724,0.955932,0.082721
ENSDARG00000078251_0_6,-1.3800,-2.1179,0.625000,0.518954,0.577700,-24.4900,-26.3822,0.625000,0.524620,0.435458,0.979589,0.793688,0.973645,0.598669,0.514257,0.900122,0.117251,0.005979,0.077309,0.001586,0.583660,0.001557,0.228147,0.002081,0.865405,0.101784,0.689919,0.999397,0.737801,0.968425,0.978337,0.117774,0.657037,0.021141,0.477505,0.005493,0.474635,0.001186,0.255296,0.068309,0.582103,0.943565,0.576005,0.795443,0.581609,0.726672,0.581766,0.732224,0.622713,0.924071
ENSDARG00000078251_0_7,-0.6400,-1.2099,0.375000,0.541736,0.624658,-21.0900,-22.9642,0.125000,0.185662,0.353510,0.909516,0.175262,0.868716,0.164279,0.997412,0.128020,0.449615,0.125258,0.236011,0.117897,0.199660,0.124605,0.244245,0.850969,0.337440,0.575104,0.996091,0.871390,0.991373,0.789199,0.962481,0.765304,0.966710,0.897622,0.925661,0.953204,0.910835,0.046460,0.359814,0.004604,0.244439,0.009130,0.238361,0.006910,0.266132,0.020767,0.447817,0.097869,0.940829,0.346349
ENSDARG00000078251_0_8,0.0000,-0.2618,1.000000,0.872477,0.894383,-19.6200,-21.5404,0.500000,0.501477,0.538552,0.990949,0.889493,0.995035,0.668447,0.998114,0.549186,0.995693,0.767980,0.766661,0.705933,0.673800,0.851523,0.722678,0.313615,0.800058,0.088861,0.996601,0.089383,0.996374,0.190605,0.984358,0.741882,0.987517,0.902305,0.974247,0.075204,0.951386,0.122489,0.959934,0.137505,0.806439,0.125957,0.751612,0.906919,0.746582,0.907326,0.790742,0.913726,0.998870,0.822692
ENSDARG00000078251_0_9,-3.2300,-3.2745,1.000000,0.997710,0.704654,-21.3600,-22.6711,0.500000,0.512959,0.506122,0.011721,0.024050,0.005759,0.009650,0.032663,0.036224,0.999370,0.991176,0.999989,0.999313,0.998865,0.989674,0.999303,0.988652,0.030015,0.029895,0.011650,0.022161,0.025261,0.035826,0.998232,0.953675,0.998575,0.938470,0.998058,0.941005,0.997006,0.898596,0.997617,0.903786,0.995346,0.915576,0.997174,0.409194,0.997419,0.010753,0.999742,0.005852,0.999321,0.018908
ENSDARG00000078251_0_10,-0.5500,-1.4822,0.500000,0.738098,0.663716,-18.7100,-20.0914,0.625000,0.653903,0.490919,0.640887,0.369735,0.605962,0.045054,0.598168,0.032269,0.127691,0.140271,0.205765,0.877173,0.487061,0.044757,0.996661,0.037100,0.998803,0.120003,0.810952,0.877861,0.557589,0.963801,0.795637,0.957532,0.544363,0.121609,0.578767,0.130452,0.628612,0.133058,0.591411,0.179145,0.556234,0.983873,0.582939,0.941746,0.987191,0.951214,0.979967,0.954118,0.999666,0.957616
ENSDARG00000078355_0_1,-2.3800,-2.5565,0.875000,0.831633,0.699849,-23.2800,-24.6893,0.500000,0.502892,0.287975,0.169406,0.043898,0.157162,0.021488,0.134288,0.925011,0.953459,0.078875,0.994912,0.005927,0.885373,0.005981,0.867277,0.012396,0.866959,0.027467,0.982299,0.118369,0.997127,0.432204,0.165317,0.058410,0.170328,0.006345,0.038833,0.002551,0.827111,0.012682,0.888805,0.999363,0.998711,0.997887,0.995523,0.996358,0.971106,0.996669,0.946080,0.010397,0.986893,0.007232
ENSDARG00000078355_0_2,-2.6900,-2.8852,0.375000,0.392004,0.507264,-27.3400,-28.7081,0.250000,0.257201,0.354285,0.157572,0.606080,0.018347,0.519912,0.017342,0.525763,0.018733,0.844680,0.022716,0.069126,0.998221,0.199621,0.920738,0.245356,0.940229,0.994877,0.993790,0.860010,0.994360,0.161787,0.989476,0.000831,0.937718,0.000044,0.926282,0.000391,0.033939,0.000260,0.029923,0.046078,0.027785,0.001499,0.012772,0.001908,0.141174,0.010362,0.981994,0.998584,0.982159,0.998521
ENSDARG00000078355_0_3,-3.2600,-3.6898,0.625000,0.751866,0.655794,-19.4800,-21.4473,0.250000,0.360429,0.360407,0.994540,0.933831,0.628823,0.036379,0.578440,0.037738,0.586575,0.051194,0.627315,0.113183,0.991401,0.961162,0.402294,0.938597,0.378810,0.934882,0.038229,0.089734,0.619968,0.075417,0.625452,0.069264,0.629101,0.083326,0.997588,0.724798,0.995855,0.740082,0.995022,0.423320,0.378106,0.030845,0.378528,0.014992,0.393361,0.463887,0.928817,0.176174,0.947648,0.309336
ENSDARG00000078355_0_4,-4.5700,-4.9302,0.375000,0.350432,0.479604,-19.6400,-21.2420,0.500000,0.538669,0.471447,0.996805,0.157301,0.996726,0.145371,0.675180,0.117694,0.088296,0.059533,0.005241,0.044681,0.004077,0.057735,0.008364,0.772733,0.023645,0.759413,0.995360,0.931833,0.998273,0.729417,0.997763,0.897988,0.998892,0.445894,0.024114,0.453781,0.009666,0.839311,0.004484,0.074923,0.003279,0.028004,0.085939,0.070820,0.685961,0.923015,0.991062,0.982818,0.998948,0.936678
ENSDARG00000078355_0_5,-1.2700,-1.5933,0.875000,0.763211,0.616932,-17.9300,-19.9574,0.875000,0.585229,0.520730,0.375641,0.697318,0.991815,0.350475,0.161394,0.283530,0.128606,0.331065,0.101582,0.884657,0.746196,0.880280,0.751912,0.908706,0.994010,0.434318,0.960319,0.159416,0.327605,0.069023,0.345566,0.071121,0.348300,0.662864,0.992542,0.596661,0.331344,0.569191,0.966858,0.920429,0.752270,0.885078,0.743583,0.569384,0.744152,0.537429,0.771266,0.545297,0.803670,0.058359
ENSDARG00000078355_0_6,-0.9800,-1.6590,0.625000,0.646479,0.696136,-17.5400,-19.7014,1.000000,0.602530,0.457734,0.896991,0.484595,0.882466,0.262853,0.996433,0.210880,0.750633,0.503874,0.999783,0.506196,0.394342,0.957738,0.227145,0.057296,0.094110,0.039312,0.837458,0.076624,0.833993,0.068553,0.839068,0.194816,0.998464,0.971698,0.329966,0.912150,0.325390,0.904964,0.396104,0.907918,0.997209,0.951561,0.574311,0.252262,0.840539,0.316325,0.844758,0.300491,0.863556,0.274566
ENSDARG00000078355_0_7,-2.5900,-3.0909,0.500000,0.485012,0.534067,-19.8800,-22.0451,0.375000,0.424532,0.464343,0.336309,0.927870,0.037796,0.902804,0.008993,0.927256,0.015537,0.632201,0.679642,0.228954,0.489196,0.345843,0.981558,0.331997,0.943788,0.359197,0.922364,0.904262,0.905657,0.161948,0.976018,0.108392,0.504376,0.059876,0.981070,0.197358,0.271274,0.348964,0.233322,0.377828,0.255445,0.348657,0.037543,0.405882,0.697904,0.591997,0.697609,0.570946,0.705930,0.554624
ENSDARG00000078355_0_8,0.0000,-1.0267,1.000000,0.583278,0.663508,-22.3200,-25.4059,0.000000,0.052080,0.150547,0.946805,0.994044,0.941294,0.183447,0.562429,0.124698,0.683209,0.042976,0.364837,0.031638,0.408808,0.025203,0.360180,0.010775,0.360259,0.043092,0.994404,0.029175,0.988037,0.084015,0.994751,0.977360,0.998925,0.047873,0.263741,0.016320,0.262496,0.048539,0.268549,0.314853,0.476445,0.016700,0.896434,0.000563,0.689642,0.001393,0.816058,0.001671,0.992858,0.016603
ENSDARG00000078355_0_9,0.0000,-0.1932,1.000000,0.966267,0.962036,-18.2600,-20.2751,0.625000,0.612661,0.563418,0.923206,0.783549,0.991237,0.325214,0.999565,0.489924,0.891646,0.722848,0.988319,0.531734,0.999582,0.824065,0.954926,0.093948,0.995981,0.062140,0.999686,0.334682,0.949519,0.716310,0.817271,0.487923,0.999635,0.994728,0.999773,0.926774,0.859692,0.880649,1.000000,0.061992,0.945438,0.013416,0.943393,0.022925,1.000000,0.998697,0.984979,0.998694,0.996863,0.998145
ENSDARG00000078355_0_10,-2.7400,-3.0779,0.375000,0.386629,0.506333,-21.7300,-23.6317,0.125000,0.146987,0.312012,0.995874,0.952111,0.115943,0.901774,0.015328,0.894908,0.012214,0.480185,0.012078,0.502991,0.206739,0.476991,0.911362,0.569170,0.803823,0.148550,0.996361,0.024371,0.996875,0.013560,0.995000,0.043347,0.972026,0.056382,0.832140,0.247193,0.119751,0.734704,0.012781,0.027358,0.009656,0.030008,0.009423,0.008377,0.111037,0.013192,0.998484,0.066096,0.999759,0.048966
ENSDARG00000078578_0_2,-4.7100,-4.9186,0.500000,0.500996,0.577939,-18.5800,-20.7455,0.750000,0.500792,0.534426,0.980072,0.873604,0.015013,0.315488,0.011685,0.315265,0.010606,0.481906,0.005204,0.030195,0.987307,0.464478,0.770202,0.363162,0.999647,0.499113,0.999676,0.976009,0.999356,0.977919,0.772304,0.882778,0.999739,0.502273,0.010579,0.052453,0.002385,0.141073,0.000806,0.427290,0.004281,0.483740,0.999903,0.803565,0.990032,0.681740,0.999988,0.726654,0.999995,0.689825
ENSDARG00000078578_0_3,0.0000,-0.2326,1.000000,0.914156,0.930408,-22.8300,-23.6882,0.500000,0.489594,0.399845,0.981583,0.996333,0.909677,0.136383,0.911387,0.019802,0.968016,0.003028,0.942629,0.003127,0.891889,0.002412,0.879400,0.001124,0.931328,0.022269,0.972737,0.099917,0.964160,0.994976,0.961585,0.946566,0.980518,0.854217,0.852787,0.991831,0.749432,0.022315,0.904218,0.003817,0.951233,0.005610,0.968859,0.924684,0.976285,0.939829,0.936212,0.940653,0.974220,0.088013
ENSDARG00000078578_0_5,-2.3900,-2.5587,0.750000,0.746217,0.536778,-19.3900,-21.4619,0.500000,0.501385,0.350862,0.099811,0.311090,0.092346,0.310598,0.993751,0.676498,0.077879,0.860929,0.089949,0.183439,0.150760,0.111058,0.997145,0.114698,0.997233,0.217217,0.993518,0.127776,0.152752,0.025032,0.070974,0.016870,0.049695,0.050949,0.065615,0.045111,0.093008,0.953245,0.972966,0.955407,0.977573,0.961066,0.997061,0.954433,0.947240,0.038674,0.946710,0.038649,0.969561,0.064499
ENSDARG00000078578_0_6,0.0000,-0.7215,1.000000,0.855138,0.790723,-19.4400,-21.1580,0.500000,0.509857,0.400556,0.666382,0.305544,0.552290,0.193377,0.555572,0.234757,0.989871,0.692576,0.950721,0.347645,0.988641,0.252525,0.438745,0.198568,0.427182,0.818409,0.701674,0.776589,0.906358,0.067799,0.917918,0.027436,0.877997,0.017040,0.837927,0.139731,0.873629,0.201055,0.989988,0.936356,0.805937,0.827046,0.834736,0.820151,0.893597,0.830338,0.781672,0.164215,0.823621,0.159967
ENSDARG00000078578_0_7,-0.5600,-1.4558,0.500000,0.676756,0.712962,-18.2900,-20.1706,0.750000,0.632003,0.524474,0.729673,0.623542,0.566553,0.577905,0.213406,0.888155,1.000000,0.672130,0.965492,0.528754,0.544323,0.177985,0.594216,0.068571,0.634254,0.040601,0.612856,0.111854,0.989659,0.934018,0.996098,0.457913,0.998666,0.352021,0.672706,0.461580,0.276720,0.430752,0.605326,0.725992,0.981274,0.713574,0.998228,0.831010,0.655546,0.736698,0.741931,0.648890,0.482317,0.507531
ENSDARG00000078578_0_8,-0.4300,-1.1473,1.000000,0.891508,0.828392,-18.6100,-20.2492,0.625000,0.609179,0.597513,0.577952,0.716481,0.586151,0.530978,0.999532,0.866590,0.985936,0.222676,0.997720,0.190039,0.983120,0.181165,0.887393,0.173252,0.209213,0.727058,0.292111,0.746221,0.995103,0.935527,0.946254,0.919284,0.975282,0.867548,0.993381,0.884241,0.991098,0.349424,0.999800,0.431906,0.606388,0.181864,0.612813,0.729656,0.999485,0.855535,0.957848,0.687287,0.971251,0.753522
ENSDARG00000078578_0_9,0.0000,-0.7231,1.000000,0.779075,0.790475,-21.4000,-22.5846,0.750000,0.755176,0.414896,0.832718,0.142850,0.712548,0.005985,0.846547,0.004329,0.935443,0.001388,0.841547,0.000457,0.700953,0.005326,0.617078,0.043634,0.458907,0.994629,0.697151,0.059141,0.978688,0.054187,0.962104,0.005603,0.993230,0.938981,0.833715,0.993081,0.879625,0.999164,0.615268,0.998310,0.854984,0.999210,0.628421,0.988941,0.755576,0.996449,0.739649,0.056715,0.925358,0.009539
ENSDARG00000078578_0_10,-4.5500,-4.9306,0.625000,0.606135,0.535611,-23.0700,-24.9923,0.125000,0.215160,0.218378,0.122764,0.216304,0.997058,0.990957,0.011541,0.023704,0.001632,0.005356,0.003394,0.004217,0.404036,0.002957,0.908997,0.143448,0.911148,0.218099,0.999258,0.052026,0.994602,0.066245,0.407308,0.920415,0.101394,0.002561,0.100757,0.001450,0.108285,0.004859,0.909560,0.008012,0.027010,0.009635,0.998990,0.911956,0.900748,0.367497,0.900261,0.253674,0.903469,0.164194
ENSDARG00000078582_31_1,-0.0900,-0.9954,0.375000,0.638395,0.694357,-20.8500,-22.3187,1.000000,0.732064,0.458208,0.695757,0.023603,0.500161,0.018577,0.413505,0.011354,0.310101,0.010343,0.347676,0.052520,0.877891,0.085409,0.799143,0.299893,0.987744,0.808728,0.986503,0.223066,0.987271,0.229006,0.978697,0.701457,0.895530,0.843679,0.390821,0.844071,0.306265,0.877811,0.310083,0.586369,0.531370,0.577501,0.692727,0.594050,0.943832,0.703751,0.937988,0.743824,0.994077,0.929140
ENSDARG00000078582_31_2,-1.2800,-1.6762,0.625000,0.642827,0.701534,-18.5300,-20.2136,0.500000,0.502323,0.459224,0.684198,0.877577,0.698756,0.099295,0.716687,0.172855,0.966122,0.236596,0.979109,0.133005,0.950713,0.633266,0.910509,0.897491,0.299064,0.257188,0.381723,0.739585,0.383705,0.263001,0.963645,0.335904,0.953836,0.520139,0.858156,0.805675,0.816458,0.824104,0.797507,0.097909,0.148389,0.059252,0.248086,0.118579,0.282270,0.935366,0.997945,0.993321,0.993805,0.184384
ENSDARG00000078582_31_3,0.0000,-0.0526,1.000000,0.975129,0.978504,-17.3800,-18.9982,0.250000,0.487320,0.464123,0.996000,0.779021,0.996698,0.584669,0.990624,0.877360,0.993989,0.036615,0.958245,0.026485,0.950117,0.024012,0.947463,0.032202,0.963464,0.955700,0.986288,0.964373,0.998611,0.058231,0.991180,0.051907,0.996370,0.993336,0.959439,0.310105,0.952927,0.311358,0.948154,0.247421,0.952516,0.249041,0.998426,0.959615,0.994054,0.981771,0.999161,0.438001,0.996353,0.401245
ENSDARG00000078582_31_4,-4.7900,-4.9268,0.250000,0.274588,0.419663,-23.7700,-25.3522,0.375000,0.336758,0.394560,0.152780,0.913742,0.026895,0.346213,0.004741,0.375278,0.000623,0.736010,0.006592,0.706200,0.997074,0.799215,0.008658,0.217934,0.999299,0.096098,0.999986,0.063519,0.999986,0.095700,0.999929,0.364273,0.999993,0.482960,0.999851,0.658443,0.005037,0.660402,0.998547,0.255256,0.008184,0.030344,0.000656,0.001894,0.006170,0.009017,0.028296,0.084820,0.149965,0.993884
ENSDARG00000078582_31_5,-0.3800,-0.7481,0.750000,0.835539,0.864693,-19.2300,-20.7217,0.375000,0.397172,0.580785,0.967942,0.938067,0.995128,0.841633,1.000000,0.864619,1.000000,0.991605,1.000000,0.863108,0.431621,0.808763,0.403490,0.823567,1.000000,0.545124,0.916671,0.369715,0.898260,0.360852,1.000000,0.995308,0.996437,0.035971,0.996638,0.007593,0.351113,0.005231,0.345179,0.005701,1.000000,0.996678,1.000000,0.115541,0.996022,0.066139,0.995356,0.990716,1.000000,0.989775
ENSDARG00000078582_31_6,0.0000,-0.1841,1.000000,0.928531,0.936634,-21.4800,-22.6899,0.750000,0.701366,0.517841,0.998147,0.883198,0.874620,0.290509,0.836388,0.243532,0.774005,0.222602,0.992849,0.088991,0.998794,0.073820,0.944491,0.741956,0.990410,0.828819,0.942444,0.259138,0.984874,0.163324,0.976196,0.175090,0.991210,0.774919,0.979329,0.920862,0.959716,0.880541,0.984900,0.958087,0.971006,0.914548,0.990747,0.894539,0.837153,0.943554,0.836451,0.075847,0.868948,0.022949
ENSDARG00000078582_31_7,0.0000,-0.3756,1.000000,0.962322,0.909519,-17.5600,-19.3141,0.250000,0.522837,0.564363,0.872227,0.793312,0.861656,0.639278,0.901600,0.668952,0.822156,0.882850,0.828350,0.592709,0.997047,0.558740,0.952294,0.487876,1.000000,0.841397,0.964855,0.221510,0.997732,0.252048,0.658221,0.395048,0.635674,0.770850,1.000000,0.583107,0.849004,0.538030,0.999898,0.827342,0.987948,0.195285,0.949604,0.335972,0.963214,0.389940,0.967455,0.936936,0.981451,0.376084
ENSDARG00000078582_31_8,0.0000,-0.1374,1.000000,0.965009,0.960544,-18.6500,-20.5767,0.500000,0.597611,0.428604,0.828331,0.994226,0.858631,0.976075,0.999859,0.704924,0.981926,0.865929,0.977685,0.190790,0.965008,0.004184,0.988487,0.004526,0.989572,0.007195,0.989298,0.007690,0.982391,0.008215,0.955355,0.011830,0.974279,0.015606,0.999169,0.184197,0.884475,0.269585,0.886272,0.255402,0.995816,0.886905,0.994634,0.962970,0.987126,0.976827,0.985538,0.963118,0.987039,0.281885
ENSDARG00000078582_31_9,-2.5800,-2.7989,0.500000,0.521312,0.616401,-20.8000,-22.9050,0.125000,0.172485,0.485833,0.996448,0.850944,0.956458,0.689992,0.996926,0.738829,0.928312,0.729485,0.923259,0.810328,0.927833,0.918594,0.284310,0.910458,0.022492,0.847725,0.025844,0.596242,0.099512,0.579487,0.997417,0.295943,0.998704,0.368753,0.986622,0.956640,0.926011,0.034259,0.940534,0.036252,0.928054,0.083618,0.016956,0.037108,0.028501,0.115705,0.101249,0.099247,0.242570,0.017050
ENSDARG00000078582_31_10,0.0000,-0.3017,1.000000,0.942410,0.912499,-19.5100,-21.7230,0.500000,0.414387,0.518602,0.975753,0.978627,0.991903,0.971552,0.854471,0.950736,0.880659,0.964907,0.825057,0.775957,0.882262,0.739987,0.907448,0.741499,0.903121,0.719199,0.990053,0.090686,0.901623,0.090092,0.784741,0.016036,0.813614,0.017671,0.914809,0.027841,0.947241,0.094914,0.999175,0.963970,0.930082,0.599687,0.980469,0.514137,0.989042,0.922687,0.865196,0.132128,0.913264,0.059735
ENSDARG00000079097_24_1,-1.4400,-1.5569,0.750000,0.778888,0.643733,-17.9000,-19.8356,0.625000,0.395906,0.403544,0.985519,0.395856,0.118545,0.062915,0.106416,0.059228,0.105708,0.050027,0.126122,0.053340,1.000000,0.224584,0.998450,0.955321,0.989905,0.973114,0.986382,0.556291,0.982421,0.493927,0.113501,0.386043,0.130588,0.692982,0.132769,0.491709,0.124776,0.482676,0.991608,0.923339,0.992458,0.427969,0.998319,0.488997,0.997589,0.110555,0.996562,0.124216,0.997025,0.117791
ENSDARG00000079097_24_2,-5.8300,-6.2677,0.250000,0.315981,0.452755,-20.2900,-22.7146,0.250000,0.283090,0.381209,0.999204,0.735816,0.995421,0.470814,0.270409,0.090016,0.970327,0.648540,0.004611,0.029967,0.001126,0.044952,0.000128,0.025120,0.000821,0.029769,0.285265,0.315793,0.999995,0.994315,0.999997,0.990454,0.999954,0.983894,0.999929,0.981296,0.285245,0.297996,0.000999,0.027388,0.000271,0.028426,0.004537,0.133482,0.018321,0.070666,0.982919,0.671729,0.235628,0.053739
ENSDARG00000079097_24_3,0.0000,-0.3036,1.000000,0.922665,0.877404,-23.2500,-24.6419,0.500000,0.456469,0.238667,0.719355,0.992496,0.666846,0.015241,0.893406,0.007659,0.774964,0.004343,0.853662,0.003612,0.902930,0.006095,0.995274,0.031698,0.989050,0.002655,0.906363,0.010918,0.827068,0.006971,0.775756,0.011866,0.862092,0.028041,0.721488,0.007332,0.711215,0.002067,0.987124,0.006182,0.983207,0.039406,0.993785,0.631487,0.990792,0.986256,0.995761,0.988996,0.997947,0.990026
ENSDARG00000079097_24_4,-0.2700,-0.9272,0.875000,0.879929,0.741828,-18.3000,-20.2027,0.500000,0.514019,0.474453,0.513052,0.445709,0.464810,0.443895,0.435710,0.503944,0.537465,0.553878,0.967312,0.502066,0.847784,0.394028,0.861899,0.954542,0.874578,0.836329,0.988443,0.333740,0.502108,0.332447,0.408566,0.053830,0.395406,0.022501,0.548861,0.026635,0.983770,0.028922,0.996849,0.035477,0.875996,0.116753,0.867479,0.982944,0.832534,0.972677,0.960442,0.973807,0.973500,0.974938
ENSDARG00000079097_24_5,-1.9000,-2.2038,0.500000,0.535337,0.628535,-25.8900,-28.4001,0.250000,0.267499,0.377019,0.953827,0.861164,0.940739,0.766558,0.969659,0.610502,0.273141,0.639852,0.095591,0.659636,0.122492,0.652664,0.108603,0.261864,0.917570,0.073066,0.935623,0.031998,0.985968,0.094359,0.991792,0.128809,0.992997,0.619916,0.979618,0.750722,0.990839,0.851250,0.873277,0.310892,0.944949,0.120595,0.175331,0.043596,0.032475,0.020328,0.036470,0.023051,0.249734,0.019562
ENSDARG00000079097_24_6,-6.2600,-6.3839,0.375000,0.394282,0.515372,-22.5300,-23.6216,0.625000,0.615630,0.511743,0.999995,0.420092,0.999972,0.376799,0.150648,0.440615,0.001104,0.974160,0.000167,0.972941,0.000805,0.084291,0.001548,0.006278,0.999511,0.024461,0.999947,0.024782,0.999936,0.955561,0.999988,0.997257,0.999559,0.032573,1.000000,0.025223,0.001577,0.002805,0.000758,0.009191,0.000145,0.973067,0.001177,0.973165,0.151406,0.977953,0.999312,0.994548,0.999884,0.969088
ENSDARG00000079097_24_8,-8.0200,-8.2684,0.125000,0.127921,0.230295,-27.8900,-29.7247,0.500000,0.413410,0.338225,0.005203,0.101782,0.000208,0.087869,0.006402,0.128671,0.006320,0.025321,0.000216,0.011904,0.002335,0.013246,0.002614,0.002776,0.279682,0.003944,0.999977,0.136776,0.999990,0.982597,0.999999,0.964884,0.279583,0.997449,0.002431,0.856450,0.002677,0.707629,0.000220,0.730093,0.006305,0.989259,0.006378,0.003526,0.000221,0.001081,0.005223,0.001932,0.999914,0.017308
ENSDARG00000079097_24_9,0.0000,-0.2126,1.000000,0.932481,0.937976,-21.2800,-23.3453,0.500000,0.490784,0.479537,0.941134,0.914674,0.944642,0.881070,0.940762,0.579093,0.941605,0.613979,0.943985,0.742116,0.997628,0.723665,0.812687,0.917751,0.904915,0.187186,0.989920,0.099802,0.907506,0.001376,0.978831,0.000257,0.996051,0.003502,0.959042,0.030553,0.948151,0.975456,0.996493,0.940306,0.997316,0.989900,0.828913,0.046236,0.908726,0.050944,0.880469,0.141575,0.940738,0.751298
ENSDARG00000079097_24_10,-0.9300,-1.4382,1.000000,0.933673,0.765429,-21.8000,-23.6363,0.500000,0.699520,0.425773,0.366683,0.950463,0.286026,0.036695,0.464963,0.044940,0.988617,0.059340,0.980746,0.984804,0.987002,0.094073,0.992487,0.201080,0.998094,0.148869,0.905934,0.246119,0.203948,0.011962,0.218292,0.048741,0.446408,0.092216,0.920082,0.439573,0.987854,0.920959,0.997404,0.968575,0.997680,0.957897,0.899105,0.951602,0.810787,0.433199,0.920157,0.463039,0.936311,0.461314
ENSDARG00000079348_0_2,-4.2900,-4.4187,0.375000,0.395238,0.516181,-19.6100,-21.8665,0.625000,0.608612,0.525037,0.995542,0.702689,0.015623,0.574880,0.016206,0.630270,0.999861,0.538734,0.008766,0.088396,0.002109,0.040320,0.124066,0.130860,0.999877,0.147416,0.999794,0.979763,0.999977,0.605090,0.999907,0.343278,0.999988,0.850155,0.999341,0.844804,0.123384,0.851538,0.002549,0.093619,0.009206,0.082005,0.999522,0.150197,0.016087,0.934997,0.011885,0.935906,0.999927,0.975834
ENSDARG00000079348_0_3,0.0000,-0.1794,1.000000,0.894551,0.915374,-22.5800,-24.1394,0.500000,0.588899,0.428645,0.996486,0.615437,0.856708,0.969415,0.996167,0.986515,0.801454,0.013454,0.776505,0.010655,0.776783,0.012335,0.988098,0.041478,0.977914,0.130810,0.989549,0.965823,0.997427,0.070330,0.996907,0.005789,0.997072,0.039667,0.796837,0.942223,0.772430,0.363171,0.776937,0.962000,0.988387,0.124897,0.834950,0.149128,0.999553,0.977220,0.994677,0.979641,0.992640,0.212915
ENSDARG00000079348_0_4,-0.5300,-0.8954,1.000000,0.984923,0.850470,-18.1200,-20.4572,1.000000,0.653698,0.526217,0.358566,0.295090,0.366733,0.174335,1.000000,0.226857,0.974207,0.281535,1.000000,0.834378,0.931598,0.761296,0.906811,0.144938,0.990873,0.331203,1.000000,0.712704,0.947333,0.374442,0.310387,0.433180,0.343518,0.724805,1.000000,0.727245,0.936628,0.581723,0.994865,0.681838,1.000000,0.948003,0.976263,0.914744,1.000000,0.575771,0.978995,0.506595,0.992631,0.293667
ENSDARG00000079348_0_5,-4.9200,-5.0018,0.500000,0.492780,0.593903,-19.5800,-21.6444,0.500000,0.567540,0.454869,0.998781,0.116113,0.998786,0.111957,0.998803,0.134766,0.017256,0.070506,0.004253,0.666110,0.003542,0.641828,0.022178,0.121864,0.997378,0.336238,0.942773,0.379390,0.957534,0.841491,0.995936,0.616070,0.998600,0.520727,0.998522,0.512271,0.961532,0.826729,0.942224,0.785832,0.019236,0.571703,0.002748,0.586169,0.001870,0.254831,0.016236,0.423425,0.999868,0.579361
ENSDARG00000079348_0_6,-3.5700,-4.2880,0.625000,0.520669,0.597158,-19.3800,-21.6158,0.375000,0.386146,0.433962,0.796183,0.486083,0.715096,0.481376,0.864174,0.519533,0.683832,0.530666,0.868852,0.886819,0.030519,0.692335,0.004704,0.341373,0.009546,0.172794,0.994534,0.208159,0.996087,0.206387,0.996631,0.218348,0.817653,0.846194,0.021170,0.703428,0.011271,0.755895,0.075032,0.795592,0.917279,0.218128,0.819314,0.135112,0.464478,0.102872,0.863866,0.198960,0.992946,0.179179
ENSDARG00000079348_0_7,-3.7100,-3.8722,0.875000,0.856273,0.611864,-19.5400,-20.6493,0.625000,0.630203,0.528666,0.970138,0.947664,0.016159,0.090021,0.008885,0.090530,0.037967,0.133375,0.128834,0.226437,0.970808,0.976737,0.999962,0.978595,0.997770,0.974583,0.999111,0.940463,0.138981,0.096472,0.057257,0.026113,0.061223,0.050710,0.076878,0.096499,0.952876,0.945582,0.942285,0.931694,0.944652,0.075663,0.935922,0.067120,0.999982,0.988745,0.998530,0.977221,0.999056,0.959100
ENSDARG00000079348_0_8,-3.2700,-3.3504,1.000000,0.973753,0.700357,-20.0500,-21.7556,0.375000,0.386232,0.437906,0.067677,0.093515,0.065072,0.077679,0.065279,0.120056,0.997327,0.923868,0.998493,0.842447,0.963594,0.864170,0.969027,0.896207,0.954868,0.872851,0.989900,0.875583,0.051842,0.039457,0.041079,0.042943,0.052963,0.019489,0.997677,0.789708,0.998933,0.280433,0.982496,0.158226,0.977902,0.161516,0.955166,0.164426,0.945617,0.575240,0.948135,0.728416,0.984100,0.231888
ENSDARG00000079348_0_9,-5.3400,-5.4143,0.875000,0.852582,0.593312,-21.4900,-22.9225,0.375000,0.293914,0.369950,0.004735,0.010769,0.001825,0.001726,0.002130,0.004455,0.021808,0.027285,0.996681,0.995998,0.998460,0.999251,0.997940,0.993649,0.997943,0.993487,0.999964,0.994124,0.018920,0.018793,0.002792,0.003989,0.002391,0.004163,0.005051,0.007134,0.953693,0.204697,0.953688,0.232883,0.998267,0.524849,0.999460,0.048910,0.999400,0.063967,0.955615,0.544052,0.955485,0.724817
ENSDARG00000079348_0_10,-1.5100,-1.8726,1.000000,0.886787,0.720527,-17.6600,-19.5004,0.250000,0.405745,0.464951,0.337450,0.106532,0.337043,0.092692,0.416167,0.226797,0.998515,0.932281,0.998555,0.877428,0.983058,0.883518,0.978247,0.969912,0.712953,0.849060,0.127477,0.181873,0.071552,0.089223,0.355239,0.196671,0.999985,0.647062,0.997676,0.598100,0.998846,0.985440,0.703770,0.354923,0.705603,0.400295,0.714613,0.085288,0.994938,0.591424,0.988999,0.112492,0.989852,0.118001
ENSDARG00000079656_0_1,-0.8900,-1.7428,0.750000,0.686576,0.702929,-17.5300,-19.6511,0.750000,0.648475,0.593243,0.875810,0.557910,0.444128,0.194785,0.554525,0.466304,0.647907,0.601501,0.542594,0.224316,0.643642,0.276879,0.646687,0.810210,0.668514,0.884259,0.999776,0.830463,0.978344,0.778095,0.991740,0.961634,0.572301,0.090706,0.443204,0.057302,0.445000,0.057615,0.898255,0.895268,0.893123,0.892492,0.638456,0.949833,0.671152,0.958584,0.739942,0.957682,0.763477,0.419022
ENSDARG00000079656_0_2,-0.3000,-1.1794,0.750000,0.773331,0.801991,-18.6600,-20.5831,0.500000,0.585143,0.553486,0.925777,0.921390,0.875256,0.917254,0.858427,0.956043,0.989270,0.651754,0.973908,0.934059,0.991305,0.360156,0.989778,0.305781,0.930918,0.186180,0.957547,0.811965,0.548085,0.194877,0.334468,0.012958,0.478430,0.136160,0.905884,0.401620,0.956942,0.305131,0.962501,0.954825,0.799275,0.983094,0.268590,0.024609,0.303076,0.021331,0.994003,0.995841,0.996376,0.994691
ENSDARG00000079656_0_3,0.0000,-0.8339,1.000000,0.773123,0.766506,-19.0400,-21.3759,0.625000,0.552315,0.495985,0.836764,0.707010,0.606918,0.528482,0.574507,0.780376,0.542752,0.206000,0.770613,0.182025,0.947392,0.475016,0.904341,0.802645,0.944893,0.844861,0.801931,0.747636,0.862165,0.177738,0.962241,0.026331,0.390624,0.023052,0.509033,0.031883,0.538385,0.038220,0.600989,0.062361,0.878245,0.515684,0.943316,0.933717,0.824100,0.912478,0.900131,0.967019,0.990784,0.957162
ENSDARG00000079656_0_5,-1.9800,-2.1548,0.625000,0.683229,0.711723,-18.6900,-20.1505,0.625000,0.719829,0.543337,0.968110,0.440143,0.995012,0.307291,0.868339,0.312213,0.863350,0.313377,0.916858,0.775882,0.987241,0.673121,1.000000,0.719451,0.176009,0.132329,0.086070,0.075056,0.040032,0.014894,0.867624,0.660767,0.999984,0.683589,0.999353,0.960612,0.937954,0.920001,0.969244,0.957818,0.170599,0.317201,0.205190,0.376309,0.203677,0.323404,0.986768,0.977799,0.993046,0.925489
ENSDARG00000079656_0_6,-6.7800,-6.9100,0.125000,0.148061,0.318371,-21.3500,-22.9556,0.125000,0.142095,0.310155,0.147360,0.039151,0.020162,0.031479,0.000766,0.027843,0.001292,0.004360,0.002594,0.008555,0.001442,0.005732,0.010134,0.013729,0.999992,0.974597,0.999997,0.994402,0.999966,0.985293,0.999598,0.989363,0.999632,0.991826,0.998285,0.983759,0.008449,0.028149,0.003533,0.028695,0.003940,0.035553,0.000158,0.004437,0.000228,0.001084,0.023047,0.007738,0.146851,0.047346
ENSDARG00000079656_0_7,-3.1900,-3.3764,0.250000,0.319662,0.442762,-19.0600,-21.3487,0.500000,0.663262,0.458769,0.931683,0.180547,0.932079,0.093906,0.951908,0.331732,0.884674,0.667357,0.114222,0.156333,0.109860,0.031752,0.086576,0.017414,0.076172,0.015411,0.153841,0.065177,0.121424,0.815796,0.935552,0.560763,0.999953,0.933101,0.857375,0.649107,0.044404,0.650320,0.083243,0.797771,0.098449,0.619914,0.113918,0.613758,0.176841,0.525529,0.183114,0.516107,0.999953,0.933588
ENSDARG00000079656_0_8,-1.7700,-2.0496,0.625000,0.670101,0.569847,-22.1100,-23.1544,0.500000,0.463032,0.538150,0.068224,0.130696,0.103251,0.117673,0.999872,0.209436,0.142009,0.220493,0.157908,0.988496,0.262950,0.971429,0.997794,0.960570,0.945627,0.878693,0.944677,0.893521,0.996279,0.817501,0.266729,0.808155,0.150817,0.062090,0.139866,0.019277,0.974349,0.003242,0.149502,0.049139,0.113032,0.133055,0.999910,0.843230,0.998906,0.832748,0.989858,0.832644,0.995385,0.990920
ENSDARG00000079656_0_9,0.0000,-0.3026,1.000000,0.883191,0.900135,-16.9000,-19.0246,0.000000,0.212904,0.448028,0.962575,0.854930,0.740897,0.521712,0.703331,0.494615,0.713926,0.491531,0.956038,0.757942,0.994654,0.834998,0.997427,0.844312,0.990431,0.882038,0.956002,0.363629,0.943710,0.337692,0.999447,0.431865,0.978739,0.442071,0.718477,0.162854,0.723996,0.226768,0.728347,0.234578,0.999445,0.250157,0.990612,0.366372,0.969907,0.221764,0.956327,0.112605,0.978420,0.128136
ENSDARG00000079656_0_10,0.0000,-0.2780,1.000000,0.891314,0.907295,-19.6300,-21.1865,0.250000,0.266069,0.573641,0.936209,0.942030,0.917673,0.956630,0.857305,0.962193,0.875917,0.962546,0.962782,0.981100,0.895126,0.989718,0.848718,0.926527,0.980195,0.971277,0.975939,0.773414,0.907107,0.252530,0.916075,0.291086,0.942336,0.335211,0.904596,0.987724,0.882705,0.056680,0.874613,0.033559,0.812839,0.997144,0.926088,0.048908,0.823970,0.000632,0.908104,0.001346,0.997596,0.002559
ENSDARG00000079738_5_1,-1.8700,-2.2460,0.625000,0.631895,0.565335,-20.1800,-21.4553,0.500000,0.504656,0.484064,0.052207,0.114263,0.049960,0.098235,0.142940,0.232985,1.000000,0.141553,0.230893,0.801154,0.293479,0.800654,0.894877,0.513233,0.992184,0.249538,0.999981,0.785221,0.984826,0.460152,0.393352,0.479976,0.216853,0.967064,0.900570,0.067941,0.078303,0.000999,0.047250,0.000686,0.044888,0.005235,0.992320,0.999055,0.993860,0.997741,0.998938,0.967228,0.999028,0.998362
ENSDARG00000079738_5_2,0.0000,-0.7624,1.000000,0.803485,0.792534,-22.9700,-24.8690,0.125000,0.174687,0.398033,0.940023,0.959704,0.799750,0.881832,0.648641,0.885508,0.755264,0.959144,0.737772,0.975419,0.773028,0.447312,0.620649,0.404610,0.498717,0.875069,0.984955,0.109107,0.984588,0.029426,0.850444,0.022201,0.828975,0.013830,0.814477,0.013603,0.993039,0.028234,0.973457,0.996445,0.894816,0.143055,0.579813,0.107470,0.589244,0.031106,0.716367,0.052476,0.866665,0.025111
ENSDARG00000079738_5_3,0.0000,-0.9475,1.000000,0.559778,0.643069,-21.7700,-24.1445,0.250000,0.345064,0.439726,0.859754,0.885281,0.631281,0.857620,0.603454,0.731129,0.595828,0.662999,0.719502,0.724447,0.654514,0.507858,0.503687,0.315403,0.712798,0.605929,0.699152,0.291593,0.719272,0.192472,0.684545,0.178322,0.999358,0.080959,0.999608,0.020010,0.565422,0.203415,0.732476,0.844287,0.318737,0.684414,0.302032,0.494114,0.329514,0.245102,0.462173,0.176124,0.768263,0.093046
ENSDARG00000079738_5_4,-1.5000,-1.9722,0.375000,0.508549,0.601514,-16.2500,-18.1775,0.750000,0.756292,0.614628,0.998405,0.290776,0.999142,0.179090,0.112097,0.105180,0.051913,0.094402,0.080451,0.144492,1.000000,0.945383,0.417860,0.457713,0.352823,0.395696,0.998950,0.964786,0.998394,0.927014,0.988921,0.907598,0.962941,0.830096,0.976284,0.839438,0.980431,0.885571,0.362476,0.508437,0.450257,0.587508,0.136000,0.846884,0.078140,0.780704,0.085082,0.747196,0.999719,0.854595
ENSDARG00000079738_5_6,-2.1600,-2.6370,0.500000,0.550536,0.638587,-23.1500,-24.9890,0.125000,0.153023,0.325500,0.944879,0.527398,0.921365,0.523209,0.991403,0.242079,0.384171,0.249047,0.424347,0.817355,0.414765,0.818785,0.097272,0.310654,0.601124,0.054793,0.600056,0.100849,0.995910,0.025467,0.996194,0.677915,0.995951,0.938263,0.443101,0.070174,0.420606,0.019742,0.028392,0.000469,0.029462,0.000323,0.638866,0.007948,0.961041,0.027566,0.954218,0.098434,0.928607,0.999525
ENSDARG00000079738_5_7,-1.4000,-1.8296,0.625000,0.706800,0.618643,-21.7400,-23.2910,0.250000,0.368619,0.356919,0.322409,0.010960,0.237221,0.004864,0.348553,0.020516,0.997175,0.995003,0.358854,0.124850,0.375842,0.669642,0.991031,0.354903,0.998079,0.008330,0.727377,0.007145,0.107740,0.011965,0.255399,0.994165,0.998777,0.987097,0.342434,0.234928,0.331436,0.078387,0.318589,0.080183,0.831977,0.109508,0.831922,0.175811,0.999792,0.309203,0.999222,0.982818,0.999030,0.978113
ENSDARG00000079738_5_8,0.0000,-0.3061,1.000000,0.902685,0.902894,-15.8100,-17.9416,0.625000,0.673566,0.539722,0.927457,0.564626,0.928252,0.201587,0.960371,0.143283,0.977161,0.122679,0.998956,0.663683,0.958846,0.493564,0.940464,0.740245,1.000000,0.849728,0.906782,0.745761,0.777250,0.301625,0.731281,0.278587,0.729585,0.300554,0.999815,0.653816,0.969834,0.636381,0.953984,0.723790,0.999082,0.918262,0.724990,0.418287,0.739638,0.506621,0.842638,0.772620,0.991498,0.758748
ENSDARG00000079738_5_10,0.0000,-0.1677,1.000000,0.936691,0.944497,-17.6300,-19.9520,1.000000,0.503455,0.543616,0.956414,0.975451,0.993664,0.670847,0.995827,0.691445,0.992056,0.992051,0.995401,0.508911,0.990616,0.476479,0.785564,0.248747,0.849240,0.243081,0.849133,0.485315,0.992630,0.303852,0.998059,0.548343,0.997818,0.700156,0.983186,0.371338,0.999649,0.404504,0.841829,0.555328,0.835369,0.582752,0.853407,0.404454,1.000000,0.618895,0.982210,0.506927,0.997874,0.583443
ENSDARG00000079850_0_1,-0.7300,-1.4373,0.625000,0.597380,0.675909,-29.4000,-30.6259,0.125000,0.163243,0.229741,0.823054,0.629786,0.792305,0.618940,0.811700,0.623147,0.348872,0.637703,0.136532,0.654166,0.153927,0.112733,0.990153,0.002327,0.994174,0.001770,0.709301,0.002909,0.996925,0.002217,0.997401,0.001075,0.984801,0.002103,0.880365,0.001152,0.714192,0.006011,0.828284,0.110546,0.217209,0.179003,0.178309,0.071703,0.144645,0.001746,0.818188,0.022006,0.997851,0.913778
ENSDARG00000079850_0_2,0.0000,-0.0321,1.000000,0.995441,0.994978,-16.9700,-18.9903,0.750000,0.708370,0.598085,0.999521,0.377535,0.999938,0.369463,1.000000,0.370613,0.966001,0.368273,1.000000,0.985363,1.000000,0.971946,1.000000,0.835664,0.999018,0.398992,1.000000,0.302745,1.000000,0.250577,0.979487,0.408889,0.992064,0.654689,0.983124,0.273182,0.997995,0.670530,1.000000,0.668488,0.998633,0.860489,1.000000,0.973830,1.000000,0.945453,1.000000,0.988116,0.983779,0.286868
ENSDARG00000079850_0_3,-0.9200,-1.9372,0.625000,0.703267,0.647781,-17.9800,-20.5697,0.500000,0.473134,0.444858,0.714077,0.285540,0.699079,0.267071,0.726641,0.281292,0.699311,0.434530,0.458749,0.641552,0.373835,0.086888,0.377501,0.102099,0.524131,0.286635,0.753981,0.605113,0.697938,0.372493,0.756601,0.798127,0.547637,0.950741,0.108038,0.772481,0.111586,0.722364,0.648011,0.292781,0.920612,0.249252,0.933348,0.859481,0.951250,0.150437,0.955356,0.180746,0.997935,0.557530
ENSDARG00000079850_0_4,-1.5400,-2.6101,0.750000,0.707487,0.652489,-25.2700,-26.8134,0.125000,0.132745,0.479767,0.785211,0.539261,0.789416,0.352143,0.430090,0.415313,0.340435,0.733410,0.224104,0.490062,0.422529,0.538656,0.770921,0.918074,0.772806,0.959840,0.991501,0.922038,0.996124,0.922709,0.614752,0.865009,0.251999,0.876864,0.250684,0.039973,0.469607,0.009791,0.999520,0.006531,0.773239,0.001885,0.772724,0.997378,0.734858,0.001238,0.769437,0.001677,0.889830,0.003484
ENSDARG00000079850_0_5,0.0000,-0.4942,1.000000,0.932156,0.880015,-13.8400,-16.4568,0.625000,0.653262,0.727391,0.691994,0.622317,0.678716,0.590931,0.970343,0.832155,0.992506,0.974798,0.998540,0.984072,0.888567,0.880177,0.861218,0.845903,0.850665,0.839787,0.691635,0.713471,0.694651,0.592158,0.908724,0.709336,0.915492,0.736615,0.999587,0.874022,0.999502,0.889043,0.883142,0.837094,0.830194,0.545142,0.825303,0.633345,0.937322,0.362719,0.991944,0.558351,0.990258,0.526384
ENSDARG00000079850_0_7,-1.8100,-2.4921,0.375000,0.409658,0.476160,-22.1500,-23.9691,0.625000,0.507234,0.608189,0.127922,0.938975,0.145213,0.928376,0.058249,0.982769,0.105912,0.941978,0.685937,0.923682,0.675557,0.965869,0.411946,0.977213,0.567538,0.988487,0.995042,0.443842,0.994554,0.002064,0.931585,0.000558,0.546488,0.012086,0.279340,0.999756,0.705700,0.034503,0.705865,0.118483,0.148762,0.165638,0.200109,0.726037,0.099954,0.465064,0.141705,0.549254,0.995828,0.999140
ENSDARG00000079850_0_9,-2.3400,-3.0507,0.750000,0.649034,0.609916,-17.1200,-19.5461,0.500000,0.474450,0.510824,0.575240,0.633139,0.122577,0.403123,0.109882,0.411176,0.141130,0.630660,0.727977,0.697027,0.803702,0.698996,0.983804,0.659327,0.999147,0.603987,0.932435,0.494020,0.925249,0.612795,0.369424,0.501529,0.315489,0.075091,0.315997,0.096052,0.440240,0.429760,0.723311,0.478167,0.829228,0.500686,0.818371,0.753338,0.567343,0.344986,0.560276,0.388812,0.937505,0.803801
ENSDARG00000079850_0_10,-2.8800,-3.2489,0.500000,0.522436,0.606738,-21.0000,-22.3182,1.000000,0.808915,0.544170,0.939143,0.900476,0.928247,0.046169,0.961322,0.026541,1.000000,0.038710,0.950347,0.169334,0.121965,0.719389,0.071223,0.717720,0.062895,0.015783,0.022789,0.016175,0.936212,0.183434,0.962606,0.783731,0.998526,0.794620,0.999265,0.773504,0.281709,0.765629,0.241922,0.715439,0.284435,0.965702,0.102688,0.803614,0.722924,0.802519,0.741219,0.837152,0.805327,0.807761
ENSDARG00000079969_4_1,0.0000,-0.7619,1.000000,0.750670,0.798258,-20.9300,-23.3420,1.000000,0.589717,0.362165,0.982531,0.017608,0.983083,0.012003,0.999416,0.506247,0.943603,0.499782,0.788518,0.004135,0.641581,0.005988,0.984362,0.003708,0.456700,0.001067,0.384910,0.003061,0.816423,0.085351,0.980835,0.755368,0.997835,0.631242,0.997150,0.492127,0.531767,0.448160,0.516468,0.433963,0.931698,0.963216,0.694162,0.968046,0.766845,0.756945,0.729740,0.364579,0.837527,0.290702
ENSDARG00000079969_4_2,-0.3300,-0.9258,0.250000,0.548952,0.626499,-19.7600,-21.3447,0.625000,0.712615,0.412124,0.382419,0.025331,0.352490,0.020386,0.379705,0.021715,0.941949,0.025951,0.938298,0.973850,0.989161,0.142096,0.397682,0.084464,0.397336,0.089778,0.515302,0.143672,0.944916,0.255355,0.923015,0.380284,0.976087,0.378686,0.991973,0.400956,0.525982,0.390800,0.410386,0.370810,0.431892,0.926753,0.924632,0.887525,0.375252,0.889975,0.350976,0.910892,0.380523,0.923207
ENSDARG00000079969_4_3,-0.3500,-1.2805,0.500000,0.690938,0.666817,-20.7700,-22.9816,0.375000,0.372937,0.475520,0.616012,0.866198,0.864763,0.512863,0.597222,0.569285,0.583846,0.330626,0.509709,0.142443,0.662859,0.146501,0.519291,0.418472,0.641659,0.650708,0.683357,0.689415,0.751653,0.519775,0.746300,0.764766,0.632159,0.915847,0.956567,0.156859,0.548192,0.205769,0.870428,0.840030,0.819454,0.900726,0.486872,0.785325,0.466598,0.040796,0.631986,0.035292,0.747405,0.018696
ENSDARG00000079969_4_4,-0.4000,-1.1761,1.000000,0.863179,0.756146,-17.7700,-19.7699,1.000000,0.930685,0.512816,0.366337,0.478273,0.315430,0.172830,0.585570,0.170918,0.907146,0.990563,0.624500,0.062179,0.796504,0.049908,0.992870,0.108070,0.998799,0.100466,0.557424,0.032386,0.486223,0.035851,0.606145,0.114534,0.980542,0.494865,1.000000,0.922880,0.812802,0.886417,0.999744,0.972865,0.817162,0.939181,0.753313,0.944582,0.724491,0.924264,0.802344,0.936226,0.995577,0.919066
ENSDARG00000079969_4_5,-0.9700,-1.6588,0.250000,0.490893,0.575790,-22.4800,-24.3670,0.250000,0.343871,0.400157,0.980912,0.693416,0.436860,0.700191,0.374210,0.707654,0.294437,0.704599,0.921735,0.713149,0.734517,0.511761,0.199610,0.695751,0.548934,0.297320,0.555588,0.167733,0.905291,0.041288,0.820124,0.011580,0.816431,0.007730,0.920473,0.265603,0.318295,0.275319,0.233884,0.769512,0.475334,0.988998,0.999561,0.372451,0.321652,0.024622,0.309831,0.016319,0.348119,0.038143
ENSDARG00000079969_4_6,-3.4100,-3.6147,0.375000,0.410451,0.528315,-23.1500,-24.8488,0.125000,0.172376,0.509279,0.072443,0.612140,0.069878,0.604829,0.198748,0.605804,1.000000,0.735723,0.043573,0.818815,0.941228,0.632242,0.999777,0.603113,0.026299,0.688717,0.942009,0.782940,0.988739,0.809804,0.999997,0.948421,0.999991,0.964028,0.090596,0.115141,0.985199,0.075334,0.999930,0.075913,0.043646,0.096792,0.139016,0.012161,0.010342,0.001524,0.015372,0.002827,0.999511,0.999314
ENSDARG00000079969_4_7,-0.2800,-1.1792,0.750000,0.798887,0.766616,-21.4200,-23.3769,0.375000,0.350157,0.498757,0.505223,0.953201,0.884057,0.605120,0.905848,0.559246,0.347441,0.543575,0.731449,0.608700,0.547841,0.592045,0.910796,0.156031,0.961164,0.300532,0.973311,0.321895,0.890460,0.797827,0.487346,0.885219,0.796287,0.850501,0.526696,0.065068,0.981138,0.122285,0.989832,0.448514,0.488909,0.031945,0.869689,0.081581,0.818319,0.459121,0.790684,0.745273,0.925830,0.847465
ENSDARG00000079969_4_8,0.0000,-0.0184,1.000000,0.994752,0.995400,-21.5900,-22.9963,0.625000,0.596265,0.538067,0.999634,0.933754,0.999877,0.736017,0.999378,0.806205,0.999654,0.969862,0.997357,0.970234,0.999858,0.224407,0.997321,0.175046,0.999651,0.970129,0.998756,0.143888,0.999826,0.019072,0.983013,0.012594,0.975649,0.030013,0.998590,0.839646,0.999715,0.834323,1.000000,0.111231,0.999889,0.069002,0.982520,0.866392,0.978347,0.082918,0.999581,0.998130,0.999376,0.968477
ENSDARG00000079969_4_9,-0.0600,-0.6168,1.000000,0.987262,0.875970,-18.6100,-20.5998,0.625000,0.617799,0.590416,0.476998,0.370007,0.497886,0.335102,0.999516,0.729967,0.999555,0.876986,0.999839,0.864902,0.893927,0.832734,0.438993,0.631647,0.520568,0.423836,0.976036,0.722023,0.998303,0.757000,0.901274,0.051530,0.918411,0.270204,0.987434,0.274670,0.983056,0.982414,0.998783,0.973957,0.999448,0.844580,0.943574,0.697628,0.999195,0.999382,0.992624,0.149283,0.993979,0.020477
ENSDARG00000086034_0_1,-2.5200,-3.4157,0.875000,0.720617,0.565653,-21.3900,-22.5795,0.500000,0.494316,0.497501,0.213081,0.199646,0.233397,0.181156,0.478469,0.227571,0.569070,0.899425,0.260342,0.857842,0.464357,0.809889,0.464223,0.258840,0.996077,0.199984,0.751695,0.343756,0.563569,0.701919,0.544866,0.682913,0.008966,0.632560,0.015219,0.815512,0.508701,0.867742,0.996744,0.988041,0.918017,0.012593,0.691651,0.010570,0.638190,0.023161,0.998543,0.999127,0.997875,0.237779
ENSDARG00000086034_0_2,0.0000,-0.3857,1.000000,0.847910,0.858733,-20.0400,-22.2926,0.500000,0.543389,0.490274,0.782978,0.953275,0.805399,0.461593,0.846192,0.474510,0.959365,0.485154,0.887863,0.958219,0.904786,0.967846,0.842245,0.866591,0.899550,0.108889,0.920738,0.065281,0.909499,0.055625,0.828757,0.042379,0.804011,0.019009,0.968556,0.468992,0.874232,0.933195,0.886640,0.758630,0.897729,0.800188,0.742574,0.393709,0.677455,0.112292,0.797261,0.108822,0.938834,0.771285
ENSDARG00000086034_0_3,-0.8900,-1.9201,0.250000,0.455406,0.561793,-19.0500,-20.9236,0.625000,0.579969,0.560351,0.997886,0.573365,0.991315,0.530656,0.508846,0.578762,0.182039,0.910397,0.060724,0.925681,0.067507,0.897105,0.218745,0.455284,0.989643,0.216490,0.598032,0.057849,0.990669,0.221777,0.987796,0.393284,0.999399,0.806612,0.989631,0.776250,0.602637,0.228986,0.853547,0.064414,0.104594,0.069537,0.070427,0.770513,0.126362,0.987180,0.316959,0.977005,0.579095,0.765864
ENSDARG00000086034_0_4,-2.3600,-2.9750,0.625000,0.586109,0.556472,-17.8400,-20.5977,0.625000,0.400812,0.456893,0.022087,0.092596,0.014070,0.068939,0.378790,0.604076,0.024484,0.116738,0.232584,0.308336,0.979352,0.256132,0.914543,0.301280,0.999348,0.917711,0.999683,0.729078,0.574352,0.848633,0.984869,0.780842,0.316414,0.907001,0.015683,0.189604,0.016733,0.403745,0.027417,0.266544,0.633335,0.397992,0.996151,0.150728,0.999730,0.247196,0.999840,0.589435,0.999980,0.961253
ENSDARG00000086034_0_5,-3.8800,-4.0370,0.875000,0.829748,0.510311,-20.0300,-21.8923,0.375000,0.394644,0.356809,0.045326,0.053296,0.010430,0.054271,0.012034,0.064725,0.042270,0.050295,0.120204,0.067131,0.985135,0.578627,0.992761,0.742517,0.958514,0.724916,0.109070,0.336438,0.080711,0.411593,0.109265,0.465163,0.102520,0.430065,0.095205,0.426168,0.913079,0.225227,0.881423,0.265631,0.951667,0.645242,0.940457,0.187021,0.951255,0.180948,0.952355,0.562391,0.952541,0.664523
ENSDARG00000086034_0_6,-0.5000,-0.8830,0.750000,0.825299,0.784904,-15.5900,-18.1784,0.875000,0.692476,0.632190,0.323949,0.928970,0.357029,0.598405,0.306092,0.602800,0.922599,0.639570,0.974355,0.707048,0.963958,0.737215,0.986939,0.606276,0.973677,0.675996,0.998722,0.781977,0.942819,0.607613,0.956325,0.116651,0.389215,0.101481,0.357269,0.150789,0.362529,0.505576,0.984753,0.948299,0.953440,0.761269,0.944836,0.804435,0.999837,0.831655,0.999843,0.766096,0.999887,0.771686
ENSDARG00000086034_0_7,-1.3200,-1.8487,0.500000,0.485457,0.583278,-16.7500,-19.3945,0.500000,0.470593,0.553729,0.965250,0.782712,0.961526,0.431878,0.912545,0.403777,0.909172,0.562611,0.134455,0.697868,0.117101,0.494820,0.174317,0.548466,0.133297,0.506219,0.663266,0.703455,0.854920,0.668661,0.995166,0.813926,0.960876,0.695446,0.892370,0.669243,0.933341,0.792188,0.874788,0.833637,0.657667,0.686646,0.191848,0.240191,0.090815,0.075095,0.105371,0.085969,0.137458,0.381771
ENSDARG00000086034_0_8,0.0000,-0.6148,1.000000,0.881711,0.823552,-19.0900,-21.1037,0.250000,0.337459,0.342777,0.942359,0.386862,0.882089,0.387259,0.586497,0.383674,0.669268,0.383256,0.562119,0.384977,0.769183,0.482553,0.867473,0.773271,0.999866,0.856542,0.980355,0.029666,0.691706,0.011957,0.695259,0.014923,0.771180,0.060939,0.901461,0.191477,0.809093,0.257102,0.856032,0.012980,0.884223,0.578568,0.886598,0.450261,0.754990,0.118289,0.961541,0.994995,0.999750,0.095998
ENSDARG00000086034_0_9,-0.4500,-1.1143,0.500000,0.588855,0.670977,-28.1000,-30.3409,0.000000,0.008909,0.368386,0.933392,0.776592,0.915988,0.746001,0.912049,0.521243,0.987984,0.593576,0.931489,0.598436,0.417636,0.589948,0.303272,0.598712,0.299451,0.931918,0.306697,0.965281,0.973683,0.955081,0.735437,0.010693,0.991625,0.008959,0.994548,0.001850,0.948191,0.003831,0.686710,0.007594,0.994216,0.001673,0.231049,0.014650,0.177071,0.000327,0.230182,0.014067,0.448874,0.027279
ENSDARG00000086034_0_10,-1.0500,-2.0412,0.750000,0.744086,0.629456,-21.6300,-23.3281,0.750000,0.708865,0.357792,0.720138,0.019819,0.508474,0.012530,0.287619,0.010813,0.519445,0.025899,0.351667,0.022147,0.551594,0.014218,0.776563,0.014867,0.783552,0.090428,0.799593,0.550277,0.789920,0.463495,0.275071,0.125499,0.272790,0.134936,0.999956,0.979468,0.462415,0.878726,0.351353,0.870151,0.786481,0.877653,0.784149,0.880177,0.999435,0.922223,0.781976,0.138257,0.786926,0.124264
ENSDARG00000086551_1_1,-1.9000,-2.2049,0.500000,0.508448,0.605848,-22.6700,-23.9161,0.375000,0.334097,0.511526,0.069284,0.244456,0.062983,0.212607,0.997412,0.221928,0.051172,0.260544,0.038786,0.809042,0.853764,0.630563,0.996343,0.787415,0.992190,0.789416,0.998765,0.959691,0.997242,0.959427,0.997035,0.778601,0.994394,0.904063,0.884837,0.729975,0.871402,0.840553,0.983392,0.083693,0.056335,0.013338,0.140256,0.000814,0.228769,0.002618,0.066582,0.006296,0.836013,0.995489
ENSDARG00000086551_1_2,0.0000,-0.4135,1.000000,0.936571,0.864833,-23.9900,-25.7325,0.125000,0.129422,0.397816,0.868307,0.733011,0.718581,0.642281,0.653783,0.606168,0.797746,0.797424,0.902103,0.836736,0.913098,0.267227,0.931598,0.256777,0.895564,0.296510,0.739077,0.969560,0.641197,0.570368,0.747597,0.935049,0.995444,0.009831,0.947879,0.003549,0.924594,0.005326,0.921091,0.012811,0.954154,0.001611,0.966985,0.000479,0.882088,0.000275,0.897122,0.023198,0.998653,0.988124
ENSDARG00000086551_1_3,-1.3600,-2.3056,1.000000,0.842942,0.722403,-22.9000,-24.5132,0.125000,0.204988,0.367427,0.767491,0.828366,0.833174,0.710129,0.569113,0.690760,0.452801,0.955373,0.045700,0.970672,0.604715,0.159447,0.999912,0.208108,0.999901,0.991745,0.987784,0.166291,0.626904,0.014704,0.229206,0.003107,0.587824,0.009938,0.816761,0.006819,0.332483,0.929027,0.999836,0.164447,0.650369,0.147063,1.000000,0.123878,0.977814,0.104387,0.977476,0.044350,0.988796,0.119929
ENSDARG00000086551_1_4,-1.5000,-2.1526,0.500000,0.578260,0.661706,-17.3500,-19.6011,0.375000,0.497345,0.554467,0.906608,0.694023,0.982862,0.659871,0.919745,0.735275,0.903969,0.354224,0.942763,0.347409,0.538952,0.312526,0.109916,0.191412,0.098968,0.538730,0.229035,0.854302,0.994964,0.972834,0.994685,0.936480,0.985578,0.513498,0.951770,0.511376,0.744743,0.533211,0.732881,0.196942,0.659675,0.177128,0.334679,0.171249,0.369240,0.738711,0.240045,0.736605,0.593046,0.913538
ENSDARG00000086551_1_5,-0.4300,-1.3238,1.000000,0.912602,0.765397,-19.4900,-21.6061,0.625000,0.546879,0.514212,0.434596,0.557391,0.301564,0.572263,0.552093,0.536972,0.866616,0.496746,0.999665,0.517056,0.883154,0.536488,0.684015,0.714569,0.153893,0.578463,0.279316,0.575518,0.999734,0.342561,0.959536,0.268800,0.892940,0.212374,0.865514,0.208996,0.873729,0.024078,0.905162,0.145647,0.886956,0.139736,0.994744,0.971766,0.998345,0.993199,0.807099,0.913792,0.969267,0.977817
ENSDARG00000086551_1_6,-2.4400,-2.5314,0.750000,0.749131,0.700782,-19.3400,-21.2257,0.000000,0.075429,0.457535,0.040638,0.168016,0.041083,0.167377,0.052214,0.179597,0.941724,0.960111,0.982447,0.995963,0.999879,0.997176,0.985026,0.996871,0.981197,0.975052,0.998364,0.988904,0.948000,0.942154,0.999971,0.995308,0.052053,0.180746,0.041303,0.173290,0.043284,0.028910,0.984299,0.085206,0.981890,0.171832,0.982541,0.100518,0.999995,0.020559,0.982740,0.011517,0.976999,0.011598
ENSDARG00000086551_1_7,0.0000,-0.5199,1.000000,0.837686,0.838554,-20.5000,-22.2601,0.125000,0.198744,0.548382,0.947678,0.922079,0.744571,0.631861,0.805644,0.686968,0.962631,0.760386,0.817459,0.666410,0.841483,0.632734,0.733741,0.674048,0.672538,0.800946,0.764958,0.895561,0.998369,0.896732,0.966755,0.909115,0.813762,0.900834,0.854890,0.107498,0.769362,0.116198,0.869842,0.125214,0.665825,0.174511,0.620380,0.977271,0.967156,0.052105,0.992691,0.018544,0.961341,0.018614
ENSDARG00000086551_1_8,-5.0100,-5.5704,0.250000,0.270442,0.415868,-20.9000,-22.8818,0.625000,0.426514,0.517778,0.992235,0.938695,0.015025,0.898260,0.008516,0.816904,0.005920,0.812721,0.483946,0.771040,0.527479,0.373020,0.054721,0.292005,0.082282,0.279812,0.992285,0.748650,0.995457,0.311062,0.998490,0.290944,0.997458,0.410329,0.995060,0.831760,0.073857,0.871067,0.051606,0.459173,0.029354,0.382914,0.001460,0.051946,0.005421,0.156868,0.007351,0.040645,0.999428,0.617743
ENSDARG00000086551_1_9,-0.5800,-1.4849,0.500000,0.730157,0.727922,-19.8100,-21.7575,0.250000,0.524630,0.488034,0.610244,0.591237,0.628389,0.374548,0.295187,0.532558,0.204803,0.528872,0.975584,0.062113,0.917376,0.073926,0.834017,0.971892,0.848572,0.576021,0.976906,0.134339,0.719993,0.456580,0.736285,0.355040,0.969825,0.906519,0.353805,0.794159,0.545032,0.377619,0.905217,0.466350,0.527386,0.181629,0.641818,0.199059,0.975544,0.560226,0.892458,0.701104,0.999997,0.916896
ENSDARG00000086551_1_10,-2.8500,-3.0815,0.500000,0.561709,0.616932,-18.5200,-20.7368,0.375000,0.516555,0.420611,0.926719,0.839045,0.948248,0.625951,0.958334,0.713608,0.909282,0.375168,0.896590,0.081247,0.834856,0.054379,1.000000,0.112823,0.196976,0.044714,0.158401,0.151526,0.136832,0.209434,0.025262,0.164902,0.853464,0.906972,0.920278,0.968765,0.998584,0.955874,0.999761,0.920652,0.168737,0.150919,0.158105,0.207742,0.127609,0.134350,0.200705,0.372079,0.919890,0.422060
ENSDARG00000088347_3_1,-4.1500,-4.3257,0.250000,0.280437,0.424764,-22.9400,-24.5020,0.250000,0.278137,0.520985,0.039225,0.922601,0.027197,0.866274,0.999900,0.876166,0.140821,0.758364,1.000000,0.734815,0.017917,0.784780,0.006486,0.898529,0.026557,0.669145,0.998324,0.609806,0.997878,0.954916,1.000000,0.101378,0.997484,0.017829,0.986115,0.080620,0.023602,0.013175,0.016840,0.007231,0.014461,0.009897,0.144455,0.818751,0.025432,0.115280,0.034889,0.203218,0.997703,0.976924
ENSDARG00000088347_3_2,-2.9600,-3.7920,0.375000,0.550727,0.465159,-20.7900,-23.1990,0.500000,0.360407,0.299868,0.499290,0.239399,0.393113,0.179596,0.378855,0.475638,0.226320,0.268353,0.119118,0.175081,0.159049,0.179328,0.109695,0.177588,0.857826,0.459530,0.930790,0.425634,0.941650,0.348033,0.153039,0.124964,0.128616,0.060952,0.073654,0.159306,0.552474,0.610160,0.991310,0.831678,0.914483,0.483129,0.559954,0.464687,0.396850,0.122882,0.403268,0.095735,0.513825,0.115680
ENSDARG00000088347_3_3,-1.2400,-1.7832,0.875000,0.805079,0.639225,-22.4300,-24.2791,0.375000,0.427824,0.425000,0.764109,0.474790,0.308169,0.439399,0.303066,0.487576,0.304832,0.893459,0.248164,0.982681,0.967349,0.397667,0.805246,0.200252,0.768097,0.197258,0.958576,0.992769,0.312314,0.008696,0.320565,0.000710,0.283375,0.002144,0.287131,0.004517,0.858725,0.937421,0.614589,0.933258,0.941166,0.151962,0.959880,0.195489,0.913528,0.137167,0.912773,0.994510,0.952842,0.068264
ENSDARG00000088347_3_5,-4.9700,-5.3480,0.250000,0.300448,0.435190,-21.8000,-23.6403,0.375000,0.412615,0.431038,0.981726,0.755442,0.111649,0.686787,0.002122,0.820213,0.000902,0.902964,0.009338,0.961618,0.025840,0.034905,0.313655,0.022851,0.959134,0.510636,0.979093,0.507662,0.952231,0.032155,0.982337,0.035300,0.982193,0.049308,0.992116,0.962472,0.951131,0.034280,0.269695,0.036422,0.004947,0.020694,0.019421,0.105882,0.018408,0.971580,0.019735,0.962709,0.128132,0.206885
ENSDARG00000088347_3_6,-2.4800,-2.6280,1.000000,0.972035,0.624505,-20.7300,-22.3119,0.625000,0.640175,0.457827,0.086597,0.133161,0.081627,0.119660,0.097843,0.172314,0.174724,0.972914,0.994421,0.995205,0.996338,0.052244,0.939204,0.043831,0.111121,0.003415,0.047534,0.005461,0.090200,0.086551,0.095850,0.856632,0.998358,0.593750,0.992229,0.709672,0.993642,0.596788,0.959003,0.599206,0.927740,0.563138,0.928442,0.689565,0.995742,0.666111,0.983225,0.647668,0.996260,0.649256
ENSDARG00000088347_3_7,0.0000,-0.8266,1.000000,0.697818,0.724951,-25.6800,-27.2119,0.125000,0.170082,0.492419,0.798990,0.922342,0.840217,0.871146,0.723614,0.900461,0.594893,0.976732,0.703584,0.931730,0.697148,0.874605,0.576554,0.859102,0.567027,0.916459,0.862017,0.889759,0.797661,0.337904,0.837519,0.004829,0.917248,0.002666,0.667639,0.002857,0.579269,0.003434,0.646905,0.018665,0.831460,0.000923,0.755052,0.000869,0.628341,0.055447,0.705777,0.999717,0.768099,0.278740
ENSDARG00000088347_3_8,-0.8300,-1.3221,1.000000,0.929647,0.750686,-16.4300,-18.4463,0.625000,0.664781,0.502478,0.634902,0.276346,0.155215,0.228478,0.481976,0.135617,0.409776,0.099002,0.915825,0.163780,0.929268,0.297426,0.908686,0.925624,0.793215,0.919198,0.389477,0.671755,0.508656,0.273694,0.481143,0.447085,0.968407,0.293314,0.922056,0.377923,0.917851,0.414997,0.924816,0.627206,0.840400,0.499647,0.840030,0.578723,0.998336,0.953304,0.994647,0.941916,0.999043,0.924531
ENSDARG00000088347_3_9,-0.4900,-1.0771,0.750000,0.850048,0.778467,-20.2100,-22.1698,0.750000,0.603825,0.403043,0.377885,0.128135,0.222750,0.031087,0.320325,0.032063,0.999819,0.047195,0.979947,0.052999,0.998048,0.346026,0.850684,0.289780,0.849810,0.938766,0.934880,0.943773,0.947616,0.096262,0.949587,0.075373,0.337605,0.248796,0.361746,0.619448,0.601294,0.675032,0.915189,0.986414,0.955018,0.970400,0.995323,0.669946,0.985383,0.631072,0.990684,0.261263,0.995745,0.017025
ENSDARG00000088347_3_10,-6.9200,-7.3942,0.500000,0.500905,0.452790,-20.6700,-23.3306,0.250000,0.306053,0.388750,0.012968,0.159935,0.001140,0.086502,0.001110,0.102259,0.005143,0.084630,0.003201,0.011919,0.508714,0.377555,0.995634,0.872858,0.999998,0.888278,0.999980,0.869619,0.999992,0.983186,0.513236,0.614049,0.007448,0.275784,0.005155,0.125834,0.000073,0.082967,0.004914,0.113842,0.013576,0.127284,0.990288,0.413216,0.999876,0.352226,0.996663,0.599391,0.996698,0.633668
ENSDARG00000088484_0_1,-1.4600,-1.6262,0.875000,0.888316,0.728681,-16.9900,-18.7293,0.375000,0.410586,0.545609,0.082052,0.163631,0.078295,0.160543,0.162481,0.249090,0.983882,0.983931,0.980645,0.978850,0.975971,0.928260,0.975475,0.914526,0.999864,0.954057,0.961107,0.936893,0.989758,0.951869,0.161986,0.221711,0.115568,0.184137,0.118583,0.168327,0.999892,0.951141,0.996946,0.908353,0.997020,0.971675,0.996832,0.121844,0.997562,0.044615,0.999847,0.066901,0.999848,0.051837
ENSDARG00000088484_0_2,0.0000,-0.7120,1.000000,0.844211,0.806727,-17.1700,-19.3098,0.500000,0.429200,0.617577,0.374952,0.377933,0.335203,0.372538,0.680534,0.875582,0.688280,0.861556,0.999966,0.970917,0.995881,0.828122,0.998995,0.858050,0.990193,0.971340,0.751713,0.738017,0.670136,0.521912,0.899123,0.718794,0.995883,0.823185,0.993607,0.795647,0.998390,0.686030,0.998425,0.730109,0.693796,0.735619,0.674759,0.146934,0.678926,0.019014,0.721705,0.025275,0.994077,0.294972
ENSDARG00000088484_0_3,-2.5900,-2.6607,0.625000,0.631794,0.607434,-16.3000,-19.0931,0.625000,0.509643,0.518279,0.020943,0.449330,0.016096,0.124847,0.021322,0.126195,0.042691,0.138986,0.999054,0.627466,0.976168,0.957520,0.999815,0.738576,0.999865,0.718898,0.998891,0.676134,0.984763,0.785999,0.981914,0.650949,0.052816,0.293537,0.020922,0.655296,0.016378,0.253962,0.020678,0.127503,0.999478,0.350118,0.999864,0.683154,0.998865,0.875555,0.998507,0.552679,0.999656,0.578881
ENSDARG00000088484_0_4,-1.1300,-1.2820,0.875000,0.887836,0.742650,-18.0600,-20.8001,1.000000,0.222106,0.242285,0.190827,0.825504,0.184721,0.337978,0.185119,0.212419,0.987526,0.163807,0.958685,0.049465,0.963553,0.036268,0.997993,0.030311,0.997549,0.048637,0.991070,0.073458,0.993535,0.247604,0.142519,0.819069,0.157216,0.224335,0.167009,0.273261,0.986149,0.316713,0.998261,0.262494,0.998799,0.256119,0.983617,0.159575,0.985388,0.201060,0.987130,0.135606,0.996334,0.172015
ENSDARG00000088484_0_5,-2.7700,-3.1220,0.750000,0.784508,0.546794,-18.4800,-19.7299,0.750000,0.650860,0.524474,0.273875,0.372287,0.015849,0.279761,0.012233,0.328658,0.011529,0.825487,0.166896,0.281679,0.999435,0.382386,0.996967,0.289057,0.997751,0.876536,0.998044,0.870530,0.165528,0.760298,0.009358,0.008670,0.012352,0.007242,0.015490,0.010308,0.287421,0.085981,0.996531,0.889246,0.986717,0.869019,0.997089,0.922510,0.997479,0.774336,0.996385,0.861255,0.998949,0.794224
ENSDARG00000088484_0_6,0.0000,-0.6361,1.000000,0.893535,0.823616,-21.9800,-23.7033,0.250000,0.309638,0.352983,0.861456,0.317730,0.698988,0.069679,0.676461,0.066554,0.580184,0.053904,0.702177,0.053500,0.844200,0.199300,0.948113,0.997155,0.934090,0.799956,0.916151,0.887280,0.736771,0.943657,0.836451,0.144087,0.588998,0.049763,0.883170,0.001465,0.782469,0.000497,0.829096,0.002880,0.838491,0.042155,0.914527,0.240519,0.952615,0.833357,0.948301,0.915558,0.999613,0.440672
ENSDARG00000088484_0_7,-0.4000,-1.1895,0.625000,0.582653,0.664905,-19.3800,-21.1571,1.000000,0.824738,0.507309,0.977316,0.170618,0.980007,0.006474,0.955387,0.000883,0.694109,0.001158,0.220178,0.000566,0.214186,0.011088,0.179521,0.022957,0.690462,0.088481,0.737739,0.748364,0.991006,0.722778,0.998557,0.924301,0.998417,0.850608,0.996886,0.855354,0.740126,0.828236,0.689624,0.823663,0.804499,0.847563,0.343908,0.950584,0.208038,0.924009,0.199683,0.833193,0.678458,0.535304
ENSDARG00000088484_0_8,-0.2100,-1.2477,0.500000,0.709384,0.710221,-19.1500,-20.6958,0.500000,0.508729,0.578825,0.904992,0.642467,0.924132,0.639548,0.610118,0.841946,0.218267,0.986531,0.290141,0.986530,0.275314,0.773687,0.860103,0.781292,0.945162,0.642469,0.994422,0.573234,0.992207,0.576436,0.753855,0.024516,0.760641,0.038010,0.765364,0.983832,0.877210,0.027302,0.937597,0.012391,0.452600,0.013870,0.462347,0.997559,0.486594,0.993188,0.714507,0.994637,0.978853,0.047055
ENSDARG00000088484_0_10,-3.6900,-3.7999,0.500000,0.502643,0.591507,-17.6200,-19.5666,0.375000,0.423694,0.631484,0.992069,0.947933,0.016821,0.529150,0.007788,0.522779,0.005924,0.495191,0.008366,0.486902,0.992989,0.901846,0.901204,0.867405,0.999955,0.931647,0.999977,0.969130,0.996537,0.881132,0.987653,0.854467,0.899716,0.852541,0.999999,0.884303,0.999998,0.895668,0.008380,0.017826,0.002685,0.027176,0.004466,0.032698,0.009237,0.030547,0.999990,0.956192,0.996386,0.545138
ENSDARG00000088655_7_1,0.0000,-0.1023,1.000000,0.954836,0.953542,-16.6900,-18.6677,0.500000,0.469711,0.675301,0.982092,0.679554,0.979627,0.653133,0.960172,0.740835,0.963183,0.844774,0.967283,0.870932,0.982648,0.904982,0.928467,0.900127,0.919435,0.891721,0.914143,0.791752,0.906152,0.811262,0.960375,0.813736,0.968568,0.845533,0.972532,0.940299,0.990523,0.792658,0.926679,0.777019,0.917419,0.742562,0.922854,0.206707,0.929174,0.061212,0.988680,0.195280,0.990827,0.041950
ENSDARG00000088655_7_3,0.0000,-0.5391,1.000000,0.808063,0.838686,-19.9400,-21.8274,0.500000,0.418147,0.484749,0.949840,0.981359,0.986425,0.149894,0.751313,0.143794,0.728080,0.144055,0.993488,0.149927,0.998581,0.164584,0.488318,0.158594,0.482747,0.944310,0.999436,0.939836,0.939393,0.956530,0.999574,0.978420,0.992025,0.638513,0.992994,0.537725,0.622508,0.527985,0.528983,0.640455,0.889099,0.100391,0.959045,0.289500,0.729242,0.610971,0.748324,0.296369,0.994310,0.341777
ENSDARG00000088655_7_4,0.0000,-0.6193,1.000000,0.756884,0.800651,-19.9400,-21.1701,0.250000,0.269299,0.315402,0.957856,0.034159,0.989818,0.025018,0.994639,0.087172,0.992895,0.996297,0.993977,0.990438,0.568001,0.934139,0.484953,0.874407,0.521233,0.079764,0.576916,0.012234,0.900394,0.003421,0.987615,0.029106,0.989641,0.087505,0.998111,0.064308,0.925949,0.036597,0.664465,0.029189,0.572523,0.032429,0.456732,0.039176,0.480967,0.033931,0.958010,0.978404,0.998318,0.940355
ENSDARG00000088655_7_5,-0.2600,-0.9147,0.375000,0.570538,0.613843,-19.8100,-21.5183,0.375000,0.397691,0.458957,0.985685,0.738132,0.390915,0.713349,0.350019,0.373103,0.352217,0.028963,0.316653,0.017494,0.908393,0.049908,0.257888,0.064098,0.592799,0.986435,0.996349,0.971351,0.993952,0.985441,0.986216,0.986098,0.581461,0.083236,0.360650,0.018892,0.905680,0.017960,0.286874,0.020908,0.308622,0.204598,0.364998,0.997334,0.384775,0.873791,0.974220,0.946112,0.978487,0.101932
ENSDARG00000088655_7_6,0.0000,-0.3804,1.000000,0.946425,0.879333,-19.5500,-21.8603,0.250000,0.358586,0.485730,0.909631,0.704542,0.647766,0.298041,0.668397,0.455193,0.754828,0.340726,0.957109,0.703429,0.963510,0.881068,0.961766,0.935723,0.995243,0.504139,0.758066,0.886216,0.670409,0.197564,0.741103,0.222388,0.987425,0.716882,0.971321,0.382636,0.992716,0.130743,0.903062,0.114554,0.871917,0.067308,0.889833,0.153795,0.969248,0.905379,0.976133,0.905130,0.997171,0.209142
ENSDARG00000088655_7_9,0.0000,-0.0330,1.000000,0.992448,0.991284,-18.1100,-20.2368,0.500000,0.534747,0.375638,0.997168,0.308484,0.989991,0.064594,0.986511,0.069458,0.988920,0.054827,0.992230,0.043574,0.989841,0.057459,0.990917,0.042940,0.993832,0.059643,0.993086,0.257222,0.991689,0.760757,0.987585,0.797333,0.984323,0.718499,0.984079,0.842943,0.998225,0.481565,0.995184,0.374526,0.987953,0.151578,0.994388,0.399286,0.988816,0.399348,0.994167,0.832596,0.996772,0.796135
ENSDARG00000088789_1_1,-1.3100,-2.1760,1.000000,0.837207,0.744025,-19.7500,-21.7617,0.375000,0.360230,0.452771,0.685896,0.792203,0.567705,0.180091,0.640152,0.200697,0.614854,0.304763,0.676335,0.930681,0.669702,0.516867,0.660791,0.976581,0.945512,0.336277,0.360434,0.031405,0.369125,0.046501,0.995481,0.908763,0.996861,0.948741,0.988158,0.520047,0.725526,0.635816,0.737406,0.629645,0.743303,0.190560,0.758483,0.117119,0.931520,0.135621,0.934846,0.439384,0.878415,0.213650
ENSDARG00000088789_1_2,-0.0700,-0.8034,0.875000,0.876007,0.814528,-21.3700,-22.8822,0.500000,0.557539,0.518513,0.309710,0.686550,0.332095,0.505816,0.999988,0.566574,0.549415,0.733008,0.999985,0.972930,0.999988,0.375361,0.999966,0.287208,0.958741,0.265254,0.955113,0.279948,0.999924,0.775009,0.653222,0.231279,0.524360,0.231014,0.509264,0.812284,0.895292,0.176528,0.808546,0.174663,0.803705,0.176692,1.000000,0.999264,0.991624,0.995274,1.000000,0.996043,0.999629,0.129564
ENSDARG00000088789_1_3,-6.9600,-7.4834,0.250000,0.322627,0.458098,-21.0500,-23.9844,0.500000,0.466911,0.420627,0.999983,0.393975,0.999982,0.218254,0.999999,0.147615,0.028493,0.041311,0.012524,0.078915,0.000205,0.035750,0.000059,0.011235,0.002126,0.012341,0.537570,0.813066,1.000000,0.992125,0.999997,0.966279,0.999998,0.966377,0.537569,0.780662,0.274734,0.681403,0.010611,0.573816,0.007145,0.564488,0.007402,0.136108,0.020733,0.231776,0.726533,0.390248,0.996290,0.376791
ENSDARG00000088789_1_4,0.0000,-0.3565,1.000000,0.929797,0.906018,-16.8000,-18.5743,1.000000,0.879753,0.605802,0.865070,0.267186,0.875238,0.255138,0.890715,0.857675,0.855299,0.529972,0.993938,0.407389,0.982586,0.185213,0.961674,0.043380,0.822115,0.161457,0.776943,0.506590,0.864358,0.504569,0.888956,0.733394,0.905100,0.626064,0.883747,0.688099,0.979746,0.932865,0.750780,0.827589,0.844614,0.908882,0.996283,0.926026,0.998464,0.940271,0.993987,0.925368,0.990753,0.888922
ENSDARG00000088789_1_5,-0.4300,-0.9559,0.750000,0.800195,0.817030,-20.5800,-21.9399,1.000000,0.808589,0.387438,0.942200,0.045419,0.909897,0.022740,0.876348,0.029036,0.980345,0.013404,0.999409,0.014818,0.427384,0.029576,0.309864,0.044002,0.851049,0.028028,0.842651,0.026587,0.895275,0.020383,0.914560,0.027658,0.990063,0.978394,0.996763,0.951409,0.922821,0.458562,0.868274,0.523713,0.347031,0.771309,0.358911,0.939279,0.991300,0.954313,0.949365,0.969606,0.967091,0.900523
ENSDARG00000088789_1_6,0.0000,-0.5143,1.000000,0.840307,0.832940,-15.7600,-18.2000,0.625000,0.616710,0.622758,0.532058,0.518051,0.554579,0.317996,0.997959,0.458135,0.569849,0.258132,0.740820,0.524927,0.964283,0.572747,0.988310,0.943595,0.986825,0.930752,0.962001,0.615115,0.922358,0.589497,0.896052,0.871466,0.821247,0.921068,0.689262,0.766088,0.697230,0.730264,0.938582,0.780345,0.727298,0.295470,0.748888,0.239946,0.977413,0.223330,0.958805,0.944760,0.984976,0.953472
ENSDARG00000088789_1_9,0.0000,-0.4326,1.000000,0.965746,0.902011,-17.7200,-19.2759,1.000000,0.915237,0.557963,0.514233,0.177013,0.554096,0.135730,0.999799,0.036551,0.997190,0.041979,0.975837,0.224819,0.960130,0.968530,0.992605,0.740292,0.993044,0.689424,0.678372,0.033524,0.678269,0.029520,0.987652,0.355213,0.983024,0.404773,0.981287,0.976815,0.954340,0.937548,0.891609,0.933818,0.918429,0.974485,0.999414,0.981610,0.995871,0.969156,0.994137,0.962671,0.990879,0.585792
ENSDARG00000088880_1_1,0.0000,-0.7761,1.000000,0.696711,0.744573,-22.9100,-25.2376,0.125000,0.237589,0.420942,0.752832,0.659062,0.751211,0.616365,0.760463,0.434529,0.617206,0.519919,0.592525,0.200931,0.879373,0.566615,0.890193,0.591466,0.968858,0.925925,0.794367,0.552865,0.712334,0.376639,0.829284,0.848706,0.769126,0.225108,0.923599,0.420306,0.711724,0.742173,0.539125,0.713538,0.618241,0.013070,0.711932,0.005479,0.464479,0.000957,0.728674,0.001722,0.875914,0.003464
ENSDARG00000088880_1_2,-1.1200,-2.0851,1.000000,0.827266,0.744411,-20.4700,-22.4402,0.500000,0.541356,0.447433,0.539525,0.455647,0.257893,0.563758,0.622245,0.027798,0.769389,0.404227,0.748432,0.424348,0.725850,0.496290,0.837027,0.017477,0.522864,0.013060,0.501315,0.010842,0.882133,0.932188,0.873400,0.892332,0.990021,0.379852,0.980202,0.143973,0.688378,0.075736,0.514099,0.074658,0.833892,0.990350,0.816698,0.988324,0.801507,0.987258,0.987343,0.996540,0.996008,0.074011
ENSDARG00000088880_1_3,0.0000,-0.3324,1.000000,0.870732,0.907311,-17.2100,-19.6663,0.500000,0.553025,0.444802,0.924267,0.154887,0.932551,0.025926,0.960124,0.044814,0.972343,0.026023,0.989711,0.073464,0.990647,0.626455,0.991148,0.626139,0.940773,0.721635,0.973733,0.666103,0.930541,0.797834,0.861371,0.404831,0.713151,0.303729,0.699424,0.532972,0.992800,0.856740,0.988828,0.583555,0.991132,0.557340,0.989719,0.626443,0.704657,0.259506,0.719711,0.505099,0.879588,0.502542
ENSDARG00000088880_1_4,-0.5500,-1.2507,1.000000,0.822137,0.716949,-20.4500,-21.8742,0.375000,0.386819,0.491655,0.291517,0.371241,0.301787,0.361120,0.999924,0.984644,0.998563,0.993075,0.999189,0.991403,0.993493,0.996774,0.299715,0.339578,0.300157,0.279738,0.999961,0.293973,0.516357,0.204590,0.497284,0.899446,0.563941,0.022967,0.994817,0.017903,0.995853,0.021842,0.999550,0.996827,0.928929,0.062067,0.928113,0.015188,0.567441,0.009040,0.571428,0.988154,0.590961,0.983534
ENSDARG00000088880_1_5,-4.7300,-4.8665,0.750000,0.750050,0.513950,-19.0600,-21.6498,0.125000,0.431201,0.449927,0.009421,0.366303,0.000683,0.363161,0.001038,0.382973,0.001586,0.444765,0.131570,0.475872,0.999998,0.879591,0.999976,0.895608,0.999983,0.935294,0.999983,0.709460,0.129743,0.079864,0.002913,0.007463,0.001700,0.008575,0.005676,0.016305,0.014201,0.252511,0.985691,0.626097,0.999892,0.393457,0.999879,0.555630,0.999884,0.568386,0.999903,0.509615,0.995277,0.527606
ENSDARG00000088880_1_6,-2.8000,-3.2284,0.750000,0.752112,0.583798,-18.9900,-20.6004,0.125000,0.197125,0.369326,0.009409,0.057471,0.006931,0.053194,0.013592,0.061004,0.139718,0.200714,0.674639,0.692096,0.994837,0.988949,0.999380,0.995867,0.999727,0.961995,0.999964,0.958085,0.668192,0.648229,0.139250,0.154875,0.013432,0.037047,0.006616,0.022666,0.011913,0.077434,0.999810,0.190560,0.999774,0.086254,0.999655,0.065507,0.999655,0.107171,0.999544,0.112082,0.999930,0.915326
ENSDARG00000088880_1_7,-0.0300,-0.7565,0.500000,0.787806,0.755572,-24.5600,-26.2382,1.000000,0.700513,0.359691,0.994981,0.017875,0.776623,0.014364,0.747641,0.014746,0.323573,0.014451,0.575699,0.003432,0.591495,0.001508,0.620924,0.000304,0.945675,0.010005,0.742667,0.982255,0.746265,0.086391,0.769880,0.077903,0.973567,0.366491,0.977208,0.951225,0.944680,0.937267,0.952635,0.557514,0.632443,0.511308,0.609549,0.520317,0.594836,0.580134,0.595313,0.616668,0.995784,0.929668
ENSDARG00000088880_1_8,0.0000,-0.2408,1.000000,0.918096,0.915453,-19.2000,-20.7060,0.125000,0.178802,0.234918,0.977026,0.080776,0.985579,0.059942,0.988279,0.061147,0.975953,0.877322,0.876374,0.971629,0.785641,0.053090,0.854257,0.052626,0.893093,0.053774,0.878636,0.049196,0.934617,0.949723,0.998566,0.038043,0.816274,0.020679,0.845655,0.031070,0.905258,0.047622,0.904987,0.219210,0.910702,0.975126,0.901112,0.067457,0.923919,0.046926,0.973445,0.025554,0.979687,0.017449
ENSDARG00000088880_1_9,-0.0700,-0.6865,1.000000,0.952015,0.868191,-17.7600,-19.7980,0.500000,0.462247,0.558604,0.992256,0.932476,0.574855,0.827527,0.398733,0.846783,0.777225,0.379518,1.000000,0.377289,0.982759,0.354720,0.994152,0.249841,0.955668,0.803032,1.000000,0.747977,0.572269,0.584879,0.505957,0.709075,0.993838,0.660984,1.000000,0.679617,1.000000,0.610895,1.000000,0.546916,0.885758,0.534588,0.816798,0.166696,0.915462,0.240859,1.000000,0.592518,0.998098,0.325885
ENSDARG00000088880_1_10,-0.5300,-0.9795,1.000000,0.913465,0.809801,-14.3400,-17.0505,0.750000,0.677637,0.560930,0.448992,0.504908,0.440046,0.494819,0.992758,0.649950,0.926459,0.367198,0.975026,0.342696,0.999763,0.523914,0.871701,0.464806,0.833549,0.385049,0.765414,0.370887,0.814978,0.463572,0.378828,0.473262,0.440780,0.756452,0.994275,0.989572,0.904329,0.953702,0.856580,0.766146,0.793641,0.369491,0.819400,0.697476,0.952951,0.627006,0.993910,0.600924,0.992635,0.416781
ENSDARG00000090470_0_1,-4.4000,-4.6719,0.625000,0.590622,0.573123,-22.3000,-24.0426,0.750000,0.749323,0.493641,0.875279,0.027889,0.814164,0.012737,0.996985,0.014314,0.021661,0.013200,0.007352,0.034979,0.006342,0.076281,0.013049,0.083578,0.997587,0.645744,0.998756,0.346122,0.999901,0.997540,0.996951,0.891460,0.009460,0.734389,0.002031,0.745916,0.008521,0.873691,0.023164,0.681733,0.996370,0.359478,0.695022,0.353155,0.999951,0.995929,0.999978,0.993692,0.999942,0.990988
ENSDARG00000090470_0_2,0.0000,-0.2290,1.000000,0.910234,0.922338,-18.6000,-20.8771,0.625000,0.504649,0.552380,0.969916,0.732833,0.982292,0.629296,0.995553,0.731377,0.980229,0.569090,0.951737,0.433619,0.947521,0.445163,0.765399,0.408543,0.779347,0.339439,0.845361,0.624873,1.000000,0.733742,1.000000,0.719311,0.947533,0.643130,0.852883,0.603002,0.826123,0.560303,0.823989,0.302048,0.995865,0.494424,0.833271,0.223127,0.980527,0.647307,0.979646,0.628094,0.989566,0.578887
ENSDARG00000090470_0_3,-6.6200,-6.6831,0.375000,0.380738,0.405321,-24.4700,-25.5464,0.625000,0.626094,0.500916,0.016134,0.008786,0.018415,0.003693,0.999778,0.008080,0.009446,0.003145,0.001253,0.012217,0.000356,0.032124,0.007829,0.045608,1.000000,0.993903,0.999929,0.993836,0.999974,0.999591,0.999767,0.998034,0.007634,0.910550,0.000157,0.906377,0.001299,0.903907,0.009516,0.895508,0.999998,0.997879,0.018025,0.035501,0.016961,0.034523,0.999980,0.999240,0.999967,0.235818
ENSDARG00000090470_0_4,-3.8800,-4.5427,0.375000,0.326141,0.460878,-18.3800,-20.9890,0.750000,0.423099,0.520874,0.958757,0.862012,0.643808,0.792575,0.845866,0.831701,0.113765,0.777333,0.007451,0.387889,0.007109,0.340264,0.007337,0.590521,0.056137,0.420512,0.978544,0.631675,0.994713,0.445212,0.995269,0.537595,0.999670,0.415404,0.058372,0.170187,0.012667,0.125323,0.029008,0.419137,0.002885,0.261326,0.075311,0.181239,0.586901,0.597247,0.844003,0.817501,0.999978,0.812836
ENSDARG00000090470_0_5,-3.7300,-4.1648,0.375000,0.377583,0.500245,-21.9400,-24.1010,0.000000,0.112858,0.364828,0.014144,0.961974,0.006615,0.424209,0.021922,0.412543,0.995925,0.463522,0.332536,0.580677,0.424797,0.755872,0.698827,0.839092,0.760005,0.806243,0.739749,0.165621,0.991151,0.415008,0.999721,0.297913,0.998848,0.271016,0.985421,0.631439,0.760969,0.028149,0.102776,0.012808,0.129845,0.003220,0.013709,0.002195,0.012464,0.000589,0.015509,0.176131,0.999966,0.048337
ENSDARG00000090470_0_6,-0.9400,-1.6842,0.625000,0.612562,0.669038,-17.5400,-19.8305,0.375000,0.497560,0.462076,0.879563,0.311882,0.896215,0.228810,0.989206,0.326204,0.988066,0.333938,0.997022,0.638224,0.607379,0.500754,0.603421,0.512637,0.992927,0.615720,0.098034,0.219085,0.090858,0.220361,0.349215,0.702659,0.988359,0.650760,0.985907,0.638247,0.999446,0.745694,0.999199,0.709140,0.339953,0.454851,0.180751,0.346534,0.175688,0.110317,0.598614,0.577770,0.620942,0.397924
ENSDARG00000090470_0_7,-1.6600,-1.9133,1.000000,0.954988,0.723766,-22.2400,-23.9062,0.125000,0.265135,0.369608,0.145982,0.703655,0.143784,0.700621,0.262234,0.708997,0.997226,0.126276,0.996936,0.355226,0.971914,0.184853,0.964657,0.169401,0.969499,0.186348,0.966891,0.295583,0.244091,0.806138,0.085785,0.859194,0.086426,0.174796,0.965116,0.240982,0.985485,0.255119,0.998121,0.360993,0.979083,0.341070,0.911557,0.101616,0.910916,0.673464,0.928843,0.108013,0.960782,0.039824
ENSDARG00000090470_0_8,-2.9700,-3.7197,0.375000,0.418638,0.465816,-19.5700,-21.7135,0.750000,0.717821,0.462514,0.992756,0.437368,0.280320,0.107884,0.278240,0.100156,0.652002,0.304825,0.363563,0.277169,0.013276,0.093180,0.036557,0.093456,0.067428,0.156630,0.984406,0.501746,0.990576,0.511665,0.999006,0.503459,0.309095,0.420169,0.281080,0.894979,0.279942,0.712111,0.259887,0.743209,0.296937,0.611817,0.043046,0.560548,0.756854,0.834349,0.713295,0.701473,0.718063,0.684084
ENSDARG00000090470_0_9,-7.6400,-7.7879,0.125000,0.145877,0.316699,-23.5200,-25.4111,0.500000,0.412593,0.478949,0.138302,0.728863,0.008637,0.704068,0.009559,0.889990,0.996312,0.629613,0.005337,0.602412,0.001054,0.946868,0.000156,0.047429,0.007637,0.010529,1.000000,0.059756,0.999997,0.223646,0.999998,0.446827,0.999975,0.988241,0.007675,0.938078,0.000176,0.729352,0.001022,0.542713,0.007240,0.034251,0.007766,0.037928,0.004670,0.017869,0.138581,0.038608,0.999887,0.961942
ENSDARG00000090679_0_1,-1.6700,-1.9380,0.625000,0.652672,0.693895,-18.5100,-20.3374,0.500000,0.479735,0.678041,0.057980,0.679003,0.049914,0.638305,0.078770,0.878441,0.970450,0.947309,0.827151,0.963565,0.967469,0.958740,0.991806,0.977725,0.980560,0.816226,0.979252,0.604117,0.795624,0.684423,0.995891,0.810553,0.961657,0.764542,0.999495,0.869629,0.076963,0.012844,0.073152,0.009455,0.077458,0.014089,0.998674,0.096133,0.997646,0.982129,0.998821,0.914700,0.999165,0.938896
ENSDARG00000090679_0_2,0.0000,-0.5034,1.000000,0.973969,0.885865,-14.8800,-18.0048,1.000000,0.644559,0.602681,0.519390,0.564020,0.534566,0.509528,1.000000,0.633464,0.969290,0.498336,0.920446,0.578183,0.936628,0.625224,0.983311,0.631039,0.549656,0.414472,0.543957,0.691814,0.987518,0.861776,0.993831,0.472355,0.986960,0.416939,0.950148,0.540845,0.948508,0.547139,0.980758,0.617659,0.975775,0.734037,0.976724,0.814017,0.982963,0.894998,0.983889,0.684214,0.992987,0.323566
ENSDARG00000090679_0_3,-0.3400,-0.9092,0.750000,0.772476,0.815563,-20.3300,-22.6382,0.250000,0.356453,0.434840,0.930979,0.895595,0.841730,0.669126,0.897225,0.312604,1.000000,0.443986,0.938041,0.175373,0.890573,0.353766,1.000000,0.462601,1.000000,0.620813,0.332820,0.246529,0.310685,0.252931,0.996532,0.984578,0.992876,0.427272,0.998966,0.671638,0.996562,0.806550,0.432736,0.589384,0.377094,0.531171,0.955137,0.150253,0.889500,0.032403,0.683016,0.031366,0.846799,0.038856
ENSDARG00000090679_0_4,-2.0600,-2.5713,0.625000,0.760277,0.603562,-18.9800,-20.7778,0.875000,0.825208,0.550143,0.727886,0.719178,0.112544,0.640042,0.165020,0.094730,0.320756,0.179986,0.404466,0.360919,0.404550,0.814197,0.920427,0.307387,0.990222,0.164798,0.995425,0.813858,0.634858,0.055845,0.141387,0.041338,0.171477,0.208924,0.373702,0.269839,0.396915,0.937486,0.392337,0.937143,0.996790,0.905609,0.933921,0.887424,0.998418,0.971791,0.991022,0.901212,0.999113,0.791158
ENSDARG00000090679_0_5,-0.7100,-1.1742,0.625000,0.716857,0.670940,-16.4600,-18.0720,1.000000,0.885949,0.629186,0.893077,0.089972,0.761545,0.073264,0.808261,0.107167,0.934003,0.988398,0.406968,0.860289,0.288565,0.794428,0.294380,0.843198,0.322422,0.184365,0.995203,0.146584,0.894769,0.163972,0.880831,0.366732,0.203931,0.877771,0.296465,0.843858,0.275360,0.831525,0.362604,0.834692,0.913652,0.958834,0.998888,0.973906,0.999210,0.969050,0.941423,0.802714,0.947252,0.873011
ENSDARG00000090679_0_6,-1.8900,-2.2998,1.000000,0.945848,0.710371,-23.0400,-24.4715,0.250000,0.252334,0.422592,0.104599,0.143145,0.071171,0.043412,0.142823,0.084213,0.927692,0.907850,0.997882,0.974370,0.999414,0.993466,0.414267,0.371682,0.235620,0.218667,0.184393,0.168144,0.775915,0.831384,0.793928,0.819268,0.992938,0.877558,0.869171,0.867276,0.867961,0.154621,0.977324,0.116133,0.933357,0.005253,0.941703,0.002233,0.996410,0.000847,0.991429,0.019955,0.989431,0.852356
ENSDARG00000090679_0_7,0.0000,-0.7149,1.000000,0.864010,0.818395,-18.2400,-20.6232,0.500000,0.509042,0.584533,0.740895,0.494616,0.605500,0.390090,0.773019,0.553484,0.889762,0.871212,0.987988,0.903485,0.798896,0.716390,0.960330,0.884308,0.713375,0.402855,0.707225,0.271216,0.799705,0.327818,0.734902,0.884951,0.744220,0.917890,0.999594,0.122280,0.715761,0.034656,0.563629,0.034648,0.707881,0.042598,0.999346,0.999104,0.999482,0.997122,0.961791,0.851685,0.964593,0.990244
ENSDARG00000090679_0_8,-3.7000,-4.2052,0.750000,0.692132,0.554815,-18.4600,-20.9941,0.375000,0.372274,0.365301,0.723991,0.447696,0.749092,0.455201,0.016314,0.029599,0.002067,0.023189,0.013708,0.125805,0.044570,0.079431,0.998436,0.604130,0.999871,0.611545,0.999477,0.675899,0.983270,0.700060,0.021222,0.167909,0.007229,0.407360,0.025129,0.417769,0.014852,0.396459,0.999840,0.816593,0.500637,0.355860,0.999818,0.367969,0.998135,0.283303,0.998955,0.123615,0.999689,0.216628
ENSDARG00000090679_0_9,-0.7900,-1.2377,0.625000,0.707464,0.749320,-18.6000,-20.4346,0.375000,0.399427,0.369685,0.421733,0.930216,0.301671,0.651764,0.281643,0.629130,0.965891,0.242625,0.847357,0.135947,0.851931,0.056780,0.844824,0.061685,0.997780,0.061532,0.957192,0.153247,0.974872,0.968174,0.899354,0.128513,0.982440,0.178667,0.339455,0.928651,0.323806,0.034237,0.426996,0.026797,0.850007,0.042392,0.853433,0.079707,0.891362,0.187819,0.995660,0.951100,0.978995,0.944711
ENSDARG00000090679_0_10,-2.1600,-2.3772,0.625000,0.659901,0.724624,-20.5700,-22.8305,0.625000,0.605608,0.517133,0.978783,0.876717,0.981656,0.711808,0.999733,0.729643,0.990721,0.888242,0.978412,0.386851,0.975573,0.326930,0.233484,0.500547,0.062020,0.332364,0.051498,0.626232,0.999287,0.066497,0.980683,0.032746,0.981416,0.019218,0.999372,0.014711,0.054885,0.002312,0.043179,0.003631,0.252475,0.988242,0.987701,0.959043,0.995887,0.960464,0.989731,0.953325,0.955977,0.963135
ENSDARG00000091481_0_1,-1.1900,-1.9391,0.625000,0.661007,0.705123,-19.7100,-21.7678,0.250000,0.327734,0.489875,0.870367,0.582650,0.855767,0.553368,0.956116,0.472531,0.744869,0.551623,0.690674,0.505029,0.716325,0.553100,0.954825,0.692615,0.923214,0.854137,0.628115,0.809897,0.259262,0.411247,0.252252,0.436201,0.962609,0.753230,0.817715,0.210118,0.791985,0.231912,0.825582,0.276084,0.345688,0.149396,0.267013,0.224065,0.510768,0.767723,0.808690,0.708687,0.920615,0.053886
ENSDARG00000091481_0_2,-6.0100,-6.0508,0.750000,0.750075,0.502628,-28.0800,-29.1963,0.125000,0.155264,0.117418,0.996261,0.996649,0.008394,0.034689,0.000588,0.004217,0.001345,0.003880,0.000443,0.003074,0.019802,0.014582,0.999553,0.034595,0.999960,0.007058,0.999972,0.005271,0.021012,0.000209,0.001411,0.000115,0.003225,0.001913,0.000596,0.001095,0.003340,0.003599,0.997970,0.014331,0.999615,0.002897,0.999976,0.008165,0.999400,0.027341,0.999754,0.965701,0.999949,0.218980
ENSDARG00000091481_0_3,-1.7900,-2.6664,0.500000,0.793039,0.696844,-18.2500,-20.8010,0.500000,0.500779,0.509769,0.184288,0.505484,0.224803,0.481052,0.250128,0.407239,0.405614,0.540021,0.969002,0.666300,0.946930,0.690375,0.985224,0.944999,0.996377,0.809842,0.482912,0.227058,0.467960,0.252819,0.939921,0.330585,0.739416,0.333377,0.919221,0.437525,1.000000,0.413632,0.589999,0.559108,0.583236,0.461182,0.999874,0.704528,0.624967,0.505031,0.628580,0.387731,0.998438,0.537495
ENSDARG00000091481_0_4,-4.2000,-4.8302,0.500000,0.452053,0.498060,-19.2900,-21.3005,0.625000,0.512164,0.447375,0.995835,0.325507,0.947176,0.223343,0.625485,0.217022,0.041894,0.092124,0.004375,0.095973,0.001089,0.131090,0.001273,0.067997,0.363911,0.373978,0.999586,0.908196,0.999910,0.974080,0.999958,0.989607,0.364288,0.451266,0.001666,0.120183,0.001040,0.118688,0.004417,0.483000,0.016752,0.564654,0.952031,0.777787,0.649865,0.848584,0.999981,0.968274,0.990671,0.216145
ENSDARG00000091481_0_5,-2.2800,-2.7231,0.875000,0.884455,0.575104,-17.0600,-19.6269,0.500000,0.549441,0.479556,0.146416,0.360556,0.025844,0.070822,0.079481,0.125965,0.128337,0.182016,0.393050,0.401498,0.993178,0.977760,0.997127,0.953342,0.996071,0.973357,0.418040,0.563429,0.135815,0.255005,0.055503,0.187293,0.057585,0.144545,0.233672,0.264694,0.985170,0.507265,0.977129,0.853228,0.960343,0.399932,0.950839,0.431682,0.990355,0.587962,0.979288,0.564256,0.998841,0.786512
ENSDARG00000091481_0_6,-2.3500,-2.4483,1.000000,0.971794,0.703624,-20.9700,-23.0801,0.250000,0.461494,0.486541,0.960619,0.812341,0.099012,0.730296,0.022899,0.975093,0.033036,0.337881,0.929970,0.264062,0.999948,0.271917,0.991880,0.857288,0.999404,0.398437,0.997689,0.465952,0.121118,0.171176,0.109707,0.438676,0.032842,0.315748,0.929565,0.270517,0.915781,0.052062,0.983549,0.315669,0.947462,0.081922,0.999197,0.497159,0.998870,0.504441,0.999985,0.989158,0.999945,0.981024
ENSDARG00000091481_0_7,-3.9100,-4.3605,0.250000,0.326421,0.460828,-21.4900,-24.2596,0.250000,0.290406,0.231502,0.997071,0.558683,0.997856,0.262772,0.998036,0.156248,0.998699,0.025184,0.997970,0.002071,0.301414,0.005740,0.008040,0.001076,0.008773,0.002606,0.003762,0.004013,0.009365,0.007135,0.284558,0.282297,0.999649,0.998976,0.998393,0.996728,0.998514,0.996905,0.283346,0.282442,0.008418,0.009369,0.003935,0.004163,0.006324,0.005070,0.008757,0.002042,0.303678,0.026526
ENSDARG00000091481_0_8,-3.1500,-3.2987,0.500000,0.529887,0.619304,-20.8800,-22.6348,0.500000,0.386607,0.561645,0.956866,0.906064,0.126112,0.850573,0.114073,0.913188,0.088717,0.913216,0.077205,0.865708,0.918649,0.493295,0.943383,0.521436,0.999271,0.382450,0.999992,0.630783,0.977925,0.341848,0.944806,0.373034,0.999997,0.948448,0.089528,0.505926,0.072255,0.503877,0.999977,0.043594,0.070523,0.162606,0.034997,0.160102,1.000000,0.843543,0.981949,0.839402,0.989863,0.033809
ENSDARG00000091481_0_9,-0.2900,-1.0419,0.750000,0.782749,0.813224,-19.4800,-21.3761,1.000000,0.626284,0.508620,0.627598,0.198035,0.931365,0.194093,0.999933,0.248522,0.678066,0.261658,0.871047,0.269661,0.529383,0.188479,0.521892,0.192203,1.000000,0.859894,0.921307,0.599877,0.921903,0.663705,1.000000,0.776250,1.000000,0.709745,0.356478,0.405912,0.666372,0.388034,0.999212,0.389101,0.481596,0.306551,0.927355,0.931926,0.996060,0.876630,0.914133,0.847886,0.920788,0.864232
ENSDARG00000091481_0_10,-0.1600,-1.0819,0.625000,0.733681,0.692894,-20.5700,-22.1834,0.375000,0.385964,0.535999,0.259877,0.522530,0.252277,0.509149,0.530659,0.720248,0.926739,0.980436,0.676021,0.971768,0.646898,0.949492,0.650272,0.798730,0.992532,0.938011,0.995912,0.934922,0.849379,0.116600,0.608018,0.067508,0.599851,0.122865,0.274329,0.010232,0.308499,0.009634,0.304698,0.007948,0.988028,0.024462,0.998428,0.081203,0.998363,0.980469,0.998269,0.978038,0.998838,0.995726
ENSDARG00000092067_5_1,-3.9400,-4.4925,0.250000,0.343578,0.456135,-20.9000,-22.9625,0.625000,0.500687,0.527142,0.352464,0.736867,0.231242,0.433228,1.000000,0.479191,0.064138,0.730642,0.497407,0.755196,0.032003,0.709109,0.191874,0.511846,0.194727,0.534651,1.000000,0.993679,0.998380,0.254183,0.998268,0.252480,0.813580,0.146279,0.006803,0.718911,0.005140,0.612414,0.219071,0.684870,0.541193,0.966231,0.685568,0.011932,0.062435,0.004979,0.228450,0.011298,0.999965,0.994862
ENSDARG00000092067_5_2,-0.1300,-0.8502,0.625000,0.727205,0.777159,-21.4900,-22.5231,0.625000,0.640185,0.457861,0.972972,0.979984,0.986063,0.037798,0.995874,0.033038,0.984869,0.038480,0.997484,0.088484,0.996715,0.102683,0.656966,0.870617,0.341157,0.823797,0.364059,0.978755,0.778959,0.053116,0.704041,0.010826,0.946381,0.018163,0.984848,0.062712,0.635750,0.046150,0.410872,0.913714,0.431081,0.183543,0.735969,0.975990,0.700243,0.977433,0.928025,0.988904,0.990850,0.973033
ENSDARG00000092067_5_3,0.0000,-0.0110,1.000000,0.998613,0.998079,-17.8600,-19.9308,0.875000,0.869461,0.540814,0.998944,0.623442,0.999830,0.658506,0.999359,0.126684,0.998079,0.037674,0.991739,0.016779,0.999852,0.007243,1.000000,0.004079,1.000000,0.018939,0.998312,0.989408,0.989047,0.146941,0.999858,0.636136,0.997645,0.594760,0.999806,0.372652,0.997904,0.977820,0.997324,0.978065,0.997803,0.878254,0.998877,0.847835,0.998632,0.974773,0.999024,0.989183,0.999537,0.937109
ENSDARG00000092067_5_4,-2.5700,-2.7881,1.000000,0.966596,0.628056,-19.7400,-21.7923,0.625000,0.571695,0.438268,0.161720,0.725991,0.080270,0.869592,0.096533,0.248914,0.161528,0.033945,0.947703,0.019956,0.961260,0.017702,0.968326,0.081585,0.244332,0.693135,0.147676,0.642668,0.053859,0.291089,0.064404,0.292456,0.940737,0.274770,0.951398,0.535965,0.962936,0.636007,0.966297,0.647574,0.997981,0.870261,0.958196,0.616608,0.953272,0.365064,0.969494,0.446265,0.973195,0.455813
ENSDARG00000092067_5_5,-4.9100,-5.1278,0.625000,0.625544,0.612000,-20.3600,-21.7786,0.500000,0.524242,0.485399,0.774456,0.908511,0.006287,0.747765,0.003848,0.077288,0.219721,0.124106,0.116976,0.107265,0.999999,0.358762,0.998839,0.985857,0.999815,0.717497,0.999932,0.994095,0.998818,0.250197,0.866061,0.187952,0.250902,0.054738,0.000707,0.011390,0.000396,0.724267,0.003687,0.759916,1.000000,0.995360,1.000000,0.330003,0.999980,0.364153,0.999583,0.174522,0.999999,0.834329
ENSDARG00000092067_5_6,0.0000,-1.0631,1.000000,0.726395,0.735313,-20.0700,-21.9330,0.125000,0.190983,0.411715,0.782991,0.960824,0.920107,0.847077,0.724012,0.829400,0.970275,0.843885,0.940819,0.946569,0.416859,0.211418,0.498346,0.247822,0.381317,0.210633,0.892067,0.272776,0.966242,0.350479,1.000000,0.611832,0.402071,0.373728,0.348641,0.328361,0.361551,0.315348,0.879494,0.775579,0.892825,0.022011,0.784876,0.019446,0.937243,0.016217,0.623994,0.012339,0.982535,0.038561
ENSDARG00000092067_5_7,-0.1100,-0.9036,0.625000,0.735364,0.801577,-24.0200,-24.7434,0.375000,0.402152,0.366739,0.950188,0.024020,0.891277,0.008775,0.806291,0.006267,0.742501,0.012292,0.880098,0.028565,0.893486,0.982393,0.805714,0.004076,0.890075,0.016212,0.817974,0.974361,0.951643,0.991391,0.866035,0.961050,0.653350,0.108156,0.481301,0.101857,0.915522,0.994954,0.903831,0.100261,0.981361,0.046968,0.824997,0.024808,0.556727,0.966330,0.426036,0.940409,0.793139,0.041626
ENSDARG00000092067_5_9,-1.9300,-2.5923,0.375000,0.595623,0.606270,-21.0900,-22.1869,0.500000,0.498665,0.468438,0.759644,0.105974,0.047987,0.097987,0.057808,0.137991,0.354712,0.882400,0.988581,0.883651,0.751373,0.977643,0.326975,0.099272,0.333878,0.104022,0.770993,0.126921,0.992313,0.950017,0.987144,0.978788,0.989013,0.034767,0.996243,0.010275,0.973757,0.007614,0.275602,0.003352,0.535985,0.004871,0.379609,0.993510,0.299235,0.992480,0.304661,0.984824,0.999895,0.992395
ENSDARG00000092067_5_10,-0.0100,-0.6001,0.625000,0.808709,0.836466,-20.4000,-22.2584,0.625000,0.706029,0.495161,0.957042,0.336226,0.966125,0.325701,0.967871,0.359023,0.998845,0.503145,0.997858,0.010281,0.996777,0.005025,0.560717,0.003115,0.391131,0.001561,0.426533,0.015069,0.998752,0.707449,0.998975,0.992666,0.999025,0.995717,0.994929,0.947000,0.994157,0.927247,0.886231,0.569574,0.465563,0.198772,0.559644,0.708246,0.579127,0.311668,0.994390,0.994129,0.995632,0.991597
ENSDARG00000093357_3_1,-3.3000,-3.7420,0.125000,0.253589,0.391309,-20.0200,-21.5008,0.625000,0.630794,0.411626,0.863926,0.290872,0.210842,0.026847,0.235241,0.023971,0.050525,0.006118,0.010040,0.001235,0.021320,0.003151,0.275083,0.008898,0.248729,0.016299,0.997614,0.071757,0.999688,0.784090,0.999809,0.986714,0.884662,0.966222,0.120828,0.713948,0.152223,0.838654,0.945582,0.906032,0.019143,0.314590,0.038465,0.170352,0.171939,0.989240,0.236774,0.990242,0.343755,0.123291
ENSDARG00000093357_3_2,-4.6000,-4.8199,1.000000,0.834095,0.569677,-21.7900,-23.3589,0.750000,0.738854,0.528411,0.246603,0.722849,0.227335,0.698586,0.131609,0.362410,0.010991,0.024431,0.744009,0.043325,0.748363,0.131107,0.765530,0.889700,0.825370,0.875413,0.261017,0.877872,0.258345,0.007202,0.255286,0.019827,0.246310,0.004659,0.812578,0.029020,0.766077,0.090079,0.753266,0.984711,0.744125,0.970929,0.743968,0.973075,0.871294,0.987866,0.982528,0.931843,0.998924,0.943313
ENSDARG00000093357_3_3,-2.2700,-2.7669,0.500000,0.547545,0.636514,-21.5900,-23.3203,0.500000,0.506895,0.406238,0.995343,0.208093,0.991965,0.132725,0.426423,0.190824,0.995185,0.479860,0.074176,0.169508,0.041235,0.355852,0.037728,0.080918,0.981076,0.029774,0.815541,0.988250,0.995470,0.243312,0.996256,0.241166,0.999518,0.949316,0.999940,0.839755,0.834605,0.063843,0.024766,0.140701,0.019995,0.001700,0.069195,0.046424,0.994537,0.994134,0.439334,0.996747,0.997988,0.971854
ENSDARG00000093357_3_4,-7.0700,-7.7285,0.250000,0.255397,0.404274,-22.4100,-24.0462,0.500000,0.399856,0.456252,0.959227,0.748342,0.012321,0.534957,0.007626,0.703595,0.177248,0.825372,0.396247,0.368186,0.435159,0.203550,0.005854,0.074416,0.049088,0.643019,0.999994,0.314334,0.999998,0.314844,0.999765,0.964210,0.999770,0.231361,0.008373,0.011510,0.046783,0.026081,0.000494,0.023274,0.008376,0.048890,0.034889,0.720971,0.035314,0.698663,0.972732,0.847906,0.936214,0.821556
ENSDARG00000093357_3_5,-0.2900,-1.4933,0.500000,0.643898,0.684454,-20.7000,-22.3733,0.500000,0.486597,0.533178,0.696697,0.749468,0.785402,0.689372,0.165408,0.855687,0.410414,0.688981,0.293487,0.677973,0.764991,0.970603,0.926245,0.117991,0.917516,0.036504,0.828588,0.052328,0.765036,0.085083,0.988511,0.929563,0.995606,0.917236,0.683520,0.232096,0.827665,0.022680,0.438357,0.017720,0.329331,0.061444,0.454785,0.870941,0.889119,0.943763,0.607763,0.829956,0.920648,0.914179
ENSDARG00000093357_3_7,-0.2200,-1.0121,1.000000,0.906166,0.718150,-19.4300,-21.5426,0.375000,0.509601,0.265736,0.832525,0.144111,0.686767,0.097084,0.920666,0.164352,0.344460,0.125240,0.280919,0.025586,0.282053,0.022725,0.974805,0.068279,0.955621,0.080471,0.958215,0.073965,0.270077,0.075835,0.270389,0.172597,0.337181,0.187661,0.997533,0.206618,0.722384,0.938435,0.964416,0.946048,0.849565,0.230410,0.831291,0.182073,0.956019,0.946130,0.956855,0.425344,0.971268,0.201750
ENSDARG00000093357_3_8,-1.1000,-1.4299,1.000000,0.985342,0.818584,-17.6900,-19.4898,0.625000,0.736136,0.566694,0.857905,0.796682,0.864836,0.218370,0.997721,0.198375,0.366797,0.897673,0.278370,0.137922,0.907398,0.194654,0.999976,0.233627,0.999946,0.691121,0.999961,0.669802,0.999964,0.565472,0.107497,0.331479,0.108572,0.509615,1.000000,0.474912,1.000000,0.437812,0.969771,0.440254,1.000000,0.993138,1.000000,0.995089,1.000000,0.997301,0.955746,0.945690,0.957220,0.604888
ENSDARG00000093357_3_9,-4.3300,-4.8479,0.375000,0.381147,0.458130,-19.7800,-22.5303,0.250000,0.297939,0.380999,0.598013,0.802129,0.018022,0.535286,0.006482,0.440745,0.403280,0.701710,0.011417,0.211169,0.593517,0.094507,0.417621,0.081481,0.532956,0.155623,0.999893,0.443949,0.999748,0.923253,0.999976,0.685839,0.532493,0.160772,0.010929,0.079645,0.602401,0.036446,0.409726,0.024684,0.001179,0.113557,0.006815,0.171111,0.018255,0.871788,0.999881,0.718924,0.999994,0.367355
ENSDARG00000093357_3_10,0.0000,-0.3064,1.000000,0.958228,0.914235,-17.5300,-18.8906,0.875000,0.831028,0.619391,0.713228,0.183604,0.653446,0.064908,0.913792,0.084954,0.921451,0.087812,0.996770,0.157022,0.975025,0.939257,0.994491,0.975639,0.878651,0.906320,0.865179,0.907637,0.982181,0.976790,0.861462,0.242316,0.863189,0.213332,0.971746,0.939500,0.992813,0.987990,0.910215,0.873925,0.894902,0.861403,0.917562,0.870754,0.998936,0.971859,0.983058,0.982104,0.996595,0.160689
ENSDARG00000095833_0_1,-0.2500,-1.4583,0.500000,0.584725,0.642277,-16.8300,-19.4156,0.500000,0.522546,0.496825,0.138410,0.393949,0.151160,0.288881,0.329349,0.319438,0.357890,0.871711,0.843982,0.676964,0.866015,0.604309,0.725739,0.520781,0.991086,0.476172,0.979505,0.505505,0.970958,0.771102,0.912537,0.242570,0.901108,0.084745,0.922024,0.071068,0.555521,0.155936,0.583236,0.907453,0.398056,0.903695,0.251299,0.619833,0.190260,0.590902,0.779007,0.462758,0.998401,0.468721
ENSDARG00000095833_0_3,0.0000,-0.1215,1.000000,0.995539,0.972749,-22.5900,-23.9372,0.625000,0.664663,0.449022,0.988424,0.968666,0.973703,0.931259,0.982372,0.071885,0.908623,0.092020,0.903093,0.092920,0.994834,0.043962,0.998330,0.333223,0.998684,0.172150,0.995081,0.000913,0.912981,0.003744,0.834857,0.104253,0.999675,0.848144,0.999319,0.241655,0.999668,0.268267,0.989536,0.052762,0.987071,0.880535,0.994643,0.889712,0.999874,0.996973,0.996019,0.998038,0.998186,0.989362
ENSDARG00000095833_0_5,-0.6600,-1.6325,0.500000,0.678114,0.694353,-22.4000,-23.4751,0.250000,0.246177,0.482498,0.733255,0.831932,0.312911,0.833567,0.584874,0.996640,0.996969,0.995968,0.734223,0.994300,0.706675,0.926557,0.384229,0.832534,0.404642,0.052587,0.722256,0.079855,0.943098,0.066988,0.941927,0.086270,0.997100,0.983347,0.999904,0.987998,0.722554,0.922756,0.295716,0.016432,0.302569,0.003087,0.992685,0.000705,0.563516,0.003672,0.552885,0.008491,0.995081,0.026276
ENSDARG00000095833_0_6,-0.0600,-0.7521,0.750000,0.872495,0.763970,-24.7600,-26.1920,0.375000,0.525629,0.364976,0.648672,0.992598,0.990424,0.014353,0.363722,0.006632,0.331440,0.007022,0.326807,0.019630,0.995481,0.052752,0.996341,0.991843,0.997762,0.008575,0.998123,0.000868,0.999234,0.004492,0.315384,0.015820,0.336053,0.979905,0.361111,0.654634,0.997703,0.329076,0.644004,0.646565,0.996169,0.431210,0.999436,0.999860,0.993775,0.999732,0.992227,0.122482,0.995538,0.021472
ENSDARG00000095833_0_7,0.0000,-0.0473,1.000000,0.987764,0.984818,-19.9600,-21.5291,0.000000,0.289862,0.360318,0.998699,0.825627,0.996374,0.707731,0.973638,0.696867,0.965670,0.478521,0.968301,0.302542,0.989401,0.177553,0.998654,0.532260,0.997041,0.068044,0.995273,0.488829,0.983247,0.066190,0.963109,0.526203,0.964848,0.017100,0.992911,0.009583,0.997112,0.038424,0.990306,0.444829,0.987285,0.418613,0.969308,0.371792,0.969658,0.301665,0.998052,0.475140,0.997481,0.258851
ENSDARG00000095833_0_8,-1.2800,-2.0039,0.500000,0.619335,0.584890,-19.8500,-21.7484,0.000000,0.238076,0.402455,0.073707,0.598148,0.070699,0.574806,0.878691,0.618484,0.352014,0.899540,0.214535,0.448389,0.296402,0.514320,0.865644,0.452010,0.857941,0.447789,0.858854,0.382493,0.980144,0.488937,0.978492,0.138484,0.315995,0.581095,0.216332,0.133744,0.313357,0.449531,0.961944,0.049028,0.523977,0.109130,0.242400,0.090739,0.704575,0.334188,0.992986,0.207499,0.999109,0.530751
ENSDARG00000095833_0_9,-0.7700,-1.3112,1.000000,0.866672,0.770744,-20.6900,-23.5905,0.125000,0.521450,0.370216,0.560613,0.983772,0.240785,0.007642,0.647586,0.004448,0.818040,0.006245,0.788822,0.012991,0.892462,0.177996,0.884576,0.447522,0.919976,0.274496,0.953487,0.288948,0.403808,0.003988,0.387879,0.029396,0.983474,0.995286,0.980295,0.254782,0.829014,0.287340,0.791983,0.299543,0.738218,0.433011,0.728548,0.984129,0.920975,0.687204,0.948917,0.598998,0.995428,0.626593
ENSDARG00000095833_0_10,0.0000,-0.2913,1.000000,0.903805,0.902640,-17.0600,-18.4975,0.750000,0.729884,0.577619,0.912977,0.790160,0.834750,0.799536,0.825220,0.187536,0.810505,0.037245,0.823285,0.038986,0.822402,0.036875,0.999040,0.136993,0.998339,0.215144,0.997714,0.963048,0.995599,0.957543,0.912918,0.795209,0.889612,0.755040,0.987999,0.987156,0.998672,0.954390,0.759007,0.949575,0.751772,0.747118,0.749085,0.164927,0.988310,0.180889,0.995859,0.917642,0.999737,0.937374
